{"exact": [], "over": [], "merge": [[10.819778284410283, 7.37211397358355], [10.819778284410283, 6.636090929478389], [10.819778284410283, 8.692685982363434], [10.819778284410283, 9.356204931580315], [10.819778284410283, 6.174474210192721], [10.819778284410283, 8.620219134088876], [10.819778284410283, 6.499994677099003], [10.819778284410283, 9.124428810601266], [10.819778284410283, 6.924943073124756], [10.819778284410283, 7.562714117385342], [10.819778284410283, 7.353342370502455], [10.819778284410283, 9.193711538281333], [10.819778284410283, 9.38343640042491], [10.819778284410283, 7.437587224573454], [10.819778284410283, 8.96855154734722], [10.819778284410283, 9.659871696366691], [10.819778284410283, 7.378863359099909], [10.819778284410283, 7.234392179296827], [10.819778284410283, 8.655316093576975], [10.819778284410283, 8.00128840960425], [10.819778284410283, 7.234960864976236], [10.819778284410283, 9.275134334996848], [10.819778284410283, 8.829378727158996], [10.819778284410283, 7.7655654761376836], [10.819778284410283, 8.585172184633917], [10.819778284410283, 7.5928240642102125], [10.819778284410283, 7.4199217537980955], [10.819778284410283, 8.112653439723486], [10.819778284410283, 7.014769807704192], [10.819778284410283, 8.51787735731704], [10.819778284410283, 9.330522392082162], [10.819778284410283, 7.2147560657600085], [10.819778284410283, 7.539360597513302], [10.819778284410283, 7.6370518779725485], [10.819778284410283, 9.52280762601177], [10.819778284410283, 7.256847463396122], [10.819778284410283, 7.068937393158351], [10.819778284410283, 6.974027368996963], [10.819778284410283, 6.989115848185122], [10.819778284410283, 9.324222995892043]], "argmin_dic": [[50000, 2], [50000, 2], [50000, 1], [50000, 2], [50000, 1], [50000, 1], [50000, 2], [50000, 1], [50000, 2], [50000, 1], [50000, 3], [50000, 3], [50000, 1], [50000, 3], [50000, 3], [50000, 1], [50000, 2], [50000, 2], [50000, 2], [50000, 3], [50000, 3], [50000, 1], [50000, 2], [50000, 3], [50000, 2], [50000, 1], [50000, 3], [50000, 1], [50000, 2], [50000, 2], [50000, 1], [50000, 1], [50000, 2], [50000, 3], [50000, 2], [50000, 1], [50000, 3], [50000, 2], [50000, 3], [50000, 1]], "time_elapsed": 1858.4245874881744}