{"exact": [], "over": [], "merge": [[10.819778284410283, 6.105519545342527], [10.819778284410283, 7.427498487406193], [10.819778284410283, 7.989755105014459], [10.819778284410283, 7.796114633294177], [10.819778284410283, 6.19760244529251], [10.819778284410283, 9.458272630900279], [10.819778284410283, 8.736790664909881], [10.819778284410283, 6.353794296079607], [10.819778284410283, 9.533243227359911], [10.819778284410283, 7.534341541070419], [10.819778284410283, 7.579609415317219], [10.819778284410283, 7.2246661993064905], [10.819778284410283, 9.548701341540802], [10.819778284410283, 8.415080991600158], [10.819778284410283, 9.656807464951555], [10.819778284410283, 8.756521554703403], [10.819778284410283, 6.5150408624848035], [10.819778284410283, 7.937161553931304], [10.819778284410283, 7.735887389566798], [10.819778284410283, 9.409558784268048], [10.819778284410283, 8.624153263266725], [10.819778284410283, 7.29240810585406], [10.819778284410283, 9.046853630455427], [10.819778284410283, 7.333160253425922], [10.819778284410283, 7.325882151502976], [10.819778284410283, 7.218741846645984], [10.819778284410283, 7.188092065182161], [10.819778284410283, 9.113182124854115], [10.819778284410283, 7.653937718722401], [10.819778284410283, 9.306443523899551], [10.819778284410283, 7.481078127666615], [10.819778284410283, 8.366212465045423], [10.819778284410283, 7.120570533867168], [10.819778284410283, 7.0832865708045105], [10.819778284410283, 7.4780555454677025], [10.819778284410283, 8.900080931184362], [10.819778284410283, 9.220974569887735], [10.819778284410283, 6.653664064428223], [10.819778284410283, 6.8564998702469655], [10.819778284410283, 8.862647720854609]], "argmin_dic": [[50000, 1], [50000, 3], [50000, 2], [50000, 1], [50000, 1], [50000, 1], [50000, 3], [50000, 1], [50000, 2], [50000, 3], [50000, 3], [50000, 2], [50000, 2], [50000, 3], [50000, 2], [50000, 1], [50000, 1], [50000, 1], [50000, 1], [50000, 1], [50000, 1], [50000, 1], [50000, 3], [50000, 0], [50000, 3], [50000, 1], [50000, 1], [50000, 2], [50000, 3], [50000, 2], [50000, 3], [50000, 2], [50000, 1], [50000, 3], [50000, 1], [50000, 2], [50000, 0], [50000, 2], [50000, 1], [50000, 2]], "time_elapsed": 1965.6383299827576}