{"exact": [], "over": [], "merge": [[10.819778284410283, 6.872594026302063], [10.819778284410283, 9.482636064765185], [10.819778284410283, 7.028645451793053], [10.819778284410283, 7.336171976615135], [10.819778284410283, 7.357460562589715], [10.819778284410283, 8.035562168576043], [10.819778284410283, 9.345791332930968], [10.819778284410283, 7.499917698422698], [10.819778284410283, 8.7457970259471], [10.819778284410283, 9.723014641383777], [10.819778284410283, 6.732057523969325], [10.819778284410283, 7.369890945306293], [10.819778284410283, 9.1796519042173], [10.819778284410283, 8.143032405445883], [10.819778284410283, 8.728985679008723], [10.819778284410283, 6.872488004241642], [10.819778284410283, 7.6788122569509385], [10.819778284410283, 7.791560311126455], [10.819778284410283, 6.8019891197802185], [10.819778284410283, 7.80025914582183], [10.819778284410283, 7.229891838493592], [10.819778284410283, 7.944698115563127], [10.819778284410283, 7.23162011282299], [10.819778284410283, 9.256439273053221], [10.819778284410283, 7.833387862142634], [10.819778284410283, 7.259494547942947], [10.819778284410283, 9.587370852666648], [10.819778284410283, 7.2493379816263435], [10.819778284410283, 6.975755837970744], [10.819778284410283, 6.940964061765227], [10.819778284410283, 8.63491474171463], [10.819778284410283, 7.003174578142262], [10.819778284410283, 7.552087257271489], [10.819778284410283, 7.6854926529645295], [10.819778284410283, 6.368680740527976], [10.819778284410283, 7.214832066220347], [10.819778284410283, 7.0341592189101645], [10.819778284410283, 7.060723783834303], [10.819778284410283, 7.336767992808188], [10.819778284410283, 6.179793569503585]], "argmin_dic": [[50000, 2], [50000, 1], [50000, 3], [50000, 3], [50000, 3], [50000, 1], [50000, 1], [50000, 1], [50000, 1], [50000, 2], [50000, 2], [50000, 1], [50000, 1], [50000, 1], [50000, 1], [50000, 2], [50000, 3], [50000, 1], [50000, 2], [50000, 3], [50000, 1], [50000, 1], [50000, 1], [50000, 1], [50000, 3], [50000, 1], [50000, 2], [50000, 1], [50000, 2], [50000, 2], [50000, 2], [50000, 2], [50000, 1], [50000, 3], [50000, 1], [50000, 1], [50000, 2], [50000, 2], [50000, 1], [50000, 1]], "time_elapsed": 1960.5349168777466}