{"exact": [], "over": [], "merge": [[10.819778284410283, 7.359705139417889], [10.819778284410283, 7.631870522736577], [10.819778284410283, 7.857666566379295], [10.819778284410283, 8.643238842521244], [10.819778284410283, 7.4553262869600125], [10.819778284410283, 7.692145615648878], [10.819778284410283, 7.426001448419249], [10.819778284410283, 7.068156153887416], [10.819778284410283, 6.562146965642946], [10.819778284410283, 6.706074551006206], [10.819778284410283, 7.3355462350186285], [10.819778284410283, 8.698073844244645], [10.819778284410283, 9.32231761518923], [10.819778284410283, 8.895092901666708], [10.819778284410283, 7.563361612927133], [10.819778284410283, 9.347041819678228], [10.819778284410283, 7.373027710156647], [10.819778284410283, 8.153497704069165], [10.819778284410283, 7.451951249452421], [10.819778284410283, 7.522784475910023], [10.819778284410283, 6.935405101810569], [10.819778284410283, 7.472403255881044], [10.819778284410283, 7.196616001718711], [10.819778284410283, 7.773260019066238], [10.819778284410283, 7.439929017670179], [10.819778284410283, 6.125516782652357], [10.819778284410283, 8.027867910740602], [10.819778284410283, 7.341746586086138], [10.819778284410283, 9.30396754333162], [10.819778284410283, 7.859275612460324], [10.819778284410283, 8.817587406943792], [10.819778284410283, 7.523829797963741], [10.819778284410283, 7.694596785953812], [10.819778284410283, 7.0029332615421485], [10.819778284410283, 8.6349662341437], [10.819778284410283, 9.14906138895908], [10.819778284410283, 7.0636623660821245], [10.819778284410283, 7.679378785319654], [10.819778284410283, 6.116183949723142], [10.819778284410283, 9.680695858962736]], "argmin_dic": [[50000, 2], [50000, 3], [50000, 2], [50000, 1], [50000, 3], [50000, 3], [50000, 2], [50000, 3], [50000, 1], [50000, 2], [50000, 1], [50000, 3], [50000, 1], [50000, 2], [50000, 3], [50000, 2], [50000, 2], [50000, 3], [50000, 3], [50000, 3], [50000, 3], [50000, 0], [50000, 1], [50000, 1], [50000, 1], [50000, 1], [50000, 1], [50000, 2], [50000, 1], [50000, 1], [50000, 3], [50000, 3], [50000, 3], [50000, 3], [50000, 1], [50000, 3], [50000, 2], [50000, 3], [50000, 1], [50000, 2]], "time_elapsed": 2214.7991688251495}