{"exact": [], "over": [], "merge": [[10.819778284410283, 7.511200796411016], [10.819778284410283, 7.6283473687059695], [10.819778284410283, 6.463268577612517], [10.819778284410283, 7.554709057548699], [10.819778284410283, 6.360716694548323], [10.819778284410283, 6.667631074268125], [10.819778284410283, 6.92882159393442], [10.819778284410283, 9.163844085547323], [10.819778284410283, 7.62167458209883], [10.819778284410283, 7.460847170745951], [10.819778284410283, 6.177128111056926], [10.819778284410283, 7.227494838597364], [10.819778284410283, 9.361125032948179], [10.819778284410283, 7.251733109244416], [10.819778284410283, 7.334739401770114], [10.819778284410283, 6.423815897614944], [10.819778284410283, 6.217619486730592], [10.819778284410283, 8.52149299279222], [10.819778284410283, 6.319125981973857], [10.819778284410283, 7.103649569850353], [10.819778284410283, 7.761478939785948], [10.819778284410283, 8.669595434876834], [10.819778284410283, 7.190402781384902], [10.819778284410283, 9.165875138894137], [10.819778284410283, 7.429070400186322], [10.819778284410283, 8.874395376730895], [10.819778284410283, 7.301191223968447], [10.819778284410283, 8.918627404116934], [10.819778284410283, 9.572419376845483], [10.819778284410283, 7.439078321039384], [10.819778284410283, 7.198483067088753], [10.819778284410283, 7.041348499897451], [10.819778284410283, 6.92620998401695], [10.819778284410283, 6.700610091681203], [10.819778284410283, 8.113256332428193], [10.819778284410283, 8.862294820559462], [10.819778284410283, 6.855110029485904], [10.819778284410283, 7.951262572209671], [10.819778284410283, 6.569525233528484], [10.819778284410283, 7.250703127964392]], "argmin_dic": [[50000, 1], [50000, 2], [50000, 1], [50000, 1], [50000, 2], [50000, 2], [50000, 2], [50000, 1], [50000, 1], [50000, 3], [50000, 1], [50000, 1], [50000, 2], [50000, 1], [50000, 2], [50000, 2], [50000, 1], [50000, 2], [50000, 1], [50000, 3], [50000, 1], [50000, 1], [50000, 3], [50000, 1], [50000, 3], [50000, 2], [50000, 3], [50000, 2], [50000, 2], [50000, 3], [50000, 1], [50000, 3], [50000, 2], [50000, 2], [50000, 2], [50000, 3], [50000, 2], [50000, 1], [50000, 1], [50000, 1]], "time_elapsed": 1980.214049577713}