{"exact": [], "over": [], "merge": [[10.819778284410283, 7.503844460516506], [10.819778284410283, 7.285996608043744], [10.819778284410283, 7.133034812424663], [10.819778284410283, 8.672701564607557], [10.819778284410283, 8.716083343174855], [10.819778284410283, 7.556146818630007], [10.819778284410283, 9.112024185834423], [10.819778284410283, 7.471069621073904], [10.819778284410283, 7.666628804520666], [10.819778284410283, 9.997907048676137], [10.819778284410283, 7.2505208590636805], [10.819778284410283, 8.643205319198971], [10.819778284410283, 7.4052592023442605], [10.819778284410283, 8.88339487449887], [10.819778284410283, 8.668972598149415], [10.819778284410283, 7.13743777245922], [10.819778284410283, 7.790688612525342], [10.819778284410283, 6.159466241188242], [10.819778284410283, 9.667824793686604], [10.819778284410283, 8.709690300828079], [10.819778284410283, 7.500728487629235], [10.819778284410283, 7.227184500048365], [10.819778284410283, 8.852977758706514], [10.819778284410283, 7.372558382795952], [10.819778284410283, 8.65880138141163], [10.819778284410283, 7.283623353160003], [10.819778284410283, 7.596718957129395], [10.819778284410283, 7.289794291765395], [10.819778284410283, 7.228029129865601], [10.819778284410283, 6.423095910159355], [10.819778284410283, 7.498750696161002], [10.819778284410283, 7.309108072101915], [10.819778284410283, 8.70168421501366], [10.819778284410283, 6.1582187548521174], [10.819778284410283, 8.696242451897522], [10.819778284410283, 8.735236070530423], [10.819778284410283, 7.316795677816822], [10.819778284410283, 8.981039968780246], [10.819778284410283, 7.296113524397879], [10.819778284410283, 6.528166696920417]], "argmin_dic": [[50000, 3], [50000, 3], [50000, 2], [50000, 1], [50000, 1], [50000, 3], [50000, 1], [50000, 3], [50000, 1], [50000, 2], [50000, 1], [50000, 2], [50000, 2], [50000, 2], [50000, 3], [50000, 3], [50000, 1], [50000, 1], [50000, 2], [50000, 1], [50000, 2], [50000, 1], [50000, 2], [50000, 3], [50000, 3], [50000, 1], [50000, 3], [50000, 3], [50000, 1], [50000, 1], [50000, 3], [50000, 2], [50000, 1], [50000, 1], [50000, 1], [50000, 2], [50000, 1], [50000, 1], [50000, 3], [50000, 1]], "time_elapsed": 1970.180071592331}