{"exact_d1": [[4.605170185988092, 3.987915787651665]], "exact_d2": [[4.605170185988092, 25.49800814117838]], "over": [[4.605170185988092, 50.59713517874536]], "merge_d1": [[4.605170185988092, 9.43442102692265]], "merge_d2": [[4.605170185988092, 33.47766417772118]], "argmin_dic": [[100, 2]], "time_elapsed": 12.395528793334961}