{"exact_d1": [[11.512925464970229, 3.784223908578143]], "exact_d2": [[11.512925464970229, 7.379829405869753]], "over": [[11.512925464970229, 11.331608348526837]], "merge_d1": [[11.512925464970229, 4.186088528835438]], "merge_d2": [[11.512925464970229, 6.5722633138973885]], "argmin_dic": [[100000, 2]], "time_elapsed": 164.06801056861877}