{"exact_d1": [[11.512925464970229, 3.83672484630099]], "exact_d2": [[11.512925464970229, 6.494568726579221]], "over": [[11.512925464970229, 14.960722719406315]], "merge_d1": [[11.512925464970229, 4.339721356517763]], "merge_d2": [[11.512925464970229, 8.16973168716293]], "argmin_dic": [[100000, 2]], "time_elapsed": 428.99691677093506}