{"exact_d1": [[6.907755278982137, 3.835346428066596], [8.153349757998892, 3.774314901275009], [8.691146498539675, 3.7772607585670275], [9.038958755220563, 3.670902682872225], [9.296518068217235, 3.6234896782743835], [9.501142571764207, 3.8019148701428795], [9.670924779305427, 3.71707609305019], [9.816021526754852, 3.785933716862305], [9.94270826568941, 3.7468535322859835], [10.055135102145268, 3.7720614871722753], [10.156189906091882, 3.7947958888704365], [10.247963389017864, 3.7713563403732593], [10.332017933575289, 3.8029943235243695], [10.409551859200409, 3.6807931179423954], [10.481504425842441, 3.7375650617970404], [10.548625513909712, 3.748986193542003], [10.611523345589823, 3.7018130765544446], [10.67069806139613, 3.7272816207387756], [10.726565902688105, 3.7559224593643594], [10.779476987636757, 3.6938418910403827], [10.829728615263452, 3.758631475553267], [10.8775753831365, 3.7189955274763355], [10.923236992778513, 3.77624786904259], [10.966904349300577, 3.754631580542342], [11.008744383922906, 3.7268649335511874], [11.04890390740204, 3.7715244403424495], [11.087512719052368, 3.707363888615429], [11.124686137527133, 3.793554857510975], [11.160527077798756, 3.7624724895578003], [11.195127768613824, 3.712002355657545], [11.228571182611121, 3.801116154829833], [11.260932234926955, 3.7390146435270677], [11.292278793854607, 3.6890871266445444], [11.322672537849993, 3.7633575447660657], [11.352169686090834, 3.775333987908241], [11.38082162433689, 3.7932607494247335], [11.40867544359643, 3.7770136659665483], [11.435774405781814, 3.762384116046017], [11.462158347916576, 3.774428977694352], [11.487864034374857, 3.7743717932159617]], "exact_d2": [[6.907755278982137, 6.705025493446522], [8.153349757998892, 7.2198811953169155], [8.691146498539675, 7.635232017335464], [9.038958755220563, 7.5306727196515695], [9.296518068217235, 7.411559785063482], [9.501142571764207, 6.68358420013322], [9.670924779305427, 6.858694692010242], [9.816021526754852, 7.233933803992545], [9.94270826568941, 6.536051621980871], [10.055135102145268, 7.025729705926961], [10.156189906091882, 6.933657351422069], [10.247963389017864, 7.058230782861036], [10.332017933575289, 8.075127737055073], [10.409551859200409, 7.066194492902301], [10.481504425842441, 6.882917596498005], [10.548625513909712, 6.630350314947935], [10.611523345589823, 7.252950243329146], [10.67069806139613, 6.563913641148092], [10.726565902688105, 6.880803107904573], [10.779476987636757, 6.735905239800967], [10.829728615263452, 7.079468283368497], [10.8775753831365, 7.076703428600619], [10.923236992778513, 7.007014859600921], [10.966904349300577, 6.605034962859341], [11.008744383922906, 6.627780542072986], [11.04890390740204, 6.805728082706185], [11.087512719052368, 7.12180904542187], [11.124686137527133, 6.815150162626826], [11.160527077798756, 6.918517097339794], [11.195127768613824, 7.1089587060818085], [11.228571182611121, 6.9162334140173325], [11.260932234926955, 6.568262427743586], [11.292278793854607, 6.853641404803755], [11.322672537849993, 6.866241852597344], [11.352169686090834, 6.714125125632886], [11.38082162433689, 6.984880568945983], [11.40867544359643, 6.815203086233347], [11.435774405781814, 6.863010764726216], [11.462158347916576, 7.124730804389454], [11.487864034374857, 7.12902587424759]], "over": [[6.907755278982137, 23.04625875878174], [8.153349757998892, 13.4879208951026], [8.691146498539675, 12.1845946483558], [9.038958755220563, 11.557004770338661], [9.296518068217235, 10.376770613883442], [9.501142571764207, 12.319120552862625], [9.670924779305427, 10.684708505900305], [9.816021526754852, 11.152058704310338], [9.94270826568941, 11.003917660841303], [10.055135102145268, 12.045571165783667], [10.156189906091882, 11.462736314269966], [10.247963389017864, 11.351039399245952], [10.332017933575289, 12.286154406533843], [10.409551859200409, 11.801185656595825], [10.481504425842441, 11.66151158916363], [10.548625513909712, 10.912502992261444], [10.611523345589823, 11.131311954224815], [10.67069806139613, 10.730171359147416], [10.726565902688105, 11.566715919944135], [10.779476987636757, 10.398824719197508], [10.829728615263452, 11.697977235454928], [10.8775753831365, 10.558803647941437], [10.923236992778513, 11.336421022586228], [10.966904349300577, 10.532657490572353], [11.008744383922906, 10.882512667931238], [11.04890390740204, 10.647708088163034], [11.087512719052368, 11.079961403340572], [11.124686137527133, 10.271371075038154], [11.160527077798756, 10.648829627044641], [11.195127768613824, 12.225501936797208], [11.228571182611121, 10.249974965323377], [11.260932234926955, 10.177762163267943], [11.292278793854607, 10.470446136305323], [11.322672537849993, 11.53150185512818], [11.352169686090834, 10.363227722077195], [11.38082162433689, 10.923018404247623], [11.40867544359643, 10.31687831606832], [11.435774405781814, 11.475918806695992], [11.462158347916576, 10.39229807443151], [11.487864034374857, 11.576349985805457]], "merge_d1": [[6.907755278982137, 5.255386643874249], [8.153349757998892, 4.499389528336742], [8.691146498539675, 4.884717369158176], [9.038958755220563, 4.399389828474563], [9.296518068217235, 4.35075651225091], [9.501142571764207, 4.27134840509833], [9.670924779305427, 3.7907295112249737], [9.816021526754852, 3.8720734724105417], [9.94270826568941, 3.817868469794617], [10.055135102145268, 4.486558522636325], [10.156189906091882, 3.8606433897514156], [10.247963389017864, 3.848427712006479], [10.332017933575289, 4.695610004269007], [10.409551859200409, 3.7557423562311234], [10.481504425842441, 4.407994198331623], [10.548625513909712, 3.820041860950084], [10.611523345589823, 3.780287034772131], [10.67069806139613, 3.8000536095861888], [10.726565902688105, 3.836387940195412], [10.779476987636757, 3.776827983861509], [10.829728615263452, 3.8356911950775214], [10.8775753831365, 4.812473860774749], [10.923236992778513, 4.530918629824592], [10.966904349300577, 3.866832899941259], [11.008744383922906, 3.7943170543319074], [11.04890390740204, 4.637606148577417], [11.087512719052368, 4.4267604500591915], [11.124686137527133, 3.9059022151834073], [11.160527077798756, 3.869254825043921], [11.195127768613824, 3.7969919802066476], [11.228571182611121, 3.937122413595627], [11.260932234926955, 4.562693540707429], [11.292278793854607, 3.756593076290139], [11.322672537849993, 3.831867006471425], [11.352169686090834, 3.8769592445922596], [11.38082162433689, 3.869742748114749], [11.40867544359643, 3.888245980964542], [11.435774405781814, 4.382122115261093], [11.462158347916576, 4.440174695639538], [11.487864034374857, 4.410112777737283]],