{"exact_d1": [[11.512925464970229, 3.9875200365400834]], "exact_d2": [[11.512925464970229, 7.394494991272208]], "over": [[11.512925464970229, 15.751112307783476]], "merge_d1": [[11.512925464970229, 4.216590268417143]], "merge_d2": [[11.512925464970229, 8.292567746505924]], "argmin_dic": [[100000, 2]], "time_elapsed": 248.66729736328125}