{"exact_d1": [[11.512925464970229, 3.926982567908704]], "exact_d2": [[11.512925464970229, 7.44045973360844]], "over": [[11.512925464970229, 10.384752432341934]], "merge_d1": [[11.512925464970229, 4.205205984078059]], "merge_d2": [[11.512925464970229, 6.65367211916253]], "argmin_dic": [[100000, 2]], "time_elapsed": 216.2615532875061}