{"exact_d1": [[11.512925464970229, 3.802962430351515]], "exact_d2": [[11.512925464970229, 7.415079655102655]], "over": [[11.512925464970229, 11.891005794880913]], "merge_d1": [[11.512925464970229, 4.132878519640174]], "merge_d2": [[11.512925464970229, 6.235570523966237]], "argmin_dic": [[100000, 2]], "time_elapsed": 223.27367067337036}