{"exact_d1": [[11.512925464970229, 3.983192723239642]], "exact_d2": [[11.512925464970229, 7.724536576107827]], "over": [[11.512925464970229, 10.290569234654745]], "merge_d1": [[11.512925464970229, 4.1308036056605975]], "merge_d2": [[11.512925464970229, 5.8259075966719776]], "argmin_dic": [[100000, 2]], "time_elapsed": 452.4065008163452}