{"exact_d1": [[11.512925464970229, 3.9752648505288275]], "exact_d2": [[11.512925464970229, 7.611973928497077]], "over": [[11.512925464970229, 12.55943787710901]], "merge_d1": [[11.512925464970229, 4.231054568111559]], "merge_d2": [[11.512925464970229, 6.9912170254588375]], "argmin_dic": [[100000, 2]], "time_elapsed": 364.99797558784485}