{"exact_d1": [[6.907755278982137, 3.997978430729198], [8.153349757998892, 3.8721379511763665], [8.691146498539675, 3.699680327049112], [9.038958755220563, 3.79577620443056], [9.296518068217235, 3.727084405873637], [9.501142571764207, 3.807354616929424], [9.670924779305427, 3.7882486959685218], [9.816021526754852, 3.794650543070206], [9.94270826568941, 3.7412835599452996], [10.055135102145268, 3.7823093844809383], [10.156189906091882, 3.786683971077462], [10.247963389017864, 3.7158704357123273], [10.332017933575289, 3.779419802127115], [10.409551859200409, 3.7119734762054786], [10.481504425842441, 3.7612633265679194], [10.548625513909712, 3.683976337047129], [10.611523345589823, 3.7763048335543448], [10.67069806139613, 3.7195219230514676], [10.726565902688105, 3.7422063961353342], [10.779476987636757, 3.7727634077244874], [10.829728615263452, 3.7340083722795336], [10.8775753831365, 3.75829797610562], [10.923236992778513, 3.797004863567347], [10.966904349300577, 3.7777849026917023], [11.008744383922906, 3.718840716610248], [11.04890390740204, 3.784826667806282], [11.087512719052368, 3.7861975858020886], [11.124686137527133, 3.7249738086731634], [11.160527077798756, 3.7686489483176087], [11.195127768613824, 3.7186594591516746], [11.228571182611121, 3.7727078090795], [11.260932234926955, 3.81136960173788], [11.292278793854607, 3.76841611813015], [11.322672537849993, 3.77440332718066], [11.352169686090834, 3.7244331924028837], [11.38082162433689, 3.7661835652054116], [11.40867544359643, 3.7589316339671837], [11.435774405781814, 3.7905119985146642], [11.462158347916576, 3.7521700892107583], [11.487864034374857, 3.781284463610915]], "exact_d2": [[6.907755278982137, 6.4764372854575445], [8.153349757998892, 6.519634852669107], [8.691146498539675, 6.184783723198732], [9.038958755220563, 7.902846954269186], [9.296518068217235, 7.577220801386021], [9.501142571764207, 7.5883222533631125], [9.670924779305427, 6.674845611553395], [9.816021526754852, 7.406699704085034], [9.94270826568941, 7.036321571924881], [10.055135102145268, 6.843221654785993], [10.156189906091882, 6.583608076323467], [10.247963389017864, 7.0372046069866565], [10.332017933575289, 6.7364346712942], [10.409551859200409, 7.305907405831616], [10.481504425842441, 7.191743028669508], [10.548625513909712, 6.473428745923986], [10.611523345589823, 6.474441251604996], [10.67069806139613, 7.0478758202004705], [10.726565902688105, 7.345617152461291], [10.779476987636757, 6.783496433060725], [10.829728615263452, 6.429554556383385], [10.8775753831365, 6.860565190402245], [10.923236992778513, 7.151170536626201], [10.966904349300577, 7.0533526229571395], [11.008744383922906, 7.06274693460366], [11.04890390740204, 6.839849972412897], [11.087512719052368, 6.995063987327935], [11.124686137527133, 6.823643434187865], [11.160527077798756, 6.664962938209222], [11.195127768613824, 6.910327301087491], [11.228571182611121, 7.003592643171459], [11.260932234926955, 6.756543792414937], [11.292278793854607, 6.9373875697257965], [11.322672537849993, 6.978066563963126], [11.352169686090834, 6.928952604215582], [11.38082162433689, 7.166896597196586], [11.40867544359643, 6.852769089503639], [11.435774405781814, 6.911862506908057], [11.462158347916576, 6.955483151302377], [11.487864034374857, 7.088748608929845]], "over": [[6.907755278982137, 13.418437209229726], [8.153349757998892, 15.869123448591681], [8.691146498539675, 9.0690447737842], [9.038958755220563, 13.280833499853864], [9.296518068217235, 11.280662936223749], [9.501142571764207, 12.417052246728234], [9.670924779305427, 10.502934103055564], [9.816021526754852, 10.846615619486752], [9.94270826568941, 11.463633061115836], [10.055135102145268, 12.183276961109696], [10.156189906091882, 10.864542059398206], [10.247963389017864, 10.302642236309946], [10.332017933575289, 11.01732782398375], [10.409551859200409, 11.999754898047343], [10.481504425842441, 11.167608023050303], [10.548625513909712, 10.018465320818594], [10.611523345589823, 10.009332278630968], [10.67069806139613, 12.836210006622455], [10.726565902688105, 12.806593896838748], [10.779476987636757, 11.72007438360332], [10.829728615263452, 10.52039947182223], [10.8775753831365, 10.872572599474484], [10.923236992778513, 12.203598733554353], [10.966904349300577, 10.937706791716083], [11.008744383922906, 10.438136293867624], [11.04890390740204, 10.406596165830232], [11.087512719052368, 10.409710173535371], [11.124686137527133, 10.576621426097809], [11.160527077798756, 11.091441037398393], [11.195127768613824, 10.513683381220263], [11.228571182611121, 10.518176724223537], [11.260932234926955, 11.156494987852179], [11.292278793854607, 10.698806292990534], [11.322672537849993, 10.590863754865072], [11.352169686090834, 10.555236517886406], [11.38082162433689, 10.860744520951219], [11.40867544359643, 11.115244080976167], [11.435774405781814, 11.592899821683925], [11.462158347916576, 10.721063602736434], [11.487864034374857, 11.136947707204127]], "merge_d1": [[6.907755278982137, 4.1971775594599094], [8.153349757998892, 4.366383114513279], [8.691146498539675, 4.504111841247919], [9.038958755220563, 3.857639731994899], [9.296518068217235, 4.427673979020455], [9.501142571764207, 3.9681322469285454], [9.670924779305427, 3.88296494511582], [9.816021526754852, 3.8933114044008432], [9.94270826568941, 4.3161710064892285], [10.055135102145268, 4.514765139228725], [10.156189906091882, 4.411021069716809], [10.247963389017864, 4.787968037319485], [10.332017933575289, 3.9101949297883536], [10.409551859200409, 3.8411107004218215], [10.481504425842441, 3.859717519234263], [10.548625513909712, 4.388201026823875], [10.611523345589823, 4.6566985513524015], [10.67069806139613, 4.693428858639963], [10.726565902688105, 3.8179420907705808], [10.779476987636757, 4.536737146418454], [10.829728615263452, 4.5143451010543165], [10.8775753831365, 4.430512832406126], [10.923236992778513, 3.871657453626645], [10.966904349300577, 3.8730456438090095], [11.008744383922906, 4.384029474974806], [11.04890390740204, 3.900773134108149], [11.087512719052368, 4.479823144020985], [11.124686137527133, 4.393594782708768], [11.160527077798756, 3.841984214701708], [11.195127768613824, 4.454558555730945], [11.228571182611121, 4.653316090840922], [11.260932234926955, 3.8880850284899435], [11.292278793854607, 4.430233295038915], [11.322672537849993, 3.866256820157222], [11.352169686090834, 4.445425921370161], [11.38082162433689, 4.431077841267459], [11.40867544359643, 4.45823475200279], [11.435774405781814, 3.865530226026044], [11.462158347916576, 4.546336003626672], [11.487864034374857, 4.338548474146332]],