{"exact_d1": [[11.512925464970229, 3.901317498210335]], "exact_d2": [[11.512925464970229, 6.966225033421199]], "over": [[11.512925464970229, 9.848469143151386]], "merge_d1": [[11.512925464970229, 4.155131226959064]], "merge_d2": [[11.512925464970229, 6.245558776858965]], "argmin_dic": [[100000, 2]], "time_elapsed": 234.51398086547852}