{"exact_d1": [[6.907755278982137, 3.7629993439170164], [8.153349757998892, 4.011360040311156], [8.691146498539675, 3.7872833237177934], [9.038958755220563, 3.7202487954852868], [9.296518068217235, 3.7699142259111706], [9.501142571764207, 3.854511668590771], [9.670924779305427, 3.6886184693558652], [9.816021526754852, 3.7435984852253945], [9.94270826568941, 3.6663645903326256], [10.055135102145268, 3.773402374081867], [10.156189906091882, 3.7934179263927397], [10.247963389017864, 3.718374971092417], [10.332017933575289, 3.759963849048276], [10.409551859200409, 3.737442998301519], [10.481504425842441, 3.6951272706379297], [10.548625513909712, 3.674881632648077], [10.611523345589823, 3.71456818777683], [10.67069806139613, 3.8205043702134955], [10.726565902688105, 3.8783432181084327], [10.779476987636757, 3.7418498192787255], [10.829728615263452, 3.7306087282481095], [10.8775753831365, 3.709316559684492], [10.923236992778513, 3.7515016981601286], [10.966904349300577, 3.6883493844594306], [11.008744383922906, 3.687996603744038], [11.04890390740204, 3.758094772283361], [11.087512719052368, 3.7720920592970653], [11.124686137527133, 3.783940964302866], [11.160527077798756, 3.783150424419314], [11.195127768613824, 3.7021803128806923], [11.228571182611121, 3.798166185251486], [11.260932234926955, 3.7489694722619835], [11.292278793854607, 3.7906815319642027], [11.322672537849993, 3.752734870168465], [11.352169686090834, 3.7393543231298025], [11.38082162433689, 3.718536854235153], [11.40867544359643, 3.7627684344157064], [11.435774405781814, 3.7290618681496124], [11.462158347916576, 3.7388690836698597], [11.487864034374857, 3.7805731736177215]], "exact_d2": [[6.907755278982137, 7.047835648675165], [8.153349757998892, 7.356250744781288], [8.691146498539675, 6.105448134542294], [9.038958755220563, 6.289135356758283], [9.296518068217235, 7.892544070595769], [9.501142571764207, 6.755505789826489], [9.670924779305427, 6.900320904358534], [9.816021526754852, 7.273546192325125], [9.94270826568941, 7.5201904590004816], [10.055135102145268, 7.388898860154068], [10.156189906091882, 7.503517258127869], [10.247963389017864, 6.9654903241629205], [10.332017933575289, 7.005539947313216], [10.409551859200409, 7.138396281788786], [10.481504425842441, 7.165322894888349], [10.548625513909712, 7.076171414136265], [10.611523345589823, 7.19440500101685], [10.67069806139613, 7.195853252825865], [10.726565902688105, 7.157934256510434], [10.779476987636757, 7.329368468402966], [10.829728615263452, 6.9858710414121346], [10.8775753831365, 6.633983314202646], [10.923236992778513, 6.814164703970265], [10.966904349300577, 7.430399852418588], [11.008744383922906, 6.936659821086277], [11.04890390740204, 6.943124749428145], [11.087512719052368, 6.868686001176925], [11.124686137527133, 7.101332310895038], [11.160527077798756, 6.884228105033912], [11.195127768613824, 7.000101045828595], [11.228571182611121, 6.760090987565174], [11.260932234926955, 6.983661225895552], [11.292278793854607, 7.058804566228094], [11.322672537849993, 6.8115570273286234], [11.352169686090834, 6.793777251649993], [11.38082162433689, 7.094665059616046], [11.40867544359643, 6.752065989919739], [11.435774405781814, 6.806138320330787], [11.462158347916576, 6.8375839142430985], [11.487864034374857, 6.7811634526080535]], "over": [[6.907755278982137, 27.649827963403165], [8.153349757998892, 17.310874594446936], [8.691146498539675, 10.192185179496057], [9.038958755220563, 11.197907805130516], [9.296518068217235, 13.455060334786353], [9.501142571764207, 14.393852188792389], [9.670924779305427, 9.987851677173156], [9.816021526754852, 10.355478666830278], [9.94270826568941, 11.848757389611666], [10.055135102145268, 10.738197647007084], [10.156189906091882, 13.153170824008637], [10.247963389017864, 11.111341326748033], [10.332017933575289, 10.462459944855917], [10.409551859200409, 10.8159086082694], [10.481504425842441, 10.92483705966765], [10.548625513909712, 11.68323905025704], [10.611523345589823, 12.924590861241802], [10.67069806139613, 10.825672957463743], [10.726565902688105, 10.41780052744482], [10.779476987636757, 12.64083543354474], [10.829728615263452, 11.091837533640833], [10.8775753831365, 10.199852138115544], [10.923236992778513, 10.672505724595862], [10.966904349300577, 11.132234127007903], [11.008744383922906, 10.593065385147254], [11.04890390740204, 10.572331251829413], [11.087512719052368, 10.645513698214753], [11.124686137527133, 10.760662156575862], [11.160527077798756, 10.220154707602815], [11.195127768613824, 10.42665210358461], [11.228571182611121, 11.316514453606516], [11.260932234926955, 10.792878072102805], [11.292278793854607, 10.369482263073984], [11.322672537849993, 11.385172366724102], [11.352169686090834, 10.507005574969517], [11.38082162433689, 12.196731331644425], [11.40867544359643, 10.316315409327972], [11.435774405781814, 10.849620041439618], [11.462158347916576, 10.574863827677955], [11.487864034374857, 11.297888759097882]], "merge_d1": [[6.907755278982137, 6.7613010002525495], [8.153349757998892, 4.565572331003234], [8.691146498539675, 3.796096276133498], [9.038958755220563, 4.979186829140874], [9.296518068217235, 3.80324366059899], [9.501142571764207, 4.411423216487689], [9.670924779305427, 4.2812896823302955], [9.816021526754852, 4.604333791058066], [9.94270826568941, 3.839059969858052], [10.055135102145268, 4.364266139990696], [10.156189906091882, 4.488850627354791], [10.247963389017864, 4.324091162813901], [10.332017933575289, 4.498357315301855], [10.409551859200409, 4.433773344376664], [10.481504425842441, 4.5772174519042705], [10.548625513909712, 4.4485284191290875], [10.611523345589823, 4.429916257381084], [10.67069806139613, 3.9519204492013746], [10.726565902688105, 4.526817359861744], [10.779476987636757, 3.8142688408553975], [10.829728615263452, 3.836203612651223], [10.8775753831365, 3.8112836332781344], [10.923236992778513, 4.288566321734088], [10.966904349300577, 3.765996329399753], [11.008744383922906, 4.42390569698237], [11.04890390740204, 3.8509774033835913], [11.087512719052368, 4.461179385033539], [11.124686137527133, 4.468002586327904], [11.160527077798756, 4.3864151997726175], [11.195127768613824, 4.364479345179266], [11.228571182611121, 4.499990803906669], [11.260932234926955, 3.8463220898625194], [11.292278793854607, 3.904767050443857], [11.322672537849993, 3.823713910043241], [11.352169686090834, 3.81638520132996], [11.38082162433689, 3.789728275313086], [11.40867544359643, 3.85590743758751], [11.435774405781814, 3.850076078911294], [11.462158347916576, 3.823464170151601], [11.487864034374857, 3.8536790776243848]],