{"exact_d1": [[11.512925464970229, 3.864576122974739]], "exact_d2": [[11.512925464970229, 6.930828131003929]], "over": [[11.512925464970229, 10.743921277059098]], "merge_d1": [[11.512925464970229, 4.287242493047529]], "merge_d2": [[11.512925464970229, 6.63106982866474]], "argmin_dic": [[100000, 2]], "time_elapsed": 431.14379715919495}