{"exact_d1": [[6.907755278982137, 3.9568131481155593], [8.153349757998892, 3.8959697597186422], [8.691146498539675, 3.73276691656614], [9.038958755220563, 3.7235961309392387], [9.296518068217235, 3.8041665657553154], [9.501142571764207, 3.7570353283773548], [9.670924779305427, 3.739753889580203], [9.816021526754852, 3.8515800534231386], [9.94270826568941, 3.933215621004263], [10.055135102145268, 3.722199899067772], [10.156189906091882, 3.723231634281911], [10.247963389017864, 3.7452576795525134], [10.332017933575289, 3.750004879695314], [10.409551859200409, 3.761716230812158], [10.481504425842441, 3.721151295479139], [10.548625513909712, 3.7254334687329567], [10.611523345589823, 3.7449007435804935], [10.67069806139613, 3.6987799474701477], [10.726565902688105, 3.803058199420938], [10.779476987636757, 3.741255597265134], [10.829728615263452, 3.7753492665183037], [10.8775753831365, 3.7177469186341603], [10.923236992778513, 3.7541959526199116], [10.966904349300577, 3.7708107605559804], [11.008744383922906, 3.7692692467255764], [11.04890390740204, 3.737438355314842], [11.087512719052368, 3.7446353258388885], [11.124686137527133, 3.7008723231513057], [11.160527077798756, 3.7326009450423556], [11.195127768613824, 3.700729996657215], [11.228571182611121, 3.7489010584457896], [11.260932234926955, 3.732296436985305], [11.292278793854607, 3.752796513898066], [11.322672537849993, 3.766741510258645], [11.352169686090834, 3.7355945154269743], [11.38082162433689, 3.722106165331852], [11.40867544359643, 3.728741499590225], [11.435774405781814, 3.7634813476544893], [11.462158347916576, 3.7388385196791587], [11.487864034374857, 3.771040626843391]], "exact_d2": [[6.907755278982137, 6.598454797809865], [8.153349757998892, 6.325536869502762], [8.691146498539675, 6.765797514678742], [9.038958755220563, 7.173131274265607], [9.296518068217235, 6.441496451907253], [9.501142571764207, 6.391481980151694], [9.670924779305427, 7.255716381994342], [9.816021526754852, 7.143981809202354], [9.94270826568941, 6.707787035532154], [10.055135102145268, 6.738005743153421], [10.156189906091882, 6.860002315113831], [10.247963389017864, 7.5061512047632615], [10.332017933575289, 7.483757942522639], [10.409551859200409, 7.032126585929532], [10.481504425842441, 6.944812261066179], [10.548625513909712, 6.618869949392051], [10.611523345589823, 6.728173177014589], [10.67069806139613, 7.0766822248868495], [10.726565902688105, 7.068285758094805], [10.779476987636757, 6.781418315888412], [10.829728615263452, 6.865288414614492], [10.8775753831365, 6.954234296660087], [10.923236992778513, 6.8113058971198805], [10.966904349300577, 7.257067466160279], [11.008744383922906, 6.844047033432199], [11.04890390740204, 7.117806133576356], [11.087512719052368, 6.969920044794993], [11.124686137527133, 7.279600938485051], [11.160527077798756, 6.93206021965305], [11.195127768613824, 6.561039495936906], [11.228571182611121, 6.949115207186376], [11.260932234926955, 6.786778853483218], [11.292278793854607, 6.815346141806599], [11.322672537849993, 6.959578030407146], [11.352169686090834, 6.940214752439139], [11.38082162433689, 7.315179658552139], [11.40867544359643, 6.693247846085479], [11.435774405781814, 6.807209645208057], [11.462158347916576, 6.792683931749988], [11.487864034374857, 6.782365565831326]], "over": [[6.907755278982137, 15.330201213953448], [8.153349757998892, 13.653097975587663], [8.691146498539675, 11.609907607638078], [9.038958755220563, 11.740062104661286], [9.296518068217235, 10.259354584652478], [9.501142571764207, 11.561202862076163], [9.670924779305427, 11.258521410007186], [9.816021526754852, 11.280639087790163], [9.94270826568941, 9.87042204873106], [10.055135102145268, 9.60878451648193], [10.156189906091882, 11.072711594486046], [10.247963389017864, 10.952736416171048], [10.332017933575289, 11.424483658711628], [10.409551859200409, 10.710506823086408], [10.481504425842441, 11.125883005700125], [10.548625513909712, 10.69456093470098], [10.611523345589823, 10.365034873486362], [10.67069806139613, 11.721986092689662], [10.726565902688105, 11.41708103406362], [10.779476987636757, 10.370740959122339], [10.829728615263452, 11.19695775570093], [10.8775753831365, 10.816584751104566], [10.923236992778513, 10.967372213933114], [10.966904349300577, 11.350982888862797], [11.008744383922906, 11.78193086491799], [11.04890390740204, 11.35922243840633], [11.087512719052368, 10.964704699501933], [11.124686137527133, 10.989165594451517], [11.160527077798756, 11.818107005886596], [11.195127768613824, 10.564672841138403], [11.228571182611121, 12.163702250671848], [11.260932234926955, 10.29886754411803], [11.292278793854607, 10.762898562622363], [11.322672537849993, 10.765012545068204], [11.352169686090834, 11.049908262190172], [11.38082162433689, 11.522180371492492], [11.40867544359643, 11.689043400812658], [11.435774405781814, 10.23704048927532], [11.462158347916576, 12.735099434726031], [11.487864034374857, 10.59852199301228]], "merge_d1": [[6.907755278982137, 4.031894261182119], [8.153349757998892, 3.9061940951424323], [8.691146498539675, 3.855913364012061], [9.038958755220563, 4.393563140179675], [9.296518068217235, 3.858217795063692], [9.501142571764207, 4.30180728512287], [9.670924779305427, 3.8837832465440405], [9.816021526754852, 3.988313726831683], [9.94270826568941, 4.025685374755819], [10.055135102145268, 4.485790111649757], [10.156189906091882, 3.9076293607288886], [10.247963389017864, 4.459416844922071], [10.332017933575289, 3.8262957849170385], [10.409551859200409, 3.8316617308367276], [10.481504425842441, 4.388018684832225], [10.548625513909712, 3.8348841761965957], [10.611523345589823, 3.8596160236494144], [10.67069806139613, 3.793540241554178], [10.726565902688105, 4.468527128998428], [10.779476987636757, 3.827872087668897], [10.829728615263452, 4.451027142737924], [10.8775753831365, 3.795727513679173], [10.923236992778513, 4.432961354687669], [10.966904349300577, 4.46700339631534], [11.008744383922906, 4.436583804721027], [11.04890390740204, 4.373134359472711], [11.087512719052368, 4.426346562913216], [11.124686137527133, 3.7739838343373773], [11.160527077798756, 4.723520113583283], [11.195127768613824, 4.702497381041451], [11.228571182611121, 4.414747230276067], [11.260932234926955, 4.461882777966772], [11.292278793854607, 4.380866445298586], [11.322672537849993, 3.867217935387564], [11.352169686090834, 4.435264696795084], [11.38082162433689, 3.8279443187688305], [11.40867544359643, 4.351023374722563], [11.435774405781814, 4.455817530002617], [11.462158347916576, 4.651784075583271], [11.487864034374857, 4.375792805255826]],