{"exact_d1": [[11.512925464970229, 3.9976735227042575]], "exact_d2": [[11.512925464970229, 8.30685988420756]], "over": [[11.512925464970229, 10.718162975795085]], "merge_d1": [[11.512925464970229, 4.222929525094795]], "merge_d2": [[11.512925464970229, 6.82563061877954]], "argmin_dic": [[100000, 2]], "time_elapsed": 241.5404622554779}