{"exact_d1": [[6.907755278982137, 4.191501348192972], [8.153349757998892, 3.8461930776421243], [8.691146498539675, 3.7240902840840033], [9.038958755220563, 3.807110994487559], [9.296518068217235, 3.8831869658847826], [9.501142571764207, 3.807608260229898], [9.670924779305427, 3.77707815915913], [9.816021526754852, 3.810007416543691], [9.94270826568941, 3.7287272050036067], [10.055135102145268, 3.800545742491026], [10.156189906091882, 3.6993026487100638], [10.247963389017864, 3.7567074664088733], [10.332017933575289, 3.7840020482961565], [10.409551859200409, 3.780472451497394], [10.481504425842441, 3.798419060980801], [10.548625513909712, 3.7224423806942473], [10.611523345589823, 3.7305439048165474], [10.67069806139613, 3.735866452715326], [10.726565902688105, 3.7466955701941527], [10.779476987636757, 3.7034976446048633], [10.829728615263452, 3.771650496315034], [10.8775753831365, 3.775976865053696], [10.923236992778513, 3.7254631849691036], [10.966904349300577, 3.809887966103746], [11.008744383922906, 3.8020383274810863], [11.04890390740204, 3.7351231799204614], [11.087512719052368, 3.7097908072095787], [11.124686137527133, 3.751976408768803], [11.160527077798756, 3.7595950811585244], [11.195127768613824, 3.8062544496337516], [11.228571182611121, 3.8161571729327854], [11.260932234926955, 3.7197361883122477], [11.292278793854607, 3.740070302911091], [11.322672537849993, 3.721182472337811], [11.352169686090834, 3.7422008607236794], [11.38082162433689, 3.723928420051363], [11.40867544359643, 3.753737984356307], [11.435774405781814, 3.7630656643096714], [11.462158347916576, 3.726230033134852], [11.487864034374857, 3.712288954440961]], "exact_d2": [[6.907755278982137, 7.373500289092949], [8.153349757998892, 7.8491067077415355], [8.691146498539675, 7.183383828931529], [9.038958755220563, 6.872006067656893], [9.296518068217235, 6.793350209550897], [9.501142571764207, 6.648995892728971], [9.670924779305427, 7.31446894651449], [9.816021526754852, 6.859903365543167], [9.94270826568941, 6.805668272130717], [10.055135102145268, 7.044785621324725], [10.156189906091882, 7.1485337746449735], [10.247963389017864, 6.921118008997047], [10.332017933575289, 6.782562902521556], [10.409551859200409, 6.502074845134806], [10.481504425842441, 7.1790825668499], [10.548625513909712, 7.276912725084299], [10.611523345589823, 7.272082165187318], [10.67069806139613, 7.0759663178618455], [10.726565902688105, 6.610674386997315], [10.779476987636757, 6.825552041549419], [10.829728615263452, 6.922383058477897], [10.8775753831365, 6.886282380371825], [10.923236992778513, 7.325474476619429], [10.966904349300577, 7.383833595127035], [11.008744383922906, 6.823255895287166], [11.04890390740204, 7.14667156946492], [11.087512719052368, 6.667744371002116], [11.124686137527133, 6.763023400179519], [11.160527077798756, 6.697162932541708], [11.195127768613824, 7.341456732347076], [11.228571182611121, 7.074408133967154], [11.260932234926955, 7.131165709802741], [11.292278793854607, 6.79993266515415], [11.322672537849993, 7.016653402234355], [11.352169686090834, 6.821968024915964], [11.38082162433689, 6.949857737323413], [11.40867544359643, 6.938816588089694], [11.435774405781814, 6.897302272596462], [11.462158347916576, 7.009762465257133], [11.487864034374857, 6.911498320955856]], "over": [[6.907755278982137, 20.12767842846679], [8.153349757998892, 14.313308934982649], [8.691146498539675, 10.4750091099845], [9.038958755220563, 10.670626231879945], [9.296518068217235, 10.241000221842173], [9.501142571764207, 9.3784660724186], [9.670924779305427, 12.238383449209724], [9.816021526754852, 13.140323764235585], [9.94270826568941, 10.777232030423686], [10.055135102145268, 10.725393923561185], [10.156189906091882, 10.693908988063697], [10.247963389017864, 10.780495145057674], [10.332017933575289, 11.531239100140505], [10.409551859200409, 10.648557925058492], [10.481504425842441, 10.09767712840997], [10.548625513909712, 12.272707562909115], [10.611523345589823, 11.44379048638306], [10.67069806139613, 10.429081320232656], [10.726565902688105, 9.440893729176251], [10.779476987636757, 10.866900673354769], [10.829728615263452, 10.688014780817994], [10.8775753831365, 10.38097379776358], [10.923236992778513, 11.565806271383906], [10.966904349300577, 11.578670514299558], [11.008744383922906, 10.347821658692748], [11.04890390740204, 11.569423285101038], [11.087512719052368, 10.479211101118521], [11.124686137527133, 10.403155856748276], [11.160527077798756, 9.421849773883899], [11.195127768613824, 11.212224320552652], [11.228571182611121, 10.731362413615019], [11.260932234926955, 12.66899787441039], [11.292278793854607, 11.338242690950988], [11.322672537849993, 10.727804103818972], [11.352169686090834, 10.645383113339477], [11.38082162433689, 10.653155891945959], [11.40867544359643, 11.87842690266989], [11.435774405781814, 10.663979854485632], [11.462158347916576, 11.622673274472422], [11.487864034374857, 10.485682543708306]], "merge_d1": [[6.907755278982137, 5.266570992453809], [8.153349757998892, 4.7273334636703845], [8.691146498539675, 4.492150950008238], [9.038958755220563, 3.8668427797466505], [9.296518068217235, 4.362902871231525], [9.501142571764207, 4.531513212837202], [9.670924779305427, 3.8273382617933684], [9.816021526754852, 3.9569860069294656], [9.94270826568941, 3.8433054196747602], [10.055135102145268, 4.42989560355363], [10.156189906091882, 4.413821559584554], [10.247963389017864, 4.330559741420238], [10.332017933575289, 4.358054236970165], [10.409551859200409, 3.875064407307987], [10.481504425842441, 4.603735390643476], [10.548625513909712, 3.8205195210704943], [10.611523345589823, 4.6121686056020135], [10.67069806139613, 4.558832059525014], [10.726565902688105, 4.446044130302249], [10.779476987636757, 4.427956669236915], [10.829728615263452, 3.886122894873778], [10.8775753831365, 3.881818332119571], [10.923236992778513, 3.8221108003241273], [10.966904349300577, 4.618098526800143], [11.008744383922906, 3.900633182540186], [11.04890390740204, 4.332396965255519], [11.087512719052368, 4.433736173152461], [11.124686137527133, 3.881747997910586], [11.160527077798756, 4.450500724881359], [11.195127768613824, 4.385022651782674], [11.228571182611121, 3.944337052168893], [11.260932234926955, 4.612580361423788], [11.292278793854607, 4.43596486114169], [11.322672537849993, 4.386609936241614], [11.352169686090834, 3.834812760424276], [11.38082162433689, 4.396651412641292], [11.40867544359643, 3.8149863111475715], [11.435774405781814, 3.8563130553949403], [11.462158347916576, 4.344493147864983], [11.487864034374857, 4.392449933127278]],