{"exact_d1": [[6.906754778648554, 3.015231261872659], [7.022868086082641, 3.834332036729167], [7.1372784372603855, 3.8482156988083056], [7.252762418053187, 3.4839220918057183], [7.367708572374371, 3.87268942669013], [7.48324441607385, 3.846471883197468], [7.598399329323964, 4.629662439680344], [7.71333788887187, 4.020890665738604], [7.828436359157585, 4.115219282558806], [7.943782692458625, 3.637499836209005], [8.058960017769417, 3.9166963714326015], [8.17413934342947, 3.80850760217791], [8.289288323000317, 3.713873677505778], [8.404248432400102, 3.752007715146603], [8.519390774959724, 3.4042294106655397], [8.634620608292202, 3.8111601080771154], [8.74973246437081, 4.141819272338457], [8.86488793377419, 3.6973547785099714], [8.980046316633132, 4.141804599002897], [9.095153962167066, 3.2743417031839144], [9.210340371976184, 3.8358834595237497], [9.325453179076687, 3.8927446115820343], [9.44057869576626, 3.9026591400430037], [9.555701556014641, 4.020652832130466], [9.670798588378387, 3.4523410503837737], [9.785941988681085, 3.4659070792982827], [9.901084667919818, 3.3994407343672957], [10.016235712227882, 3.9904545687544113], [10.131339999578072, 3.6029667055876162], [10.246474238267561, 3.373560886584372], [10.36160835987009, 3.554321145186988], [10.476752620919227, 3.4017368555006673], [10.591873415994362, 3.958351478749695], [10.707012640565683, 3.9434256988598344], [10.822135503983962, 3.783031421791536], [10.937276835160228, 3.635593599013298], [11.05239680608701, 3.9631063495916643], [11.167529530327974, 3.7734970239591896], [11.28265658871343, 3.706757067612264], [11.397795157716597, 3.5811583851886075]], "exact_d2": [[6.906754778648554, 11.957120296410563], [7.022868086082641, 13.002967913636395], [7.1372784372603855, 9.686361433588646], [7.252762418053187, 10.59762432537165], [7.367708572374371, 10.316452806103435], [7.48324441607385, 11.329043961555579], [7.598399329323964, 13.157019692923173], [7.71333788887187, 6.5233356248260765], [7.828436359157585, 9.745605312024754], [7.943782692458625, 11.103115041094473], [8.058960017769417, 7.191475399614698], [8.17413934342947, 8.778158983115404], [8.289288323000317, 6.128029256331723], [8.404248432400102, 6.79401182647062], [8.519390774959724, 11.518796134435007], [8.634620608292202, 7.881388780593968], [8.74973246437081, 9.267103036426724], [8.86488793377419, 4.984125679406449], [8.980046316633132, 8.467130221908764], [9.095153962167066, 5.908139477319187], [9.210340371976184, 7.657256412851804], [9.325453179076687, 8.274031831800828], [9.44057869576626, 8.475371242961279], [9.555701556014641, 7.155035209404955], [9.670798588378387, 9.033411713955637], [9.785941988681085, 9.228734082317311], [9.901084667919818, 8.656807555845772], [10.016235712227882, 8.243014360528866], [10.131339999578072, 8.781955781364694], [10.246474238267561, 7.197983881578075], [10.36160835987009, 5.515474962740277], [10.476752620919227, 7.93993271719802], [10.591873415994362, 6.549489192444915], [10.707012640565683, 9.567689086281241], [10.822135503983962, 6.972734861651479], [10.937276835160228, 5.544230487687929], [11.05239680608701, 7.359208839403363], [11.167529530327974, 6.7865741011582665], [11.28265658871343, 6.0047870141725985], [11.397795157716597, 4.9944614944978785]], "over": [[6.906754778648554, 25.15287046382042], [7.022868086082641, 32.667552944535814], [7.1372784372603855, 36.80630562637296], [7.252762418053187, 39.86764321640797], [7.367708572374371, 39.702535731627066], [7.48324441607385, 39.66294451127919], [7.598399329323964, 26.944554583109966], [7.71333788887187, 22.36656921993177], [7.828436359157585, 29.611826738632963], [7.943782692458625, 24.65198604534574], [8.058960017769417, 11.819960235556284], [8.17413934342947, 19.271932418567403], [8.289288323000317, 27.107490786235886], [8.404248432400102, 9.193007618626236], [8.519390774959724, 16.617362652343793], [8.634620608292202, 16.97368448574363], [8.74973246437081, 14.821323688150384], [8.86488793377419, 18.786343128225376], [8.980046316633132, 17.208334289075513], [9.095153962167066, 18.88686673447744], [9.210340371976184, 11.449890136433845], [9.325453179076687, 15.605658383139097], [9.44057869576626, 17.502907087586053], [9.555701556014641, 15.336940462625838], [9.670798588378387, 13.098908465305788], [9.785941988681085, 8.241493622106953], [9.901084667919818, 13.119699408114371], [10.016235712227882, 14.649320333691621], [10.131339999578072, 13.425173312754733], [10.246474238267561, 13.414951433517073], [10.36160835987009, 8.462621628533713], [10.476752620919227, 11.04098433247809], [10.591873415994362, 7.683536012714985], [10.707012640565683, 15.097569645314367], [10.822135503983962, 9.403733518377555], [10.937276835160228, 15.881625257139767], [11.05239680608701, 8.826440637579518], [11.167529530327974, 13.16098433451692], [11.28265658871343, 15.916147097513573], [11.397795157716597, 13.151878264388547]], "merge_d1": [[6.906754778648554, 4.803294358548713], [7.022868086082641, 4.706293677945586], [7.1372784372603855, 5.145379014747964], [7.252762418053187, 5.062948542190362], [7.367708572374371, 5.070194351544357], [7.48324441607385, 4.736974010412396], [7.598399329323964, 4.379158303895717], [7.71333788887187, 3.9334044370001857], [7.828436359157585, 4.363255059974535], [7.943782692458625, 4.777706820949389], [8.058960017769417, 4.286987922950811], [8.17413934342947, 4.3695248050397995], [8.289288323000317, 4.26064731335386], [8.404248432400102, 4.3576296576818665], [8.519390774959724, 4.461561944103868], [8.634620608292202, 4.610805134366363], [8.74973246437081, 4.2046246770825615], [8.86488793377419, 4.544096975281563], [8.980046316633132, 4.0895488760223175], [9.095153962167066, 4.204945419625542], [9.210340371976184, 4.170774487243091], [9.325453179076687, 4.313083403239305], [9.44057869576626, 4.463510036126788], [9.555701556014641, 4.344292942255817], [9.670798588378387, 4.036311756257709], [9.785941988681085, 4.027602182766107], [9.901084667919818, 4.062610427593697], [10.016235712227882, 4.428214119110356], [10.131339999578072, 4.276734173209269], [10.246474238267561, 4.349015378453221], [10.36160835987009, 4.116586186225806], [10.476752620919227, 4.182284630775418], [10.591873415994362, 3.8593332530618736], [10.707012640565683, 4.3520173926542025], [10.822135503983962, 4.409787500845393], [10.937276835160228, 4.362330708306089], [11.05239680608701, 4.1135235234594445], [11.167529530327974, 3.8317331401607744], [11.28265658871343, 4.018166543887011], [11.397795157716597, 4.1030556379904874]],