{"exact_d1": [[11.512925464970229, 3.90615753615423]], "exact_d2": [[11.512925464970229, 7.087688009975739]], "over": [[11.512925464970229, 15.025993496712704]], "merge_d1": [[11.512925464970229, 4.183888821210885]], "merge_d2": [[11.512925464970229, 7.923375571875985]], "argmin_dic": [[100000, 2]], "time_elapsed": 227.40284061431885}