{"exact_d1": [[6.907755278982137, 3.62601902313375], [8.153349757998892, 3.970012323399974], [8.691146498539675, 3.725565902193181], [9.038958755220563, 3.7915029180101905], [9.296518068217235, 3.70831624233542], [9.501142571764207, 3.8348074029234627], [9.670924779305427, 3.7192953464623755], [9.816021526754852, 3.7299285737235177], [9.94270826568941, 3.8589471233723276], [10.055135102145268, 3.786986937374752], [10.156189906091882, 3.754301445181512], [10.247963389017864, 3.7866485700514083], [10.332017933575289, 3.695597973549568], [10.409551859200409, 3.7228412134962134], [10.481504425842441, 3.7098167034554037], [10.548625513909712, 3.686238707370348], [10.611523345589823, 3.7727696957863297], [10.67069806139613, 3.746699901092567], [10.726565902688105, 3.750130534237699], [10.779476987636757, 3.80428840919756], [10.829728615263452, 3.785270432148711], [10.8775753831365, 3.788484796308509], [10.923236992778513, 3.7271099658557585], [10.966904349300577, 3.71337012768142], [11.008744383922906, 3.7465918344127265], [11.04890390740204, 3.7222381667898476], [11.087512719052368, 3.7499035196518493], [11.124686137527133, 3.7345567783197744], [11.160527077798756, 3.7633648339354777], [11.195127768613824, 3.7516556386174558], [11.228571182611121, 3.7243402598932533], [11.260932234926955, 3.7882035402288223], [11.292278793854607, 3.704347189157888], [11.322672537849993, 3.7368627448094585], [11.352169686090834, 3.739772554732375], [11.38082162433689, 3.732810732254107], [11.40867544359643, 3.792138932744758], [11.435774405781814, 3.7467296906070637], [11.462158347916576, 3.740534827484035], [11.487864034374857, 3.7501698611363357]], "exact_d2": [[6.907755278982137, 6.651060781215109], [8.153349757998892, 6.475490160105238], [8.691146498539675, 7.767936122346525], [9.038958755220563, 7.375395501923901], [9.296518068217235, 7.410047095560288], [9.501142571764207, 7.210319113337168], [9.670924779305427, 6.776665485180292], [9.816021526754852, 6.895309771144169], [9.94270826568941, 6.8056489981849015], [10.055135102145268, 7.609828120615062], [10.156189906091882, 6.8378505445459465], [10.247963389017864, 6.97691662477806], [10.332017933575289, 7.012530682075162], [10.409551859200409, 7.149274361538386], [10.481504425842441, 6.822914725010374], [10.548625513909712, 7.3081046242556855], [10.611523345589823, 7.182503043073112], [10.67069806139613, 6.80168122499626], [10.726565902688105, 6.846804921554281], [10.779476987636757, 7.048103766515258], [10.829728615263452, 7.121857943122047], [10.8775753831365, 6.588238019536631], [10.923236992778513, 6.9750488049304025], [10.966904349300577, 7.083957545761622], [11.008744383922906, 6.820723930434689], [11.04890390740204, 6.687206606215724], [11.087512719052368, 6.838789494436399], [11.124686137527133, 6.647629861105079], [11.160527077798756, 6.707582924883498], [11.195127768613824, 7.042213912168261], [11.228571182611121, 6.9055855656587175], [11.260932234926955, 6.928990599154812], [11.292278793854607, 6.901986466757111], [11.322672537849993, 6.928442996389716], [11.352169686090834, 6.792476210521385], [11.38082162433689, 6.831995791855684], [11.40867544359643, 6.921263847930919], [11.435774405781814, 7.097712131148034], [11.462158347916576, 7.208072303554756], [11.487864034374857, 7.181055850147958]], "over": [[6.907755278982137, 22.001837539393087], [8.153349757998892, 14.328708338318082], [8.691146498539675, 15.333546075709352], [9.038958755220563, 11.735492522612429], [9.296518068217235, 15.641652570779245], [9.501142571764207, 12.094917474364154], [9.670924779305427, 10.746689893083367], [9.816021526754852, 11.388560637647508], [9.94270826568941, 10.270615199785603], [10.055135102145268, 11.169883052278374], [10.156189906091882, 10.670323175293575], [10.247963389017864, 11.938287361041784], [10.332017933575289, 12.025523017799522], [10.409551859200409, 11.767513248467825], [10.481504425842441, 11.562750907207509], [10.548625513909712, 11.994738402765872], [10.611523345589823, 10.747029801201741], [10.67069806139613, 10.530809351467184], [10.726565902688105, 10.731145956829426], [10.779476987636757, 11.639092084487805], [10.829728615263452, 11.042181713668258], [10.8775753831365, 10.16571428816687], [10.923236992778513, 10.265038945916999], [10.966904349300577, 11.220597250674066], [11.008744383922906, 9.827864542707873], [11.04890390740204, 10.178999102372563], [11.087512719052368, 10.566494757620159], [11.124686137527133, 10.10079870782339], [11.160527077798756, 11.332405876910048], [11.195127768613824, 10.923765980663667], [11.228571182611121, 11.545137345956418], [11.260932234926955, 11.166472583288666], [11.292278793854607, 10.508772234946433], [11.322672537849993, 10.62571906758135], [11.352169686090834, 10.144867338059948], [11.38082162433689, 10.807975931521279], [11.40867544359643, 11.694718315980754], [11.435774405781814, 12.053514968535591], [11.462158347916576, 11.445711375244148], [11.487864034374857, 11.057354035268645]], "merge_d1": [[6.907755278982137, 6.8232577247543285], [8.153349757998892, 3.980764789620467], [8.691146498539675, 4.416738567260231], [9.038958755220563, 3.8772594449314566], [9.296518068217235, 3.802343392566283], [9.501142571764207, 3.9000975085783813], [9.670924779305427, 4.738739234990395], [9.816021526754852, 3.7860453947186237], [9.94270826568941, 3.93903558732997], [10.055135102145268, 4.429364402272672], [10.156189906091882, 3.8808993269265986], [10.247963389017864, 3.871618428086538], [10.332017933575289, 4.493762087678965], [10.409551859200409, 3.8018823899175236], [10.481504425842441, 3.778081062049763], [10.548625513909712, 3.759217477983337], [10.611523345589823, 4.481292943040325], [10.67069806139613, 4.619655643226975], [10.726565902688105, 4.3509636377596], [10.779476987636757, 4.441996703270129], [10.829728615263452, 3.8933468461437317], [10.8775753831365, 3.882790033898792], [10.923236992778513, 4.386665610984812], [10.966904349300577, 4.452677990298927], [11.008744383922906, 4.486575174325437], [11.04890390740204, 3.825238562374632], [11.087512719052368, 3.862461326036703], [11.124686137527133, 3.816467409208289], [11.160527077798756, 4.449811894240797], [11.195127768613824, 3.8795199635228914], [11.228571182611121, 4.438594439626732], [11.260932234926955, 4.580447133652948], [11.292278793854607, 4.403659901420366], [11.322672537849993, 3.8396286119409133], [11.352169686090834, 3.813734710858778], [11.38082162433689, 3.8220683460488027], [11.40867544359643, 3.86396864411605], [11.435774405781814, 3.8149455567634445], [11.462158347916576, 4.385310637008647], [11.487864034374857, 4.363404705010253]],