{"exact_d1": [[6.907755278982137, 3.807128126854158], [8.153349757998892, 4.062459200185643], [8.691146498539675, 3.84412691560189], [9.038958755220563, 3.7462870733187725], [9.296518068217235, 3.864062917577779], [9.501142571764207, 3.644309352360204], [9.670924779305427, 3.794458195960832], [9.816021526754852, 3.7749407431349082], [9.94270826568941, 3.7649323491735207], [10.055135102145268, 3.8048619084210915], [10.156189906091882, 3.7366377972389295], [10.247963389017864, 3.739434987054791], [10.332017933575289, 3.7487719267301514], [10.409551859200409, 3.6953901825656907], [10.481504425842441, 3.8237024011267846], [10.548625513909712, 3.8224583881766323], [10.611523345589823, 3.7705259428755444], [10.67069806139613, 3.7614781951153953], [10.726565902688105, 3.737464443212419], [10.779476987636757, 3.7924608374258786], [10.829728615263452, 3.775147843929099], [10.8775753831365, 3.7229107081277437], [10.923236992778513, 3.7632325991923077], [10.966904349300577, 3.7209979009001004], [11.008744383922906, 3.720509564222309], [11.04890390740204, 3.8008326908070695], [11.087512719052368, 3.745439324017033], [11.124686137527133, 3.749040047394935], [11.160527077798756, 3.771727412985583], [11.195127768613824, 3.7480687534763253], [11.228571182611121, 3.720808044530255], [11.260932234926955, 3.7948624633823966], [11.292278793854607, 3.776342452839628], [11.322672537849993, 3.714725651052742], [11.352169686090834, 3.7580451323035504], [11.38082162433689, 3.758252215427708], [11.40867544359643, 3.7443395924425054], [11.435774405781814, 3.749298669677618], [11.462158347916576, 3.703692725275055], [11.487864034374857, 3.7614990714111096]], "exact_d2": [[6.907755278982137, 8.60660595578865], [8.153349757998892, 7.8726427317457], [8.691146498539675, 7.928502209304269], [9.038958755220563, 6.898293141623173], [9.296518068217235, 8.638227242097484], [9.501142571764207, 7.0392366603285135], [9.670924779305427, 7.203301969816473], [9.816021526754852, 7.231603395913542], [9.94270826568941, 7.251413048010256], [10.055135102145268, 6.785849200174726], [10.156189906091882, 7.289724726829818], [10.247963389017864, 7.003443467513871], [10.332017933575289, 7.455193754140488], [10.409551859200409, 6.918445499686518], [10.481504425842441, 6.992427732834179], [10.548625513909712, 7.284450969024966], [10.611523345589823, 6.894861539812837], [10.67069806139613, 6.904439405456309], [10.726565902688105, 7.23521409197136], [10.779476987636757, 6.927401454266525], [10.829728615263452, 7.056483915083803], [10.8775753831365, 6.713233463927715], [10.923236992778513, 6.801413243508196], [10.966904349300577, 7.333555855494307], [11.008744383922906, 7.0188466271037], [11.04890390740204, 6.761797394680838], [11.087512719052368, 7.564962999516683], [11.124686137527133, 7.1010668739108755], [11.160527077798756, 6.917903087438384], [11.195127768613824, 6.894868347144669], [11.228571182611121, 6.629767100007234], [11.260932234926955, 7.024672248958993], [11.292278793854607, 6.918394038871061], [11.322672537849993, 6.894192499889576], [11.352169686090834, 6.600670121276697], [11.38082162433689, 6.825586774269245], [11.40867544359643, 6.960851393906589], [11.435774405781814, 7.157928271495568], [11.462158347916576, 6.89816182096005], [11.487864034374857, 6.963180160667254]], "over": [[6.907755278982137, 24.00928429340991], [8.153349757998892, 15.756204464680867], [8.691146498539675, 14.494361120232245], [9.038958755220563, 12.031035882168895], [9.296518068217235, 14.608379309571253], [9.501142571764207, 10.926079977351645], [9.670924779305427, 14.495053853804633], [9.816021526754852, 11.181384600954615], [9.94270826568941, 10.902955404604109], [10.055135102145268, 11.207383025029605], [10.156189906091882, 10.90104709857423], [10.247963389017864, 10.902231715837734], [10.332017933575289, 10.06357756523214], [10.409551859200409, 10.762219541344543], [10.481504425842441, 10.785047170057975], [10.548625513909712, 11.228053697403077], [10.611523345589823, 11.724327851777566], [10.67069806139613, 11.10376234212538], [10.726565902688105, 10.730199221354189], [10.779476987636757, 10.776763591316012], [10.829728615263452, 11.162569721608804], [10.8775753831365, 10.81775988650485], [10.923236992778513, 10.594457254339426], [10.966904349300577, 11.510663102217803], [11.008744383922906, 12.047870033662218], [11.04890390740204, 10.399570974712951], [11.087512719052368, 11.061041515189828], [11.124686137527133, 11.94121151597095], [11.160527077798756, 11.52048710374282], [11.195127768613824, 11.256832075517805], [11.228571182611121, 10.019897954551467], [11.260932234926955, 10.917213105779268], [11.292278793854607, 10.613260305517185], [11.322672537849993, 11.788954235694446], [11.352169686090834, 10.938739614958868], [11.38082162433689, 10.104068375412776], [11.40867544359643, 10.798224508950419], [11.435774405781814, 12.192537420356704], [11.462158347916576, 10.360601648810317], [11.487864034374857, 10.653294029526068]], "merge_d1": [[6.907755278982137, 3.8828993929042075], [8.153349757998892, 4.095355925849214], [8.691146498539675, 4.532546907602258], [9.038958755220563, 4.254194684258941], [9.296518068217235, 3.946566886737145], [9.501142571764207, 3.677210367271401], [9.670924779305427, 4.445706501862717], [9.816021526754852, 4.518954570733725], [9.94270826568941, 3.842029844681534], [10.055135102145268, 4.46156983991057], [10.156189906091882, 4.443542662256522], [10.247963389017864, 4.395196745634409], [10.332017933575289, 4.4697093210831325], [10.409551859200409, 4.309987612997917], [10.481504425842441, 3.902973522491831], [10.548625513909712, 4.435779323550836], [10.611523345589823, 3.8507869076232417], [10.67069806139613, 4.458334355349904], [10.726565902688105, 4.447334984981828], [10.779476987636757, 4.499664474761509], [10.829728615263452, 4.394205989639217], [10.8775753831365, 4.452761277374136], [10.923236992778513, 3.8862906461793543], [10.966904349300577, 4.411842201892226], [11.008744383922906, 4.406734333832005], [11.04890390740204, 4.472149350799023], [11.087512719052368, 4.399062866401336], [11.124686137527133, 4.3516673658664455], [11.160527077798756, 4.345798098989967], [11.195127768613824, 4.403231002080405], [11.228571182611121, 3.8092435194928256], [11.260932234926955, 4.479484902092525], [11.292278793854607, 3.8622656457713727], [11.322672537849993, 3.780879781718039], [11.352169686090834, 3.8342661040502977], [11.38082162433689, 4.337921608752194], [11.40867544359643, 3.8579799125398697], [11.435774405781814, 4.6980946925637745], [11.462158347916576, 4.565893887908698], [11.487864034374857, 3.852967617083367]],