{"exact_d1": [[11.512925464970229, 3.7275924457793628]], "exact_d2": [[11.512925464970229, 6.188222085292545]], "over": [[11.512925464970229, 10.818690950466701]], "merge_d1": [[11.512925464970229, 4.270064771417682]], "merge_d2": [[11.512925464970229, 6.877515398887407]], "argmin_dic": [[100000, 2]], "time_elapsed": 282.2530002593994}