{"exact": [[6.907755278982137, 10.936933381069453], [8.153349757998892, 7.540304905693753], [8.691146498539675, 9.834546222512818], [9.038958755220563, 7.1073468922921705], [9.296518068217235, 8.040830461345406], [9.501142571764207, 9.65881127151575], [9.670924779305427, 9.354513305697091], [9.816021526754852, 9.515252081891852], [9.94270826568941, 9.50218430631384], [10.055135102145268, 9.101585534800162], [10.156189906091882, 6.42983438519902], [10.247963389017864, 7.068671206852333], [10.332017933575289, 9.471348666055189], [10.409551859200409, 7.146794736583112], [10.481504425842441, 9.387999216486193], [10.548625513909712, 10.389808553872204], [10.611523345589823, 9.19959058844091], [10.67069806139613, 6.722289508467841], [10.726565902688105, 9.539753926899877], [10.779476987636757, 9.513005829391046], [10.829728615263452, 6.791182243141045], [10.8775753831365, 6.9469610863163584], [10.923236992778513, 9.199739726922818], [10.966904349300577, 6.6698432195990405], [11.008744383922906, 6.783682364223306], [11.04890390740204, 9.723504036392132], [11.087512719052368, 9.38998932384876], [11.124686137527133, 9.947190057485258], [11.160527077798756, 6.91164865993505], [11.195127768613824, 6.715218920928402], [11.228571182611121, 9.93936478312017], [11.260932234926955, 6.82392618499446], [11.292278793854607, 6.8637511401701765], [11.322672537849993, 9.828323281180854], [11.352169686090834, 6.795173021377851], [11.38082162433689, 6.929897675539895], [11.40867544359643, 9.333383172923384], [11.435774405781814, 9.391941060849469], [11.462158347916576, 9.355339813265019], [11.487864034374857, 7.111621061956444]], "over": [[6.907755278982137, 17.10759190561602], [8.153349757998892, 16.942836533596907], [8.691146498539675, 17.14686649793904], [9.038958755220563, 18.292613671244016], [9.296518068217235, 16.723989159763732], [9.501142571764207, 15.753380571413436], [9.670924779305427, 17.5789104668136], [9.816021526754852, 15.839698303971149], [9.94270826568941, 15.060885459483057], [10.055135102145268, 16.74093183006192], [10.156189906091882, 15.070830993856164], [10.247963389017864, 16.81165334328371], [10.332017933575289, 11.141122639785532], [10.409551859200409, 17.565047784799653], [10.481504425842441, 17.32809495071218], [10.548625513909712, 11.320275066540136], [10.611523345589823, 10.059130106315038], [10.67069806139613, 15.479728860910388], [10.726565902688105, 11.089127963104248], [10.779476987636757, 10.420535509305296], [10.829728615263452, 10.959768585896258], [10.8775753831365, 15.473212415438063], [10.923236992778513, 10.96836042953776], [10.966904349300577, 15.498862609354266], [11.008744383922906, 17.698907548565117], [11.04890390740204, 10.599177133600003], [11.087512719052368, 15.453955554901276], [11.124686137527133, 18.312949074030517], [11.160527077798756, 17.311720478398474], [11.195127768613824, 16.285566366609153], [11.228571182611121, 16.893477083969536], [11.260932234926955, 16.106314862723593], [11.292278793854607, 16.748443836556426], [11.322672537849993, 10.947556142045753], [11.352169686090834, 17.26523292481356], [11.38082162433689, 17.057685460387845], [11.40867544359643, 17.178721723711515], [11.435774405781814, 16.786781055806923], [11.462158347916576, 10.90583529743147], [11.487864034374857, 15.285064102365329]], "merge": [[6.907755278982137, 10.512551986667596], [8.153349757998892, 10.105057928230524], [8.691146498539675, 10.298180139078525], [9.038958755220563, 11.469963400041747], [9.296518068217235, 10.395310591308524], [9.501142571764207, 11.2211445142934], [9.670924779305427, 9.94419396672336], [9.816021526754852, 9.589063242188699], [9.94270826568941, 9.795468508782204], [10.055135102145268, 10.992280974220181], [10.156189906091882, 9.158727657152685], [10.247963389017864, 11.059590905303917], [10.332017933575289, 7.597944880433711], [10.409551859200409, 10.047147187182333], [10.481504425842441, 10.075786673592834], [10.548625513909712, 7.613453556984802], [10.611523345589823, 7.270077918777927], [10.67069806139613, 8.809620825620728], [10.726565902688105, 7.888846894726419], [10.779476987636757, 7.222189095075521], [10.829728615263452, 7.083944735770744], [10.8775753831365, 9.676858808450861], [10.923236992778513, 6.380134041355439], [10.966904349300577, 9.590999308895897], [11.008744383922906, 9.878866784835182], [11.04890390740204, 7.481206297431618], [11.087512719052368, 9.038999272131763], [11.124686137527133, 10.361148052131922], [11.160527077798756, 10.026934683738299], [11.195127768613824, 10.18017787531369], [11.228571182611121, 9.87166410393852], [11.260932234926955, 10.62468980196982], [11.292278793854607, 11.01780241766442], [11.322672537849993, 7.254028422575935], [11.352169686090834, 9.925164187640958], [11.38082162433689, 9.341541513083689], [11.40867544359643, 10.327045665436277], [11.435774405781814, 9.790323529186235], [11.462158347916576, 7.051701461672925], [11.487864034374857, 9.794213142276028]], "argmin_dic": [[1000, 2], [3475, 3], [5950, 2], [8425, 3], [10900, 3], [13375, 2], [15850, 3], [18325, 3], [20800, 3], [23275, 3], [25750, 3], [28225, 3], [30700, 3], [33175, 3], [35650, 3], [38125, 3], [40600, 2], [43075, 3], [45550, 2], [48025, 3], [50500, 3], [52975, 3], [55450, 3], [57925, 3], [60400, 3], [62875, 2], [65350, 3], [67825, 3], [70300, 3], [72775, 3], [75250, 3], [77725, 3], [80200, 3], [82675, 2], [85150, 3], [87625, 3], [90100, 3], [92575, 3], [95050, 3], [97525, 3]], "time_elapsed": 1823.0718274116516}