{"exact_d1": [[6.907755278982137, 4.010709831994777], [8.153349757998892, 3.7446332582260777], [8.691146498539675, 3.6498702703991484], [9.038958755220563, 3.9347111726940156], [9.296518068217235, 3.777812474408516], [9.501142571764207, 3.7390610713919], [9.670924779305427, 3.73760365881347], [9.816021526754852, 3.7252066186126176], [9.94270826568941, 3.842602686912786], [10.055135102145268, 3.8223750355842085], [10.156189906091882, 3.804580106133385], [10.247963389017864, 3.740736006774996], [10.332017933575289, 3.742005155602449], [10.409551859200409, 3.674665026859524], [10.481504425842441, 3.7341926403109436], [10.548625513909712, 3.752416154808398], [10.611523345589823, 3.7477618004843216], [10.67069806139613, 3.7418667194976525], [10.726565902688105, 3.6492044100159613], [10.779476987636757, 3.7117470007952136], [10.829728615263452, 3.7674526760322022], [10.8775753831365, 3.7114022044956463], [10.923236992778513, 3.72684360712352], [10.966904349300577, 3.7153597136685224], [11.008744383922906, 3.741287175474977], [11.04890390740204, 3.7631778985101847], [11.087512719052368, 3.773321619845172], [11.124686137527133, 3.7386658088109055], [11.160527077798756, 3.7066384324345054], [11.195127768613824, 3.723261680549053], [11.228571182611121, 3.7630194832870063], [11.260932234926955, 3.7262631411074154], [11.292278793854607, 3.769894454436242], [11.322672537849993, 3.6896607922283704], [11.352169686090834, 3.711774455534359], [11.38082162433689, 3.77226961930584], [11.40867544359643, 3.7395400422156695], [11.435774405781814, 3.769984174691138], [11.462158347916576, 3.7008512631637966], [11.487864034374857, 3.7526426454047646]], "exact_d2": [[6.907755278982137, 7.278871307869136], [8.153349757998892, 8.338260158723811], [8.691146498539675, 7.033529672132036], [9.038958755220563, 6.24881876616902], [9.296518068217235, 6.351098899888401], [9.501142571764207, 6.98923390497452], [9.670924779305427, 7.256374536229825], [9.816021526754852, 7.462389700915932], [9.94270826568941, 7.545132801112537], [10.055135102145268, 6.649285777282142], [10.156189906091882, 6.583502311869135], [10.247963389017864, 7.035833513767123], [10.332017933575289, 7.12908933756835], [10.409551859200409, 6.639891442844006], [10.481504425842441, 6.578973461407643], [10.548625513909712, 6.674958873596358], [10.611523345589823, 6.919306991877425], [10.67069806139613, 6.701582533847889], [10.726565902688105, 6.721464619150608], [10.779476987636757, 7.044830626307918], [10.829728615263452, 7.16248736322801], [10.8775753831365, 7.214228998465575], [10.923236992778513, 6.845565702568498], [10.966904349300577, 6.976239663438081], [11.008744383922906, 6.880097177282032], [11.04890390740204, 6.845423235199876], [11.087512719052368, 7.0111161807224205], [11.124686137527133, 6.7580971248701704], [11.160527077798756, 7.07602366856924], [11.195127768613824, 7.1388833433077865], [11.228571182611121, 6.87919436187808], [11.260932234926955, 7.024325414407229], [11.292278793854607, 6.864963134817968], [11.322672537849993, 6.888858667503385], [11.352169686090834, 6.888657718678483], [11.38082162433689, 6.818729180486527], [11.40867544359643, 6.700700124697364], [11.435774405781814, 6.965920241097964], [11.462158347916576, 6.89307339278618], [11.487864034374857, 6.861842157389166]], "over": [[6.907755278982137, 17.585117399208315], [8.153349757998892, 15.180291595106727], [8.691146498539675, 13.471085873805702], [9.038958755220563, 10.139152592705933], [9.296518068217235, 9.801090523082747], [9.501142571764207, 11.220873624795768], [9.670924779305427, 11.832134930186553], [9.816021526754852, 10.860411848133166], [9.94270826568941, 12.98130714849189], [10.055135102145268, 11.734111970579587], [10.156189906091882, 9.919247390551037], [10.247963389017864, 11.049759585086594], [10.332017933575289, 11.861762896862551], [10.409551859200409, 10.576818315684001], [10.481504425842441, 10.91446600217012], [10.548625513909712, 10.961066830860371], [10.611523345589823, 11.041060058366716], [10.67069806139613, 10.317838421342739], [10.726565902688105, 11.580490860648123], [10.779476987636757, 10.69111461547484], [10.829728615263452, 12.288018052270289], [10.8775753831365, 11.443922326067497], [10.923236992778513, 10.626870640067828], [10.966904349300577, 11.94716159955924], [11.008744383922906, 10.45262562397537], [11.04890390740204, 11.01965682972518], [11.087512719052368, 10.7664406276921], [11.124686137527133, 10.357676136595249], [11.160527077798756, 10.553631534082147], [11.195127768613824, 11.814291098307518], [11.228571182611121, 10.938453982128966], [11.260932234926955, 11.072666289728406], [11.292278793854607, 11.576929048516925], [11.322672537849993, 10.830743089766194], [11.352169686090834, 11.433015077201732], [11.38082162433689, 11.90090866929142], [11.40867544359643, 11.043219359220213], [11.435774405781814, 10.735379784007355], [11.462158347916576, 10.488322712853657], [11.487864034374857, 10.719830583099306]], "merge_d1": [[6.907755278982137, 4.07669861099035], [8.153349757998892, 3.813492537989989], [8.691146498539675, 4.692982458361594], [9.038958755220563, 4.530600424628054], [9.296518068217235, 4.411627214378687], [9.501142571764207, 3.8900580223667633], [9.670924779305427, 4.362697922852941], [9.816021526754852, 4.437084628852018], [9.94270826568941, 3.9658188703484822], [10.055135102145268, 3.897540428887505], [10.156189906091882, 3.838770472360276], [10.247963389017864, 3.826070348776299], [10.332017933575289, 4.39078833559682], [10.409551859200409, 4.5635380891188095], [10.481504425842441, 4.565030541335734], [10.548625513909712, 4.4273389955527085], [10.611523345589823, 4.411876289814694], [10.67069806139613, 4.327447432307983], [10.726565902688105, 4.386715777589544], [10.779476987636757, 4.391627380012571], [10.829728615263452, 3.8434895825006445], [10.8775753831365, 4.654763054494662], [10.923236992778513, 3.8119717692990522], [10.966904349300577, 3.7888414269040807], [11.008744383922906, 3.832552620441753], [11.04890390740204, 4.479144416644058], [11.087512719052368, 3.851410886611576], [11.124686137527133, 3.8441098953467985], [11.160527077798756, 4.4001855121800855], [11.195127768613824, 4.344816316919029], [11.228571182611121, 4.35331118768081], [11.260932234926955, 4.3951265422413055], [11.292278793854607, 3.841284416162447], [11.322672537849993, 4.435957727027393], [11.352169686090834, 4.324021032835132], [11.38082162433689, 4.62390667431538], [11.40867544359643, 3.802918849467424], [11.435774405781814, 3.8563418274857315], [11.462158347916576, 3.783693886549477], [11.487864034374857, 3.856400828774525]],