{"exact": [[6.907755278982137, 6.457567670328542], [8.153349757998892, 10.319123614222269], [8.691146498539675, 9.68719036266296], [9.038958755220563, 9.278735471802735], [9.296518068217235, 9.179142604392325], [9.501142571764207, 9.502146166171972], [9.670924779305427, 7.027408787900422], [9.816021526754852, 9.973636570650829], [9.94270826568941, 10.424507434924385], [10.055135102145268, 9.592895403184615], [10.156189906091882, 6.964676517433005], [10.247963389017864, 6.984845447450352], [10.332017933575289, 6.766510180138111], [10.409551859200409, 9.542668988178233], [10.481504425842441, 9.882923350749707], [10.548625513909712, 9.844312000236199], [10.611523345589823, 9.883868072087774], [10.67069806139613, 7.1381559639505054], [10.726565902688105, 9.932165429263959], [10.779476987636757, 6.7360709663941245], [10.829728615263452, 9.763875124208012], [10.8775753831365, 9.947111032138318], [10.923236992778513, 9.922476776761693], [10.966904349300577, 9.835459103592065], [11.008744383922906, 9.355597949295955], [11.04890390740204, 6.809750041370745], [11.087512719052368, 9.791843839938803], [11.124686137527133, 9.542843430485453], [11.160527077798756, 9.387967460754073], [11.195127768613824, 10.03443253421028], [11.228571182611121, 9.269561478699314], [11.260932234926955, 7.2381052096494765], [11.292278793854607, 9.896079084989047], [11.322672537849993, 10.20864560919446], [11.352169686090834, 9.801401596337318], [11.38082162433689, 9.815351568621814], [11.40867544359643, 6.833553524479884], [11.435774405781814, 9.623902841433074], [11.462158347916576, 7.175685974988076], [11.487864034374857, 6.825642991037894]], "over": [[6.907755278982137, 21.469689739125165], [8.153349757998892, 18.7194333211441], [8.691146498539675, 15.063815996728852], [9.038958755220563, 11.365880936011147], [9.296518068217235, 12.77664424298171], [9.501142571764207, 10.543906554824874], [9.670924779305427, 13.002982126246843], [9.816021526754852, 13.71003595402967], [9.94270826568941, 16.100698641015768], [10.055135102145268, 14.325383744227286], [10.156189906091882, 9.940591546231337], [10.247963389017864, 16.524040044923375], [10.332017933575289, 16.565560961839722], [10.409551859200409, 15.649654850085161], [10.481504425842441, 16.779990897457427], [10.548625513909712, 15.338728868864994], [10.611523345589823, 16.186091420983928], [10.67069806139613, 18.230155845327783], [10.726565902688105, 14.505934071357379], [10.779476987636757, 15.305585621347191], [10.829728615263452, 12.223274764169236], [10.8775753831365, 10.860309524828182], [10.923236992778513, 17.35743639072343], [10.966904349300577, 17.42308975172739], [11.008744383922906, 16.42572007160475], [11.04890390740204, 14.544111490835462], [11.087512719052368, 16.24565282776696], [11.124686137527133, 16.657611218204163], [11.160527077798756, 10.964471823075307], [11.195127768613824, 15.346965115653019], [11.228571182611121, 18.03817080615923], [11.260932234926955, 16.262372674033063], [11.292278793854607, 12.268492094352508], [11.322672537849993, 17.801405880514857], [11.352169686090834, 13.095735046449102], [11.38082162433689, 12.37771230230989], [11.40867544359643, 16.666924297747062], [11.435774405781814, 16.932382476794995], [11.462158347916576, 12.494422972405449], [11.487864034374857, 14.9101197731235]], "merge": [[6.907755278982137, 14.282080001029767], [8.153349757998892, 10.511828809527486], [8.691146498539675, 9.372028605775858], [9.038958755220563, 8.16775547165293], [9.296518068217235, 7.122268682187935], [9.501142571764207, 6.6715490276084966], [9.670924779305427, 6.091764822865299], [9.816021526754852, 8.585026928219989], [9.94270826568941, 10.499181278967361], [10.055135102145268, 9.050118829515382], [10.156189906091882, 5.752112691244009], [10.247963389017864, 9.882841824012916], [10.332017933575289, 10.710456529684238], [10.409551859200409, 10.052213306797341], [10.481504425842441, 10.818916266243546], [10.548625513909712, 9.29420260321201], [10.611523345589823, 10.625911754920727], [10.67069806139613, 12.235122411365603], [10.726565902688105, 9.523498856243755], [10.779476987636757, 9.61502162498101], [10.829728615263452, 5.772933097802995], [10.8775753831365, 7.204329251389985], [10.923236992778513, 11.34156540601593], [10.966904349300577, 11.353812615279217], [11.008744383922906, 10.780669872340097], [11.04890390740204, 9.081021674278027], [11.087512719052368, 10.061739213968613], [11.124686137527133, 10.880372753190949], [11.160527077798756, 7.341333470215625], [11.195127768613824, 9.665594455554773], [11.228571182611121, 9.419070124693615], [11.260932234926955, 10.735944298188018], [11.292278793854607, 7.814751043107175], [11.322672537849993, 11.7302216242754], [11.352169686090834, 8.402753700294173], [11.38082162433689, 7.1230086365283105], [11.40867544359643, 10.40105400920878], [11.435774405781814, 10.449471702471078], [11.462158347916576, 7.766917329553304], [11.487864034374857, 9.763679226093045]], "argmin_dic": [[1000, 3], [3475, 2], [5950, 3], [8425, 2], [10900, 3], [13375, 3], [15850, 3], [18325, 3], [20800, 3], [23275, 3], [25750, 2], [28225, 2], [30700, 2], [33175, 3], [35650, 3], [38125, 3], [40600, 3], [43075, 3], [45550, 3], [48025, 3], [50500, 2], [52975, 2], [55450, 3], [57925, 3], [60400, 3], [62875, 3], [65350, 2], [67825, 3], [70300, 2], [72775, 3], [75250, 3], [77725, 3], [80200, 3], [82675, 3], [85150, 2], [87625, 3], [90100, 3], [92575, 3], [95050, 3], [97525, 3]], "time_elapsed": 3644.1834075450897}