{"exact_d1": [], "exact_d2": [], "over": [[10.819778284410283, 10.767339397971195], [10.844470897000654, 11.583827889552309], [10.868568448579715, 10.746977842954408], [10.89209894598991, 10.134134208633393], [10.915088464214607, 10.295950427019536], [10.937561320066667, 10.465929703131703], [10.959540226785442, 10.509323696666206], [10.981046432006405, 10.988980763653228], [11.002099841204238, 11.066058656453242], [11.022719128406973, 10.614343125998525], [11.042921835724492, 10.320391356330525], [11.062724463020672, 10.570747988739388], [11.082142548877775, 10.4246054796156], [11.101190743848468, 10.927340783585672], [11.119882876860622, 10.226600570582065], [11.138232015528818, 11.241298044091385], [11.156250521031495, 10.60414492040566], [11.173950098130897, 10.454979235671065], [11.191341840842766, 10.335911325772296], [11.208436274202066, 10.406742685588256], [11.225243392518447, 10.362612692911675], [11.241772694469658, 9.881986115055078], [11.258033215341438, 10.739586081265752], [11.274033556687879, 11.392564815718666], [11.289781913656018, 10.858271590958024], [11.305286100191983, 10.432425735603573], [11.320553572322773, 10.51131614823901], [11.335591449687312, 10.860557507354502], [11.350406535472453, 11.172262032764472], [11.365005334893606, 11.233243042978216], [11.379394072345706, 10.551603747546052], [11.393578707337662, 10.285512019428133], [11.407564949312402, 10.688496045950062], [11.421358271444738, 10.558468939363493], [11.434963923500517, 11.65119595683382], [11.448386943832658, 11.478123791858994], [11.461632170582678, 11.375082071269743], [11.474704252150032, 10.798165627763522], [11.487607656985938, 10.790467698179974], [11.500346682763368, 11.114491978959983]], "merge_d1": [[10.819778284410283, 3.7336963618014343], [10.844470897000654, 4.462103366675922], [10.868568448579715, 3.7116483879496722], [10.89209894598991, 4.822398051260015], [10.915088464214607, 4.45191119880995], [10.937561320066667, 4.45795709583641], [10.959540226785442, 4.402425643840448], [10.981046432006405, 3.7532112368395265], [11.002099841204238, 3.729948160586608], [11.022719128406973, 4.483239567928432], [11.042921835724492, 3.740177200686522], [11.062724463020672, 4.447252558344987], [11.082142548877775, 4.415042959623445], [11.101190743848468, 4.452417555757813], [11.119882876860622, 3.7578061131058456], [11.138232015528818, 4.473617021025787], [11.156250521031495, 4.445961310249473], [11.173950098130897, 4.449926213420988], [11.191341840842766, 4.450576061535251], [11.208436274202066, 4.435550744359506], [11.225243392518447, 3.7462583338472113], [11.241772694469658, 4.817956149227496], [11.258033215341438, 4.457285150654704], [11.274033556687879, 3.735506759219792], [11.289781913656018, 3.7483701866625174], [11.305286100191983, 4.439539963303153], [11.320553572322773, 3.756065369128827], [11.335591449687312, 3.730438617649766], [11.350406535472453, 3.733494038716362], [11.365005334893606, 4.495630555494663], [11.379394072345706, 3.743020859126493], [11.393578707337662, 4.415277047943773], [11.407564949312402, 4.429263229057927], [11.421358271444738, 4.439073581770388], [11.434963923500517, 3.762595205217442], [11.448386943832658, 3.7502940710745234], [11.461632170582678, 4.4526829875097], [11.474704252150032, 3.7533367484201827], [11.487607656985938, 3.7323751569044425], [11.500346682763368, 4.456507665468443]], "merge_d2": [[10.819778284410283, 7.183164251509976], [10.844470897000654, 7.7251689806911035], [10.868568448579715, 6.9186059869081555], [10.89209894598991, 7.5379839700433795], [10.915088464214607, 7.207616437986756], [10.937561320066667, 7.234302020714656], [10.959540226785442, 7.382784808853682], [10.981046432006405, 7.052168744972792], [11.002099841204238, 7.057742100007738], [11.022719128406973, 7.541488183113324], [11.042921835724492, 6.881572552765873], [11.062724463020672, 7.295203294646133], [11.082142548877775, 7.153545966948993], [11.101190743848468, 7.399528844987087], [11.119882876860622, 6.698874645269169], [11.138232015528818, 7.548919527948021], [11.156250521031495, 7.324542971042556], [11.173950098130897, 7.1909440299729095], [11.191341840842766, 7.279903640509688], [11.208436274202066, 7.290545838960581], [11.225243392518447, 6.863802422377847], [11.241772694469658, 7.476240746194632], [11.258033215341438, 7.3391076174593275], [11.274033556687879, 6.895300180160729], [11.289781913656018, 7.001227270891205], [11.305286100191983, 7.237708865659918], [11.320553572322773, 7.074707710588827], [11.335591449687312, 6.986059683319273], [11.350406535472453, 6.7866834866946935], [11.365005334893606, 7.564880732987261], [11.379394072345706, 6.855252690627583], [11.393578707337662, 7.185526635627132], [11.407564949312402, 7.3268428987632195], [11.421358271444738, 7.468049320984105], [11.434963923500517, 7.023651878296104], [11.448386943832658, 6.924969298895638], [11.461632170582678, 7.615115890492429], [11.474704252150032, 6.960815331819995], [11.487607656985938, 6.962214245786251], [11.500346682763368, 7.51283444313255]], "argmin_dic": [[50000, 3], [51250, 3], [52500, 3], [53750, 3], [55000, 3], [56250, 3], [57500, 3], [58750, 3], [60000, 3], [61250, 3], [62500, 3], [63750, 3], [65000, 3], [66250, 3], [67500, 3], [68750, 3], [70000, 3], [71250, 3], [72500, 3], [73750, 3], [75000, 3], [76250, 3], [77500, 3], [78750, 3], [80000, 3], [81250, 3], [82500, 3], [83750, 3], [85000, 3], [86250, 3], [87500, 3], [88750, 3], [90000, 3], [91250, 3], [92500, 3], [93750, 3], [95000, 3], [96250, 3], [97500, 3], [98750, 3]], "time_elapsed": 1570.4943058490753}