{"exact": [[6.907755278982137, 9.684200893418444], [8.153349757998892, 11.132011231928033], [8.691146498539675, 10.144345470437154], [9.038958755220563, 7.758337006148052], [9.296518068217235, 9.713700559702199], [9.501142571764207, 10.338083295369243], [9.670924779305427, 6.8885455445587525], [9.816021526754852, 9.295005184180972], [9.94270826568941, 9.642319933110826], [10.055135102145268, 9.627208960806794], [10.156189906091882, 9.82111023270817], [10.247963389017864, 7.023037533510138], [10.332017933575289, 6.963570682344854], [10.409551859200409, 7.0467042142007], [10.481504425842441, 9.333104578133982], [10.548625513909712, 10.383832241744324], [10.611523345589823, 7.34813822774752], [10.67069806139613, 9.130996639923696], [10.726565902688105, 9.421131351358948], [10.779476987636757, 6.955006924619064], [10.829728615263452, 6.906554542550862], [10.8775753831365, 9.837549839427522], [10.923236992778513, 6.796915668895908], [10.966904349300577, 9.395515864930882], [11.008744383922906, 6.979205808384425], [11.04890390740204, 6.948048336344323], [11.087512719052368, 9.747681507577072], [11.124686137527133, 9.902820019036469], [11.160527077798756, 9.47618960770409], [11.195127768613824, 7.2110139957828405], [11.228571182611121, 6.986931512189986], [11.260932234926955, 10.024794618760183], [11.292278793854607, 9.490870695593328], [11.322672537849993, 9.554386805517645], [11.352169686090834, 9.242809902273121], [11.38082162433689, 7.294596261186558], [11.40867544359643, 9.489842655093153], [11.435774405781814, 9.152875369176922], [11.462158347916576, 9.297240971476677], [11.487864034374857, 9.645883366125442]], "over": [[6.907755278982137, 24.979646633262902], [8.153349757998892, 21.213174310151796], [8.691146498539675, 19.95610136628778], [9.038958755220563, 19.507355321887278], [9.296518068217235, 16.778732327207827], [9.501142571764207, 11.619914545200878], [9.670924779305427, 11.240324801161881], [9.816021526754852, 18.020857593758244], [9.94270826568941, 19.55853877758168], [10.055135102145268, 13.245593930828779], [10.156189906091882, 16.29930108523371], [10.247963389017864, 17.50698998595311], [10.332017933575289, 10.677786283604279], [10.409551859200409, 20.12373681570456], [10.481504425842441, 17.212069826493988], [10.548625513909712, 11.952305876557203], [10.611523345589823, 11.151901085213172], [10.67069806139613, 10.555659628972004], [10.726565902688105, 17.06340445043432], [10.779476987636757, 16.52667769205073], [10.829728615263452, 17.224072744691313], [10.8775753831365, 10.970752467514721], [10.923236992778513, 16.569309841894686], [10.966904349300577, 11.043788220292653], [11.008744383922906, 17.514858741993574], [11.04890390740204, 19.77405239790336], [11.087512719052368, 17.164160309642728], [11.124686137527133, 10.068332075834345], [11.160527077798756, 17.015725725680912], [11.195127768613824, 10.69904047980992], [11.228571182611121, 20.05827812693174], [11.260932234926955, 16.78361364708085], [11.292278793854607, 11.33506849099191], [11.322672537849993, 15.043512626063912], [11.352169686090834, 10.090417900670872], [11.38082162433689, 18.742135572128916], [11.40867544359643, 10.65084884951177], [11.435774405781814, 15.829031526348652], [11.462158347916576, 16.76512180283485], [11.487864034374857, 15.47420328234018]], "merge": [[6.907755278982137, 9.014022421590896], [8.153349757998892, 11.770468598501532], [8.691146498539675, 11.52970438840883], [9.038958755220563, 11.411995779918344], [9.296518068217235, 10.997846429856402], [9.501142571764207, 7.789322023716528], [9.670924779305427, 7.19340307690822], [9.816021526754852, 10.8414272409615], [9.94270826568941, 10.988637095949406], [10.055135102145268, 7.846283648159044], [10.156189906091882, 10.716812152912201], [10.247963389017864, 10.564926319083472], [10.332017933575289, 7.28638855904307], [10.409551859200409, 10.930238907946292], [10.481504425842441, 9.831684604939033], [10.548625513909712, 8.004449030483373], [10.611523345589823, 7.790036809657385], [10.67069806139613, 7.203231835422115], [10.726565902688105, 10.346307467867064], [10.779476987636757, 9.564556081825218], [10.829728615263452, 9.60218486943694], [10.8775753831365, 7.0539854109141364], [10.923236992778513, 10.94892019160939], [10.966904349300577, 7.490546634856864], [11.008744383922906, 10.472776481870207], [11.04890390740204, 10.731253736839966], [11.087512719052368, 9.756743173093934], [11.124686137527133, 7.325799607664459], [11.160527077798756, 11.230880122639473], [11.195127768613824, 7.382021859295412], [11.228571182611121, 10.929981633850094], [11.260932234926955, 11.04767334441867], [11.292278793854607, 7.534812636543263], [11.322672537849993, 9.514872470458567], [11.352169686090834, 6.630801121881076], [11.38082162433689, 10.258481301503787], [11.40867544359643, 7.260806455619253], [11.435774405781814, 9.222984487766828], [11.462158347916576, 9.766535458369946], [11.487864034374857, 9.7021757820675]], "argmin_dic": [[1000, 3], [3475, 2], [5950, 3], [8425, 2], [10900, 3], [13375, 2], [15850, 3], [18325, 3], [20800, 3], [23275, 3], [25750, 3], [28225, 2], [30700, 3], [33175, 3], [35650, 3], [38125, 2], [40600, 2], [43075, 3], [45550, 3], [48025, 3], [50500, 3], [52975, 3], [55450, 3], [57925, 3], [60400, 3], [62875, 3], [65350, 3], [67825, 2], [70300, 3], [72775, 2], [75250, 3], [77725, 3], [80200, 3], [82675, 3], [85150, 3], [87625, 3], [90100, 3], [92575, 3], [95050, 3], [97525, 3]], "time_elapsed": 2882.688538789749}