{"exact": [[6.907755278982137, 8.165457167436886], [8.153349757998892, 8.772861805518277], [8.691146498539675, 10.456907667117838], [9.038958755220563, 9.344390639305283], [9.296518068217235, 10.382850715003809], [9.501142571764207, 10.097209141774426], [9.670924779305427, 9.677176250492902], [9.816021526754852, 9.183324885826648], [9.94270826568941, 9.602149254164532], [10.055135102145268, 10.489719198525165], [10.156189906091882, 6.966448745400949], [10.247963389017864, 6.978045287718373], [10.332017933575289, 6.734822611651593], [10.409551859200409, 9.616677297659402], [10.481504425842441, 6.715194242033158], [10.548625513909712, 9.709894746170983], [10.611523345589823, 9.431559877017243], [10.67069806139613, 9.74339180280032], [10.726565902688105, 9.708582828369286], [10.779476987636757, 10.064199646432511], [10.829728615263452, 6.665435162284869], [10.8775753831365, 9.957494979545412], [10.923236992778513, 9.317215131441003], [10.966904349300577, 10.140058430706887], [11.008744383922906, 9.272086084787844], [11.04890390740204, 6.735777021086047], [11.087512719052368, 6.433918371608133], [11.124686137527133, 9.788755554881845], [11.160527077798756, 7.1880442049211215], [11.195127768613824, 9.806357431224844], [11.228571182611121, 7.196815726388498], [11.260932234926955, 9.53194757255215], [11.292278793854607, 9.382903844269984], [11.322672537849993, 7.061054401474107], [11.352169686090834, 9.399209273130985], [11.38082162433689, 9.36982831434234], [11.40867544359643, 6.942025942486215], [11.435774405781814, 9.398469881183734], [11.462158347916576, 9.346447562035896], [11.487864034374857, 9.439224793017866]], "over": [[6.907755278982137, 25.690158963304555], [8.153349757998892, 10.417451481988413], [8.691146498539675, 12.732890062395375], [9.038958755220563, 11.26673295935066], [9.296518068217235, 16.38998554284735], [9.501142571764207, 17.05419590890572], [9.670924779305427, 11.6381928163317], [9.816021526754852, 16.061893632833613], [9.94270826568941, 12.813901207791787], [10.055135102145268, 19.620632649072434], [10.156189906091882, 13.587736537774903], [10.247963389017864, 15.918605717807852], [10.332017933575289, 16.819982027185393], [10.409551859200409, 16.958039201155774], [10.481504425842441, 11.571554743389663], [10.548625513909712, 16.51074745118805], [10.611523345589823, 14.691932121873467], [10.67069806139613, 13.627156771600484], [10.726565902688105, 11.621301507052486], [10.779476987636757, 14.449988446774196], [10.829728615263452, 11.122047283300397], [10.8775753831365, 18.114880775675218], [10.923236992778513, 15.899645411390042], [10.966904349300577, 18.17931437322178], [11.008744383922906, 16.216610096016133], [11.04890390740204, 15.975290911986647], [11.087512719052368, 13.076296145772993], [11.124686137527133, 13.917070353651415], [11.160527077798756, 18.527093069884174], [11.195127768613824, 12.487710431756511], [11.228571182611121, 18.277335824874257], [11.260932234926955, 16.605198588160665], [11.292278793854607, 18.301419198711493], [11.322672537849993, 16.25873552199648], [11.352169686090834, 10.675139583053816], [11.38082162433689, 12.727382095454182], [11.40867544359643, 14.808447127642285], [11.435774405781814, 11.625604027462995], [11.462158347916576, 16.138536142708787], [11.487864034374857, 12.73753017151124]], "merge": [[6.907755278982137, 11.586768442725166], [8.153349757998892, 7.100350757561886], [8.691146498539675, 8.710290316367521], [9.038958755220563, 6.680300192874493], [9.296518068217235, 10.781298911282402], [9.501142571764207, 10.414861229049313], [9.670924779305427, 6.942867400974957], [9.816021526754852, 9.416949346564353], [9.94270826568941, 6.724119440101072], [10.055135102145268, 10.298835396863879], [10.156189906091882, 8.807016734075585], [10.247963389017864, 9.790926095213749], [10.332017933575289, 10.35580142973856], [10.409551859200409, 10.058594026356772], [10.481504425842441, 5.816418238660205], [10.548625513909712, 9.85669040512009], [10.611523345589823, 9.61440026102084], [10.67069806139613, 8.946225356428847], [10.726565902688105, 5.929307910592164], [10.779476987636757, 10.379201724839827], [10.829728615263452, 6.411436379198998], [10.8775753831365, 9.891775598999914], [10.923236992778513, 10.226762260841591], [10.966904349300577, 11.970548978633367], [11.008744383922906, 10.020289456827127], [11.04890390740204, 10.147676703578371], [11.087512719052368, 9.14570687085742], [11.124686137527133, 9.1373367915634], [11.160527077798756, 10.005557394775753], [11.195127768613824, 6.26451377093516], [11.228571182611121, 12.023771777377153], [11.260932234926955, 10.345138097341474], [11.292278793854607, 9.922554991856597], [11.322672537849993, 8.930370699371332], [11.352169686090834, 7.171313273317067], [11.38082162433689, 7.421419986626676], [11.40867544359643, 9.327154658498234], [11.435774405781814, 6.977464769043315], [11.462158347916576, 10.104941877480908], [11.487864034374857, 6.362444146909591]], "argmin_dic": [[1000, 2], [3475, 3], [5950, 2], [8425, 2], [10900, 3], [13375, 3], [15850, 3], [18325, 3], [20800, 3], [23275, 3], [25750, 3], [28225, 2], [30700, 2], [33175, 3], [35650, 2], [38125, 3], [40600, 2], [43075, 2], [45550, 2], [48025, 3], [50500, 3], [52975, 3], [55450, 3], [57925, 3], [60400, 3], [62875, 3], [65350, 2], [67825, 2], [70300, 3], [72775, 2], [75250, 3], [77725, 3], [80200, 3], [82675, 3], [85150, 2], [87625, 3], [90100, 3], [92575, 3], [95050, 3], [97525, 3]], "time_elapsed": 2241.8182311058044}