{"exact_d1": [[11.512925464970229, 3.905409588608388]], "exact_d2": [[11.512925464970229, 7.491307972284828]], "over": [[11.512925464970229, 17.048512247572955]], "merge_d1": [[11.512925464970229, 4.387989723420699]], "merge_d2": [[11.512925464970229, 8.428692641552026]], "argmin_dic": [[100000, 2]], "time_elapsed": 517.4221360683441}