{"exact_d1": [[11.512925464970229, 3.9494776408258776]], "exact_d2": [[11.512925464970229, 7.669944928259894]], "over": [[11.512925464970229, 9.112870728840363]], "merge_d1": [[11.512925464970229, 4.148561868967516]], "merge_d2": [[11.512925464970229, 6.208404034333738]], "argmin_dic": [[100000, 2]], "time_elapsed": 211.1787838935852}