{"exact_d1": [[11.512925464970229, 3.8621152715046767]], "exact_d2": [[11.512925464970229, 7.44416027565968]], "over": [[11.512925464970229, 11.802283627082396]], "merge_d1": [[11.512925464970229, 4.197775351004846]], "merge_d2": [[11.512925464970229, 7.4111468310699085]], "argmin_dic": [[100000, 2]], "time_elapsed": 417.7657639980316}