{"exact_d1": [[6.907755278982137, 4.110283453563796], [8.153349757998892, 3.5193478830244462], [8.691146498539675, 3.69249129617066], [9.038958755220563, 3.66161607037178], [9.296518068217235, 3.714882440649966], [9.501142571764207, 3.768507814158404], [9.670924779305427, 3.826801688402092], [9.816021526754852, 3.8108005290413813], [9.94270826568941, 3.789148880272018], [10.055135102145268, 3.715326238010204], [10.156189906091882, 3.8012109710765505], [10.247963389017864, 3.746104057883163], [10.332017933575289, 3.6688972549528827], [10.409551859200409, 3.8056975833194233], [10.481504425842441, 3.6786083703728676], [10.548625513909712, 3.730292651807114], [10.611523345589823, 3.752632741124945], [10.67069806139613, 3.773346301680089], [10.726565902688105, 3.791638089548744], [10.779476987636757, 3.7862249837122812], [10.829728615263452, 3.773972303731991], [10.8775753831365, 3.710315299027586], [10.923236992778513, 3.7401961574347307], [10.966904349300577, 3.7700797890954574], [11.008744383922906, 3.7354568099876504], [11.04890390740204, 3.7516509638828945], [11.087512719052368, 3.7222352699658763], [11.124686137527133, 3.750222349993186], [11.160527077798756, 3.749941152100182], [11.195127768613824, 3.7155938227224694], [11.228571182611121, 3.7290304739986118], [11.260932234926955, 3.7576752478892077], [11.292278793854607, 3.7545351704445378], [11.322672537849993, 3.6974238237618473], [11.352169686090834, 3.803878648286275], [11.38082162433689, 3.7519864285821676], [11.40867544359643, 3.7522935588065653], [11.435774405781814, 3.7897067509710527], [11.462158347916576, 3.7467017838646077], [11.487864034374857, 3.774879940782358]], "exact_d2": [[6.907755278982137, 9.594070515831516], [8.153349757998892, 6.511512553863398], [8.691146498539675, 8.415824684136926], [9.038958755220563, 7.344953266146384], [9.296518068217235, 6.28752759193886], [9.501142571764207, 6.480473758557819], [9.670924779305427, 6.635018852303104], [9.816021526754852, 6.775598340407811], [9.94270826568941, 7.689592253992479], [10.055135102145268, 6.510131807106855], [10.156189906091882, 7.428742392751827], [10.247963389017864, 6.608600850409265], [10.332017933575289, 7.651854333405564], [10.409551859200409, 7.3559420521561245], [10.481504425842441, 7.205086606877736], [10.548625513909712, 6.358286040025692], [10.611523345589823, 6.707573755287638], [10.67069806139613, 6.915670186539895], [10.726565902688105, 7.268225998716895], [10.779476987636757, 6.706044159436459], [10.829728615263452, 6.672008563203695], [10.8775753831365, 6.842848995131676], [10.923236992778513, 6.650605523355621], [10.966904349300577, 6.981936314986265], [11.008744383922906, 6.715173926782203], [11.04890390740204, 6.755905217454185], [11.087512719052368, 6.812590666050138], [11.124686137527133, 6.561027080428253], [11.160527077798756, 7.171601812264639], [11.195127768613824, 7.413792446818872], [11.228571182611121, 6.838973570138707], [11.260932234926955, 6.6431111194606], [11.292278793854607, 6.727821648520002], [11.322672537849993, 6.827727478068397], [11.352169686090834, 6.9762376653032], [11.38082162433689, 6.940637472664466], [11.40867544359643, 6.859297226834923], [11.435774405781814, 7.125906898826584], [11.462158347916576, 6.854954500750385], [11.487864034374857, 7.140333569270963]], "over": [[6.907755278982137, 18.954253079815956], [8.153349757998892, 11.535686609318638], [8.691146498539675, 14.87046871820529], [9.038958755220563, 11.529732640797564], [9.296518068217235, 10.16096609567523], [9.501142571764207, 11.329478934378194], [9.670924779305427, 10.047418189316154], [9.816021526754852, 10.447810604881223], [9.94270826568941, 12.278805612683694], [10.055135102145268, 9.910751106278155], [10.156189906091882, 12.233421288627317], [10.247963389017864, 10.556455144648549], [10.332017933575289, 13.668735920400644], [10.409551859200409, 10.324904395562381], [10.481504425842441, 11.43902640646907], [10.548625513909712, 10.123719631494952], [10.611523345589823, 10.616838350035707], [10.67069806139613, 9.41753472768259], [10.726565902688105, 11.333055332637949], [10.779476987636757, 11.288727476909978], [10.829728615263452, 11.098276828917403], [10.8775753831365, 10.535352119308206], [10.923236992778513, 10.375503552642769], [10.966904349300577, 11.823647364630196], [11.008744383922906, 10.045207776466528], [11.04890390740204, 11.094565457004236], [11.087512719052368, 10.971038611609801], [11.124686137527133, 10.879574284179842], [11.160527077798756, 11.293193408551156], [11.195127768613824, 11.721199599963217], [11.228571182611121, 10.886805709568668], [11.260932234926955, 10.844099747088723], [11.292278793854607, 10.975268939104945], [11.322672537849993, 11.034014850415925], [11.352169686090834, 9.837140573893848], [11.38082162433689, 12.470062188003181], [11.40867544359643, 10.57204685087847], [11.435774405781814, 10.82272691455132], [11.462158347916576, 10.387643839988698], [11.487864034374857, 9.88798479898208]], "merge_d1": [[6.907755278982137, 5.586862366082207], [8.153349757998892, 4.346755726101411], [8.691146498539675, 3.7633343146738696], [9.038958755220563, 3.6547043917483313], [9.296518068217235, 3.8976475307805485], [9.501142571764207, 4.6783456949527675], [9.670924779305427, 3.884219282116884], [9.816021526754852, 4.480290269642476], [9.94270826568941, 4.357383814350499], [10.055135102145268, 4.411845074808521], [10.156189906091882, 3.8670557064041162], [10.247963389017864, 3.802162720915298], [10.332017933575289, 3.730561570815786], [10.409551859200409, 4.454106893852654], [10.481504425842441, 4.330785837552735], [10.548625513909712, 3.870506529380144], [10.611523345589823, 4.356588139206218], [10.67069806139613, 4.43664437392406], [10.726565902688105, 3.890357422143497], [10.779476987636757, 3.8574193879059893], [10.829728615263452, 3.8389564646729153], [10.8775753831365, 4.390814104792959], [10.923236992778513, 4.33529714023712], [10.966904349300577, 4.378368805383043], [11.008744383922906, 4.4288533883735655], [11.04890390740204, 4.404982500223382], [11.087512719052368, 4.417940999262912], [11.124686137527133, 3.8164335741282556], [11.160527077798756, 3.845053130057321], [11.195127768613824, 4.346433009681811], [11.228571182611121, 4.357319350373128], [11.260932234926955, 4.401464992593485], [11.292278793854607, 4.416073411280603], [11.322672537849993, 4.438615582940118], [11.352169686090834, 4.391315530954073], [11.38082162433689, 4.425384884474499], [11.40867544359643, 3.8481785325482254], [11.435774405781814, 4.4689326238279685], [11.462158347916576, 3.8491578836836795], [11.487864034374857, 4.814055361380149]],