{"exact_d1": [[11.512925464970229, 3.7971176187949616]], "exact_d2": [[11.512925464970229, 7.17931560305926]], "over": [[11.512925464970229, 11.1803445869686]], "merge_d1": [[11.512925464970229, 4.163646602339297]], "merge_d2": [[11.512925464970229, 6.731691744674032]], "argmin_dic": [[100000, 2]], "time_elapsed": 176.71423506736755}