{"exact_d1": [[6.907755278982137, 3.9749772070583838], [8.153349757998892, 3.6072657664253183], [8.691146498539675, 3.714204713992015], [9.038958755220563, 3.7781349021079738], [9.296518068217235, 3.818761875464808], [9.501142571764207, 3.79595295818231], [9.670924779305427, 3.7076849207518183], [9.816021526754852, 3.6786878056094414], [9.94270826568941, 3.7382389232948565], [10.055135102145268, 3.7945466044251153], [10.156189906091882, 3.828639704199513], [10.247963389017864, 3.667702814327944], [10.332017933575289, 3.688756394879042], [10.409551859200409, 3.721552111951201], [10.481504425842441, 3.8250792261686524], [10.548625513909712, 3.742737844110876], [10.611523345589823, 3.7769080867796037], [10.67069806139613, 3.8117710112609977], [10.726565902688105, 3.8187962601306378], [10.779476987636757, 3.661486654824365], [10.829728615263452, 3.8833747933928007], [10.8775753831365, 3.7685780365176207], [10.923236992778513, 3.7687881777933154], [10.966904349300577, 3.73895443306452], [11.008744383922906, 3.764751842720661], [11.04890390740204, 3.7124367859796306], [11.087512719052368, 3.7375363421601526], [11.124686137527133, 3.7491450236516344], [11.160527077798756, 3.7499368490655134], [11.195127768613824, 3.7119434891995757], [11.228571182611121, 3.764916325342328], [11.260932234926955, 3.6947049648163937], [11.292278793854607, 3.7325746156268376], [11.322672537849993, 3.771560498479412], [11.352169686090834, 3.74315528725142], [11.38082162433689, 3.76175575083721], [11.40867544359643, 3.6808029686928885], [11.435774405781814, 3.7415146986323267], [11.462158347916576, 3.7445039111190024], [11.487864034374857, 3.7421964291159826]], "exact_d2": [[6.907755278982137, 10.600950859438965], [8.153349757998892, 7.450484084265337], [8.691146498539675, 6.667758926649171], [9.038958755220563, 6.714150275260104], [9.296518068217235, 6.626617038229298], [9.501142571764207, 6.943149190008113], [9.670924779305427, 6.309013787453641], [9.816021526754852, 7.313292180263274], [9.94270826568941, 6.385264962675771], [10.055135102145268, 7.106823436586706], [10.156189906091882, 6.988481447084886], [10.247963389017864, 6.974603412158223], [10.332017933575289, 7.1156282213103506], [10.409551859200409, 7.325323443363157], [10.481504425842441, 6.765823334672493], [10.548625513909712, 7.005585789675995], [10.611523345589823, 6.981984505606661], [10.67069806139613, 6.9523117566044865], [10.726565902688105, 6.743832691101206], [10.779476987636757, 6.93170307961123], [10.829728615263452, 6.896489124361896], [10.8775753831365, 6.7443916858058675], [10.923236992778513, 6.791121186557593], [10.966904349300577, 6.910796164388893], [11.008744383922906, 7.083284226982278], [11.04890390740204, 6.834456943496774], [11.087512719052368, 7.003434380649609], [11.124686137527133, 6.577430696226107], [11.160527077798756, 6.723359305282604], [11.195127768613824, 6.9745675987378775], [11.228571182611121, 6.918280404794301], [11.260932234926955, 6.817859800927901], [11.292278793854607, 6.766080979023303], [11.322672537849993, 6.775411087421393], [11.352169686090834, 6.964471479016266], [11.38082162433689, 6.8826387376493745], [11.40867544359643, 6.848578242454856], [11.435774405781814, 6.896501839371975], [11.462158347916576, 6.871305714500661], [11.487864034374857, 6.571492289202334]], "over": [[6.907755278982137, 22.903407329362388], [8.153349757998892, 16.193399859219987], [8.691146498539675, 10.487599143628115], [9.038958755220563, 11.46552495376667], [9.296518068217235, 11.244191636271148], [9.501142571764207, 11.48460466462133], [9.670924779305427, 11.782932856454194], [9.816021526754852, 12.213536357288758], [9.94270826568941, 10.622516499398483], [10.055135102145268, 10.96028856166862], [10.156189906091882, 10.410003287820436], [10.247963389017864, 11.161963094583733], [10.332017933575289, 10.895999820825573], [10.409551859200409, 11.05510832537176], [10.481504425842441, 10.010558628941268], [10.548625513909712, 11.59600631494962], [10.611523345589823, 10.762400086903067], [10.67069806139613, 11.12495919371528], [10.726565902688105, 11.540758860977052], [10.779476987636757, 10.236199823489144], [10.829728615263452, 10.043400721947313], [10.8775753831365, 11.770947083569215], [10.923236992778513, 11.32366128759346], [10.966904349300577, 10.63047130038467], [11.008744383922906, 11.563416958498106], [11.04890390740204, 11.009485484564612], [11.087512719052368, 10.835674518870324], [11.124686137527133, 10.222839442753251], [11.160527077798756, 10.435618157809188], [11.195127768613824, 10.813530581581164], [11.228571182611121, 10.729275670278115], [11.260932234926955, 10.654542853384768], [11.292278793854607, 10.921360700422543], [11.322672537849993, 11.316060555863666], [11.352169686090834, 11.143974771354822], [11.38082162433689, 10.562647897447158], [11.40867544359643, 10.70528300052918], [11.435774405781814, 10.559805785953872], [11.462158347916576, 10.538949131589023], [11.487864034374857, 10.01786304688559]], "merge_d1": [[6.907755278982137, 5.0973523528172855], [8.153349757998892, 4.475942570452742], [8.691146498539675, 3.749875237405176], [9.038958755220563, 3.84073389785716], [9.296518068217235, 3.949704424339045], [9.501142571764207, 4.586836710275402], [9.670924779305427, 4.38085658340602], [9.816021526754852, 4.359500938328853], [9.94270826568941, 3.8342734888227152], [10.055135102145268, 4.419998509416268], [10.156189906091882, 4.4832885391916175], [10.247963389017864, 4.37891582218511], [10.332017933575289, 4.421210344918792], [10.409551859200409, 4.388507910694508], [10.481504425842441, 3.9513646095410797], [10.548625513909712, 3.8071436363453817], [10.611523345589823, 3.8728419953489577], [10.67069806139613, 4.500235129075147], [10.726565902688105, 4.556239282558167], [10.779476987636757, 3.768285126072218], [10.829728615263452, 4.4621924477231305], [10.8775753831365, 4.49301985702085], [10.923236992778513, 3.8412288621745634], [10.966904349300577, 3.8062349464252114], [11.008744383922906, 4.605576315928114], [11.04890390740204, 3.8036841614055104], [11.087512719052368, 3.8318424380740375], [11.124686137527133, 4.473628260646167], [11.160527077798756, 4.352686166732737], [11.195127768613824, 3.8323587953700358], [11.228571182611121, 3.8622602035344724], [11.260932234926955, 3.8019829142400616], [11.292278793854607, 4.395013031087628], [11.322672537849993, 3.841208731051743], [11.352169686090834, 4.343819608031458], [11.38082162433689, 3.8777868264685544], [11.40867544359643, 3.754381018254921], [11.435774405781814, 4.465226895669665], [11.462158347916576, 3.855660634162364], [11.487864034374857, 3.850005781917787]],