{"exact_d1": [[11.512925464970229, 3.9152773237962735]], "exact_d2": [[11.512925464970229, 6.641117386019698]], "over": [[11.512925464970229, 9.767330341215732]], "merge_d1": [[11.512925464970229, 4.222271760890172]], "merge_d2": [[11.512925464970229, 6.412096167642277]], "argmin_dic": [[100000, 2]], "time_elapsed": 238.6618537902832}