{"exact": [[6.907755278982137, 8.717414901387578], [8.153349757998892, 7.176561099318571], [8.691146498539675, 9.766539333180987], [9.038958755220563, 10.20353565125947], [9.296518068217235, 9.554892495367776], [9.501142571764207, 6.945344619396176], [9.670924779305427, 9.519879394858936], [9.816021526754852, 10.355608289095379], [9.94270826568941, 6.883730094726365], [10.055135102145268, 10.401108375509303], [10.156189906091882, 9.336314113220514], [10.247963389017864, 7.143960655492529], [10.332017933575289, 9.20833955303111], [10.409551859200409, 6.571748405956346], [10.481504425842441, 9.787235795904374], [10.548625513909712, 9.828951739140008], [10.611523345589823, 9.43551825955805], [10.67069806139613, 8.990951829115442], [10.726565902688105, 9.291414226236471], [10.779476987636757, 9.565305452458793], [10.829728615263452, 6.722140649847134], [10.8775753831365, 9.387013286894032], [10.923236992778513, 7.157953305270053], [10.966904349300577, 6.80628617259503], [11.008744383922906, 9.407746287697854], [11.04890390740204, 10.333734986518433], [11.087512719052368, 9.925222836536049], [11.124686137527133, 9.476029398638525], [11.160527077798756, 9.922645639898759], [11.195127768613824, 9.94801625613705], [11.228571182611121, 6.889753439086979], [11.260932234926955, 9.37325571869844], [11.292278793854607, 6.970400339692142], [11.322672537849993, 7.098702715807197], [11.352169686090834, 6.988891678795133], [11.38082162433689, 6.732266155738022], [11.40867544359643, 9.284793580162901], [11.435774405781814, 6.496805563917946], [11.462158347916576, 6.5625540311205866], [11.487864034374857, 9.461074140310792]], "over": [[6.907755278982137, 15.00949425745213], [8.153349757998892, 17.90315241487134], [8.691146498539675, 15.876340269044857], [9.038958755220563, 11.579850988279608], [9.296518068217235, 14.997177745241176], [9.501142571764207, 13.872206115438374], [9.670924779305427, 16.28121812075072], [9.816021526754852, 17.4022623176445], [9.94270826568941, 16.586171427337085], [10.055135102145268, 13.464166337308201], [10.156189906091882, 16.466843463007212], [10.247963389017864, 12.707231677199808], [10.332017933575289, 15.809965781261113], [10.409551859200409, 11.954612533553526], [10.481504425842441, 14.207346704320408], [10.548625513909712, 13.112894498331231], [10.611523345589823, 16.53910635325877], [10.67069806139613, 10.94328682777661], [10.726565902688105, 17.389193940874396], [10.779476987636757, 16.016125452082466], [10.829728615263452, 16.088642887826428], [10.8775753831365, 17.870987101249987], [10.923236992778513, 13.824785209573388], [10.966904349300577, 15.477456988564972], [11.008744383922906, 11.414867191304074], [11.04890390740204, 16.682757517253393], [11.087512719052368, 13.722917020470229], [11.124686137527133, 12.784514783526479], [11.160527077798756, 14.951289670548427], [11.195127768613824, 17.753679214821048], [11.228571182611121, 16.502157823006872], [11.260932234926955, 16.6926241384458], [11.292278793854607, 12.553277545426042], [11.322672537849993, 16.25207495319888], [11.352169686090834, 14.622316967582064], [11.38082162433689, 12.154603718989053], [11.40867544359643, 17.696502544815313], [11.435774405781814, 16.022200431884624], [11.462158347916576, 17.82379714314426], [11.487864034374857, 13.754388720880954]], "merge": [[6.907755278982137, 8.793434426004517], [8.153349757998892, 9.117584718055975], [8.691146498539675, 10.64562898550808], [9.038958755220563, 7.288715836743875], [9.296518068217235, 9.51197499411304], [9.501142571764207, 8.216045432285036], [9.670924779305427, 10.02869479817316], [9.816021526754852, 10.387456350331277], [9.94270826568941, 9.440799243300663], [10.055135102145268, 8.975003755012892], [10.156189906091882, 10.749236226909561], [10.247963389017864, 8.27269315140859], [10.332017933575289, 9.932537219471238], [10.409551859200409, 6.443681427658711], [10.481504425842441, 9.046727135677708], [10.548625513909712, 7.946620826992137], [10.611523345589823, 10.135725446044841], [10.67069806139613, 6.011885982117129], [10.726565902688105, 11.472202210385724], [10.779476987636757, 10.140336492899479], [10.829728615263452, 10.158129326249613], [10.8775753831365, 11.733762418839316], [10.923236992778513, 8.654435004252669], [10.966904349300577, 9.660147779070902], [11.008744383922906, 7.1787110107315515], [11.04890390740204, 10.898534266459018], [11.087512719052368, 9.073333736975043], [11.124686137527133, 6.0327144880233465], [11.160527077798756, 9.382130710479048], [11.195127768613824, 11.655985782430587], [11.228571182611121, 10.258772776747481], [11.260932234926955, 9.372275726893147], [11.292278793854607, 8.44982136299998], [11.322672537849993, 10.122617955192558], [11.352169686090834, 9.07429685601635], [11.38082162433689, 8.243426786408993], [11.40867544359643, 10.394101599047884], [11.435774405781814, 10.004893549921663], [11.462158347916576, 11.579429980775883], [11.487864034374857, 9.304075511241338]], "argmin_dic": [[1000, 3], [3475, 2], [5950, 3], [8425, 2], [10900, 2], [13375, 2], [15850, 3], [18325, 3], [20800, 3], [23275, 2], [25750, 3], [28225, 2], [30700, 3], [33175, 3], [35650, 3], [38125, 2], [40600, 3], [43075, 2], [45550, 3], [48025, 3], [50500, 3], [52975, 3], [55450, 3], [57925, 3], [60400, 3], [62875, 3], [65350, 3], [67825, 3], [70300, 3], [72775, 3], [75250, 2], [77725, 3], [80200, 2], [82675, 3], [85150, 3], [87625, 2], [90100, 3], [92575, 3], [95050, 2], [97525, 2]], "time_elapsed": 2361.5810487270355}