{"exact_d1": [[6.907755278982137, 3.8996868571836885], [8.153349757998892, 3.8779429705226627], [8.691146498539675, 3.8348210486822967], [9.038958755220563, 3.585697939099696], [9.296518068217235, 3.7416295666715045], [9.501142571764207, 3.7672478937643], [9.670924779305427, 3.762973846661964], [9.816021526754852, 3.7217281063419856], [9.94270826568941, 3.7080793433083734], [10.055135102145268, 3.7195601228774415], [10.156189906091882, 3.713028145872766], [10.247963389017864, 3.6541243542708672], [10.332017933575289, 3.6853947834469953], [10.409551859200409, 3.7438504453419554], [10.481504425842441, 3.783016086211355], [10.548625513909712, 3.768413687330959], [10.611523345589823, 3.783037905420869], [10.67069806139613, 3.796925486445901], [10.726565902688105, 3.7801076128445423], [10.779476987636757, 3.7811189331863613], [10.829728615263452, 3.785059945018183], [10.8775753831365, 3.700944879318101], [10.923236992778513, 3.7859200637385246], [10.966904349300577, 3.760932018586726], [11.008744383922906, 3.7764099217918328], [11.04890390740204, 3.765822154864959], [11.087512719052368, 3.731957876442382], [11.124686137527133, 3.7342187750729914], [11.160527077798756, 3.7183336460456613], [11.195127768613824, 3.7435631250780848], [11.228571182611121, 3.750553035100945], [11.260932234926955, 3.721540086636459], [11.292278793854607, 3.713148786350226], [11.322672537849993, 3.778896269069112], [11.352169686090834, 3.7210924193863573], [11.38082162433689, 3.7440671385938824], [11.40867544359643, 3.673642000213556], [11.435774405781814, 3.741489797575227], [11.462158347916576, 3.7574727587516192], [11.487864034374857, 3.7734809196891503]], "exact_d2": [[6.907755278982137, 8.623528652955514], [8.153349757998892, 6.884011110777318], [8.691146498539675, 6.941149399683967], [9.038958755220563, 6.054698158692039], [9.296518068217235, 7.015807291312434], [9.501142571764207, 7.237329586540976], [9.670924779305427, 6.643686970471318], [9.816021526754852, 6.68687616157647], [9.94270826568941, 7.25306553190969], [10.055135102145268, 6.6183143743622015], [10.156189906091882, 6.6338506271577895], [10.247963389017864, 7.172880194285142], [10.332017933575289, 7.158612024525392], [10.409551859200409, 7.272509489330698], [10.481504425842441, 7.530723604535056], [10.548625513909712, 7.057731951328988], [10.611523345589823, 6.633631647732363], [10.67069806139613, 7.419924250824581], [10.726565902688105, 7.351229030984319], [10.779476987636757, 7.0068305524046], [10.829728615263452, 6.967300384628091], [10.8775753831365, 6.928070165151383], [10.923236992778513, 6.965866556624114], [10.966904349300577, 6.939797872050985], [11.008744383922906, 6.651547438476834], [11.04890390740204, 6.854292351329131], [11.087512719052368, 7.166156626491126], [11.124686137527133, 6.519711656135578], [11.160527077798756, 7.058629976755544], [11.195127768613824, 7.031030290846228], [11.228571182611121, 6.612860658270875], [11.260932234926955, 6.928502703023052], [11.292278793854607, 6.956823627311077], [11.322672537849993, 6.9684915514025825], [11.352169686090834, 7.142354926289928], [11.38082162433689, 6.982247204256341], [11.40867544359643, 6.654653019612695], [11.435774405781814, 6.84232451611855], [11.462158347916576, 6.861963719783757], [11.487864034374857, 7.420189954002353]], "over": [[6.907755278982137, 13.16302346387603], [8.153349757998892, 13.046131059012595], [8.691146498539675, 11.980272029327718], [9.038958755220563, 11.372727460386495], [9.296518068217235, 11.241235635276219], [9.501142571764207, 10.686113597582443], [9.670924779305427, 11.05598200439663], [9.816021526754852, 10.782439571673303], [9.94270826568941, 10.94432199078452], [10.055135102145268, 10.241536267258535], [10.156189906091882, 10.117802493347247], [10.247963389017864, 10.643551458553976], [10.332017933575289, 11.38096481054959], [10.409551859200409, 11.67217106583576], [10.481504425842441, 13.156027451771482], [10.548625513909712, 10.962494491096761], [10.611523345589823, 10.872056986251419], [10.67069806139613, 11.352071367894949], [10.726565902688105, 10.716989511509624], [10.779476987636757, 10.478164464165143], [10.829728615263452, 10.716567360837928], [10.8775753831365, 10.777577356353206], [10.923236992778513, 10.076929701235182], [10.966904349300577, 11.883241337161047], [11.008744383922906, 10.147902365617524], [11.04890390740204, 10.561278695902685], [11.087512719052368, 10.837261771670317], [11.124686137527133, 10.725927641479304], [11.160527077798756, 11.255779870776635], [11.195127768613824, 10.712948054683512], [11.228571182611121, 10.096303754049424], [11.260932234926955, 10.82173241856226], [11.292278793854607, 10.309959281410562], [11.322672537849993, 10.88980530533639], [11.352169686090834, 11.418906357487431], [11.38082162433689, 11.071375059280758], [11.40867544359643, 10.23010185626483], [11.435774405781814, 11.413601149760591], [11.462158347916576, 10.524247109251117], [11.487864034374857, 11.463512877118351]], "merge_d1": [[6.907755278982137, 4.371241110641903], [8.153349757998892, 4.912768632808717], [8.691146498539675, 3.8670336733431934], [9.038958755220563, 3.7085433745277867], [9.296518068217235, 4.423900009230863], [9.501142571764207, 4.809807046385658], [9.670924779305427, 3.831210635831087], [9.816021526754852, 4.490195015834663], [9.94270826568941, 3.7869144284535867], [10.055135102145268, 3.8036987952104697], [10.156189906091882, 3.826927633598353], [10.247963389017864, 4.365100386185245], [10.332017933575289, 3.7355329671541364], [10.409551859200409, 3.805827637496879], [10.481504425842441, 3.8574788396968698], [10.548625513909712, 3.877063604046564], [10.611523345589823, 3.868440749984595], [10.67069806139613, 4.5399583822901075], [10.726565902688105, 4.526338334707497], [10.779476987636757, 4.521666867885862], [10.829728615263452, 3.8834109578767513], [10.8775753831365, 3.786236263695525], [10.923236992778513, 4.609896350891559], [10.966904349300577, 4.392245211360417], [11.008744383922906, 3.890487244471438], [11.04890390740204, 4.408482036316973], [11.087512719052368, 4.351057206739119], [11.124686137527133, 3.78789099464447], [11.160527077798756, 4.425524325662858], [11.195127768613824, 4.432244765744959], [11.228571182611121, 3.8457918553686565], [11.260932234926955, 4.507444420905358], [11.292278793854607, 4.470893325524386], [11.322672537849993, 4.457532283053057], [11.352169686090834, 4.314809815435155], [11.38082162433689, 4.418423264919948], [11.40867544359643, 3.762536287455946], [11.435774405781814, 3.823994450217863], [11.462158347916576, 4.48318703605337], [11.487864034374857, 3.886177226935116]],