{"exact_d1": [[11.512925464970229, 3.7675426684431526]], "exact_d2": [[11.512925464970229, 7.078935791838254]], "over": [[11.512925464970229, 10.053330430413004]], "merge_d1": [[11.512925464970229, 4.1916304185622435]], "merge_d2": [[11.512925464970229, 6.55561674553383]], "argmin_dic": [[100000, 2]], "time_elapsed": 172.9137773513794}