{"exact_d1": [[11.512925464970229, 3.955299499680209]], "exact_d2": [[11.512925464970229, 7.542240607970348]], "over": [[11.512925464970229, 9.0960568015123]], "merge_d1": [[11.512925464970229, 4.12601616835485]], "merge_d2": [[11.512925464970229, 5.4850819339895045]], "argmin_dic": [[100000, 2]], "time_elapsed": 237.1228311061859}