{"exact_d1": [[6.907755278982137, 3.5558456580197633], [8.153349757998892, 4.055752931957117], [8.691146498539675, 3.760970203473278], [9.038958755220563, 3.7286886510358777], [9.296518068217235, 3.68822944352832], [9.501142571764207, 3.866976819214434], [9.670924779305427, 3.77901937323743], [9.816021526754852, 3.698972769977438], [9.94270826568941, 3.716692586894856], [10.055135102145268, 3.82127360138947], [10.156189906091882, 3.71537494298524], [10.247963389017864, 3.732906021046472], [10.332017933575289, 3.7095625992926324], [10.409551859200409, 3.8141016703261195], [10.481504425842441, 3.757919419745181], [10.548625513909712, 3.7312290167625513], [10.611523345589823, 3.7492090826132896], [10.67069806139613, 3.7690936721866732], [10.726565902688105, 3.7193296505378], [10.779476987636757, 3.7420606418267646], [10.829728615263452, 3.7198651568423595], [10.8775753831365, 3.7100162185613237], [10.923236992778513, 3.7330556227099816], [10.966904349300577, 3.751407078375713], [11.008744383922906, 3.7671487954680205], [11.04890390740204, 3.768488380002683], [11.087512719052368, 3.713466849544531], [11.124686137527133, 3.766787111614246], [11.160527077798756, 3.751312788997859], [11.195127768613824, 3.7368437166677473], [11.228571182611121, 3.7187880094483003], [11.260932234926955, 3.7540419852812597], [11.292278793854607, 3.7836545358069307], [11.322672537849993, 3.724722350536579], [11.352169686090834, 3.7224574945643036], [11.38082162433689, 3.806592308328532], [11.40867544359643, 3.7427742377331987], [11.435774405781814, 3.765867766341197], [11.462158347916576, 3.7622284174511904], [11.487864034374857, 3.7529820242115908]], "exact_d2": [[6.907755278982137, 8.911586058651057], [8.153349757998892, 6.910013740955653], [8.691146498539675, 7.419608113471667], [9.038958755220563, 7.5585905995786415], [9.296518068217235, 6.742238015501633], [9.501142571764207, 6.687518678944883], [9.670924779305427, 7.202642624426521], [9.816021526754852, 7.316057743573301], [9.94270826568941, 7.089398916308543], [10.055135102145268, 6.8168443115556725], [10.156189906091882, 7.2101602491390775], [10.247963389017864, 6.528832340380947], [10.332017933575289, 6.474685656456991], [10.409551859200409, 6.536228012122524], [10.481504425842441, 7.01248622046713], [10.548625513909712, 7.089213053363765], [10.611523345589823, 6.944584442159825], [10.67069806139613, 7.155001307732235], [10.726565902688105, 6.630729259238433], [10.779476987636757, 6.74717513535733], [10.829728615263452, 6.868393430810678], [10.8775753831365, 6.958775502623044], [10.923236992778513, 7.357297952747697], [10.966904349300577, 7.211370829303098], [11.008744383922906, 6.580874292866758], [11.04890390740204, 6.6917979995919055], [11.087512719052368, 6.88910766499224], [11.124686137527133, 7.089334764545252], [11.160527077798756, 6.9584083749915955], [11.195127768613824, 6.867807827462356], [11.228571182611121, 6.695954092309312], [11.260932234926955, 6.580532072509136], [11.292278793854607, 6.863667019644025], [11.322672537849993, 7.056187807050205], [11.352169686090834, 7.326399421514516], [11.38082162433689, 6.90685651178722], [11.40867544359643, 7.4946745141850935], [11.435774405781814, 7.074527472631362], [11.462158347916576, 6.772358470000528], [11.487864034374857, 7.107679234832552]], "over": [[6.907755278982137, 20.194417690212926], [8.153349757998892, 17.374676278853954], [8.691146498539675, 12.054799939488237], [9.038958755220563, 14.10650581131429], [9.296518068217235, 10.939899911780993], [9.501142571764207, 10.197185906784577], [9.670924779305427, 12.662545271960525], [9.816021526754852, 11.653360918645266], [9.94270826568941, 11.227107234308265], [10.055135102145268, 10.432501164199069], [10.156189906091882, 11.970154844650274], [10.247963389017864, 10.697236992330222], [10.332017933575289, 10.800842589380206], [10.409551859200409, 10.743132534577441], [10.481504425842441, 10.042536280877378], [10.548625513909712, 10.51207582704232], [10.611523345589823, 11.703414530209255], [10.67069806139613, 11.02284234326826], [10.726565902688105, 10.034415170515011], [10.779476987636757, 11.717077139125339], [10.829728615263452, 10.536434113713463], [10.8775753831365, 11.719642253077451], [10.923236992778513, 12.609215864264465], [10.966904349300577, 10.472942709700959], [11.008744383922906, 9.915966037220226], [11.04890390740204, 10.166247606967193], [11.087512719052368, 10.679598373599507], [11.124686137527133, 12.152081402554716], [11.160527077798756, 10.866458408169152], [11.195127768613824, 10.837792235454973], [11.228571182611121, 10.902631639790801], [11.260932234926955, 10.805988090844327], [11.292278793854607, 11.281338334355425], [11.322672537849993, 10.83282948665623], [11.352169686090834, 11.992878944250377], [11.38082162433689, 11.483958104113839], [11.40867544359643, 12.172810407425398], [11.435774405781814, 10.66074610870271], [11.462158347916576, 10.59771612692431], [11.487864034374857, 11.067286508687632]], "merge_d1": [[6.907755278982137, 3.5929537046197257], [8.153349757998892, 4.683065002607682], [8.691146498539675, 3.8621435737503043], [9.038958755220563, 4.2948277498090865], [9.296518068217235, 3.767661036727094], [9.501142571764207, 3.9709774032936176], [9.670924779305427, 4.405915952954186], [9.816021526754852, 4.394233475592324], [9.94270826568941, 4.3713946072177325], [10.055135102145268, 3.921084098748803], [10.156189906091882, 3.7572244740495315], [10.247963389017864, 3.8089332832895817], [10.332017933575289, 4.587183267839515], [10.409551859200409, 4.515687224317005], [10.481504425842441, 4.429607198024147], [10.548625513909712, 4.5016845880063086], [10.611523345589823, 4.528923820679407], [10.67069806139613, 4.333839057958378], [10.726565902688105, 4.447414548508189], [10.779476987636757, 4.398861098034746], [10.829728615263452, 3.8222545721815795], [10.8775753831365, 3.776453644573769], [10.923236992778513, 3.812131829520614], [10.966904349300577, 4.353005800308779], [11.008744383922906, 3.8576066892019023], [11.04890390740204, 3.8731240978656665], [11.087512719052368, 3.8085530524517335], [11.124686137527133, 3.8426184528914087], [11.160527077798756, 4.444220692625018], [11.195127768613824, 4.419645682005844], [11.228571182611121, 4.382577816059754], [11.260932234926955, 4.56154820910383], [11.292278793854607, 4.40324969962363], [11.322672537849993, 4.440429648916837], [11.352169686090834, 4.314205705226051], [11.38082162433689, 3.8872560885776255], [11.40867544359643, 4.403598748646233], [11.435774405781814, 4.437867512473715], [11.462158347916576, 4.446687145504641], [11.487864034374857, 3.848312554015503]],