{"exact_d1": [[6.907755278982137, 4.324394992505656], [8.153349757998892, 3.7204129028768866], [8.691146498539675, 3.691861736716369], [9.038958755220563, 3.6114590633332377], [9.296518068217235, 3.796950910368813], [9.501142571764207, 3.6556323651994993], [9.670924779305427, 3.8255525573542175], [9.816021526754852, 3.7342120320514964], [9.94270826568941, 3.693234810616875], [10.055135102145268, 3.7647251883213033], [10.156189906091882, 3.7650760533697225], [10.247963389017864, 3.68187696210237], [10.332017933575289, 3.714562639968399], [10.409551859200409, 3.669149198472219], [10.481504425842441, 3.7177697903324773], [10.548625513909712, 3.783637150025537], [10.611523345589823, 3.7189659238123567], [10.67069806139613, 3.8099781120482152], [10.726565902688105, 3.734565917939423], [10.779476987636757, 3.796536856339902], [10.829728615263452, 3.7875667813560367], [10.8775753831365, 3.7800183303810715], [10.923236992778513, 3.818961963606327], [10.966904349300577, 3.81129905221173], [11.008744383922906, 3.7299601496173262], [11.04890390740204, 3.744464735873291], [11.087512719052368, 3.7960361033589436], [11.124686137527133, 3.7247464653515787], [11.160527077798756, 3.692033188757661], [11.195127768613824, 3.758869948727048], [11.228571182611121, 3.712969868817995], [11.260932234926955, 3.789510593757879], [11.292278793854607, 3.696727438825798], [11.322672537849993, 3.7545102411337754], [11.352169686090834, 3.767453118323367], [11.38082162433689, 3.701797305887964], [11.40867544359643, 3.7643130562209857], [11.435774405781814, 3.7348024720661006], [11.462158347916576, 3.7503500343293665], [11.487864034374857, 3.76274571134679]], "exact_d2": [[6.907755278982137, 9.19160198790925], [8.153349757998892, 8.063247091219523], [8.691146498539675, 7.276489680978755], [9.038958755220563, 6.216001522101803], [9.296518068217235, 6.974784780972949], [9.501142571764207, 6.87244763372617], [9.670924779305427, 6.199228935033138], [9.816021526754852, 6.927670379742215], [9.94270826568941, 6.7292667026191415], [10.055135102145268, 6.981268962136023], [10.156189906091882, 7.244335882920183], [10.247963389017864, 6.951117232218241], [10.332017933575289, 6.86159809983973], [10.409551859200409, 7.294795113887345], [10.481504425842441, 7.375909473963486], [10.548625513909712, 7.007162049737419], [10.611523345589823, 7.2028204936481455], [10.67069806139613, 6.784273624113184], [10.726565902688105, 6.611833428875158], [10.779476987636757, 7.035601400733097], [10.829728615263452, 7.1827318394434805], [10.8775753831365, 6.533105608828454], [10.923236992778513, 7.34705910224782], [10.966904349300577, 6.749908154657004], [11.008744383922906, 6.929992121976475], [11.04890390740204, 6.94440501352629], [11.087512719052368, 6.798723194164483], [11.124686137527133, 6.9299126645751326], [11.160527077798756, 6.815434146245821], [11.195127768613824, 6.974820979951044], [11.228571182611121, 6.904961386304396], [11.260932234926955, 6.559701594648188], [11.292278793854607, 6.839155072141012], [11.322672537849993, 7.089717632374845], [11.352169686090834, 7.155870789489524], [11.38082162433689, 6.723554296934592], [11.40867544359643, 6.745326306990878], [11.435774405781814, 6.783844749217651], [11.462158347916576, 6.628361783274578], [11.487864034374857, 6.739581404337034]], "over": [[6.907755278982137, 19.78942737422431], [8.153349757998892, 12.532716808748198], [8.691146498539675, 13.438896022813116], [9.038958755220563, 13.05417044612561], [9.296518068217235, 11.833773066187948], [9.501142571764207, 11.394600538390483], [9.670924779305427, 9.243422563748648], [9.816021526754852, 11.182249228888443], [9.94270826568941, 10.817121284550382], [10.055135102145268, 11.229047780369896], [10.156189906091882, 10.350789017163173], [10.247963389017864, 10.906298391833415], [10.332017933575289, 12.095276668554678], [10.409551859200409, 11.187980369360757], [10.481504425842441, 12.818246691837812], [10.548625513909712, 10.734745866365168], [10.611523345589823, 11.244919491325104], [10.67069806139613, 10.42894646272505], [10.726565902688105, 10.297121765358312], [10.779476987636757, 11.723955313905794], [10.829728615263452, 12.198739386825519], [10.8775753831365, 11.003058081193272], [10.923236992778513, 11.05758390439972], [10.966904349300577, 11.751444108277779], [11.008744383922906, 10.829818842784233], [11.04890390740204, 10.69816459174364], [11.087512719052368, 10.290238826456173], [11.124686137527133, 11.150703242476384], [11.160527077798756, 11.28538938999077], [11.195127768613824, 10.516641095053112], [11.228571182611121, 11.617662667189494], [11.260932234926955, 11.71274691575145], [11.292278793854607, 11.074647609401913], [11.322672537849993, 10.606816933505913], [11.352169686090834, 11.046555499506523], [11.38082162433689, 10.458474793648255], [11.40867544359643, 11.262587030134851], [11.435774405781814, 11.723218559078447], [11.462158347916576, 10.017300125720919], [11.487864034374857, 10.492252368819203]], "merge_d1": [[6.907755278982137, 5.065876055701544], [8.153349757998892, 3.9040537604574173], [8.691146498539675, 4.017835500678588], [9.038958755220563, 4.999475937035642], [9.296518068217235, 4.4624197474977745], [9.501142571764207, 3.7121833278191], [9.670924779305427, 3.9300006273474675], [9.816021526754852, 4.4688661559963805], [9.94270826568941, 4.326168778295609], [10.055135102145268, 4.525239246592383], [10.156189906091882, 4.606224595939263], [10.247963389017864, 4.317966049236173], [10.332017933575289, 4.451662416218398], [10.409551859200409, 3.7395503655162234], [10.481504425842441, 3.7932479503508425], [10.548625513909712, 3.8894277401249027], [10.611523345589823, 4.389567637258938], [10.67069806139613, 3.872427644136877], [10.726565902688105, 4.4084940547076785], [10.779476987636757, 3.864772985661208], [10.829728615263452, 3.8587886344244757], [10.8775753831365, 4.407543699406929], [10.923236992778513, 4.3845389005820525], [10.966904349300577, 4.478763068803149], [11.008744383922906, 4.346720928356204], [11.04890390740204, 3.8465767503309984], [11.087512719052368, 3.8931767541786786], [11.124686137527133, 4.393839182130072], [11.160527077798756, 3.7667538271109637], [11.195127768613824, 4.475239018918684], [11.228571182611121, 4.294982845315356], [11.260932234926955, 4.408284102726836], [11.292278793854607, 4.336819120804736], [11.322672537849993, 4.470051357996986], [11.352169686090834, 3.8757100591416314], [11.38082162433689, 4.359486888933515], [11.40867544359643, 4.406626028489397], [11.435774405781814, 4.399942084209156], [11.462158347916576, 3.8475992514218533], [11.487864034374857, 4.712800920129887]],