{"exact_d1": [[6.906754778648554, 3.823984892473458], [7.022868086082641, 4.0677515130903235], [7.1372784372603855, 3.608486313405699], [7.252762418053187, 3.7386049304492905], [7.367708572374371, 3.889232536056941], [7.48324441607385, 4.027531854060801], [7.598399329323964, 4.204537784219411], [7.71333788887187, 3.7153248825696075], [7.828436359157585, 3.535362337464366], [7.943782692458625, 3.2654162549336996], [8.058960017769417, 3.4339787844747978], [8.17413934342947, 3.741145931619782], [8.289288323000317, 3.8539264662512713], [8.404248432400102, 3.8508991423366545], [8.519390774959724, 4.186433376983589], [8.634620608292202, 3.8472190156914317], [8.74973246437081, 3.2969302398699933], [8.86488793377419, 3.6541177130223055], [8.980046316633132, 3.673897021694926], [9.095153962167066, 3.8666269587444084], [9.210340371976184, 3.8759613006880533], [9.325453179076687, 3.6366755290811064], [9.44057869576626, 3.881127280256812], [9.555701556014641, 3.773130055523297], [9.670798588378387, 3.429371983506131], [9.785941988681085, 3.586399338282535], [9.901084667919818, 3.8355074990738705], [10.016235712227882, 3.4307293796477634], [10.131339999578072, 3.6660606654741317], [10.246474238267561, 3.9545838765701835], [10.36160835987009, 3.794263046525174], [10.476752620919227, 3.5563041821447134], [10.591873415994362, 3.748443410334879], [10.707012640565683, 3.885929094162969], [10.822135503983962, 3.6620550629482143], [10.937276835160228, 3.6768047998714732], [11.05239680608701, 3.5765194575054107], [11.167529530327974, 3.822758568649972], [11.28265658871343, 3.9385476145577236], [11.397795157716597, 3.8850390653316946]], "exact_d2": [[6.906754778648554, 8.354774673651294], [7.022868086082641, 7.607661969096634], [7.1372784372603855, 13.864661215214444], [7.252762418053187, 11.923738925763615], [7.367708572374371, 8.898147322730878], [7.48324441607385, 9.971015033597942], [7.598399329323964, 13.804863487321697], [7.71333788887187, 16.3220941730956], [7.828436359157585, 12.99425678681546], [7.943782692458625, 10.207898713316714], [8.058960017769417, 14.468567237710387], [8.17413934342947, 11.263836964450418], [8.289288323000317, 6.185860811340072], [8.404248432400102, 9.071183079364403], [8.519390774959724, 9.607377066887551], [8.634620608292202, 6.895680711048603], [8.74973246437081, 9.420183999920111], [8.86488793377419, 6.523223720196224], [8.980046316633132, 6.131382736087016], [9.095153962167066, 9.10294254029727], [9.210340371976184, 6.784954644678807], [9.325453179076687, 6.7379359611315985], [9.44057869576626, 6.757865169928478], [9.555701556014641, 7.2944649525096095], [9.670798588378387, 7.716417465176824], [9.785941988681085, 5.5655837544583475], [9.901084667919818, 6.879208610672596], [10.016235712227882, 8.672029145383096], [10.131339999578072, 5.344325227635066], [10.246474238267561, 7.961977962181018], [10.36160835987009, 7.241389620789109], [10.476752620919227, 11.199393267321842], [10.591873415994362, 6.063207065839095], [10.707012640565683, 7.322101941601249], [10.822135503983962, 5.753248240606633], [10.937276835160228, 6.128298440439074], [11.05239680608701, 9.819040455333507], [11.167529530327974, 6.461509287411484], [11.28265658871343, 8.40163747941016], [11.397795157716597, 7.760210481076334]], "over": [[6.906754778648554, 28.931541051798604], [7.022868086082641, 20.364510635680116], [7.1372784372603855, 32.593294243436844], [7.252762418053187, 45.28384221718213], [7.367708572374371, 40.45207257180562], [7.48324441607385, 27.86426646993905], [7.598399329323964, 26.11847205230349], [7.71333788887187, 27.288326413743444], [7.828436359157585, 12.023034469607826], [7.943782692458625, 28.16139351510697], [8.058960017769417, 20.689929011216982], [8.17413934342947, 21.095539152652997], [8.289288323000317, 24.915723991836764], [8.404248432400102, 14.987523473468885], [8.519390774959724, 14.391671480666247], [8.634620608292202, 17.197920582561544], [8.74973246437081, 15.153076038943984], [8.86488793377419, 11.192677849019177], [8.980046316633132, 13.350395895672069], [9.095153962167066, 11.68837270289728], [9.210340371976184, 17.949888664790837], [9.325453179076687, 10.135827914628505], [9.44057869576626, 16.113453102949144], [9.555701556014641, 12.976773817098138], [9.670798588378387, 12.602530505117686], [9.785941988681085, 9.983750347739994], [9.901084667919818, 15.530418455538417], [10.016235712227882, 19.043467031611904], [10.131339999578072, 7.966115756414551], [10.246474238267561, 11.69541458030329], [10.36160835987009, 10.486608366097162], [10.476752620919227, 9.479504637642602], [10.591873415994362, 11.072067673151516], [10.707012640565683, 13.562663231393428], [10.822135503983962, 10.406460532436002], [10.937276835160228, 7.977762564826447], [11.05239680608701, 11.902963606434419], [11.167529530327974, 12.693541816974742], [11.28265658871343, 11.490239020174164], [11.397795157716597, 8.985218994179057]], "merge_d1": [[6.906754778648554, 4.3086045867004295], [7.022868086082641, 3.831080047529631], [7.1372784372603855, 4.894231110967163], [7.252762418053187, 6.530859396460492], [7.367708572374371, 5.430623450145601], [7.48324441607385, 4.628337034106115], [7.598399329323964, 4.276624633376635], [7.71333788887187, 4.325669031979241], [7.828436359157585, 4.1292886706162895], [7.943782692458625, 4.885893886113979], [8.058960017769417, 5.079695045025552], [8.17413934342947, 4.349587801220302], [8.289288323000317, 4.02056423037007], [8.404248432400102, 4.411030749633033], [8.519390774959724, 4.35188823625107], [8.634620608292202, 4.240376572082285], [8.74973246437081, 4.151660008696321], [8.86488793377419, 4.545912076610824], [8.980046316633132, 3.987569055037415], [9.095153962167066, 4.224774447180124], [9.210340371976184, 4.168116747713291], [9.325453179076687, 4.094029575056394], [9.44057869576626, 4.310506604858755], [9.555701556014641, 3.9986676618739594], [9.670798588378387, 4.187991350762093], [9.785941988681085, 4.285981531134171], [9.901084667919818, 4.146226331481355], [10.016235712227882, 4.187898076209513], [10.131339999578072, 4.268766074510866], [10.246474238267561, 4.082301448763164], [10.36160835987009, 4.1836115738932955], [10.476752620919227, 4.119079243991677], [10.591873415994362, 4.060530855548749], [10.707012640565683, 4.1661656714202255], [10.822135503983962, 3.9328454247180433], [10.937276835160228, 4.108379998821759], [11.05239680608701, 4.214747447320528], [11.167529530327974, 4.034299269657711], [11.28265658871343, 4.0652554552689795], [11.397795157716597, 4.26253109762514]],