{"exact_d1": [[6.907755278982137, 3.6141514325506083], [8.153349757998892, 3.7422815604158086], [8.691146498539675, 3.851983188536895], [9.038958755220563, 3.7447388005074744], [9.296518068217235, 3.8076644904656303], [9.501142571764207, 3.7970113421791236], [9.670924779305427, 3.6744316241869805], [9.816021526754852, 3.704084279294917], [9.94270826568941, 3.719280409619377], [10.055135102145268, 3.7888491694842603], [10.156189906091882, 3.6877057877671477], [10.247963389017864, 3.8218289037960766], [10.332017933575289, 3.7620696768346065], [10.409551859200409, 3.7002062007143097], [10.481504425842441, 3.6972858745629775], [10.548625513909712, 3.7171033367297164], [10.611523345589823, 3.769960171240164], [10.67069806139613, 3.722728787103582], [10.726565902688105, 3.708862129234082], [10.779476987636757, 3.713525210811116], [10.829728615263452, 3.7981395730688847], [10.8775753831365, 3.7619475294260902], [10.923236992778513, 3.722498535056615], [10.966904349300577, 3.7762950402256945], [11.008744383922906, 3.754924368174597], [11.04890390740204, 3.7133395484946905], [11.087512719052368, 3.7616748778525597], [11.124686137527133, 3.752673129697228], [11.160527077798756, 3.715490020686003], [11.195127768613824, 3.729233202235941], [11.228571182611121, 3.7042586864465337], [11.260932234926955, 3.724716777094186], [11.292278793854607, 3.7450871990333923], [11.322672537849993, 3.7174034680411197], [11.352169686090834, 3.7389230011784393], [11.38082162433689, 3.7399102836080513], [11.40867544359643, 3.7514421504468034], [11.435774405781814, 3.7271246651168157], [11.462158347916576, 3.72701538755062], [11.487864034374857, 3.742083919124552]], "exact_d2": [[6.907755278982137, 5.634630549855887], [8.153349757998892, 6.575160639056311], [8.691146498539675, 7.014652913105094], [9.038958755220563, 6.507546014722846], [9.296518068217235, 6.505675696927164], [9.501142571764207, 7.198533207758928], [9.670924779305427, 7.052713370430114], [9.816021526754852, 7.374451298810017], [9.94270826568941, 7.3737094175472455], [10.055135102145268, 6.7120466276611515], [10.156189906091882, 6.871004752352813], [10.247963389017864, 6.702203086566651], [10.332017933575289, 6.869391274364276], [10.409551859200409, 7.020485029726859], [10.481504425842441, 6.696840117398169], [10.548625513909712, 6.7429146657236485], [10.611523345589823, 7.522462073535894], [10.67069806139613, 7.149767058485514], [10.726565902688105, 6.435906667833127], [10.779476987636757, 7.182587625390384], [10.829728615263452, 6.718314758070875], [10.8775753831365, 6.832893695298999], [10.923236992778513, 7.090133549261572], [10.966904349300577, 7.190199247512413], [11.008744383922906, 7.033110868121373], [11.04890390740204, 6.928216701629758], [11.087512719052368, 6.902617877855928], [11.124686137527133, 6.814751342210041], [11.160527077798756, 6.7466602012502275], [11.195127768613824, 6.8125706727388415], [11.228571182611121, 6.791155203146894], [11.260932234926955, 6.84092628084183], [11.292278793854607, 6.89960782953324], [11.322672537849993, 7.175812922095998], [11.352169686090834, 7.393321864789298], [11.38082162433689, 6.91535134339856], [11.40867544359643, 6.773240290154543], [11.435774405781814, 6.934066383111421], [11.462158347916576, 6.6177465090731715], [11.487864034374857, 7.00138011900055]], "over": [[6.907755278982137, 15.26538534809345], [8.153349757998892, 10.107931202398312], [8.691146498539675, 11.237470742078482], [9.038958755220563, 10.210346044345476], [9.296518068217235, 14.029459523943933], [9.501142571764207, 11.236407916689929], [9.670924779305427, 10.437444440760675], [9.816021526754852, 11.69403423139919], [9.94270826568941, 10.98325045731292], [10.055135102145268, 9.723439231812673], [10.156189906091882, 11.557931052838395], [10.247963389017864, 10.499730730639046], [10.332017933575289, 9.699820742379165], [10.409551859200409, 11.37632866127699], [10.481504425842441, 10.629487919235872], [10.548625513909712, 10.708411401898438], [10.611523345589823, 12.61750065484751], [10.67069806139613, 10.859210296543003], [10.726565902688105, 9.614521972982795], [10.779476987636757, 11.359843050752744], [10.829728615263452, 10.065960414781992], [10.8775753831365, 10.490895757478171], [10.923236992778513, 10.472371238151005], [10.966904349300577, 10.970523896301408], [11.008744383922906, 10.968048531919083], [11.04890390740204, 11.40564686098914], [11.087512719052368, 11.786645814741702], [11.124686137527133, 11.248651548684395], [11.160527077798756, 10.937076190137432], [11.195127768613824, 11.56429919100254], [11.228571182611121, 10.629122306879049], [11.260932234926955, 11.023472075688588], [11.292278793854607, 10.429733936647953], [11.322672537849993, 11.359761394465739], [11.352169686090834, 10.60892952457161], [11.38082162433689, 11.006022471158749], [11.40867544359643, 10.349366862548516], [11.435774405781814, 10.849918503541367], [11.462158347916576, 10.049329590507895], [11.487864034374857, 10.496879628956972]], "merge_d1": [[6.907755278982137, 4.754123985883586], [8.153349757998892, 3.8193320626074114], [8.691146498539675, 4.487820486317148], [9.038958755220563, 3.9186413191535503], [9.296518068217235, 4.460406996733525], [9.501142571764207, 3.848802758100024], [9.670924779305427, 4.377498575280702], [9.816021526754852, 3.7312423383594835], [9.94270826568941, 4.625439117944201], [10.055135102145268, 4.447582249254747], [10.156189906091882, 3.750731948326934], [10.247963389017864, 4.506576056781521], [10.332017933575289, 4.441413834958625], [10.409551859200409, 4.4606406587058824], [10.481504425842441, 3.807058458937278], [10.548625513909712, 3.8237522730687363], [10.611523345589823, 4.456287408066311], [10.67069806139613, 4.642148886108836], [10.726565902688105, 3.818236260669284], [10.779476987636757, 3.801796952252478], [10.829728615263452, 3.874564130326837], [10.8775753831365, 3.8643809595455663], [10.923236992778513, 3.8201008713232065], [10.966904349300577, 4.381896511156132], [11.008744383922906, 3.845164017205658], [11.04890390740204, 4.563444052734825], [11.087512719052368, 3.852287408701306], [11.124686137527133, 3.8497470766330992], [11.160527077798756, 4.328092762888839], [11.195127768613824, 3.7889652816964365], [11.228571182611121, 3.8012977260068452], [11.260932234926955, 4.347631051750106], [11.292278793854607, 4.653511499501474], [11.322672537849993, 4.354748983920129], [11.352169686090834, 4.642050143635684], [11.38082162433689, 4.358056048636286], [11.40867544359643, 3.841992040132707], [11.435774405781814, 3.8019035516993633], [11.462158347916576, 3.8213598369258417], [11.487864034374857, 4.457044667415696]],