{"exact_d1": [[6.906754778648554, 4.076630300996493], [7.022868086082641, 4.884769611542546], [7.1372784372603855, 3.6321050329417206], [7.252762418053187, 3.651232564758572], [7.367708572374371, 3.7195890322716263], [7.48324441607385, 4.419774332804525], [7.598399329323964, 4.1594646905882], [7.71333788887187, 3.7887733078588677], [7.828436359157585, 4.191938137114257], [7.943782692458625, 3.603785061170457], [8.058960017769417, 3.4666312093167124], [8.17413934342947, 3.7317915067163856], [8.289288323000317, 3.635599930242511], [8.404248432400102, 4.128479088461736], [8.519390774959724, 3.6847711718167635], [8.634620608292202, 3.898387806262112], [8.74973246437081, 4.023418215164778], [8.86488793377419, 3.4520999471891773], [8.980046316633132, 3.6333572711963225], [9.095153962167066, 4.089986907999328], [9.210340371976184, 3.7113757267800302], [9.325453179076687, 3.928808354156953], [9.44057869576626, 3.5054206093243416], [9.555701556014641, 3.718117278473184], [9.670798588378387, 3.8741698198763466], [9.785941988681085, 3.803816677763067], [9.901084667919818, 4.057823700151349], [10.016235712227882, 3.335623192729316], [10.131339999578072, 3.468424868226126], [10.246474238267561, 3.956859314358497], [10.36160835987009, 3.618935432648381], [10.476752620919227, 3.9171337905370587], [10.591873415994362, 3.488209072605234], [10.707012640565683, 3.697699574808523], [10.822135503983962, 3.457678581333986], [10.937276835160228, 3.4218423791527894], [11.05239680608701, 3.7878755935585597], [11.167529530327974, 3.693768019578005], [11.28265658871343, 3.5792024386388577], [11.397795157716597, 3.7846781093266375]], "exact_d2": [[6.906754778648554, 12.373943335306448], [7.022868086082641, 14.168418651227407], [7.1372784372603855, 8.825943943185724], [7.252762418053187, 5.1147279998149635], [7.367708572374371, 7.192299521093695], [7.48324441607385, 11.493596902254565], [7.598399329323964, 8.593548438150407], [7.71333788887187, 8.122488162602266], [7.828436359157585, 10.531301780333179], [7.943782692458625, 12.74137607152252], [8.058960017769417, 10.49016944533627], [8.17413934342947, 6.137990915141463], [8.289288323000317, 11.63411260363926], [8.404248432400102, 7.801668366883111], [8.519390774959724, 5.861843623549603], [8.634620608292202, 11.489961019087668], [8.74973246437081, 9.838100940175664], [8.86488793377419, 7.590835253631079], [8.980046316633132, 12.182316276550146], [9.095153962167066, 11.328634390467103], [9.210340371976184, 5.964674442362893], [9.325453179076687, 8.199355826011649], [9.44057869576626, 4.817537462201781], [9.555701556014641, 10.448010258958789], [9.670798588378387, 14.029866640953308], [9.785941988681085, 6.832080221142797], [9.901084667919818, 10.946371473297095], [10.016235712227882, 7.899348299274539], [10.131339999578072, 7.656723008347199], [10.246474238267561, 7.346592215564975], [10.36160835987009, 5.938530142422785], [10.476752620919227, 7.7386909101752845], [10.591873415994362, 9.32338502906164], [10.707012640565683, 10.271327485728317], [10.822135503983962, 9.092646186931297], [10.937276835160228, 8.344548636487557], [11.05239680608701, 7.67629855035904], [11.167529530327974, 10.297199929512393], [11.28265658871343, 9.026237977206575], [11.397795157716597, 7.029368049886092]], "over": [[6.906754778648554, 36.43108946468622], [7.022868086082641, 17.49989880395817], [7.1372784372603855, 25.96068120673865], [7.252762418053187, 28.37485572384148], [7.367708572374371, 28.927174655083988], [7.48324441607385, 32.4606954339701], [7.598399329323964, 29.87445369819746], [7.71333788887187, 16.62623575505054], [7.828436359157585, 41.147001624359156], [7.943782692458625, 17.620479345703696], [8.058960017769417, 19.34833966927388], [8.17413934342947, 17.61821551070964], [8.289288323000317, 20.97977163238248], [8.404248432400102, 9.263318425137715], [8.519390774959724, 10.52771698416786], [8.634620608292202, 19.279043992487093], [8.74973246437081, 12.822917088775943], [8.86488793377419, 10.393830441859368], [8.980046316633132, 18.875140768182117], [9.095153962167066, 17.759234868617817], [9.210340371976184, 10.031201254074155], [9.325453179076687, 9.19652721776785], [9.44057869576626, 7.935054736250943], [9.555701556014641, 9.915751451548156], [9.670798588378387, 14.40524757755939], [9.785941988681085, 8.62830197875545], [9.901084667919818, 13.51096297401981], [10.016235712227882, 12.625055127693816], [10.131339999578072, 11.308916023375], [10.246474238267561, 10.199392784331263], [10.36160835987009, 9.989174291463206], [10.476752620919227, 8.07377377394162], [10.591873415994362, 13.344249524575703], [10.707012640565683, 11.617518722376067], [10.822135503983962, 13.331059596781056], [10.937276835160228, 12.200649551845059], [11.05239680608701, 8.995070870499289], [11.167529530327974, 14.748366624068563], [11.28265658871343, 10.282677774729619], [11.397795157716597, 12.687131216434466]], "merge_d1": [[6.906754778648554, 5.653510542848836], [7.022868086082641, 4.454972308175877], [7.1372784372603855, 5.040197917688553], [7.252762418053187, 6.130014352563147], [7.367708572374371, 5.24444448113562], [7.48324441607385, 4.302921968339653], [7.598399329323964, 4.9655419395471325], [7.71333788887187, 4.832215274495597], [7.828436359157585, 4.693048240072938], [7.943782692458625, 3.9841643549196797], [8.058960017769417, 4.433789263531308], [8.17413934342947, 4.709701750027558], [8.289288323000317, 4.185845209269229], [8.404248432400102, 4.434229274411867], [8.519390774959724, 4.189054129098725], [8.634620608292202, 4.404385403872015], [8.74973246437081, 4.156197453632094], [8.86488793377419, 3.8731957664530254], [8.980046316633132, 4.301917735137954], [9.095153962167066, 4.2068013842186325], [9.210340371976184, 4.33059673078221], [9.325453179076687, 4.234228670586156], [9.44057869576626, 4.119631999798276], [9.555701556014641, 4.3463498413651225], [9.670798588378387, 4.317864509185457], [9.785941988681085, 4.11928582077255], [9.901084667919818, 3.983734304628355], [10.016235712227882, 4.025707874282103], [10.131339999578072, 3.8161001511686674], [10.246474238267561, 4.383820032001128], [10.36160835987009, 4.253800202419107], [10.476752620919227, 4.0954918071566135], [10.591873415994362, 4.099847535620702], [10.707012640565683, 3.9907353168960578], [10.822135503983962, 4.136962520047832], [10.937276835160228, 4.06460405262602], [11.05239680608701, 4.377774508332892], [11.167529530327974, 4.145212478770533], [11.28265658871343, 4.140792218027533], [11.397795157716597, 3.742459528111812]],