{"exact_d1": [[6.906754778648554, 3.4883791796461705], [7.022868086082641, 4.079127305987246], [7.1372784372603855, 3.9278318712664713], [7.252762418053187, 4.083320764932687], [7.367708572374371, 4.483815965392043], [7.48324441607385, 3.8904675546009555], [7.598399329323964, 4.1328554059784794], [7.71333788887187, 3.8880006176742663], [7.828436359157585, 3.5181571832919656], [7.943782692458625, 4.169585576724907], [8.058960017769417, 3.3799766994800478], [8.17413934342947, 3.503309111061683], [8.289288323000317, 3.996246697936819], [8.404248432400102, 4.012015235316577], [8.519390774959724, 3.3823401613348345], [8.634620608292202, 3.9845175833990507], [8.74973246437081, 3.528419057554572], [8.86488793377419, 3.385145950941457], [8.980046316633132, 3.740658443591348], [9.095153962167066, 3.3450961169497764], [9.210340371976184, 3.6332368245698765], [9.325453179076687, 3.93261276606293], [9.44057869576626, 3.952616691069051], [9.555701556014641, 3.7273642207675266], [9.670798588378387, 3.653232884165226], [9.785941988681085, 3.721238742036149], [9.901084667919818, 3.922078568139846], [10.016235712227882, 3.575427532721611], [10.131339999578072, 3.5883285049949007], [10.246474238267561, 3.5638252990035553], [10.36160835987009, 3.911403754889165], [10.476752620919227, 3.4893959240538477], [10.591873415994362, 3.2930316252542813], [10.707012640565683, 3.9133827039366587], [10.822135503983962, 3.6271947120353913], [10.937276835160228, 3.8391247856923365], [11.05239680608701, 3.75518302694009], [11.167529530327974, 3.7711557764665207], [11.28265658871343, 3.4621973936922803], [11.397795157716597, 3.7149398060341405]], "exact_d2": [[6.906754778648554, 14.978247704949426], [7.022868086082641, 20.044964362077344], [7.1372784372603855, 11.09348072607061], [7.252762418053187, 9.271832817258465], [7.367708572374371, 11.856227791783], [7.48324441607385, 7.889304856692385], [7.598399329323964, 11.101245566424804], [7.71333788887187, 7.8881447437537], [7.828436359157585, 12.92894358409163], [7.943782692458625, 12.527462297340929], [8.058960017769417, 6.228268930389786], [8.17413934342947, 8.62981655614226], [8.289288323000317, 11.90059174474437], [8.404248432400102, 13.996477326645623], [8.519390774959724, 7.9826492020940005], [8.634620608292202, 8.024676667460954], [8.74973246437081, 10.779682329138554], [8.86488793377419, 6.6409338852330935], [8.980046316633132, 6.050658547924843], [9.095153962167066, 7.603904568557929], [9.210340371976184, 6.866231768255885], [9.325453179076687, 7.180438175760099], [9.44057869576626, 9.478520725367748], [9.555701556014641, 5.488169257595098], [9.670798588378387, 6.733362651552554], [9.785941988681085, 5.777728817101355], [9.901084667919818, 7.463025673647153], [10.016235712227882, 5.831963619239976], [10.131339999578072, 9.18203507821803], [10.246474238267561, 8.444942633474128], [10.36160835987009, 7.497550011860493], [10.476752620919227, 9.223030676763194], [10.591873415994362, 7.639399587817228], [10.707012640565683, 7.761966882557317], [10.822135503983962, 9.155260662428724], [10.937276835160228, 6.99033063550043], [11.05239680608701, 6.31254960783841], [11.167529530327974, 7.169065634784969], [11.28265658871343, 8.986148002778368], [11.397795157716597, 6.37839262313986]], "over": [[6.906754778648554, 47.08625853196184], [7.022868086082641, 34.88168212013148], [7.1372784372603855, 45.57790701532643], [7.252762418053187, 28.00709340213779], [7.367708572374371, 30.5163235408666], [7.48324441607385, 31.11131837604462], [7.598399329323964, 31.36705775089909], [7.71333788887187, 30.789097808583335], [7.828436359157585, 22.957469242176458], [7.943782692458625, 18.100877877797394], [8.058960017769417, 20.773892778282242], [8.17413934342947, 15.388938690132584], [8.289288323000317, 26.724385040154694], [8.404248432400102, 17.7333680434263], [8.519390774959724, 18.495558687109927], [8.634620608292202, 12.881613442566035], [8.74973246437081, 16.049926931761807], [8.86488793377419, 15.69094542494338], [8.980046316633132, 8.212476469714538], [9.095153962167066, 14.541805055734196], [9.210340371976184, 13.085188028358056], [9.325453179076687, 18.087279662916266], [9.44057869576626, 11.529771456789558], [9.555701556014641, 14.479143421020739], [9.670798588378387, 10.10578160225709], [9.785941988681085, 17.6402731339803], [9.901084667919818, 11.69510384323427], [10.016235712227882, 9.676579939313013], [10.131339999578072, 10.09038872665787], [10.246474238267561, 12.183127662158444], [10.36160835987009, 11.396280360910264], [10.476752620919227, 11.608055603748733], [10.591873415994362, 14.059777676574637], [10.707012640565683, 8.215225449051097], [10.822135503983962, 14.551506431646732], [10.937276835160228, 10.538778772687689], [11.05239680608701, 15.618656059028282], [11.167529530327974, 10.029950559325327], [11.28265658871343, 9.143292103258519], [11.397795157716597, 13.785997212214138]], "merge_d1": [[6.906754778648554, 6.338595368811853], [7.022868086082641, 4.965634541314294], [7.1372784372603855, 5.233562023008044], [7.252762418053187, 5.307995311580131], [7.367708572374371, 4.649144710816642], [7.48324441607385, 4.025751756054584], [7.598399329323964, 6.238617079015195], [7.71333788887187, 4.620195280651873], [7.828436359157585, 4.169451048310369], [7.943782692458625, 4.159437401956868], [8.058960017769417, 4.604984844036244], [8.17413934342947, 4.424267014983193], [8.289288323000317, 4.635224110499375], [8.404248432400102, 4.550483423494927], [8.519390774959724, 4.265104901686667], [8.634620608292202, 4.1965884914888925], [8.74973246437081, 4.544550195234548], [8.86488793377419, 4.454440744644936], [8.980046316633132, 4.167600481228653], [9.095153962167066, 4.247163773464625], [9.210340371976184, 4.239968286675487], [9.325453179076687, 4.276171520317076], [9.44057869576626, 3.9211662778324534], [9.555701556014641, 4.141568540144092], [9.670798588378387, 4.285885777469314], [9.785941988681085, 4.153645900695558], [9.901084667919818, 4.497102788102965], [10.016235712227882, 4.026884995485304], [10.131339999578072, 3.9046852343487166], [10.246474238267561, 4.05188131855675], [10.36160835987009, 4.276963914661378], [10.476752620919227, 4.184254265861722], [10.591873415994362, 4.182421363023815], [10.707012640565683, 4.174081148461577], [10.822135503983962, 4.022394404489532], [10.937276835160228, 3.9599758575362975], [11.05239680608701, 4.345053127802253], [11.167529530327974, 4.1037390830812095], [11.28265658871343, 4.136785532176416], [11.397795157716597, 4.004937920435004]],