{"exact_d1": [[9.210340371976184, 3.8062138377337704], [9.250522161609014, 3.8036215835599547], [9.290721483922995, 3.879739400288592], [9.330963814299922, 3.7897878519689145], [9.371268036082466, 3.923464138897879], [9.411483683010726, 3.7705037797459147], [9.451716691551452, 3.78167270888625], [9.491979220880678, 3.767723749844794], [9.532206456208034, 3.7360039865552883], [9.572410734431823, 3.829876211798874], [9.612667227583843, 3.745458803748711], [9.65290856803585, 3.8406327064130017], [9.693136823020671, 3.7231910343403585], [9.733351450605975, 3.904816710162757], [9.773606631681607, 3.9105325261246584], [9.81383633058348, 3.8867213090896295], [9.854087202241, 3.9459997921851198], [9.894345894618844, 3.769845612982937], [9.934550077987947, 3.7030358072767253], [9.974784434418162, 3.781781119677609], [10.015028927269036, 3.9495954949414074], [10.055263987501922, 3.7225654179514462], [10.095511884791469, 3.934923507710798], [10.135749405494865, 4.115645790663455], [10.175992533388062, 3.903010229317396], [10.216215833592425, 3.938769831735496], [10.25646567163057, 3.7135102821949477], [10.29667762976868, 3.949286412949822], [10.336924443719042, 3.7009504448887385], [10.377171899621436, 3.7147409800704176], [10.417418350255533, 3.7821902522149937], [10.457631253015656, 3.700972114600618], [10.497863570996053, 3.8166546125669596], [10.53810479090567, 3.7436316694665877], [10.578343463123822, 3.798542529331362], [10.618591900448115, 3.968136955200784], [10.658811091522749, 3.8505528800527107], [10.699055933195222, 3.7541465455419467], [10.739305484260235, 3.7516248574079984], [10.779539453150608, 3.775082162293078]], "exact_d2": [[9.210340371976184, 9.758620930650114], [9.250522161609014, 8.209676983988883], [9.290721483922995, 6.47884186376086], [9.330963814299922, 6.192103583190066], [9.371268036082466, 8.48248998923438], [9.411483683010726, 5.869170618923799], [9.451716691551452, 7.262301093917683], [9.491979220880678, 6.56142679708397], [9.532206456208034, 7.24128973406081], [9.572410734431823, 8.683000193015024], [9.612667227583843, 6.834821510536498], [9.65290856803585, 5.657468294966628], [9.693136823020671, 5.933764891709221], [9.733351450605975, 6.108543509327795], [9.773606631681607, 6.715298646889976], [9.81383633058348, 6.552282867988494], [9.854087202241, 7.1047506854874225], [9.894345894618844, 6.124629275939634], [9.934550077987947, 9.03951168091269], [9.974784434418162, 6.320604853961092], [10.015028927269036, 7.1921574882890384], [10.055263987501922, 6.34880152721958], [10.095511884791469, 7.420433478565286], [10.135749405494865, 8.967208213161276], [10.175992533388062, 6.7244320253813115], [10.216215833592425, 7.358097970219657], [10.25646567163057, 5.613117126956983], [10.29667762976868, 7.1054981753438655], [10.336924443719042, 5.872066792130281], [10.377171899621436, 6.5115383020069455], [10.417418350255533, 7.356640082757321], [10.457631253015656, 6.591567598455362], [10.497863570996053, 7.549005050480758], [10.53810479090567, 6.516245675903612], [10.578343463123822, 7.229402213451162], [10.618591900448115, 8.51692464480576], [10.658811091522749, 7.0977587852605], [10.699055933195222, 7.335519771249531], [10.739305484260235, 6.761446197307804], [10.779539453150608, 7.422702910086238]], "over": [[9.210340371976184, 20.040849695383997], [9.250522161609014, 13.545808005711812], [9.290721483922995, 11.210441571216165], [9.330963814299922, 12.003358754791668], [9.371268036082466, 15.092874580556497], [9.411483683010726, 18.96077863184031], [9.451716691551452, 11.573751216678232], [9.491979220880678, 12.685462009450283], [9.532206456208034, 13.285920145754448], [9.572410734431823, 12.583584463150721], [9.612667227583843, 13.507783879973504], [9.65290856803585, 9.220813091744255], [9.693136823020671, 13.650461688133342], [9.733351450605975, 10.003682980325912], [9.773606631681607, 13.123677974555926], [9.81383633058348, 9.591339434347583], [9.854087202241, 8.880216516262065], [9.894345894618844, 14.908840410314607], [9.934550077987947, 11.637345215604109], [9.974784434418162, 11.17103698485493], [10.015028927269036, 8.579531751890828], [10.055263987501922, 13.098278759667075], [10.095511884791469, 9.570065121242036], [10.135749405494865, 9.57500233630848], [10.175992533388062, 10.122709008292402], [10.216215833592425, 8.792864581577255], [10.25646567163057, 11.457461451200436], [10.29667762976868, 11.007076762683818], [10.336924443719042, 11.244067824545615], [10.377171899621436, 10.063154884948851], [10.417418350255533, 11.401025924201738], [10.457631253015656, 14.194045992959259], [10.497863570996053, 10.419230637033579], [10.53810479090567, 9.309184647068351], [10.578343463123822, 11.011850787659988], [10.618591900448115, 11.834439140499613], [10.658811091522749, 10.969065543956196], [10.699055933195222, 10.951158068002195], [10.739305484260235, 12.26074485729032], [10.779539453150608, 10.59517759885567]], "merge_d1": [[9.210340371976184, 4.334900144469861], [9.250522161609014, 4.248947454588049], [9.290721483922995, 4.182545296411211], [9.330963814299922, 4.238879640521536], [9.371268036082466, 4.465341403103853], [9.411483683010726, 4.35481149177611], [9.451716691551452, 4.1905871580677845], [9.491979220880678, 4.293674567115023], [9.532206456208034, 4.420109957982395], [9.572410734431823, 4.257636289130392], [9.612667227583843, 4.354054378427046], [9.65290856803585, 4.232244009227529], [9.693136823020671, 4.31186022563194], [9.733351450605975, 4.3653466687016325], [9.773606631681607, 4.35943574461563], [9.81383633058348, 4.315798100622023], [9.854087202241, 4.081229482525135], [9.894345894618844, 4.3536750709315974], [9.934550077987947, 4.224002699196371], [9.974784434418162, 4.283483674532361], [10.015028927269036, 4.357305294168123], [10.055263987501922, 4.228350255148155], [10.095511884791469, 4.140395748102403], [10.135749405494865, 4.255572928986524], [10.175992533388062, 4.177581307133608], [10.216215833592425, 4.076493541567017], [10.25646567163057, 3.9865448375359462], [10.29667762976868, 4.217774886114617], [10.336924443719042, 4.220746025411316], [10.377171899621436, 4.059244411912675], [10.417418350255533, 4.362904955662107], [10.457631253015656, 4.321734509355885], [10.497863570996053, 4.2107017391779324], [10.53810479090567, 4.090736325524043], [10.578343463123822, 4.282182407364356], [10.618591900448115, 4.297588296804424], [10.658811091522749, 4.209924921030627], [10.699055933195222, 4.182003360573672], [10.739305484260235, 4.273876943869752], [10.779539453150608, 4.219465244884273]],