{"exact": [[6.907755278982137, 8.99224156091241], [8.153349757998892, 10.23896603472243], [8.691146498539675, 7.239502308855251], [9.038958755220563, 9.175626499774852], [9.296518068217235, 9.18887948588818], [9.501142571764207, 10.238447104141246], [9.670924779305427, 10.119495613588374], [9.816021526754852, 7.84194732838356], [9.94270826568941, 7.664470741228623], [10.055135102145268, 9.961319945272901], [10.156189906091882, 6.561854143901747], [10.247963389017864, 9.355300800161642], [10.332017933575289, 10.065396273465806], [10.409551859200409, 7.00376355109104], [10.481504425842441, 9.367362234329033], [10.548625513909712, 6.929657496193426], [10.611523345589823, 9.523381534623365], [10.67069806139613, 6.951218475361953], [10.726565902688105, 6.677086331430478], [10.779476987636757, 7.234878924977416], [10.829728615263452, 7.328195635128729], [10.8775753831365, 9.910518140986527], [10.923236992778513, 6.336613827471489], [10.966904349300577, 7.043735699087571], [11.008744383922906, 9.294767801811522], [11.04890390740204, 9.791127353687774], [11.087512719052368, 6.912061905832122], [11.124686137527133, 9.83923968136064], [11.160527077798756, 9.690327996946657], [11.195127768613824, 6.48647661806267], [11.228571182611121, 10.025098894241058], [11.260932234926955, 6.979075532437333], [11.292278793854607, 10.21125649156882], [11.322672537849993, 9.312902232093151], [11.352169686090834, 9.263699494817777], [11.38082162433689, 9.388477895979848], [11.40867544359643, 9.335133704521063], [11.435774405781814, 9.835745867464643], [11.462158347916576, 9.93414182683947], [11.487864034374857, 9.311255214462488]], "over": [[6.907755278982137, 21.851791272556525], [8.153349757998892, 13.834841107378994], [8.691146498539675, 15.56584680236711], [9.038958755220563, 16.73837173647522], [9.296518068217235, 9.743635307846656], [9.501142571764207, 18.699287785909586], [9.670924779305427, 18.41110337643836], [9.816021526754852, 16.539656848577177], [9.94270826568941, 13.276609196896217], [10.055135102145268, 17.425230091643733], [10.156189906091882, 18.363200081703866], [10.247963389017864, 11.911934219809108], [10.332017933575289, 17.386009551115617], [10.409551859200409, 16.087601014125696], [10.481504425842441, 11.112762355856008], [10.548625513909712, 17.548532036867872], [10.611523345589823, 16.84372988477761], [10.67069806139613, 10.56390959551024], [10.726565902688105, 10.553717440436042], [10.779476987636757, 11.318445817316617], [10.829728615263452, 18.582768871889748], [10.8775753831365, 18.48142584531479], [10.923236992778513, 17.988114071354456], [10.966904349300577, 17.610483935294567], [11.008744383922906, 17.304333612564374], [11.04890390740204, 15.46937116284532], [11.087512719052368, 11.039476364380237], [11.124686137527133, 17.167468382671935], [11.160527077798756, 16.21090851457371], [11.195127768613824, 19.927417671763834], [11.228571182611121, 17.26226042661734], [11.260932234926955, 10.961131947926647], [11.292278793854607, 10.830216638329311], [11.322672537849993, 17.690060058611294], [11.352169686090834, 10.354812893881622], [11.38082162433689, 10.26290139931169], [11.40867544359643, 16.542091931963043], [11.435774405781814, 10.435453209563004], [11.462158347916576, 15.493870632964974], [11.487864034374857, 10.015429242538167]], "merge": [[6.907755278982137, 14.00831078919382], [8.153349757998892, 8.400574879538551], [8.691146498539675, 7.919554988934098], [9.038958755220563, 9.580825992483145], [9.296518068217235, 7.388094710295863], [9.501142571764207, 10.08017996032599], [9.670924779305427, 11.078813873595514], [9.816021526754852, 10.366607790472411], [9.94270826568941, 7.838256939443355], [10.055135102145268, 10.432618218876321], [10.156189906091882, 10.330344167189901], [10.247963389017864, 7.477612356115323], [10.332017933575289, 11.97025398335354], [10.409551859200409, 10.052712402216128], [10.481504425842441, 7.0388975116564065], [10.548625513909712, 10.506071718006583], [10.611523345589823, 9.966513268437128], [10.67069806139613, 7.675058025460173], [10.726565902688105, 6.996241634237276], [10.779476987636757, 6.912115584202302], [10.829728615263452, 11.166807316592953], [10.8775753831365, 11.082290995724767], [10.923236992778513, 10.775110817406874], [10.966904349300577, 10.561492611467735], [11.008744383922906, 10.362938717999702], [11.04890390740204, 9.986735736082565], [11.087512719052368, 7.076512889315557], [11.124686137527133, 10.318663598340194], [11.160527077798756, 10.685702374484682], [11.195127768613824, 10.863619920204716], [11.228571182611121, 10.328192194587563], [11.260932234926955, 7.4443200295835625], [11.292278793854607, 7.528949010061565], [11.322672537849993, 10.063216873936685], [11.352169686090834, 7.055470685267382], [11.38082162433689, 7.730269842306954], [11.40867544359643, 9.88554629626822], [11.435774405781814, 6.86123635324924], [11.462158347916576, 9.734356747830967], [11.487864034374857, 6.61202964598103]], "argmin_dic": [[1000, 2], [3475, 2], [5950, 2], [8425, 3], [10900, 2], [13375, 3], [15850, 2], [18325, 2], [20800, 3], [23275, 3], [25750, 3], [28225, 2], [30700, 3], [33175, 3], [35650, 3], [38125, 3], [40600, 3], [43075, 2], [45550, 3], [48025, 3], [50500, 3], [52975, 3], [55450, 3], [57925, 3], [60400, 3], [62875, 3], [65350, 2], [67825, 3], [70300, 3], [72775, 3], [75250, 3], [77725, 3], [80200, 3], [82675, 3], [85150, 3], [87625, 2], [90100, 3], [92575, 3], [95050, 3], [97525, 3]], "time_elapsed": 4090.550160884857}