{"exact_d1": [[11.512925464970229, 3.723868223089519]], "exact_d2": [[11.512925464970229, 5.790802117803404]], "over": [[11.512925464970229, 9.001792644974305]], "merge_d1": [[11.512925464970229, 4.126791396132575]], "merge_d2": [[11.512925464970229, 6.028379099302281]], "argmin_dic": [[100000, 2]], "time_elapsed": 161.241028547287}