{"exact_d1": [[6.907755278982137, 3.7400565135585118], [8.153349757998892, 3.729434874459223], [8.691146498539675, 3.6917711118710854], [9.038958755220563, 3.8924628331819893], [9.296518068217235, 3.7206631494225206], [9.501142571764207, 3.829764635268374], [9.670924779305427, 3.826790518932278], [9.816021526754852, 3.8436274047499], [9.94270826568941, 3.8404239776707434], [10.055135102145268, 3.7246319671332504], [10.156189906091882, 3.6574760148326586], [10.247963389017864, 3.7338674742211166], [10.332017933575289, 3.718708746560646], [10.409551859200409, 3.76784119560316], [10.481504425842441, 3.767050430049212], [10.548625513909712, 3.8366270683330925], [10.611523345589823, 3.7646096718770914], [10.67069806139613, 3.7755589265718186], [10.726565902688105, 3.793433121812882], [10.779476987636757, 3.7716180762489873], [10.829728615263452, 3.729453414708937], [10.8775753831365, 3.714546549886546], [10.923236992778513, 3.7732004650716653], [10.966904349300577, 3.7081496221177304], [11.008744383922906, 3.7866774255713724], [11.04890390740204, 3.7330618966913867], [11.087512719052368, 3.771538052967987], [11.124686137527133, 3.74533554731329], [11.160527077798756, 3.7575247519616304], [11.195127768613824, 3.7665967052810987], [11.228571182611121, 3.800284921675055], [11.260932234926955, 3.752385946091835], [11.292278793854607, 3.7779743399069856], [11.322672537849993, 3.7367159033758317], [11.352169686090834, 3.730152539324675], [11.38082162433689, 3.7517171641984475], [11.40867544359643, 3.7714290612333814], [11.435774405781814, 3.8124240081704697], [11.462158347916576, 3.7353881133221143], [11.487864034374857, 3.7415847033015535]], "exact_d2": [[6.907755278982137, 6.8571125488326174], [8.153349757998892, 7.256083689082685], [8.691146498539675, 6.0667201099179255], [9.038958755220563, 6.1457484476014015], [9.296518068217235, 7.005395094051546], [9.501142571764207, 6.8083559026898], [9.670924779305427, 6.597612617685446], [9.816021526754852, 7.680589954051869], [9.94270826568941, 7.271852519968845], [10.055135102145268, 6.58711580655139], [10.156189906091882, 7.3240336777576], [10.247963389017864, 6.481848035078311], [10.332017933575289, 7.03973596393662], [10.409551859200409, 6.578927292101082], [10.481504425842441, 7.238225137206275], [10.548625513909712, 6.964439528234043], [10.611523345589823, 7.001373434147443], [10.67069806139613, 6.5531867558627255], [10.726565902688105, 7.38329439329], [10.779476987636757, 6.691037040895183], [10.829728615263452, 7.003441286191321], [10.8775753831365, 6.888931155786969], [10.923236992778513, 7.301507753331781], [10.966904349300577, 6.945546031760668], [11.008744383922906, 7.198992993588799], [11.04890390740204, 6.7857506338185205], [11.087512719052368, 7.198548877307167], [11.124686137527133, 6.916481294804926], [11.160527077798756, 6.99481629295584], [11.195127768613824, 6.956175937406751], [11.228571182611121, 6.861534546212086], [11.260932234926955, 7.230970728305932], [11.292278793854607, 6.7533847340271915], [11.322672537849993, 6.8493760858008494], [11.352169686090834, 6.796899590990182], [11.38082162433689, 6.9397073444667265], [11.40867544359643, 6.831569753725516], [11.435774405781814, 7.215711404274041], [11.462158347916576, 6.855379786129511], [11.487864034374857, 6.730710513226505]], "over": [[6.907755278982137, 16.551424713373052], [8.153349757998892, 14.068616965104022], [8.691146498539675, 11.381840263292224], [9.038958755220563, 9.004762998576469], [9.296518068217235, 11.932879400856018], [9.501142571764207, 12.466286652926952], [9.670924779305427, 10.065728442253288], [9.816021526754852, 11.485150591240782], [9.94270826568941, 11.066677633647382], [10.055135102145268, 11.71402590535247], [10.156189906091882, 11.816735256964568], [10.247963389017864, 10.527423227682286], [10.332017933575289, 11.665630183078981], [10.409551859200409, 10.450401319774851], [10.481504425842441, 11.42098081333588], [10.548625513909712, 11.75417412986279], [10.611523345589823, 11.411704197455252], [10.67069806139613, 10.274583570994384], [10.726565902688105, 11.555624722371608], [10.779476987636757, 9.508922945305452], [10.829728615263452, 11.203827502410922], [10.8775753831365, 10.745116589831342], [10.923236992778513, 10.829541699251973], [10.966904349300577, 11.321748470036555], [11.008744383922906, 12.290775515762013], [11.04890390740204, 10.80370901068336], [11.087512719052368, 11.099611556428668], [11.124686137527133, 11.686081663137251], [11.160527077798756, 11.885304599785853], [11.195127768613824, 11.66415382174341], [11.228571182611121, 11.471501334847844], [11.260932234926955, 10.856565633930089], [11.292278793854607, 10.26155181946231], [11.322672537849993, 11.682583718198979], [11.352169686090834, 10.418009318482838], [11.38082162433689, 10.109574833127429], [11.40867544359643, 10.662062550650083], [11.435774405781814, 10.084127325787618], [11.462158347916576, 10.15226423097812], [11.487864034374857, 11.436799877111822]], "merge_d1": [[6.907755278982137, 3.956794171092385], [8.153349757998892, 4.497900985020583], [8.691146498539675, 4.3820331192343875], [9.038958755220563, 3.986359345675042], [9.296518068217235, 4.431083604761402], [9.501142571764207, 4.270804351593316], [9.670924779305427, 3.892693151552407], [9.816021526754852, 4.349857951282948], [9.94270826568941, 4.744498004429652], [10.055135102145268, 4.462148241852645], [10.156189906091882, 3.7324295543664623], [10.247963389017864, 3.8026492223151136], [10.332017933575289, 3.7824383892268743], [10.409551859200409, 4.404889021068187], [10.481504425842441, 4.657967442505168], [10.548625513909712, 3.9044160845959905], [10.611523345589823, 3.867198933559826], [10.67069806139613, 3.834608100793918], [10.726565902688105, 3.910896751793692], [10.779476987636757, 4.417985664198021], [10.829728615263452, 3.788525973769071], [10.8775753831365, 4.364415347487168], [10.923236992778513, 4.492289485298826], [10.966904349300577, 3.805955498246402], [11.008744383922906, 3.8584584250734353], [11.04890390740204, 4.516021281089292], [11.087512719052368, 4.3906128014511046], [11.124686137527133, 3.8143442223318282], [11.160527077798756, 4.403177422187287], [11.195127768613824, 3.8384512896822245], [11.228571182611121, 4.393494296438494], [11.260932234926955, 4.441595515927302], [11.292278793854607, 3.8701738539596375], [11.322672537849993, 3.8010961060554758], [11.352169686090834, 3.81288259056534], [11.38082162433689, 4.35205040701474], [11.40867544359643, 4.449801265582919], [11.435774405781814, 4.713893306587826], [11.462158347916576, 4.407386274324782], [11.487864034374857, 4.436362309774626]],