{"exact_d1": [[11.512925464970229, 3.832006060170694]], "exact_d2": [[11.512925464970229, 6.791088633720616]], "over": [[11.512925464970229, 10.248596960290266]], "merge_d1": [[11.512925464970229, 4.166437004770209]], "merge_d2": [[11.512925464970229, 6.420941740255814]], "argmin_dic": [[100000, 2]], "time_elapsed": 339.8652901649475}