{"exact_d1": [[11.512925464970229, 3.8836407473745376]], "exact_d2": [[11.512925464970229, 6.857585481561971]], "over": [[11.512925464970229, 11.023121817005869]], "merge_d1": [[11.512925464970229, 4.300538898207766]], "merge_d2": [[11.512925464970229, 7.05088065030632]], "argmin_dic": [[100000, 2]], "time_elapsed": 405.957346200943}