{"exact_d1": [[11.512925464970229, 3.7764987330810698]], "exact_d2": [[11.512925464970229, 7.177269836335843]], "over": [[11.512925464970229, 11.777102466872003]], "merge_d1": [[11.512925464970229, 4.2196161139322355]], "merge_d2": [[11.512925464970229, 6.481080159200099]], "argmin_dic": [[100000, 2]], "time_elapsed": 170.52893900871277}