{"exact_d1": [[11.512925464970229, 3.9301039926597494]], "exact_d2": [[11.512925464970229, 7.504931227115598]], "over": [[11.512925464970229, 9.163605965695876]], "merge_d1": [[11.512925464970229, 4.257231933020671]], "merge_d2": [[11.512925464970229, 6.308498073441099]], "argmin_dic": [[100000, 2]], "time_elapsed": 200.3827350139618}