{"exact_d1": [[11.512925464970229, 3.982523873848723]], "exact_d2": [[11.512925464970229, 7.512431590580737]], "over": [[11.512925464970229, 15.650646135611652]], "merge_d1": [[11.512925464970229, 4.32620923155993]], "merge_d2": [[11.512925464970229, 7.779773528891754]], "argmin_dic": [[100000, 2]], "time_elapsed": 275.7417576313019}