{"exact_d1": [[11.512925464970229, 3.9191315192769633]], "exact_d2": [[11.512925464970229, 7.435268405892307]], "over": [[11.512925464970229, 10.453576597962176]], "merge_d1": [[11.512925464970229, 4.135732718175758]], "merge_d2": [[11.512925464970229, 6.153945839271829]], "argmin_dic": [[100000, 2]], "time_elapsed": 358.2862386703491}