{"exact_d1": [[6.906754778648554, 3.7396004712687505], [7.022868086082641, 3.6613675292529253], [7.1372784372603855, 4.114703911534671], [7.252762418053187, 2.7622725963016213], [7.367708572374371, 6.330711071192456], [7.48324441607385, 3.575829827254494], [7.598399329323964, 4.485189944557823], [7.71333788887187, 3.5340555378486083], [7.828436359157585, 3.771197571493934], [7.943782692458625, 3.607769415151903], [8.058960017769417, 4.320185412992946], [8.17413934342947, 3.9413386032440805], [8.289288323000317, 3.949714589716366], [8.404248432400102, 3.3558083411203254], [8.519390774959724, 4.1109872696244665], [8.634620608292202, 4.1022464557150755], [8.74973246437081, 3.9126659672641266], [8.86488793377419, 3.489977875979372], [8.980046316633132, 3.4528062846224876], [9.095153962167066, 3.634717586614796], [9.210340371976184, 3.932278921510413], [9.325453179076687, 3.927722357656218], [9.44057869576626, 3.6414044583354723], [9.555701556014641, 3.5712496693464297], [9.670798588378387, 3.4156569472033924], [9.785941988681085, 3.4968399340464575], [9.901084667919818, 3.889101032004087], [10.016235712227882, 3.8779014445951714], [10.131339999578072, 3.7604288000515798], [10.246474238267561, 3.5850600312936707], [10.36160835987009, 3.4548503524543643], [10.476752620919227, 3.783467865523306], [10.591873415994362, 3.6576321662774975], [10.707012640565683, 3.8954406634290444], [10.822135503983962, 3.9788277905573866], [10.937276835160228, 3.9235365658919203], [11.05239680608701, 3.818272429602485], [11.167529530327974, 3.469500356449398], [11.28265658871343, 3.5951127495849535], [11.397795157716597, 3.9221381652334593]], "exact_d2": [[6.906754778648554, 6.003341318622001], [7.022868086082641, 11.450488685858758], [7.1372784372603855, 9.848446752119388], [7.252762418053187, 9.974298026467235], [7.367708572374371, 27.95483179724699], [7.48324441607385, 10.647719440186162], [7.598399329323964, 9.83519527757689], [7.71333788887187, 12.831588562815028], [7.828436359157585, 6.5412608548923314], [7.943782692458625, 12.138621583947897], [8.058960017769417, 17.04681765015617], [8.17413934342947, 8.149720193682324], [8.289288323000317, 8.105385952767328], [8.404248432400102, 8.452435013193451], [8.519390774959724, 8.569851321826937], [8.634620608292202, 11.50699047458374], [8.74973246437081, 11.214684625327322], [8.86488793377419, 11.741919681774995], [8.980046316633132, 7.9383631589291905], [9.095153962167066, 5.387569639763702], [9.210340371976184, 6.770068786077556], [9.325453179076687, 7.838384227416631], [9.44057869576626, 9.771724920245777], [9.555701556014641, 7.785869956772196], [9.670798588378387, 9.401965185116818], [9.785941988681085, 5.264351375307447], [9.901084667919818, 7.530350049678729], [10.016235712227882, 8.675372711896536], [10.131339999578072, 6.222160420937611], [10.246474238267561, 8.273599735408323], [10.36160835987009, 8.691501376828166], [10.476752620919227, 7.293376778430256], [10.591873415994362, 9.461799472999925], [10.707012640565683, 7.287639390711865], [10.822135503983962, 9.82159592562042], [10.937276835160228, 7.902914394992296], [11.05239680608701, 6.692888483617498], [11.167529530327974, 7.960688227930302], [11.28265658871343, 8.894378523957004], [11.397795157716597, 7.213027982347839]], "over": [[6.906754778648554, 29.065579608894488], [7.022868086082641, 27.694330796378097], [7.1372784372603855, 30.684732625136096], [7.252762418053187, 31.983589012152812], [7.367708572374371, 32.84949992674569], [7.48324441607385, 12.838533681486272], [7.598399329323964, 29.413198771001138], [7.71333788887187, 24.227019895432967], [7.828436359157585, 14.049231528360012], [7.943782692458625, 21.20435172186924], [8.058960017769417, 45.180256291951935], [8.17413934342947, 16.162628512690976], [8.289288323000317, 27.767242461652923], [8.404248432400102, 9.90289620538658], [8.519390774959724, 9.875704810893724], [8.634620608292202, 22.04024144049427], [8.74973246437081, 22.854093523859284], [8.86488793377419, 24.097306044169954], [8.980046316633132, 13.246323632895578], [9.095153962167066, 15.970968517429037], [9.210340371976184, 15.063538043620214], [9.325453179076687, 15.500379747764569], [9.44057869576626, 10.041195640386228], [9.555701556014641, 10.669343574756827], [9.670798588378387, 16.23643376760016], [9.785941988681085, 13.071748022999548], [9.901084667919818, 11.839583904109777], [10.016235712227882, 10.701360330756453], [10.131339999578072, 14.884907324663029], [10.246474238267561, 11.725961708208084], [10.36160835987009, 15.373085629595689], [10.476752620919227, 9.043459632318955], [10.591873415994362, 10.938992441726091], [10.707012640565683, 13.720810383134097], [10.822135503983962, 13.531566340513224], [10.937276835160228, 12.526982768537149], [11.05239680608701, 11.8297149309213], [11.167529530327974, 11.197697510672123], [11.28265658871343, 16.531301771562475], [11.397795157716597, 10.32892092401843]], "merge_d1": [[6.906754778648554, 5.739059558558937], [7.022868086082641, 4.608816038169119], [7.1372784372603855, 5.6635689839794345], [7.252762418053187, 5.301786025433921], [7.367708572374371, 5.585947363605006], [7.48324441607385, 4.597899061827663], [7.598399329323964, 4.0846475646137606], [7.71333788887187, 4.4273897852675015], [7.828436359157585, 4.463424602437305], [7.943782692458625, 4.923726270289317], [8.058960017769417, 5.59773334441143], [8.17413934342947, 4.664054665143166], [8.289288323000317, 4.633289996786918], [8.404248432400102, 4.248277583380661], [8.519390774959724, 4.31815226617415], [8.634620608292202, 4.157958771586826], [8.74973246437081, 4.509543947168791], [8.86488793377419, 4.833205640963016], [8.980046316633132, 4.25409988055003], [9.095153962167066, 4.206223693138645], [9.210340371976184, 4.079887562674328], [9.325453179076687, 4.106199238379789], [9.44057869576626, 4.249161684312787], [9.555701556014641, 3.9590784523644897], [9.670798588378387, 3.9879092372940894], [9.785941988681085, 4.124815863564007], [9.901084667919818, 4.2518441550295965], [10.016235712227882, 4.251539980022508], [10.131339999578072, 4.253479890658265], [10.246474238267561, 4.121952537937572], [10.36160835987009, 4.103362189964331], [10.476752620919227, 4.2212087873069075], [10.591873415994362, 4.209597555877852], [10.707012640565683, 4.133147348632068], [10.822135503983962, 4.3196641162014515], [10.937276835160228, 4.179045943312707], [11.05239680608701, 4.213277893518361], [11.167529530327974, 4.233463913457288], [11.28265658871343, 4.095572328779813], [11.397795157716597, 4.2289844235016085]],