{"exact": [[6.907755278982137, 9.514120614680591], [8.153349757998892, 11.498384502842933], [8.691146498539675, 7.994910684676232], [9.038958755220563, 6.73383236094377], [9.296518068217235, 7.267495758595585], [9.501142571764207, 9.786478383330488], [9.670924779305427, 10.058565707338053], [9.816021526754852, 7.1797249558487], [9.94270826568941, 6.732514692450458], [10.055135102145268, 9.565812686459198], [10.156189906091882, 9.477308654533646], [10.247963389017864, 9.910285795787697], [10.332017933575289, 9.653791929170003], [10.409551859200409, 9.652627913659591], [10.481504425842441, 9.638066208260614], [10.548625513909712, 9.29708473873716], [10.611523345589823, 6.628523263859201], [10.67069806139613, 9.705524332911011], [10.726565902688105, 9.254867436595129], [10.779476987636757, 6.55202387176181], [10.829728615263452, 9.885389967318952], [10.8775753831365, 9.324029556146803], [10.923236992778513, 7.18897662669695], [10.966904349300577, 9.564769521920404], [11.008744383922906, 9.940060686179365], [11.04890390740204, 9.820759518766872], [11.087512719052368, 9.7472575339265], [11.124686137527133, 7.036143530299513], [11.160527077798756, 9.391109529192986], [11.195127768613824, 9.794402563907337], [11.228571182611121, 6.611356581262066], [11.260932234926955, 7.19567090653508], [11.292278793854607, 6.537275059202252], [11.322672537849993, 9.258802590172118], [11.352169686090834, 9.670737416856293], [11.38082162433689, 9.562354716578303], [11.40867544359643, 9.759932846915955], [11.435774405781814, 9.16302617858753], [11.462158347916576, 7.04615083090337], [11.487864034374857, 9.173349016488846]], "over": [[6.907755278982137, 22.217081419235647], [8.153349757998892, 19.657402227339205], [8.691146498539675, 23.530373887487837], [9.038958755220563, 11.375915832261336], [9.296518068217235, 17.46795460674246], [9.501142571764207, 15.958227864577221], [9.670924779305427, 12.339140806500954], [9.816021526754852, 19.84529899297121], [9.94270826568941, 11.400885555964775], [10.055135102145268, 17.755204263095735], [10.156189906091882, 16.610134970858613], [10.247963389017864, 20.712529239409257], [10.332017933575289, 15.150651843106798], [10.409551859200409, 19.147082379080356], [10.481504425842441, 15.394281745710582], [10.548625513909712, 20.31230687317703], [10.611523345589823, 16.186988604062815], [10.67069806139613, 16.477695373308553], [10.726565902688105, 16.595632820117498], [10.779476987636757, 18.028027783212767], [10.829728615263452, 11.45058450646598], [10.8775753831365, 15.441500658824946], [10.923236992778513, 15.261433191084071], [10.966904349300577, 17.614854717019263], [11.008744383922906, 15.809658256717958], [11.04890390740204, 11.143473657208215], [11.087512719052368, 10.871357876134546], [11.124686137527133, 15.621764257024083], [11.160527077798756, 10.88265741914938], [11.195127768613824, 15.325147698472923], [11.228571182611121, 17.474074401261515], [11.260932234926955, 10.822015243539774], [11.292278793854607, 15.955849879332638], [11.322672537849993, 16.058658683244776], [11.352169686090834, 16.16102505683769], [11.38082162433689, 11.422303174404604], [11.40867544359643, 10.380945826533134], [11.435774405781814, 17.52551689681465], [11.462158347916576, 10.94668162409541], [11.487864034374857, 19.39068177935888]], "merge": [[6.907755278982137, 11.819151702523648], [8.153349757998892, 7.076755704538849], [8.691146498539675, 9.589960627529619], [9.038958755220563, 6.78874606121389], [9.296518068217235, 11.08084641697965], [9.501142571764207, 8.752579476052217], [9.670924779305427, 7.2032093541026265], [9.816021526754852, 10.847235245844685], [9.94270826568941, 7.734183083584788], [10.055135102145268, 9.573382725961183], [10.156189906091882, 9.500276654243738], [10.247963389017864, 11.337140032200958], [10.332017933575289, 10.88507790520226], [10.409551859200409, 10.458217059658965], [10.481504425842441, 9.575338162813328], [10.548625513909712, 11.074752185695976], [10.611523345589823, 9.294085986103989], [10.67069806139613, 9.848221934232022], [10.726565902688105, 10.014206004559808], [10.779476987636757, 10.790246216644622], [10.829728615263452, 7.604152496707635], [10.8775753831365, 9.069591020639752], [10.923236992778513, 9.781767559917501], [10.966904349300577, 9.619794662061432], [11.008744383922906, 9.217196701226797], [11.04890390740204, 7.759362474406355], [11.087512719052368, 7.3281067393325765], [11.124686137527133, 9.87174337824359], [11.160527077798756, 7.092888094576885], [11.195127768613824, 9.662503850852394], [11.228571182611121, 10.527471456953183], [11.260932234926955, 7.294476677990659], [11.292278793854607, 9.99546229367494], [11.322672537849993, 10.03014248311571], [11.352169686090834, 9.77478836357713], [11.38082162433689, 6.93603007122795], [11.40867544359643, 6.948335077506703], [11.435774405781814, 9.751704927018825], [11.462158347916576, 7.077477602220081], [11.487864034374857, 10.566573254059442]], "argmin_dic": [[1000, 3], [3475, 2], [5950, 3], [8425, 3], [10900, 3], [13375, 3], [15850, 3], [18325, 3], [20800, 2], [23275, 3], [25750, 3], [28225, 2], [30700, 3], [33175, 3], [35650, 3], [38125, 3], [40600, 3], [43075, 3], [45550, 3], [48025, 3], [50500, 3], [52975, 3], [55450, 3], [57925, 3], [60400, 3], [62875, 3], [65350, 3], [67825, 3], [70300, 3], [72775, 3], [75250, 3], [77725, 3], [80200, 3], [82675, 3], [85150, 3], [87625, 3], [90100, 3], [92575, 3], [95050, 3], [97525, 3]], "time_elapsed": 1796.7679212093353}