{"exact_d1": [[9.210340371976184, 3.85455931140819], [9.250522161609014, 3.844002270641517], [9.290721483922995, 4.133540798125439], [9.330963814299922, 3.7417645713207164], [9.371268036082466, 3.8290970308392707], [9.411483683010726, 3.873027150466626], [9.451716691551452, 3.873480763887813], [9.491979220880678, 3.6515301020679467], [9.532206456208034, 3.7288199525243235], [9.572410734431823, 3.861133760790178], [9.612667227583843, 3.795411215479706], [9.65290856803585, 3.845203542607573], [9.693136823020671, 3.732667640195961], [9.733351450605975, 3.9781138060754264], [9.773606631681607, 3.9642477481305383], [9.81383633058348, 3.6867507924115213], [9.854087202241, 4.011650111176496], [9.894345894618844, 4.031407074360577], [9.934550077987947, 3.878671323320463], [9.974784434418162, 3.986744951106818], [10.015028927269036, 4.015181429543085], [10.055263987501922, 3.8313746382939082], [10.095511884791469, 3.8361922298202304], [10.135749405494865, 3.743192461611807], [10.175992533388062, 3.9474027021560647], [10.216215833592425, 3.820172293864333], [10.25646567163057, 3.709774647369288], [10.29667762976868, 3.7365886880519437], [10.336924443719042, 3.7837086116573135], [10.377171899621436, 3.9047467458529166], [10.417418350255533, 4.003321141805381], [10.457631253015656, 3.7470380131877636], [10.497863570996053, 3.8685785539797726], [10.53810479090567, 3.8787560266798544], [10.578343463123822, 3.7133933647041597], [10.618591900448115, 3.819932015564203], [10.658811091522749, 3.9485442442803427], [10.699055933195222, 3.7252528017601243], [10.739305484260235, 3.815531440453043], [10.779539453150608, 3.8637836877683753]], "exact_d2": [[9.210340371976184, 7.8914735336195525], [9.250522161609014, 6.071906322341999], [9.290721483922995, 8.782980603713861], [9.330963814299922, 7.197383979265413], [9.371268036082466, 6.05671605591483], [9.411483683010726, 8.434744214580284], [9.451716691551452, 6.9490115311204415], [9.491979220880678, 5.524519082116588], [9.532206456208034, 7.1470662749693235], [9.572410734431823, 8.701873020547932], [9.612667227583843, 6.279766838634777], [9.65290856803585, 8.652391583592339], [9.693136823020671, 6.905191207091047], [9.733351450605975, 6.933754485367214], [9.773606631681607, 7.234278042649763], [9.81383633058348, 7.258149745528536], [9.854087202241, 8.185393839077527], [9.894345894618844, 7.914268391268148], [9.934550077987947, 7.544226139099133], [9.974784434418162, 7.438229126938092], [10.015028927269036, 7.210149396240836], [10.055263987501922, 6.534785977032256], [10.095511884791469, 8.021707252208785], [10.135749405494865, 6.939874398719397], [10.175992533388062, 7.522389845463285], [10.216215833592425, 6.895523449378776], [10.25646567163057, 6.410735609163516], [10.29667762976868, 7.570004720766882], [10.336924443719042, 6.470583715547121], [10.377171899621436, 7.428191736083876], [10.417418350255533, 7.572861723553917], [10.457631253015656, 6.813877209965704], [10.497863570996053, 6.643098370640047], [10.53810479090567, 8.36264852670734], [10.578343463123822, 6.014535392313947], [10.618591900448115, 7.950857415977584], [10.658811091522749, 7.514731446784888], [10.699055933195222, 6.1885905724523305], [10.739305484260235, 7.571386407771481], [10.779539453150608, 7.045546845332832]], "over": [[9.210340371976184, 11.654157566308356], [9.250522161609014, 16.289978562492582], [9.290721483922995, 15.554899778287421], [9.330963814299922, 9.604073831942094], [9.371268036082466, 12.053065185947347], [9.411483683010726, 16.672855206696713], [9.451716691551452, 11.188668335410044], [9.491979220880678, 11.854610722037615], [9.532206456208034, 13.56871964460428], [9.572410734431823, 19.154501324534497], [9.612667227583843, 11.884010284639235], [9.65290856803585, 12.34094459826648], [9.693136823020671, 11.101847713825919], [9.733351450605975, 12.547512306793008], [9.773606631681607, 11.339000433777484], [9.81383633058348, 12.722300568360305], [9.854087202241, 9.658107868051083], [9.894345894618844, 14.972549271518218], [9.934550077987947, 15.446682410766826], [9.974784434418162, 16.92486384071415], [10.015028927269036, 9.374696662829885], [10.055263987501922, 10.92616897677076], [10.095511884791469, 12.134062672123148], [10.135749405494865, 11.254196229733875], [10.175992533388062, 18.256304877952658], [10.216215833592425, 12.451069442202119], [10.25646567163057, 10.502702066533312], [10.29667762976868, 17.53281086720205], [10.336924443719042, 11.614903317724652], [10.377171899621436, 8.735143616226166], [10.417418350255533, 9.925363185841704], [10.457631253015656, 10.59388540054608], [10.497863570996053, 10.50233042005195], [10.53810479090567, 15.10970849101495], [10.578343463123822, 11.79566195077253], [10.618591900448115, 15.859103853132234], [10.658811091522749, 9.559461971404549], [10.699055933195222, 10.661318995296165], [10.739305484260235, 11.287589775594762], [10.779539453150608, 11.8891371812215]], "merge_d1": [[9.210340371976184, 4.332940578764654], [9.250522161609014, 4.290768555535271], [9.290721483922995, 4.2681668333258465], [9.330963814299922, 4.1174142683343335], [9.371268036082466, 4.297105813078942], [9.411483683010726, 4.33109246108552], [9.451716691551452, 4.439923190997902], [9.491979220880678, 4.242034258623448], [9.532206456208034, 4.528233051956912], [9.572410734431823, 4.402234737581592], [9.612667227583843, 4.227245267141228], [9.65290856803585, 4.317651974055044], [9.693136823020671, 4.320481820172303], [9.733351450605975, 4.227689916935453], [9.773606631681607, 4.236137766248212], [9.81383633058348, 4.246612156876829], [9.854087202241, 4.254849694672108], [9.894345894618844, 4.366319349735623], [9.934550077987947, 4.205283888712418], [9.974784434418162, 4.250668952636517], [10.015028927269036, 4.119709009091979], [10.055263987501922, 4.191759483469337], [10.095511884791469, 4.1997652316320755], [10.135749405494865, 4.292654831331999], [10.175992533388062, 4.53287939829276], [10.216215833592425, 4.186022719246824], [10.25646567163057, 4.312551679548518], [10.29667762976868, 4.278839230388837], [10.336924443719042, 4.058125476759843], [10.377171899621436, 4.1626882985250555], [10.417418350255533, 4.356418818243127], [10.457631253015656, 4.305768196625892], [10.497863570996053, 4.143018992573903], [10.53810479090567, 4.358390506883735], [10.578343463123822, 4.245939454962187], [10.618591900448115, 4.18318616200518], [10.658811091522749, 4.279168059755324], [10.699055933195222, 4.363002866640206], [10.739305484260235, 4.394745079233633], [10.779539453150608, 4.439900896976425]],