{"exact_d1": [[11.512925464970229, 3.7568323366124634]], "exact_d2": [[11.512925464970229, 6.922313532735156]], "over": [[11.512925464970229, 9.38336813668033]], "merge_d1": [[11.512925464970229, 4.254058666518996]], "merge_d2": [[11.512925464970229, 6.469885963241453]], "argmin_dic": [[100000, 2]], "time_elapsed": 197.45593523979187}