{"exact_d1": [[11.512925464970229, 3.8835696107794586]], "exact_d2": [[11.512925464970229, 7.178762370879194]], "over": [[11.512925464970229, 10.030750229423633]], "merge_d1": [[11.512925464970229, 4.098777004432865]], "merge_d2": [[11.512925464970229, 6.098137039276693]], "argmin_dic": [[100000, 2]], "time_elapsed": 382.18464040756226}