{"exact_d1": [[11.512925464970229, 3.784168690681335]], "exact_d2": [[11.512925464970229, 6.93557953072688]], "over": [[11.512925464970229, 12.6525865299671]], "merge_d1": [[11.512925464970229, 4.1186674102859255]], "merge_d2": [[11.512925464970229, 6.852503529740572]], "argmin_dic": [[100000, 2]], "time_elapsed": 323.77709126472473}