{"exact_d1": [[11.512925464970229, 4.008755860900216]], "exact_d2": [[11.512925464970229, 8.235772848056952]], "over": [[11.512925464970229, 10.734092736788956]], "merge_d1": [[11.512925464970229, 4.239292503749584]], "merge_d2": [[11.512925464970229, 6.339057779605223]], "argmin_dic": [[100000, 2]], "time_elapsed": 249.55174088478088}