{"exact_d1": [[11.512925464970229, 3.7814278616127397]], "exact_d2": [[11.512925464970229, 6.8141856906021445]], "over": [[11.512925464970229, 16.184387176013935]], "merge_d1": [[11.512925464970229, 4.348919456991407]], "merge_d2": [[11.512925464970229, 8.07329730932108]], "argmin_dic": [[100000, 2]], "time_elapsed": 236.60896921157837}