{"exact_d1": [[11.512925464970229, 3.7500358094126667]], "exact_d2": [[11.512925464970229, 6.774780737978057]], "over": [[11.512925464970229, 11.488409730131306]], "merge_d1": [[11.512925464970229, 4.284877107709894]], "merge_d2": [[11.512925464970229, 5.917591618283399]], "argmin_dic": [[100000, 2]], "time_elapsed": 427.28251910209656}