{"exact_d1": [[9.210340371976184, 3.810441488803124], [9.250522161609014, 3.7069175523969107], [9.290721483922995, 4.040869019774864], [9.330963814299922, 3.8399735626404987], [9.371268036082466, 4.021617548864652], [9.411483683010726, 3.8647159717454023], [9.451716691551452, 3.8131126446739025], [9.491979220880678, 3.76865540939748], [9.532206456208034, 4.035558708381634], [9.572410734431823, 3.89880115069072], [9.612667227583843, 3.9568753107626646], [9.65290856803585, 3.851806854035171], [9.693136823020671, 3.936894344263836], [9.733351450605975, 3.779249295881012], [9.773606631681607, 3.7554443033816916], [9.81383633058348, 3.9897655092190782], [9.854087202241, 3.77982189507455], [9.894345894618844, 3.8148115281480557], [9.934550077987947, 3.753643854045882], [9.974784434418162, 3.951012557253726], [10.015028927269036, 3.98182734477184], [10.055263987501922, 3.735850852138662], [10.095511884791469, 3.705780154662762], [10.135749405494865, 3.7565841081612446], [10.175992533388062, 3.857059379581374], [10.216215833592425, 3.9564907671666862], [10.25646567163057, 3.8685932606471494], [10.29667762976868, 3.8010838186044604], [10.336924443719042, 3.83181321796765], [10.377171899621436, 3.844372038719711], [10.417418350255533, 3.8211044095693727], [10.457631253015656, 3.6964298263701587], [10.497863570996053, 3.803013139885473], [10.53810479090567, 3.8011726678771], [10.578343463123822, 3.8668531549575955], [10.618591900448115, 3.760004777295704], [10.658811091522749, 3.9284162634404147], [10.699055933195222, 3.722851502685996], [10.739305484260235, 3.658130440307363], [10.779539453150608, 3.9303414854636394]], "exact_d2": [[9.210340371976184, 9.029093035639951], [9.250522161609014, 6.583721691908662], [9.290721483922995, 7.285832451896196], [9.330963814299922, 7.876817006110551], [9.371268036082466, 7.725441340773061], [9.411483683010726, 7.09369052835002], [9.451716691551452, 7.4708573014538], [9.491979220880678, 6.831865503759997], [9.532206456208034, 7.475830381458895], [9.572410734431823, 7.485998589378598], [9.612667227583843, 5.594425357568059], [9.65290856803585, 7.786685684161527], [9.693136823020671, 8.311321968610073], [9.733351450605975, 6.922592825072913], [9.773606631681607, 6.2037349083677205], [9.81383633058348, 8.447775597738627], [9.854087202241, 7.171052782258411], [9.894345894618844, 8.066452043777868], [9.934550077987947, 7.059436518335186], [9.974784434418162, 6.9658084703384855], [10.015028927269036, 7.375391314565119], [10.055263987501922, 6.1005716177100995], [10.095511884791469, 7.144479374560465], [10.135749405494865, 6.653243698166064], [10.175992533388062, 5.870821289832536], [10.216215833592425, 8.258643967688338], [10.25646567163057, 8.081684917372726], [10.29667762976868, 6.750744537580585], [10.336924443719042, 6.542139013152173], [10.377171899621436, 7.609026872464361], [10.417418350255533, 7.409796290123792], [10.457631253015656, 6.483134844948985], [10.497863570996053, 7.483719387003499], [10.53810479090567, 6.3224114605189525], [10.578343463123822, 8.068010507698851], [10.618591900448115, 7.1999366493606605], [10.658811091522749, 6.792795886331297], [10.699055933195222, 6.786263075268031], [10.739305484260235, 5.612955951476735], [10.779539453150608, 7.374875209802867]], "over": [[9.210340371976184, 20.073080043580994], [9.250522161609014, 15.979980407292672], [9.290721483922995, 11.54426975721997], [9.330963814299922, 10.081962506958352], [9.371268036082466, 18.310043770488257], [9.411483683010726, 9.220591772999674], [9.451716691551452, 12.223465249500297], [9.491979220880678, 11.647780542182161], [9.532206456208034, 12.267525194935834], [9.572410734431823, 15.45340609099225], [9.612667227583843, 10.831705844959187], [9.65290856803585, 10.16918676638213], [9.693136823020671, 11.451738027578168], [9.733351450605975, 10.450653377518972], [9.773606631681607, 10.877314703775363], [9.81383633058348, 11.213526495700108], [9.854087202241, 12.379510193911619], [9.894345894618844, 10.424574771963776], [9.934550077987947, 10.794254697238559], [9.974784434418162, 10.532665077137391], [10.015028927269036, 15.337661843765156], [10.055263987501922, 13.30798362629067], [10.095511884791469, 12.37696491896933], [10.135749405494865, 9.566893277419851], [10.175992533388062, 11.107967533889505], [10.216215833592425, 12.632644219004348], [10.25646567163057, 11.030132510135259], [10.29667762976868, 12.972374047048614], [10.336924443719042, 13.21818612151062], [10.377171899621436, 15.559320485657716], [10.417418350255533, 11.560728759208928], [10.457631253015656, 10.332561071613503], [10.497863570996053, 12.064961530416582], [10.53810479090567, 11.365674439243692], [10.578343463123822, 13.568372836499444], [10.618591900448115, 9.944712747735847], [10.658811091522749, 9.61807504498169], [10.699055933195222, 10.3697789996924], [10.739305484260235, 9.821627135886775], [10.779539453150608, 9.87615588584135]], "merge_d1": [[9.210340371976184, 4.474270805109334], [9.250522161609014, 4.309475235463178], [9.290721483922995, 4.265714555348918], [9.330963814299922, 4.273349200560775], [9.371268036082466, 4.4938036841077205], [9.411483683010726, 4.185161832862285], [9.451716691551452, 4.076089730509443], [9.491979220880678, 4.084357700848377], [9.532206456208034, 4.003927066493238], [9.572410734431823, 4.483342659945555], [9.612667227583843, 4.437827286254317], [9.65290856803585, 4.1214483015750885], [9.693136823020671, 4.234612198912045], [9.733351450605975, 4.25095360278406], [9.773606631681607, 4.211251066439965], [9.81383633058348, 4.339150453210023], [9.854087202241, 4.320756113843039], [9.894345894618844, 4.35459722641095], [9.934550077987947, 4.388948056293846], [9.974784434418162, 4.181603078510458], [10.015028927269036, 4.3568198497773665], [10.055263987501922, 4.031610343628312], [10.095511884791469, 4.361584080620833], [10.135749405494865, 4.176884829318203], [10.175992533388062, 4.128342962298094], [10.216215833592425, 4.3383775671327145], [10.25646567163057, 4.310472504278182], [10.29667762976868, 4.299222480502725], [10.336924443719042, 4.242409076986105], [10.377171899621436, 4.141126936237453], [10.417418350255533, 4.434663929524925], [10.457631253015656, 4.38646938350663], [10.497863570996053, 4.331119857072834], [10.53810479090567, 4.036898404940663], [10.578343463123822, 4.212523165608518], [10.618591900448115, 4.281971338599934], [10.658811091522749, 4.16275195375473], [10.699055933195222, 4.183229701059236], [10.739305484260235, 4.281043973585764], [10.779539453150608, 4.280849672502569]],