{"exact_d1": [[6.906754778648554, 4.03978208583739], [7.022868086082641, 4.000014753082088], [7.1372784372603855, 3.8148002396293013], [7.252762418053187, 3.9513176173244244], [7.367708572374371, 3.6762185537976313], [7.48324441607385, 4.072320898081444], [7.598399329323964, 3.700226628328329], [7.71333788887187, 4.232487179101607], [7.828436359157585, 4.110882241655963], [7.943782692458625, 4.490475147811895], [8.058960017769417, 3.8455590503646104], [8.17413934342947, 3.2582324369244815], [8.289288323000317, 3.66531614877662], [8.404248432400102, 3.4156028891530816], [8.519390774959724, 3.909104929710099], [8.634620608292202, 3.7515598981778666], [8.74973246437081, 3.645750406075622], [8.86488793377419, 3.5436415295704573], [8.980046316633132, 3.804070507925764], [9.095153962167066, 3.7202751339735194], [9.210340371976184, 3.4384148432700443], [9.325453179076687, 3.3848483544124517], [9.44057869576626, 3.517390514903886], [9.555701556014641, 4.093254463306661], [9.670798588378387, 3.7768464850411827], [9.785941988681085, 3.954963262273756], [9.901084667919818, 3.5073194969687074], [10.016235712227882, 3.4740017287097875], [10.131339999578072, 3.5031374545576734], [10.246474238267561, 3.7035228095597192], [10.36160835987009, 3.7276809296250826], [10.476752620919227, 3.7228520873225417], [10.591873415994362, 3.728112003642113], [10.707012640565683, 3.8228453755371588], [10.822135503983962, 3.49426734973697], [10.937276835160228, 3.334655239056514], [11.05239680608701, 3.5691722317331167], [11.167529530327974, 3.638728120813662], [11.28265658871343, 3.4739927609817656], [11.397795157716597, 3.7434725848092536]], "exact_d2": [[6.906754778648554, 9.753651206971165], [7.022868086082641, 17.52114208985598], [7.1372784372603855, 7.118529251496205], [7.252762418053187, 9.332912665770408], [7.367708572374371, 6.758896279286833], [7.48324441607385, 12.408861587260917], [7.598399329323964, 7.184775059830888], [7.71333788887187, 8.432154442291331], [7.828436359157585, 10.959169839394056], [7.943782692458625, 11.50371255657671], [8.058960017769417, 9.273474876197964], [8.17413934342947, 7.024767951463829], [8.289288323000317, 7.878205050196131], [8.404248432400102, 6.347179333913787], [8.519390774959724, 7.532783488028247], [8.634620608292202, 6.065548283978027], [8.74973246437081, 5.496213440096322], [8.86488793377419, 8.781277758191035], [8.980046316633132, 7.71932573799117], [9.095153962167066, 5.483042325253959], [9.210340371976184, 8.074799672377601], [9.325453179076687, 7.9625859365695995], [9.44057869576626, 5.044740540080005], [9.555701556014641, 8.997532945700558], [9.670798588378387, 7.411924279811185], [9.785941988681085, 7.1885440413996635], [9.901084667919818, 10.41720216984828], [10.016235712227882, 8.453882858224434], [10.131339999578072, 9.524497103373127], [10.246474238267561, 5.7559848461753536], [10.36160835987009, 7.12135613486395], [10.476752620919227, 6.419317615224633], [10.591873415994362, 10.817183369303988], [10.707012640565683, 6.749428577179482], [10.822135503983962, 9.68558255519466], [10.937276835160228, 7.399248612372499], [11.05239680608701, 9.746374100109746], [11.167529530327974, 9.409317627346601], [11.28265658871343, 9.131079865228052], [11.397795157716597, 7.03028186933248]], "over": [[6.906754778648554, 33.598186045495325], [7.022868086082641, 27.014268855252258], [7.1372784372603855, 41.21193229015597], [7.252762418053187, 49.34850654748573], [7.367708572374371, 47.09579397093163], [7.48324441607385, 28.631721759812624], [7.598399329323964, 37.526530485736735], [7.71333788887187, 16.283806907063475], [7.828436359157585, 22.041178050753953], [7.943782692458625, 16.63514571055185], [8.058960017769417, 22.65860796613718], [8.17413934342947, 12.81771929180066], [8.289288323000317, 12.67855552127304], [8.404248432400102, 15.507938909194925], [8.519390774959724, 10.133310963892871], [8.634620608292202, 14.815216712576367], [8.74973246437081, 9.575048593309885], [8.86488793377419, 14.583428571876432], [8.980046316633132, 20.623460347317373], [9.095153962167066, 11.634284496546897], [9.210340371976184, 13.11278658677752], [9.325453179076687, 11.412289222675147], [9.44057869576626, 16.703295478039532], [9.555701556014641, 12.726122575204359], [9.670798588378387, 9.619634195254603], [9.785941988681085, 13.370715658943343], [9.901084667919818, 11.568556206944194], [10.016235712227882, 10.577584441257931], [10.131339999578072, 12.355926234820329], [10.246474238267561, 8.6200897293475], [10.36160835987009, 10.328788475962506], [10.476752620919227, 13.547387881392945], [10.591873415994362, 12.303840800236392], [10.707012640565683, 8.851736495950043], [10.822135503983962, 7.891802418924757], [10.937276835160228, 9.092492149509598], [11.05239680608701, 18.418107158483522], [11.167529530327974, 9.177342662743937], [11.28265658871343, 11.547166401522682], [11.397795157716597, 14.554206462661426]], "merge_d1": [[6.906754778648554, 4.590553679870008], [7.022868086082641, 6.154080114729443], [7.1372784372603855, 5.288450891721366], [7.252762418053187, 5.561205539935618], [7.367708572374371, 4.406193473620564], [7.48324441607385, 4.709426747385598], [7.598399329323964, 4.966397350118813], [7.71333788887187, 4.483293988264653], [7.828436359157585, 4.077426441359388], [7.943782692458625, 4.122668860964504], [8.058960017769417, 4.604488400897575], [8.17413934342947, 4.432299558535879], [8.289288323000317, 3.9572422741952975], [8.404248432400102, 4.293515960061745], [8.519390774959724, 3.973410416368329], [8.634620608292202, 4.4409395124362465], [8.74973246437081, 3.848323591377354], [8.86488793377419, 4.432425110150595], [8.980046316633132, 4.304231311532679], [9.095153962167066, 4.253530865603436], [9.210340371976184, 4.2491389381490645], [9.325453179076687, 4.301641996913302], [9.44057869576626, 4.350796065266918], [9.555701556014641, 4.119742641663], [9.670798588378387, 4.253969122965361], [9.785941988681085, 4.111314732718481], [9.901084667919818, 4.154050603913054], [10.016235712227882, 4.01164502177075], [10.131339999578072, 4.112280032044574], [10.246474238267561, 4.252746268496015], [10.36160835987009, 4.252714493725384], [10.476752620919227, 4.155536545862208], [10.591873415994362, 4.039532766801612], [10.707012640565683, 4.168256324955141], [10.822135503983962, 4.064386730453946], [10.937276835160228, 4.100680905215759], [11.05239680608701, 4.164416565097967], [11.167529530327974, 4.2483491667251565], [11.28265658871343, 4.129553846782494], [11.397795157716597, 4.164616993280179]],