{"exact_d1": [[11.512925464970229, 3.920064359505519]], "exact_d2": [[11.512925464970229, 6.918895091174254]], "over": [[11.512925464970229, 13.111668540269648]], "merge_d1": [[11.512925464970229, 4.267971828756059]], "merge_d2": [[11.512925464970229, 6.97910847776803]], "argmin_dic": [[100000, 2]], "time_elapsed": 261.01205229759216}