{"exact_d1": [[11.512925464970229, 3.902955156770645]], "exact_d2": [[11.512925464970229, 6.523112161101061]], "over": [[11.512925464970229, 9.535449166988531]], "merge_d1": [[11.512925464970229, 4.297799929239631]], "merge_d2": [[11.512925464970229, 6.305414341847034]], "argmin_dic": [[100000, 2]], "time_elapsed": 214.00905466079712}