{"exact_d1": [[11.512925464970229, 3.9042814162631934]], "exact_d2": [[11.512925464970229, 7.321848655201545]], "over": [[11.512925464970229, 13.138236997373387]], "merge_d1": [[11.512925464970229, 4.225176890194535]], "merge_d2": [[11.512925464970229, 7.364028004900047]], "argmin_dic": [[100000, 2]], "time_elapsed": 238.24007725715637}