{"exact_d1": [[11.512925464970229, 3.789625831273594]], "exact_d2": [[11.512925464970229, 6.965174885483258]], "over": [[11.512925464970229, 13.473566969136897]], "merge_d1": [[11.512925464970229, 4.291266783534]], "merge_d2": [[11.512925464970229, 8.240782595517851]], "argmin_dic": [[100000, 2]], "time_elapsed": 351.70143270492554}