{"exact_d1": [[6.907755278982137, 3.379527007163402], [8.153349757998892, 3.8055147647453706], [8.691146498539675, 3.7514845286402596], [9.038958755220563, 3.760438893794278], [9.296518068217235, 3.642438438184487], [9.501142571764207, 3.761785419277443], [9.670924779305427, 3.891078444551613], [9.816021526754852, 3.8042459510243174], [9.94270826568941, 3.731613276083364], [10.055135102145268, 3.746523455731704], [10.156189906091882, 3.7316264976511486], [10.247963389017864, 3.7487627172485856], [10.332017933575289, 3.759332746733317], [10.409551859200409, 3.746128300150612], [10.481504425842441, 3.7460060370804302], [10.548625513909712, 3.706096459830033], [10.611523345589823, 3.81668843662587], [10.67069806139613, 3.6962519683782262], [10.726565902688105, 3.733351075567583], [10.779476987636757, 3.7315375954913685], [10.829728615263452, 3.7865757391829016], [10.8775753831365, 3.7209014903761175], [10.923236992778513, 3.767578037957416], [10.966904349300577, 3.752107191569205], [11.008744383922906, 3.7317618297527946], [11.04890390740204, 3.750184507023926], [11.087512719052368, 3.750487991920548], [11.124686137527133, 3.7654903165601117], [11.160527077798756, 3.7542351134727334], [11.195127768613824, 3.7474902800255623], [11.228571182611121, 3.754505230691065], [11.260932234926955, 3.75741170549655], [11.292278793854607, 3.7246511459327034], [11.322672537849993, 3.7410151702400887], [11.352169686090834, 3.7230367733411267], [11.38082162433689, 3.7645944244240175], [11.40867544359643, 3.7610734186792154], [11.435774405781814, 3.7427093682152917], [11.462158347916576, 3.7938434492238438], [11.487864034374857, 3.7540023722307017]], "exact_d2": [[6.907755278982137, 7.013615308092126], [8.153349757998892, 7.356136239094052], [8.691146498539675, 6.249010411644801], [9.038958755220563, 6.545950122114297], [9.296518068217235, 6.9550719427131495], [9.501142571764207, 6.734589167700176], [9.670924779305427, 6.916015916587601], [9.816021526754852, 6.9699326886506725], [9.94270826568941, 7.031123770446429], [10.055135102145268, 7.024516762809935], [10.156189906091882, 6.744051510810824], [10.247963389017864, 6.645041590038192], [10.332017933575289, 7.3381148044764695], [10.409551859200409, 7.1270936707712265], [10.481504425842441, 7.50771632034815], [10.548625513909712, 7.068419588028757], [10.611523345589823, 7.340383199065073], [10.67069806139613, 6.8673221834732825], [10.726565902688105, 6.998098710381813], [10.779476987636757, 6.842089654399106], [10.829728615263452, 7.033634378044639], [10.8775753831365, 7.039828377275517], [10.923236992778513, 6.8265788623442845], [10.966904349300577, 6.837669398470777], [11.008744383922906, 7.243499405391281], [11.04890390740204, 7.109595984565724], [11.087512719052368, 7.225897069713936], [11.124686137527133, 6.8377650616913], [11.160527077798756, 6.94137249063042], [11.195127768613824, 7.298766003336844], [11.228571182611121, 6.727523255625578], [11.260932234926955, 6.870096026998318], [11.292278793854607, 6.879209574503228], [11.322672537849993, 7.061228753299447], [11.352169686090834, 6.873527056400042], [11.38082162433689, 6.979749716261826], [11.40867544359643, 6.823526529342243], [11.435774405781814, 6.977138890069157], [11.462158347916576, 7.0193786948002685], [11.487864034374857, 6.851858709274614]], "over": [[6.907755278982137, 22.568187669276824], [8.153349757998892, 12.244003816858582], [8.691146498539675, 9.589419258692429], [9.038958755220563, 13.563099501936744], [9.296518068217235, 12.555488802451228], [9.501142571764207, 11.747390301304126], [9.670924779305427, 9.911033782611238], [9.816021526754852, 11.22112675174169], [9.94270826568941, 9.908042848693674], [10.055135102145268, 10.370646225547203], [10.156189906091882, 10.793221661290366], [10.247963389017864, 11.378446160174446], [10.332017933575289, 11.575350044731763], [10.409551859200409, 11.08414781905899], [10.481504425842441, 12.150413479906362], [10.548625513909712, 10.685213825424249], [10.611523345589823, 12.30484975883283], [10.67069806139613, 10.769997601282117], [10.726565902688105, 11.166270485322272], [10.779476987636757, 11.669640420268188], [10.829728615263452, 10.779012246603402], [10.8775753831365, 10.578514109156396], [10.923236992778513, 11.424359356438469], [10.966904349300577, 10.536745100617953], [11.008744383922906, 11.466867095082687], [11.04890390740204, 10.931460287754934], [11.087512719052368, 12.447135669603872], [11.124686137527133, 10.40169408275307], [11.160527077798756, 11.818065383146072], [11.195127768613824, 11.392905493026811], [11.228571182611121, 10.64141762911137], [11.260932234926955, 10.456202643276821], [11.292278793854607, 10.932299762373976], [11.322672537849993, 11.025065513267984], [11.352169686090834, 10.826108575766357], [11.38082162433689, 10.743723505648317], [11.40867544359643, 10.152153221024111], [11.435774405781814, 10.742478512230067], [11.462158347916576, 11.060519929775662], [11.487864034374857, 10.78896319786882]], "merge_d1": [[6.907755278982137, 4.593097343237717], [8.153349757998892, 4.368693473308156], [8.691146498539675, 4.431257056556908], [9.038958755220563, 4.532304832925751], [9.296518068217235, 3.7930474528633997], [9.501142571764207, 4.337131154188875], [9.670924779305427, 3.967997180938582], [9.816021526754852, 4.461003639891307], [9.94270826568941, 4.423125197799869], [10.055135102145268, 4.420375294569786], [10.156189906091882, 3.7978259685541236], [10.247963389017864, 4.406577293892681], [10.332017933575289, 3.912715516221426], [10.409551859200409, 4.424907681230548], [10.481504425842441, 3.8273944773379376], [10.548625513909712, 4.484486721527371], [10.611523345589823, 4.780328307914188], [10.67069806139613, 3.7680941309912823], [10.726565902688105, 4.3249107308907835], [10.779476987636757, 3.802819709850926], [10.829728615263452, 3.8797452125499547], [10.8775753831365, 4.448738513468758], [10.923236992778513, 4.3940623515105965], [10.966904349300577, 4.363315855605526], [11.008744383922906, 3.833120359823019], [11.04890390740204, 4.324273148534029], [11.087512719052368, 3.830524340805347], [11.124686137527133, 4.440805549917606], [11.160527077798756, 3.835677088700983], [11.195127768613824, 4.422856048081819], [11.228571182611121, 4.384882747341245], [11.260932234926955, 3.8481814424771286], [11.292278793854607, 3.824997673850884], [11.322672537849993, 3.8489459373728176], [11.352169686090834, 4.309838906556053], [11.38082162433689, 3.876876746498254], [11.40867544359643, 4.432972577160681], [11.435774405781814, 3.8427091384038836], [11.462158347916576, 4.457684580513432], [11.487864034374857, 4.456898589182762]],