{"exact_d1": [[11.512925464970229, 3.7730158455330214]], "exact_d2": [[11.512925464970229, 7.198025211812862]], "over": [[11.512925464970229, 9.786299978028115]], "merge_d1": [[11.512925464970229, 4.1037298600269185]], "merge_d2": [[11.512925464970229, 5.95770705111961]], "argmin_dic": [[100000, 2]], "time_elapsed": 361.02342414855957}