{"exact": [[6.907755278982137, 9.78812442316527], [8.153349757998892, 9.470039987347132], [8.691146498539675, 10.319453750895452], [9.038958755220563, 9.469271031805514], [9.296518068217235, 8.966352613189118], [9.501142571764207, 10.714282208793101], [9.670924779305427, 9.046414707135765], [9.816021526754852, 9.426480153725677], [9.94270826568941, 9.23501409256114], [10.055135102145268, 9.854851216328095], [10.156189906091882, 9.31102450508018], [10.247963389017864, 9.283286608998603], [10.332017933575289, 9.14815090239948], [10.409551859200409, 7.416030145763687], [10.481504425842441, 9.227722720244254], [10.548625513909712, 7.054245944751159], [10.611523345589823, 7.154407797609234], [10.67069806139613, 6.912896737786354], [10.726565902688105, 6.869582290871307], [10.779476987636757, 9.456924900713593], [10.829728615263452, 9.312908347419503], [10.8775753831365, 9.388207050123935], [10.923236992778513, 9.36959381640787], [10.966904349300577, 9.046164311472632], [11.008744383922906, 9.724560165610553], [11.04890390740204, 9.399071677935517], [11.087512719052368, 7.143637882769007], [11.124686137527133, 6.8751899890309165], [11.160527077798756, 6.928364138116645], [11.195127768613824, 6.979411963893986], [11.228571182611121, 9.650230645463985], [11.260932234926955, 7.145983333154404], [11.292278793854607, 9.236862034888272], [11.322672537849993, 9.862592808422258], [11.352169686090834, 9.307050810892605], [11.38082162433689, 9.945474589462862], [11.40867544359643, 9.700083697545105], [11.435774405781814, 6.583596539650739], [11.462158347916576, 9.209064985466], [11.487864034374857, 9.784173612378307]], "over": [[6.907755278982137, 27.699571279378645], [8.153349757998892, 16.68082827816434], [8.691146498539675, 18.615321857589407], [9.038958755220563, 15.972254614644013], [9.296518068217235, 17.498612107337276], [9.501142571764207, 11.59113434282979], [9.670924779305427, 17.1892419643996], [9.816021526754852, 16.27454245551534], [9.94270826568941, 15.793046525077772], [10.055135102145268, 16.920555978049663], [10.156189906091882, 16.010639712252004], [10.247963389017864, 12.819866238273764], [10.332017933575289, 10.505265209740797], [10.409551859200409, 10.764669068250864], [10.481504425842441, 16.91847460000156], [10.548625513909712, 11.172242881800445], [10.611523345589823, 16.997605549230094], [10.67069806139613, 15.395868836527473], [10.726565902688105, 10.607025320810349], [10.779476987636757, 10.18521548187234], [10.829728615263452, 16.84986174537971], [10.8775753831365, 12.02854893474192], [10.923236992778513, 16.291779328960974], [10.966904349300577, 19.884297970128657], [11.008744383922906, 10.265272109001524], [11.04890390740204, 11.14195255848963], [11.087512719052368, 16.40833016914268], [11.124686137527133, 16.482896422858104], [11.160527077798756, 10.49345258169311], [11.195127768613824, 17.85048744731385], [11.228571182611121, 14.99715355889339], [11.260932234926955, 20.194890570093484], [11.292278793854607, 10.896517315657363], [11.322672537849993, 10.743660168085878], [11.352169686090834, 16.453714783781557], [11.38082162433689, 16.297885714635353], [11.40867544359643, 12.027493336355988], [11.435774405781814, 10.365656986941126], [11.462158347916576, 16.169117205252775], [11.487864034374857, 19.100692217675704]], "merge": [[6.907755278982137, 12.043757666805512], [8.153349757998892, 9.855517146756103], [8.691146498539675, 12.686585337219768], [9.038958755220563, 9.96300121453518], [9.296518068217235, 11.132058297018146], [9.501142571764207, 8.09934038093035], [9.670924779305427, 10.14978062985896], [9.816021526754852, 10.149437550053474], [9.94270826568941, 9.893921171589483], [10.055135102145268, 10.573231447290603], [10.156189906091882, 10.037047974714124], [10.247963389017864, 8.18171503843721], [10.332017933575289, 7.097883454714126], [10.409551859200409, 6.9294594682472415], [10.481504425842441, 11.144471768979002], [10.548625513909712, 7.466455063559941], [10.611523345589823, 10.580278759309712], [10.67069806139613, 9.813732035643875], [10.726565902688105, 7.544773060216097], [10.779476987636757, 6.621992158766614], [10.829728615263452, 10.095374721210877], [10.8775753831365, 7.350138295067666], [10.923236992778513, 9.511757529929753], [10.966904349300577, 10.775252905654499], [11.008744383922906, 7.247582254101556], [11.04890390740204, 7.152434338091101], [11.087512719052368, 10.803838022185369], [11.124686137527133, 9.5823349926253], [11.160527077798756, 7.6393891965946485], [11.195127768613824, 9.856783319569308], [11.228571182611121, 9.702259994842784], [11.260932234926955, 11.009116526570521], [11.292278793854607, 7.386650164964631], [11.322672537849993, 7.091673175727327], [11.352169686090834, 9.93768360702681], [11.38082162433689, 10.188879131975582], [11.40867544359643, 7.468717997649266], [11.435774405781814, 7.048927544193894], [11.462158347916576, 9.762042251829065], [11.487864034374857, 10.462304688386942]], "argmin_dic": [[1000, 2], [3475, 2], [5950, 3], [8425, 3], [10900, 2], [13375, 3], [15850, 3], [18325, 3], [20800, 3], [23275, 3], [25750, 3], [28225, 3], [30700, 3], [33175, 2], [35650, 3], [38125, 3], [40600, 3], [43075, 3], [45550, 2], [48025, 3], [50500, 3], [52975, 2], [55450, 3], [57925, 3], [60400, 3], [62875, 3], [65350, 3], [67825, 3], [70300, 3], [72775, 3], [75250, 3], [77725, 3], [80200, 3], [82675, 3], [85150, 3], [87625, 3], [90100, 2], [92575, 3], [95050, 3], [97525, 3]], "time_elapsed": 1869.3338012695312}