{"exact_d1": [[11.512925464970229, 3.724140756250058]], "exact_d2": [[11.512925464970229, 6.926284049204714]], "over": [[11.512925464970229, 9.415982571885094]], "merge_d1": [[11.512925464970229, 4.206465010797695]], "merge_d2": [[11.512925464970229, 6.275345094910785]], "argmin_dic": [[100000, 2]], "time_elapsed": 322.6110951900482}