{"exact_d1": [[11.512925464970229, 3.775434642420899]], "exact_d2": [[11.512925464970229, 7.068125255928148]], "over": [[11.512925464970229, 10.64949087634259]], "merge_d1": [[11.512925464970229, 4.329502169777052]], "merge_d2": [[11.512925464970229, 6.798872562881777]], "argmin_dic": [[100000, 2]], "time_elapsed": 208.06522226333618}