{"exact_d1": [[6.907755278982137, 3.807021183044039], [8.153349757998892, 3.874780588374881], [8.691146498539675, 3.7307012885677606], [9.038958755220563, 3.6776632982649415], [9.296518068217235, 3.766353204885376], [9.501142571764207, 3.713110075355865], [9.670924779305427, 3.8636332670418243], [9.816021526754852, 3.794710382227053], [9.94270826568941, 3.737837012087761], [10.055135102145268, 3.8296249112867846], [10.156189906091882, 3.6590770495357097], [10.247963389017864, 3.744756766243427], [10.332017933575289, 3.763762998463275], [10.409551859200409, 3.702296123155194], [10.481504425842441, 3.778700820256187], [10.548625513909712, 3.7298290393048714], [10.611523345589823, 3.7047390126942776], [10.67069806139613, 3.7283975951193344], [10.726565902688105, 3.7424216566012167], [10.779476987636757, 3.6953437166635132], [10.829728615263452, 3.7885175133461906], [10.8775753831365, 3.789730739210951], [10.923236992778513, 3.8005832248345115], [10.966904349300577, 3.741824393498912], [11.008744383922906, 3.726900997515651], [11.04890390740204, 3.7702767427371673], [11.087512719052368, 3.8011571446644843], [11.124686137527133, 3.75145361287887], [11.160527077798756, 3.7683258480194044], [11.195127768613824, 3.7235891633261353], [11.228571182611121, 3.756872150854583], [11.260932234926955, 3.7186586193955216], [11.292278793854607, 3.7379025582381296], [11.322672537849993, 3.739460610706392], [11.352169686090834, 3.7105649761517707], [11.38082162433689, 3.77543839669991], [11.40867544359643, 3.7452819568906452], [11.435774405781814, 3.7279229620376455], [11.462158347916576, 3.749283149324185], [11.487864034374857, 3.7415060547604932]], "exact_d2": [[6.907755278982137, 5.62539444820715], [8.153349757998892, 7.514230121864336], [8.691146498539675, 6.398551624872029], [9.038958755220563, 6.630029417303789], [9.296518068217235, 6.583101302954792], [9.501142571764207, 6.834126691557168], [9.670924779305427, 6.653956917602487], [9.816021526754852, 6.378162403072072], [9.94270826568941, 6.530734313834107], [10.055135102145268, 7.010265742797299], [10.156189906091882, 7.117118063236031], [10.247963389017864, 6.916386802809899], [10.332017933575289, 7.165508169445115], [10.409551859200409, 7.0170479580241425], [10.481504425842441, 7.583223262997028], [10.548625513909712, 6.435725908039984], [10.611523345589823, 6.656634277554165], [10.67069806139613, 6.763261850048406], [10.726565902688105, 7.22279702277858], [10.779476987636757, 7.031914006443929], [10.829728615263452, 7.045632329378624], [10.8775753831365, 7.139495075624026], [10.923236992778513, 6.7788289497516185], [10.966904349300577, 7.064293249607268], [11.008744383922906, 7.262497137206486], [11.04890390740204, 6.619412453790983], [11.087512719052368, 6.866512553796502], [11.124686137527133, 6.962071109285956], [11.160527077798756, 7.264284336558736], [11.195127768613824, 7.164782960733689], [11.228571182611121, 6.658399790373933], [11.260932234926955, 6.590802714114624], [11.292278793854607, 6.7888020222885155], [11.322672537849993, 7.0535963130315205], [11.352169686090834, 6.831049201672597], [11.38082162433689, 6.914005576285905], [11.40867544359643, 7.197970355678496], [11.435774405781814, 7.270742570310968], [11.462158347916576, 7.4482543980816285], [11.487864034374857, 6.880724731448484]], "over": [[6.907755278982137, 21.552132505870993], [8.153349757998892, 12.604028268806763], [8.691146498539675, 11.441988374631824], [9.038958755220563, 12.248911961525348], [9.296518068217235, 10.837119521962636], [9.501142571764207, 10.483098260456646], [9.670924779305427, 13.998674227170575], [9.816021526754852, 10.961936950108631], [9.94270826568941, 11.407522113357542], [10.055135102145268, 10.625843059680818], [10.156189906091882, 12.238354664146783], [10.247963389017864, 11.734782394195172], [10.332017933575289, 12.26006549140112], [10.409551859200409, 10.757519034214651], [10.481504425842441, 11.44392690123267], [10.548625513909712, 10.01433356928898], [10.611523345589823, 11.143812078753214], [10.67069806139613, 10.471770395100156], [10.726565902688105, 11.192609345873194], [10.779476987636757, 11.778005810399831], [10.829728615263452, 12.289008687048305], [10.8775753831365, 10.715135265811938], [10.923236992778513, 10.562818783699218], [10.966904349300577, 12.101479265931816], [11.008744383922906, 11.5113817442987], [11.04890390740204, 10.198862242144532], [11.087512719052368, 10.745243598617257], [11.124686137527133, 10.370338755547927], [11.160527077798756, 11.053933387755446], [11.195127768613824, 10.762484785723391], [11.228571182611121, 10.203305808453198], [11.260932234926955, 10.296727766796268], [11.292278793854607, 10.226101876178882], [11.322672537849993, 12.006532211064126], [11.352169686090834, 11.312635497464546], [11.38082162433689, 10.56302657642161], [11.40867544359643, 10.661025169757059], [11.435774405781814, 11.387197298510653], [11.462158347916576, 12.93071298846563], [11.487864034374857, 10.825652709495285]], "merge_d1": [[6.907755278982137, 5.809362612125416], [8.153349757998892, 4.019828539105275], [8.691146498539675, 4.238937935035106], [9.038958755220563, 4.169672276752716], [9.296518068217235, 3.8972418441655514], [9.501142571764207, 4.354781394967578], [9.670924779305427, 4.428776456172898], [9.816021526754852, 4.454588675627722], [9.94270826568941, 4.28171947114648], [10.055135102145268, 3.92890837424566], [10.156189906091882, 3.7470171135199157], [10.247963389017864, 4.376470312087095], [10.332017933575289, 3.8511033560147707], [10.409551859200409, 4.544253092719403], [10.481504425842441, 4.417928440205236], [10.548625513909712, 4.406805868398588], [10.611523345589823, 4.4093927021235855], [10.67069806139613, 3.8236381183346997], [10.726565902688105, 4.40366742765525], [10.779476987636757, 4.405958799643755], [10.829728615263452, 4.528475536217503], [10.8775753831365, 4.417593963067501], [10.923236992778513, 4.398943128212732], [10.966904349300577, 3.818612542568679], [11.008744383922906, 4.7319810349582685], [11.04890390740204, 4.4584774597830625], [11.087512719052368, 4.415315815968213], [11.124686137527133, 4.391764618248374], [11.160527077798756, 4.455487539652314], [11.195127768613824, 4.366389442381835], [11.228571182611121, 3.8803722839600705], [11.260932234926955, 4.342414388307538], [11.292278793854607, 3.8397697704560847], [11.322672537849993, 3.790671026408939], [11.352169686090834, 4.432941069389149], [11.38082162433689, 3.874466969518297], [11.40867544359643, 4.6385830524676965], [11.435774405781814, 3.8509003977803515], [11.462158347916576, 3.826922837272776], [11.487864034374857, 4.397562677550775]],