{"exact_d1": [[11.512925464970229, 3.98814206222379]], "exact_d2": [[11.512925464970229, 7.8161558448204325]], "over": [[11.512925464970229, 10.117406336580588]], "merge_d1": [[11.512925464970229, 4.411604016894963]], "merge_d2": [[11.512925464970229, 6.571330865961267]], "argmin_dic": [[100000, 2]], "time_elapsed": 484.3292043209076}