{"exact_d1": [[11.512925464970229, 3.829671034157394]], "exact_d2": [[11.512925464970229, 7.266795667563271]], "over": [[11.512925464970229, 9.677458530809274]], "merge_d1": [[11.512925464970229, 4.178494553511033]], "merge_d2": [[11.512925464970229, 6.552835423612312]], "argmin_dic": [[100000, 2]], "time_elapsed": 168.34666275978088}