{"exact_d1": [[11.512925464970229, 3.742137353648496]], "exact_d2": [[11.512925464970229, 6.663626554291445]], "over": [[11.512925464970229, 9.187450300009091]], "merge_d1": [[11.512925464970229, 4.215137990389892]], "merge_d2": [[11.512925464970229, 6.166439499629829]], "argmin_dic": [[100000, 2]], "time_elapsed": 151.48500561714172}