{"exact": [[6.907755278982137, 11.061181850837482], [8.153349757998892, 11.81957445730118], [8.691146498539675, 8.29944759109649], [9.038958755220563, 9.603171801373405], [9.296518068217235, 10.432132030005487], [9.501142571764207, 7.024236687763801], [9.670924779305427, 9.684280073615206], [9.816021526754852, 7.134600665849419], [9.94270826568941, 7.534089121300185], [10.055135102145268, 9.151360130113826], [10.156189906091882, 9.34615583097685], [10.247963389017864, 7.065752761181143], [10.332017933575289, 9.506748723803938], [10.409551859200409, 9.285326151712221], [10.481504425842441, 6.676106811001258], [10.548625513909712, 9.025948116104571], [10.611523345589823, 7.115983578219679], [10.67069806139613, 9.975123983877697], [10.726565902688105, 6.5592563947444456], [10.779476987636757, 3.8641103029963393], [10.829728615263452, 9.621126655274663], [10.8775753831365, 9.46206971353748], [10.923236992778513, 6.948980921610482], [10.966904349300577, 9.405901219525429], [11.008744383922906, 9.286572065716511], [11.04890390740204, 7.04035654356978], [11.087512719052368, 6.623049015226151], [11.124686137527133, 8.944440993407548], [11.160527077798756, 7.323089208077479], [11.195127768613824, 9.739065108204851], [11.228571182611121, 9.182826614480021], [11.260932234926955, 9.26601198386151], [11.292278793854607, 7.159524780657176], [11.322672537849993, 10.080123598476767], [11.352169686090834, 6.7184795379830256], [11.38082162433689, 7.104220514815893], [11.40867544359643, 7.095613712774625], [11.435774405781814, 9.289901273353047], [11.462158347916576, 10.115557504049814], [11.487864034374857, 9.867972709387573]], "over": [[6.907755278982137, 35.62861180535547], [8.153349757998892, 19.44662926683727], [8.691146498539675, 21.580784480044574], [9.038958755220563, 17.232386043475266], [9.296518068217235, 19.255064804394443], [9.501142571764207, 17.69007086332072], [9.670924779305427, 15.220242365333721], [9.816021526754852, 16.023325466300115], [9.94270826568941, 17.565411592729998], [10.055135102145268, 18.445272565237232], [10.156189906091882, 15.742852545712706], [10.247963389017864, 16.22177790942871], [10.332017933575289, 15.040119830200045], [10.409551859200409, 12.214764717258246], [10.481504425842441, 14.839311396232757], [10.548625513909712, 15.787681789587921], [10.611523345589823, 15.395355298442768], [10.67069806139613, 18.26701124369322], [10.726565902688105, 15.29506883148029], [10.779476987636757, 13.989869748285903], [10.829728615263452, 14.985853222256141], [10.8775753831365, 15.39593954158779], [10.923236992778513, 14.907322517462465], [10.966904349300577, 10.672921168055549], [11.008744383922906, 14.78066769199456], [11.04890390740204, 12.945516346910567], [11.087512719052368, 17.044876950663728], [11.124686137527133, 14.986812136762017], [11.160527077798756, 18.412226573771118], [11.195127768613824, 11.380315715404253], [11.228571182611121, 12.770191728489866], [11.260932234926955, 16.382086695706754], [11.292278793854607, 15.881967804353577], [11.322672537849993, 16.252976806462737], [11.352169686090834, 14.397253979975188], [11.38082162433689, 14.429369250201031], [11.40867544359643, 16.046784365010446], [11.435774405781814, 15.155978169060738], [11.462158347916576, 17.26648628711695], [11.487864034374857, 13.66866619398719]], "merge": [[6.907755278982137, 22.07717381946495], [8.153349757998892, 12.135165742455884], [8.691146498539675, 13.438474520679701], [9.038958755220563, 11.133846806742849], [9.296518068217235, 12.54585336714273], [9.501142571764207, 10.176090603233863], [9.670924779305427, 9.519458282921079], [9.816021526754852, 9.76649605320325], [9.94270826568941, 10.530655419604738], [10.055135102145268, 10.112174118838906], [10.156189906091882, 10.000988467703335], [10.247963389017864, 10.309146112077373], [10.332017933575289, 9.73001084119714], [10.409551859200409, 8.662693909715292], [10.481504425842441, 9.541311614819094], [10.548625513909712, 9.418816343785561], [10.611523345589823, 9.033597990998258], [10.67069806139613, 11.993636418189324], [10.726565902688105, 9.506331276781633], [10.779476987636757, 9.115237957214951], [10.829728615263452, 9.031575766326606], [10.8775753831365, 9.994394205130956], [10.923236992778513, 9.629922847421083], [10.966904349300577, 7.175301880787627], [11.008744383922906, 9.402871210423275], [11.04890390740204, 6.041710137890588], [11.087512719052368, 10.268692212677802], [11.124686137527133, 9.785184491026431], [11.160527077798756, 9.821111495200135], [11.195127768613824, 6.76744434901993], [11.228571182611121, 8.53038784041843], [11.260932234926955, 9.470357143174276], [11.292278793854607, 10.143868022571068], [11.322672537849993, 10.07211730108129], [11.352169686090834, 9.095806534316829], [11.38082162433689, 9.39509573405946], [11.40867544359643, 9.841559401935404], [11.435774405781814, 8.574377796331758], [11.462158347916576, 10.612332005558466], [11.487864034374857, 7.630683578706661]], "argmin_dic": [[1000, 2], [3475, 3], [5950, 2], [8425, 2], [10900, 3], [13375, 3], [15850, 3], [18325, 3], [20800, 2], [23275, 3], [25750, 3], [28225, 3], [30700, 2], [33175, 3], [35650, 3], [38125, 2], [40600, 2], [43075, 3], [45550, 3], [48025, 2], [50500, 2], [52975, 3], [55450, 3], [57925, 2], [60400, 3], [62875, 3], [65350, 3], [67825, 3], [70300, 3], [72775, 3], [75250, 3], [77725, 3], [80200, 3], [82675, 3], [85150, 3], [87625, 3], [90100, 3], [92575, 3], [95050, 3], [97525, 2]], "time_elapsed": 2149.923162460327}