{"exact_d1": [[11.512925464970229, 3.7452885262497952]], "exact_d2": [[11.512925464970229, 6.90671728497816]], "over": [[11.512925464970229, 9.633735798356449]], "merge_d1": [[11.512925464970229, 4.258241493322351]], "merge_d2": [[11.512925464970229, 6.636633072370605]], "argmin_dic": [[100000, 2]], "time_elapsed": 336.88368558883667}