{"exact_d1": [[6.907755278982137, 3.6320917232205687], [8.153349757998892, 3.931731448221717], [8.691146498539675, 3.77945460732596], [9.038958755220563, 3.8073014842392916], [9.296518068217235, 3.763549470684222], [9.501142571764207, 3.712353983242854], [9.670924779305427, 3.907728117992933], [9.816021526754852, 3.859680308192418], [9.94270826568941, 3.8372860787037015], [10.055135102145268, 3.7543622336223126], [10.156189906091882, 3.7190237269501547], [10.247963389017864, 3.7216010549641703], [10.332017933575289, 3.7272565795270984], [10.409551859200409, 3.695333563938646], [10.481504425842441, 3.7322986120953754], [10.548625513909712, 3.751710741506104], [10.611523345589823, 3.7543338096623406], [10.67069806139613, 3.734774822715737], [10.726565902688105, 3.7301465276218493], [10.779476987636757, 3.730677753400422], [10.829728615263452, 3.6991499596387682], [10.8775753831365, 3.7777306288600707], [10.923236992778513, 3.8104336607080067], [10.966904349300577, 3.702544539483364], [11.008744383922906, 3.7462193412432807], [11.04890390740204, 3.7561520874083723], [11.087512719052368, 3.7700673706846373], [11.124686137527133, 3.7371951304844875], [11.160527077798756, 3.735553806524986], [11.195127768613824, 3.7167875460855404], [11.228571182611121, 3.739919744322797], [11.260932234926955, 3.7219046368218414], [11.292278793854607, 3.7142630360490108], [11.322672537849993, 3.7355410517617202], [11.352169686090834, 3.738535608739462], [11.38082162433689, 3.7666404124736848], [11.40867544359643, 3.7663794362485397], [11.435774405781814, 3.717984962808125], [11.462158347916576, 3.714659763289802], [11.487864034374857, 3.742774813379246]], "exact_d2": [[6.907755278982137, 6.309305408582025], [8.153349757998892, 6.534303917641438], [8.691146498539675, 7.383310930289369], [9.038958755220563, 6.937833807554441], [9.296518068217235, 6.963753269768703], [9.501142571764207, 6.997064861884701], [9.670924779305427, 6.451823219592777], [9.816021526754852, 7.168167305788675], [9.94270826568941, 7.439285253384782], [10.055135102145268, 6.637899276727371], [10.156189906091882, 6.832870212564967], [10.247963389017864, 7.386380606846644], [10.332017933575289, 7.204639902802593], [10.409551859200409, 6.854900206808026], [10.481504425842441, 6.73489769189764], [10.548625513909712, 7.06602782816472], [10.611523345589823, 6.967921840280244], [10.67069806139613, 7.239768534754014], [10.726565902688105, 6.878000581861859], [10.779476987636757, 6.780954529943901], [10.829728615263452, 6.657518716435887], [10.8775753831365, 6.8838167287567265], [10.923236992778513, 6.755052697118324], [10.966904349300577, 6.702939823269096], [11.008744383922906, 6.859456559652704], [11.04890390740204, 7.241406390760931], [11.087512719052368, 6.96706203904597], [11.124686137527133, 6.7873053958258005], [11.160527077798756, 6.7741519916944615], [11.195127768613824, 7.1862673473600225], [11.228571182611121, 6.785065690340437], [11.260932234926955, 6.748495539140127], [11.292278793854607, 6.669694536307728], [11.322672537849993, 6.635599552400169], [11.352169686090834, 6.901813200860092], [11.38082162433689, 7.018535056125379], [11.40867544359643, 6.999559467209071], [11.435774405781814, 6.741045102864328], [11.462158347916576, 6.980421206505606], [11.487864034374857, 6.983183932798959]], "over": [[6.907755278982137, 18.36454693688364], [8.153349757998892, 12.216291494301267], [8.691146498539675, 14.507111164926974], [9.038958755220563, 11.99151062514555], [9.296518068217235, 11.437269237769943], [9.501142571764207, 11.61727669418739], [9.670924779305427, 10.803417078964603], [9.816021526754852, 11.405417223788106], [9.94270826568941, 11.345526851263223], [10.055135102145268, 11.679048799641162], [10.156189906091882, 11.718217317660606], [10.247963389017864, 11.919358136885215], [10.332017933575289, 13.613964295277064], [10.409551859200409, 10.745729942708337], [10.481504425842441, 10.95680450829842], [10.548625513909712, 10.76987366723264], [10.611523345589823, 11.941786491143148], [10.67069806139613, 11.289822623546877], [10.726565902688105, 11.634973512407134], [10.779476987636757, 11.469418330688892], [10.829728615263452, 10.561584006012778], [10.8775753831365, 11.612200907113433], [10.923236992778513, 10.66124328642386], [10.966904349300577, 11.543787546362177], [11.008744383922906, 10.309229628479818], [11.04890390740204, 11.499184092705969], [11.087512719052368, 11.572778425354933], [11.124686137527133, 10.809614239077597], [11.160527077798756, 10.847998671525213], [11.195127768613824, 11.245110203338236], [11.228571182611121, 10.842849704268806], [11.260932234926955, 10.543788977461032], [11.292278793854607, 10.087608367964982], [11.322672537849993, 10.174303681866606], [11.352169686090834, 11.884157666847862], [11.38082162433689, 11.833105671073785], [11.40867544359643, 10.522206630906291], [11.435774405781814, 10.328042944179815], [11.462158347916576, 10.67045129616393], [11.487864034374857, 11.95740312122624]], "merge_d1": [[6.907755278982137, 4.496658962266868], [8.153349757998892, 4.271925268609281], [8.691146498539675, 4.57850241865533], [9.038958755220563, 4.699221662775926], [9.296518068217235, 3.8061078218656865], [9.501142571764207, 4.406150938432398], [9.670924779305427, 4.461102504038118], [9.816021526754852, 4.4328112832955355], [9.94270826568941, 3.9267399864855723], [10.055135102145268, 4.623789780156249], [10.156189906091882, 4.646295020595195], [10.247963389017864, 3.792123632358514], [10.332017933575289, 4.538034181210442], [10.409551859200409, 3.7926399079835296], [10.481504425842441, 4.437147044883022], [10.548625513909712, 4.506344229453091], [10.611523345589823, 3.821921915087103], [10.67069806139613, 3.820494892438626], [10.726565902688105, 3.7971140486868626], [10.779476987636757, 3.796286781490398], [10.829728615263452, 4.4016092810890175], [10.8775753831365, 3.8517257184343423], [10.923236992778513, 4.521059620972164], [10.966904349300577, 3.771494318173347], [11.008744383922906, 3.8499049032835737], [11.04890390740204, 4.368135229748832], [11.087512719052368, 4.332217541897556], [11.124686137527133, 4.370794308635853], [11.160527077798756, 4.565356048378358], [11.195127768613824, 3.8020656012779948], [11.228571182611121, 4.420618367231212], [11.260932234926955, 4.588526089558738], [11.292278793854607, 4.366085249592666], [11.322672537849993, 3.8422361187989145], [11.352169686090834, 4.452184907170874], [11.38082162433689, 4.336849835113229], [11.40867544359643, 3.876946629941215], [11.435774405781814, 4.327736976709465], [11.462158347916576, 4.750289589296539], [11.487864034374857, 3.812464042189057]],