{"exact_d1": [[11.512925464970229, 3.8542434361800115]], "exact_d2": [[11.512925464970229, 6.682769054059732]], "over": [[11.512925464970229, 10.402245431814631]], "merge_d1": [[11.512925464970229, 4.219511662819392]], "merge_d2": [[11.512925464970229, 5.715790029661879]], "argmin_dic": [[100000, 2]], "time_elapsed": 222.14655947685242}