{"exact_d1": [[11.512925464970229, 3.8382915290411845]], "exact_d2": [[11.512925464970229, 6.499587859531194]], "over": [[11.512925464970229, 10.876341221018674]], "merge_d1": [[11.512925464970229, 4.200356749497744]], "merge_d2": [[11.512925464970229, 6.529072541975522]], "argmin_dic": [[100000, 2]], "time_elapsed": 374.0580861568451}