{"exact_d1": [[6.907755278982137, 3.6951963983950065], [8.153349757998892, 3.840443274002742], [8.691146498539675, 3.7890086956308826], [9.038958755220563, 3.7961396503162543], [9.296518068217235, 3.6955502011175447], [9.501142571764207, 3.7020068580351713], [9.670924779305427, 3.7725749298755678], [9.816021526754852, 3.787941595125541], [9.94270826568941, 3.7375283718650443], [10.055135102145268, 3.7775496245995375], [10.156189906091882, 3.6963451225920765], [10.247963389017864, 3.7390094271469994], [10.332017933575289, 3.727899715795748], [10.409551859200409, 3.748992624675603], [10.481504425842441, 3.764352175852163], [10.548625513909712, 3.763566199539691], [10.611523345589823, 3.7221263811328207], [10.67069806139613, 3.7671984938846603], [10.726565902688105, 3.76140834237974], [10.779476987636757, 3.7422092581687627], [10.829728615263452, 3.779924218954653], [10.8775753831365, 3.791111315083979], [10.923236992778513, 3.6765676919152313], [10.966904349300577, 3.6843664963301936], [11.008744383922906, 3.8136916961114986], [11.04890390740204, 3.7152066806266806], [11.087512719052368, 3.7400422191944336], [11.124686137527133, 3.8126925497531183], [11.160527077798756, 3.7629019636874794], [11.195127768613824, 3.7580004062730397], [11.228571182611121, 3.7366015623166784], [11.260932234926955, 3.725947745542481], [11.292278793854607, 3.763739384911022], [11.322672537849993, 3.7503298625927415], [11.352169686090834, 3.7634588262564015], [11.38082162433689, 3.7601992555877803], [11.40867544359643, 3.781878082299718], [11.435774405781814, 3.7245463482636216], [11.462158347916576, 3.795549909118291], [11.487864034374857, 3.740975502757458]], "exact_d2": [[6.907755278982137, 6.854348682055322], [8.153349757998892, 6.09903668249738], [8.691146498539675, 7.577495825366198], [9.038958755220563, 7.478331362197419], [9.296518068217235, 7.213343619552637], [9.501142571764207, 6.644955628372031], [9.670924779305427, 6.716412794941359], [9.816021526754852, 7.109358983619677], [9.94270826568941, 6.38587912846364], [10.055135102145268, 6.967921311413942], [10.156189906091882, 6.586075152830979], [10.247963389017864, 7.030695839910491], [10.332017933575289, 7.622583855661182], [10.409551859200409, 6.673352594647301], [10.481504425842441, 7.394044110016422], [10.548625513909712, 6.732422889066446], [10.611523345589823, 6.999268928809941], [10.67069806139613, 6.966405255097428], [10.726565902688105, 7.001983546097866], [10.779476987636757, 6.624112561018333], [10.829728615263452, 7.08634709896678], [10.8775753831365, 6.9633900509548745], [10.923236992778513, 7.110550566668572], [10.966904349300577, 6.607295311245544], [11.008744383922906, 7.0060670329995975], [11.04890390740204, 6.6663605992368336], [11.087512719052368, 6.928269995051799], [11.124686137527133, 7.0981941068091885], [11.160527077798756, 6.704941104341394], [11.195127768613824, 7.249132608803841], [11.228571182611121, 6.608981123511904], [11.260932234926955, 7.0092348660791], [11.292278793854607, 7.192987645728515], [11.322672537849993, 6.980361969941031], [11.352169686090834, 6.791999012741346], [11.38082162433689, 7.047081498859437], [11.40867544359643, 6.8543853612171635], [11.435774405781814, 6.976346438828594], [11.462158347916576, 6.72699568746705], [11.487864034374857, 7.279497794563252]], "over": [[6.907755278982137, 21.638839739012727], [8.153349757998892, 10.644464229492998], [8.691146498539675, 12.211152614473235], [9.038958755220563, 12.824715732744876], [9.296518068217235, 12.90938065408286], [9.501142571764207, 11.472901499951277], [9.670924779305427, 10.782091702321626], [9.816021526754852, 11.427591434777533], [9.94270826568941, 10.634526744467225], [10.055135102145268, 10.668190334842624], [10.156189906091882, 11.587762048408718], [10.247963389017864, 11.913117479727715], [10.332017933575289, 13.633310269610655], [10.409551859200409, 10.889975570795883], [10.481504425842441, 11.21986552607258], [10.548625513909712, 10.691605714416715], [10.611523345589823, 11.954480341157174], [10.67069806139613, 10.87436907170655], [10.726565902688105, 11.629043744957842], [10.779476987636757, 10.09738929266615], [10.829728615263452, 9.990691160454823], [10.8775753831365, 11.526719356466144], [10.923236992778513, 11.407869420377638], [10.966904349300577, 10.405543572331785], [11.008744383922906, 9.824347390602632], [11.04890390740204, 10.40916456576771], [11.087512719052368, 11.639332704992018], [11.124686137527133, 11.914187109298565], [11.160527077798756, 10.410003415533707], [11.195127768613824, 12.373168799867834], [11.228571182611121, 10.118735200301945], [11.260932234926955, 10.980636860992188], [11.292278793854607, 11.076538498480733], [11.322672537849993, 10.563112887033332], [11.352169686090834, 10.00825014710759], [11.38082162433689, 11.4857533261207], [11.40867544359643, 9.808503348285571], [11.435774405781814, 10.878472595179586], [11.462158347916576, 10.2702187415614], [11.487864034374857, 10.541800067738071]], "merge_d1": [[6.907755278982137, 3.7150300132892236], [8.153349757998892, 3.9144510033310898], [8.691146498539675, 4.37673499039969], [9.038958755220563, 3.8419661333851955], [9.296518068217235, 3.839399685435974], [9.501142571764207, 3.7794915266306934], [9.670924779305427, 4.441095965284891], [9.816021526754852, 4.327297692453382], [9.94270826568941, 4.442347356579351], [10.055135102145268, 3.8775454032435897], [10.156189906091882, 4.457361231947562], [10.247963389017864, 3.813925751606511], [10.332017933575289, 3.84968773092164], [10.409551859200409, 3.8680982911243396], [10.481504425842441, 3.859201158343103], [10.548625513909712, 3.8483638617163454], [10.611523345589823, 3.787322395969535], [10.67069806139613, 3.8776425468821203], [10.726565902688105, 3.865213170681975], [10.779476987636757, 4.332505019427575], [10.829728615263452, 4.488637692916272], [10.8775753831365, 4.453077284680959], [10.923236992778513, 3.769524813383643], [10.966904349300577, 3.7896094720864566], [11.008744383922906, 4.539496135728616], [11.04890390740204, 4.390251840072505], [11.087512719052368, 3.8111586091072907], [11.124686137527133, 3.891245519982946], [11.160527077798756, 3.8428496303994075], [11.195127768613824, 3.8292077635220685], [11.228571182611121, 3.8259903969703926], [11.260932234926955, 3.828002713680387], [11.292278793854607, 4.365847321715321], [11.322672537849993, 4.467138537363442], [11.352169686090834, 3.8495192545185213], [11.38082162433689, 4.48592593165403], [11.40867544359643, 4.4357715899501065], [11.435774405781814, 4.317079751206706], [11.462158347916576, 3.9070932706568122], [11.487864034374857, 4.317572245703622]],