{"exact_d1": [[6.906754778648554, 3.290881349426677], [7.022868086082641, 4.20503123266407], [7.1372784372603855, 3.564878934437313], [7.252762418053187, 3.9486251231051943], [7.367708572374371, 3.9130282664688134], [7.48324441607385, 3.780080191919208], [7.598399329323964, 3.765824548192755], [7.71333788887187, 4.560898092003835], [7.828436359157585, 4.217046977042429], [7.943782692458625, 3.8521454801885326], [8.058960017769417, 3.345815376865777], [8.17413934342947, 3.7519985229695316], [8.289288323000317, 3.560866993136022], [8.404248432400102, 4.103628438097081], [8.519390774959724, 3.620209017250896], [8.634620608292202, 4.003098453769658], [8.74973246437081, 3.5806749517358836], [8.86488793377419, 3.8244649302423794], [8.980046316633132, 3.6458890178144134], [9.095153962167066, 4.051643519315488], [9.210340371976184, 4.021187076351754], [9.325453179076687, 3.401119722688802], [9.44057869576626, 4.101388589758139], [9.555701556014641, 3.916212997693699], [9.670798588378387, 3.7863025288218095], [9.785941988681085, 3.6810949146511938], [9.901084667919818, 3.559445128526616], [10.016235712227882, 4.001979168452582], [10.131339999578072, 3.7723127226280333], [10.246474238267561, 3.911920570327372], [10.36160835987009, 3.524467921207446], [10.476752620919227, 3.903632892757142], [10.591873415994362, 3.558059047205182], [10.707012640565683, 3.6076060613332412], [10.822135503983962, 3.5020346859380704], [10.937276835160228, 3.5505018666498507], [11.05239680608701, 3.7252643633703006], [11.167529530327974, 3.7211507945596836], [11.28265658871343, 3.972010022478791], [11.397795157716597, 3.4663535219001065]], "exact_d2": [[6.906754778648554, 8.910542780993145], [7.022868086082641, 7.907279225168476], [7.1372784372603855, 5.424829015809749], [7.252762418053187, 12.148638232837127], [7.367708572374371, 8.332154184853467], [7.48324441607385, 5.0470897150540175], [7.598399329323964, 10.89830278622933], [7.71333788887187, 12.848490644351134], [7.828436359157585, 21.851385292524785], [7.943782692458625, 8.245850687632297], [8.058960017769417, 7.224481233235744], [8.17413934342947, 6.590174838492684], [8.289288323000317, 8.391788645684551], [8.404248432400102, 6.948493993401244], [8.519390774959724, 12.706039152594284], [8.634620608292202, 6.739098507087236], [8.74973246437081, 10.240291706577642], [8.86488793377419, 6.125471259327182], [8.980046316633132, 6.389711418750927], [9.095153962167066, 11.272240957654509], [9.210340371976184, 8.218539115167685], [9.325453179076687, 8.61206440442494], [9.44057869576626, 10.872806482011468], [9.555701556014641, 7.213362286757739], [9.670798588378387, 6.612243855577343], [9.785941988681085, 6.433630522955494], [9.901084667919818, 8.36692315032274], [10.016235712227882, 8.419389326631183], [10.131339999578072, 6.639447509978105], [10.246474238267561, 7.2728669260588905], [10.36160835987009, 9.03353480179666], [10.476752620919227, 7.319809967846532], [10.591873415994362, 9.287462531638445], [10.707012640565683, 4.991280090437441], [10.822135503983962, 9.87652027090968], [10.937276835160228, 8.375342526875817], [11.05239680608701, 6.730310703284571], [11.167529530327974, 9.400019681153275], [11.28265658871343, 8.677064077040765], [11.397795157716597, 8.35372425356561]], "over": [[6.906754778648554, 35.18004641914464], [7.022868086082641, 28.518378877848598], [7.1372784372603855, 29.474674271193617], [7.252762418053187, 25.206691409229283], [7.367708572374371, 17.95487245717325], [7.48324441607385, 36.442854283335855], [7.598399329323964, 27.35535956805211], [7.71333788887187, 36.667293002177466], [7.828436359157585, 18.278001769136026], [7.943782692458625, 14.167394439322157], [8.058960017769417, 17.57163835075341], [8.17413934342947, 15.883530045642441], [8.289288323000317, 19.837599959073618], [8.404248432400102, 7.927761294466145], [8.519390774959724, 25.907965659792907], [8.634620608292202, 10.86439596743023], [8.74973246437081, 11.871310271412781], [8.86488793377419, 19.02343932886811], [8.980046316633132, 13.548519165782603], [9.095153962167066, 10.607802365079102], [9.210340371976184, 13.653572232688111], [9.325453179076687, 11.849163856218347], [9.44057869576626, 19.602056414440263], [9.555701556014641, 15.846663654883184], [9.670798588378387, 12.473835212857011], [9.785941988681085, 15.69001053129662], [9.901084667919818, 16.65361246894117], [10.016235712227882, 11.895338067632483], [10.131339999578072, 16.628547609039092], [10.246474238267561, 8.88400706894268], [10.36160835987009, 12.754907455657282], [10.476752620919227, 10.33974937522759], [10.591873415994362, 12.242727708091463], [10.707012640565683, 9.272766162179904], [10.822135503983962, 14.40073239487674], [10.937276835160228, 13.519543381586645], [11.05239680608701, 14.813493958982741], [11.167529530327974, 9.341116290977943], [11.28265658871343, 10.299268049798135], [11.397795157716597, 8.588024350813027]], "merge_d1": [[6.906754778648554, 5.017988995627921], [7.022868086082641, 4.619210087290614], [7.1372784372603855, 4.673300712209462], [7.252762418053187, 4.199881749776571], [7.367708572374371, 4.449418501211674], [7.48324441607385, 5.296790774009884], [7.598399329323964, 4.377683934042943], [7.71333788887187, 6.549233496512578], [7.828436359157585, 4.0899870027172165], [7.943782692458625, 4.044457191920435], [8.058960017769417, 4.714636271887837], [8.17413934342947, 4.181157555399371], [8.289288323000317, 3.941279647638769], [8.404248432400102, 4.096009859388208], [8.519390774959724, 4.540804306653181], [8.634620608292202, 4.340257688141646], [8.74973246437081, 4.078936213204143], [8.86488793377419, 3.7713616688634883], [8.980046316633132, 4.280412643734507], [9.095153962167066, 4.282292862821542], [9.210340371976184, 4.209584618757908], [9.325453179076687, 4.243192038970757], [9.44057869576626, 4.019494608177032], [9.555701556014641, 4.056532411626963], [9.670798588378387, 4.118376730391438], [9.785941988681085, 4.030145671257642], [9.901084667919818, 4.110184628550044], [10.016235712227882, 4.427843293007205], [10.131339999578072, 4.225216215728428], [10.246474238267561, 4.206223505959577], [10.36160835987009, 4.2003992177453515], [10.476752620919227, 3.978703438270601], [10.591873415994362, 4.125857099673369], [10.707012640565683, 4.3620412439230085], [10.822135503983962, 4.1775015632538235], [10.937276835160228, 4.175736225783122], [11.05239680608701, 4.095992611835303], [11.167529530327974, 4.235518118524875], [11.28265658871343, 4.246839761089916], [11.397795157716597, 4.174587587656889]],