{"exact_d1": [[6.907755278982137, 3.75979751036698], [8.153349757998892, 3.702430997201567], [8.691146498539675, 3.6525217884722103], [9.038958755220563, 3.7328485632924195], [9.296518068217235, 3.904841069686344], [9.501142571764207, 3.6842527096304543], [9.670924779305427, 3.7821352174442726], [9.816021526754852, 3.7587398263083225], [9.94270826568941, 3.6859391600789864], [10.055135102145268, 3.7353090369366075], [10.156189906091882, 3.7366770380422025], [10.247963389017864, 3.7153098913419798], [10.332017933575289, 3.807009993690115], [10.409551859200409, 3.7266164733271983], [10.481504425842441, 3.7011412703877697], [10.548625513909712, 3.779127107528303], [10.611523345589823, 3.7569289746045573], [10.67069806139613, 3.7709604452017538], [10.726565902688105, 3.753282920934987], [10.779476987636757, 3.7430619618627623], [10.829728615263452, 3.6789241705854976], [10.8775753831365, 3.718367231305642], [10.923236992778513, 3.675257045704727], [10.966904349300577, 3.804456324187433], [11.008744383922906, 3.7409044564543428], [11.04890390740204, 3.7892355346471693], [11.087512719052368, 3.7620989330633], [11.124686137527133, 3.784592355647715], [11.160527077798756, 3.733712407541906], [11.195127768613824, 3.7996116324308415], [11.228571182611121, 3.730040107135432], [11.260932234926955, 3.7297279108322225], [11.292278793854607, 3.7828940530878516], [11.322672537849993, 3.715543423717835], [11.352169686090834, 3.696854425015918], [11.38082162433689, 3.7626064373990395], [11.40867544359643, 3.7101999504961998], [11.435774405781814, 3.7396348657763774], [11.462158347916576, 3.7646454805796554], [11.487864034374857, 3.755985736196457]], "exact_d2": [[6.907755278982137, 8.25046176167646], [8.153349757998892, 6.815660155731261], [8.691146498539675, 6.702379057784857], [9.038958755220563, 6.863231714957331], [9.296518068217235, 6.690676883788925], [9.501142571764207, 7.762573147649693], [9.670924779305427, 7.191551682076687], [9.816021526754852, 6.965026416182829], [9.94270826568941, 6.88052641224564], [10.055135102145268, 6.735695808507828], [10.156189906091882, 6.896949793599008], [10.247963389017864, 7.132433292269898], [10.332017933575289, 7.191864390010503], [10.409551859200409, 6.971859755074405], [10.481504425842441, 7.525227960024863], [10.548625513909712, 7.119586808952684], [10.611523345589823, 7.1012983396820175], [10.67069806139613, 6.946699324755844], [10.726565902688105, 7.2637192441010034], [10.779476987636757, 6.523949254763692], [10.829728615263452, 6.8276338168138775], [10.8775753831365, 6.935846582287657], [10.923236992778513, 6.777569193336903], [10.966904349300577, 7.0645621574994415], [11.008744383922906, 6.6274755550144], [11.04890390740204, 7.291887582102415], [11.087512719052368, 6.9407386987339725], [11.124686137527133, 6.609463589702211], [11.160527077798756, 6.524846560039017], [11.195127768613824, 7.246572982963131], [11.228571182611121, 7.395603262059607], [11.260932234926955, 7.188306035821414], [11.292278793854607, 6.992714429268419], [11.322672537849993, 6.637064454334329], [11.352169686090834, 6.8370011712056975], [11.38082162433689, 7.089224289144939], [11.40867544359643, 7.038150027382742], [11.435774405781814, 6.759282178276478], [11.462158347916576, 6.692325302392927], [11.487864034374857, 6.976746085749398]], "over": [[6.907755278982137, 13.222834370571888], [8.153349757998892, 16.193000398580455], [8.691146498539675, 10.828340994796], [9.038958755220563, 13.34159051060414], [9.296518068217235, 10.602104696270146], [9.501142571764207, 13.113479527525525], [9.670924779305427, 11.54797099599166], [9.816021526754852, 9.916405982940041], [9.94270826568941, 10.560536030540929], [10.055135102145268, 10.735760328121163], [10.156189906091882, 10.68244038068474], [10.247963389017864, 11.152930569858619], [10.332017933575289, 11.070051966574724], [10.409551859200409, 10.316637004736302], [10.481504425842441, 10.722352986143655], [10.548625513909712, 10.506253612957128], [10.611523345589823, 10.34642427616373], [10.67069806139613, 10.682429840460417], [10.726565902688105, 11.378060009828593], [10.779476987636757, 9.44140705657334], [10.829728615263452, 10.419238606422176], [10.8775753831365, 11.615448454070414], [10.923236992778513, 10.5489810321457], [10.966904349300577, 10.478291070762074], [11.008744383922906, 10.41477474102935], [11.04890390740204, 11.41851311552297], [11.087512719052368, 10.4950684803931], [11.124686137527133, 10.942854870853822], [11.160527077798756, 10.27685597019901], [11.195127768613824, 11.907632691010107], [11.228571182611121, 12.013907434497359], [11.260932234926955, 11.461878869304433], [11.292278793854607, 11.360970529312137], [11.322672537849993, 9.915881135737393], [11.352169686090834, 10.562496135625368], [11.38082162433689, 10.87127242395366], [11.40867544359643, 10.784454384257838], [11.435774405781814, 10.527078159678334], [11.462158347916576, 10.560950902726663], [11.487864034374857, 10.734079646033617]], "merge_d1": [[6.907755278982137, 5.088659313133397], [8.153349757998892, 4.306593931367996], [8.691146498539675, 3.676400097154315], [9.038958755220563, 4.709716500482003], [9.296518068217235, 4.009775612956242], [9.501142571764207, 3.7368717892339482], [9.670924779305427, 4.398296081471283], [9.816021526754852, 4.447953312225258], [9.94270826568941, 4.3553884421790245], [10.055135102145268, 4.351789680916551], [10.156189906091882, 4.312294955515643], [10.247963389017864, 4.591090164994013], [10.332017933575289, 3.891930641128859], [10.409551859200409, 4.384504831348512], [10.481504425842441, 4.396796911310619], [10.548625513909712, 4.520282963234178], [10.611523345589823, 3.8257094904614597], [10.67069806139613, 3.8583488225499933], [10.726565902688105, 4.408444263264507], [10.779476987636757, 4.420611276565747], [10.829728615263452, 4.631613508798056], [10.8775753831365, 4.418886951325398], [10.923236992778513, 3.7798838314222256], [10.966904349300577, 4.510523860678552], [11.008744383922906, 3.86921621415905], [11.04890390740204, 4.394326944251257], [11.087512719052368, 3.8497415419295837], [11.124686137527133, 3.85473012496923], [11.160527077798756, 3.8392588281113955], [11.195127768613824, 4.359709074945615], [11.228571182611121, 4.3485536758837116], [11.260932234926955, 4.342454023050651], [11.292278793854607, 3.860820876117976], [11.322672537849993, 4.3780470337615425], [11.352169686090834, 4.3468391259929895], [11.38082162433689, 3.853693243393351], [11.40867544359643, 4.404826699532143], [11.435774405781814, 4.380049659447291], [11.462158347916576, 4.487583736534549], [11.487864034374857, 4.393819376366225]],