{"exact_d1": [[6.906754778648554, 6.983225209170607], [7.022868086082641, 4.235263947187561], [7.1372784372603855, 3.706671014634599], [7.252762418053187, 3.973996115361614], [7.367708572374371, 4.30971795059106], [7.48324441607385, 3.634622265749053], [7.598399329323964, 3.3493240212790787], [7.71333788887187, 3.277746983670149], [7.828436359157585, 3.4420291302393395], [7.943782692458625, 3.9448055207464363], [8.058960017769417, 4.258002871437401], [8.17413934342947, 3.4705129430599757], [8.289288323000317, 3.8517916427200976], [8.404248432400102, 3.496698744001481], [8.519390774959724, 3.9723155808892163], [8.634620608292202, 3.636744359812973], [8.74973246437081, 3.4784653902209226], [8.86488793377419, 3.7240004138651255], [8.980046316633132, 3.787534752728829], [9.095153962167066, 3.9266194130083436], [9.210340371976184, 3.6626196305258416], [9.325453179076687, 3.919703039572571], [9.44057869576626, 3.3830007026730247], [9.555701556014641, 3.615920308264141], [9.670798588378387, 4.018590904728011], [9.785941988681085, 3.9101325524907398], [9.901084667919818, 3.5198871731482284], [10.016235712227882, 3.6974675911114656], [10.131339999578072, 3.789933946556377], [10.246474238267561, 3.617365164351623], [10.36160835987009, 3.901443646531885], [10.476752620919227, 3.653314936781477], [10.591873415994362, 3.797023034994684], [10.707012640565683, 3.5978791076012078], [10.822135503983962, 3.7140826710064694], [10.937276835160228, 3.878824702010425], [11.05239680608701, 3.5006039386940118], [11.167529530327974, 3.905649615445788], [11.28265658871343, 3.7803629842569166], [11.397795157716597, 3.8260601089536874]], "exact_d2": [[6.906754778648554, 36.40262183827092], [7.022868086082641, 11.960441399296439], [7.1372784372603855, 11.939136188583813], [7.252762418053187, 10.139818809654631], [7.367708572374371, 12.734517702207807], [7.48324441607385, 7.601021671849894], [7.598399329323964, 7.048712878048419], [7.71333788887187, 13.877132905251], [7.828436359157585, 6.618621496542486], [7.943782692458625, 10.696433765935529], [8.058960017769417, 14.275856755727425], [8.17413934342947, 6.845030793559563], [8.289288323000317, 10.493108688056322], [8.404248432400102, 8.43791813195463], [8.519390774959724, 8.0718906863164], [8.634620608292202, 10.992458020978363], [8.74973246437081, 7.440788217029641], [8.86488793377419, 6.5315678329150835], [8.980046316633132, 6.639015274886778], [9.095153962167066, 8.417606684549334], [9.210340371976184, 7.581542948657794], [9.325453179076687, 7.126605473677299], [9.44057869576626, 7.241885328954118], [9.555701556014641, 6.113043555561356], [9.670798588378387, 9.919996759207432], [9.785941988681085, 6.423892945162274], [9.901084667919818, 9.876776423416882], [10.016235712227882, 5.512948183558758], [10.131339999578072, 7.69491728991343], [10.246474238267561, 10.744541164481861], [10.36160835987009, 7.241694029293028], [10.476752620919227, 6.229819235701433], [10.591873415994362, 7.089843062159817], [10.707012640565683, 8.697071421501787], [10.822135503983962, 6.6105715499555435], [10.937276835160228, 7.91755038870816], [11.05239680608701, 10.905174642101333], [11.167529530327974, 7.0433635887033885], [11.28265658871343, 7.301100848120335], [11.397795157716597, 6.414373698654417]], "over": [[6.906754778648554, 53.88856359742306], [7.022868086082641, 25.90831211691585], [7.1372784372603855, 28.559418452691478], [7.252762418053187, 33.40357935477926], [7.367708572374371, 15.010965907365515], [7.48324441607385, 17.09006122682704], [7.598399329323964, 21.211027666391708], [7.71333788887187, 29.80761533026765], [7.828436359157585, 34.85095039903719], [7.943782692458625, 23.687170184777713], [8.058960017769417, 26.122120845307382], [8.17413934342947, 16.021022216614266], [8.289288323000317, 18.718808246768113], [8.404248432400102, 16.624471063140792], [8.519390774959724, 15.752343887934565], [8.634620608292202, 13.665351111003288], [8.74973246437081, 12.098040785631389], [8.86488793377419, 11.293295521196564], [8.980046316633132, 15.655724033425324], [9.095153962167066, 16.355353328783956], [9.210340371976184, 12.862331973953422], [9.325453179076687, 11.406545861861765], [9.44057869576626, 10.488593317925291], [9.555701556014641, 11.577849624972387], [9.670798588378387, 8.765589969256924], [9.785941988681085, 10.561644867440485], [9.901084667919818, 11.822770423813415], [10.016235712227882, 15.210941985460106], [10.131339999578072, 16.445244862014707], [10.246474238267561, 14.376089784239525], [10.36160835987009, 13.24919341459277], [10.476752620919227, 13.016434759351762], [10.591873415994362, 13.220416529297895], [10.707012640565683, 8.141669339147786], [10.822135503983962, 8.945028354997866], [10.937276835160228, 9.001500215822539], [11.05239680608701, 13.175366542441276], [11.167529530327974, 10.10251801743077], [11.28265658871343, 9.427059561523619], [11.397795157716597, 11.614571284126065]], "merge_d1": [[6.906754778648554, 6.274440896060729], [7.022868086082641, 5.831278796402621], [7.1372784372603855, 5.376527926948071], [7.252762418053187, 5.779945309158482], [7.367708572374371, 4.65023777720286], [7.48324441607385, 4.329440900367905], [7.598399329323964, 5.136985299774025], [7.71333788887187, 4.813267247610911], [7.828436359157585, 6.042745625893797], [7.943782692458625, 4.897847143474066], [8.058960017769417, 5.065380745720707], [8.17413934342947, 4.36304757982564], [8.289288323000317, 4.479267566000585], [8.404248432400102, 4.301737838551078], [8.519390774959724, 4.356646121503281], [8.634620608292202, 4.386266990176389], [8.74973246437081, 4.298158067966456], [8.86488793377419, 4.210619818238814], [8.980046316633132, 4.0662516157835675], [9.095153962167066, 4.349901410268085], [9.210340371976184, 4.290985470608434], [9.325453179076687, 4.365548166462684], [9.44057869576626, 4.289244776295591], [9.555701556014641, 4.094418148596388], [9.670798588378387, 4.162304026184976], [9.785941988681085, 4.011316818782429], [9.901084667919818, 4.073368636886835], [10.016235712227882, 4.1766452592041965], [10.131339999578072, 4.410152565396714], [10.246474238267561, 3.9965880722329916], [10.36160835987009, 4.087916631588028], [10.476752620919227, 4.245878483274191], [10.591873415994362, 4.154730785285844], [10.707012640565683, 4.140519870235269], [10.822135503983962, 4.189836867759786], [10.937276835160228, 4.240027170071607], [11.05239680608701, 4.0328281385012765], [11.167529530327974, 4.3314101242747345], [11.28265658871343, 4.282392671784264], [11.397795157716597, 3.9902686228779185]],