{"exact_d1": [[11.512925464970229, 3.894464087911053]], "exact_d2": [[11.512925464970229, 6.88349225125715]], "over": [[11.512925464970229, 13.312521280234142]], "merge_d1": [[11.512925464970229, 4.292666554165994]], "merge_d2": [[11.512925464970229, 7.956356860399877]], "argmin_dic": [[100000, 2]], "time_elapsed": 234.74556016921997}