{"exact_d1": [[11.512925464970229, 3.85131596425695]], "exact_d2": [[11.512925464970229, 6.86610239895222]], "over": [[11.512925464970229, 8.876035159253199]], "merge_d1": [[11.512925464970229, 4.3339664643185865]], "merge_d2": [[11.512925464970229, 6.126946667235364]], "argmin_dic": [[100000, 2]], "time_elapsed": 228.29038667678833}