{"exact_d1": [[6.907755278982137, 3.8538004490310875], [8.153349757998892, 3.8220026498330775], [8.691146498539675, 3.8858437406191206], [9.038958755220563, 3.750082225448348], [9.296518068217235, 3.756016791154403], [9.501142571764207, 3.6663988087417048], [9.670924779305427, 3.7247367885340386], [9.816021526754852, 3.744684564852305], [9.94270826568941, 3.7880016884276047], [10.055135102145268, 3.701726567485818], [10.156189906091882, 3.7685744950208817], [10.247963389017864, 3.803600514916051], [10.332017933575289, 3.7998313821401353], [10.409551859200409, 3.8120801053156113], [10.481504425842441, 3.7578858504218204], [10.548625513909712, 3.822035590275488], [10.611523345589823, 3.7974790639799614], [10.67069806139613, 3.8056586388433398], [10.726565902688105, 3.731388133830151], [10.779476987636757, 3.7918326315177797], [10.829728615263452, 3.743913297772712], [10.8775753831365, 3.7714826277246853], [10.923236992778513, 3.7889413883042935], [10.966904349300577, 3.6966586393154617], [11.008744383922906, 3.765301283677601], [11.04890390740204, 3.765439359383261], [11.087512719052368, 3.7524738858343527], [11.124686137527133, 3.7151611247869396], [11.160527077798756, 3.735531060280975], [11.195127768613824, 3.8074652919985708], [11.228571182611121, 3.7469108993789075], [11.260932234926955, 3.7279060077547372], [11.292278793854607, 3.724862101939551], [11.322672537849993, 3.7669263566879154], [11.352169686090834, 3.7881376675362732], [11.38082162433689, 3.752834645297098], [11.40867544359643, 3.7315905179242264], [11.435774405781814, 3.787677959783948], [11.462158347916576, 3.7142665048926964], [11.487864034374857, 3.7276991612428416]], "exact_d2": [[6.907755278982137, 6.0253998319656885], [8.153349757998892, 6.722292619401966], [8.691146498539675, 8.106990714067996], [9.038958755220563, 7.535496392550449], [9.296518068217235, 7.045574358779944], [9.501142571764207, 7.152293299244123], [9.670924779305427, 7.091019086458599], [9.816021526754852, 6.63962439028672], [9.94270826568941, 6.367549070975342], [10.055135102145268, 6.919711033573896], [10.156189906091882, 7.410883236303554], [10.247963389017864, 7.180628207776684], [10.332017933575289, 6.572980887779206], [10.409551859200409, 7.282674298465333], [10.481504425842441, 6.891044978778049], [10.548625513909712, 6.9394615941471915], [10.611523345589823, 6.798221121040208], [10.67069806139613, 7.066782211118204], [10.726565902688105, 6.891458283453781], [10.779476987636757, 6.712216189374443], [10.829728615263452, 6.856202195939769], [10.8775753831365, 6.7907183124764945], [10.923236992778513, 7.142284352729376], [10.966904349300577, 6.704943278445267], [11.008744383922906, 6.957857920150523], [11.04890390740204, 6.692734319989759], [11.087512719052368, 6.671618999935231], [11.124686137527133, 6.612413955331532], [11.160527077798756, 6.901048197892848], [11.195127768613824, 6.826116116630973], [11.228571182611121, 7.216402775977705], [11.260932234926955, 6.874370801723484], [11.292278793854607, 6.809065817802581], [11.322672537849993, 6.747882833829427], [11.352169686090834, 7.084179240398374], [11.38082162433689, 7.179301428805157], [11.40867544359643, 6.9500395606014855], [11.435774405781814, 7.091925417132818], [11.462158347916576, 7.0887694104080206], [11.487864034374857, 6.791713821331026]], "over": [[6.907755278982137, 20.552781629657748], [8.153349757998892, 12.656146782574654], [8.691146498539675, 12.949728855093273], [9.038958755220563, 12.061598213308805], [9.296518068217235, 11.628079878869283], [9.501142571764207, 10.990462132936976], [9.670924779305427, 10.777611073100632], [9.816021526754852, 11.865261560153812], [9.94270826568941, 9.860564200644701], [10.055135102145268, 11.666646264329621], [10.156189906091882, 10.948988837243572], [10.247963389017864, 11.10991378526595], [10.332017933575289, 10.834562456772955], [10.409551859200409, 11.292090651793917], [10.481504425842441, 10.722997967933509], [10.548625513909712, 10.65946778307611], [10.611523345589823, 9.8714924354015], [10.67069806139613, 10.39158750088876], [10.726565902688105, 10.692057193629562], [10.779476987636757, 10.949977576856325], [10.829728615263452, 10.986897541444556], [10.8775753831365, 10.400888511930795], [10.923236992778513, 11.055819855691745], [10.966904349300577, 10.50074114256958], [11.008744383922906, 10.543177146575871], [11.04890390740204, 9.556978267792218], [11.087512719052368, 10.235953847310597], [11.124686137527133, 11.100956689977048], [11.160527077798756, 10.756675683101047], [11.195127768613824, 10.458038364643551], [11.228571182611121, 11.36400453456789], [11.260932234926955, 11.906021361404223], [11.292278793854607, 10.460202336954456], [11.322672537849993, 10.71179622985237], [11.352169686090834, 10.9684081997388], [11.38082162433689, 12.350625427229009], [11.40867544359643, 9.95444886528855], [11.435774405781814, 10.947710226956248], [11.462158347916576, 10.5155858489681], [11.487864034374857, 10.521878161395797]], "merge_d1": [[6.907755278982137, 5.356639613123043], [8.153349757998892, 3.8544801315226955], [8.691146498539675, 4.486902483789868], [9.038958755220563, 4.252351995118153], [9.296518068217235, 4.62265111193716], [9.501142571764207, 4.40799928814447], [9.670924779305427, 4.546075594709806], [9.816021526754852, 4.3975748935854755], [9.94270826568941, 3.866380856007822], [10.055135102145268, 3.780214278340375], [10.156189906091882, 4.455832935994938], [10.247963389017864, 4.390307941073604], [10.332017933575289, 4.52421528342669], [10.409551859200409, 3.951938445852993], [10.481504425842441, 3.8468158127140972], [10.548625513909712, 3.916890681721594], [10.611523345589823, 4.51824218303344], [10.67069806139613, 4.33181974739709], [10.726565902688105, 4.31080786029021], [10.779476987636757, 3.8669323736818084], [10.829728615263452, 4.451465139224317], [10.8775753831365, 4.421202884105648], [10.923236992778513, 3.8820648962714355], [10.966904349300577, 4.376322114487173], [11.008744383922906, 4.453894414477633], [11.04890390740204, 4.404454204559147], [11.087512719052368, 3.8661846584094017], [11.124686137527133, 4.399019513597184], [11.160527077798756, 3.8400051364795824], [11.195127768613824, 3.916729832498047], [11.228571182611121, 3.822226142598062], [11.260932234926955, 3.810341164257078], [11.292278793854607, 3.8137508828648534], [11.322672537849993, 4.334673226032516], [11.352169686090834, 3.887786012198566], [11.38082162433689, 3.8258512718600497], [11.40867544359643, 4.372348016734553], [11.435774405781814, 4.4838396758236305], [11.462158347916576, 3.78146092558189], [11.487864034374857, 3.839059674948073]],