{"exact_d1": [[11.512925464970229, 3.8884347257948972]], "exact_d2": [[11.512925464970229, 6.657943943746447]], "over": [[11.512925464970229, 13.467593161106981]], "merge_d1": [[11.512925464970229, 4.034574064012127]], "merge_d2": [[11.512925464970229, 7.1948362309685026]], "argmin_dic": [[100000, 2]], "time_elapsed": 522.6507184505463}