{"exact_d1": [[11.512925464970229, 3.773874948937434]], "exact_d2": [[11.512925464970229, 7.283841886077588]], "over": [[11.512925464970229, 10.20091247181789]], "merge_d1": [[11.512925464970229, 4.375517829424013]], "merge_d2": [[11.512925464970229, 6.8910623422542985]], "argmin_dic": [[100000, 2]], "time_elapsed": 214.82589983940125}