{"exact_d1": [[6.907755278982137, 3.6392612651024896], [8.153349757998892, 3.943932502711808], [8.691146498539675, 3.6882959920832046], [9.038958755220563, 3.805779464239152], [9.296518068217235, 3.7746377470339203], [9.501142571764207, 3.8966598536893495], [9.670924779305427, 3.7477377303730295], [9.816021526754852, 3.7478452373194413], [9.94270826568941, 3.656903650354958], [10.055135102145268, 3.7463455970637893], [10.156189906091882, 3.7586981991108055], [10.247963389017864, 3.748411811110966], [10.332017933575289, 3.760544568956024], [10.409551859200409, 3.79689155050323], [10.481504425842441, 3.7478635652057894], [10.548625513909712, 3.6835518185521123], [10.611523345589823, 3.766173261455114], [10.67069806139613, 3.748142034192047], [10.726565902688105, 3.7196093005436968], [10.779476987636757, 3.7984901853515223], [10.829728615263452, 3.6976426442172614], [10.8775753831365, 3.7494729548395687], [10.923236992778513, 3.7400688823147004], [10.966904349300577, 3.7406223030661656], [11.008744383922906, 3.735767020410802], [11.04890390740204, 3.7498101004920112], [11.087512719052368, 3.7768468835843594], [11.124686137527133, 3.786452170866427], [11.160527077798756, 3.7514687246882343], [11.195127768613824, 3.7563598390932165], [11.228571182611121, 3.745802650233003], [11.260932234926955, 3.7368623817334257], [11.292278793854607, 3.75983692672436], [11.322672537849993, 3.7397128917191242], [11.352169686090834, 3.756921063870632], [11.38082162433689, 3.7348505191101093], [11.40867544359643, 3.728466272005559], [11.435774405781814, 3.7498372303918504], [11.462158347916576, 3.762551630142507], [11.487864034374857, 3.7629925995720064]], "exact_d2": [[6.907755278982137, 7.721872393336544], [8.153349757998892, 7.049754257948335], [8.691146498539675, 6.336425364927268], [9.038958755220563, 6.691218564811135], [9.296518068217235, 6.6503988383051595], [9.501142571764207, 8.043606255005209], [9.670924779305427, 6.282232026177103], [9.816021526754852, 6.83903017887161], [9.94270826568941, 6.631423490890948], [10.055135102145268, 6.833686564592911], [10.156189906091882, 6.565450560300237], [10.247963389017864, 6.600393896557293], [10.332017933575289, 7.315405328069551], [10.409551859200409, 7.19353410231773], [10.481504425842441, 7.196153975558481], [10.548625513909712, 7.122890419604766], [10.611523345589823, 7.0417188407136315], [10.67069806139613, 7.010153182046358], [10.726565902688105, 6.879460742238975], [10.779476987636757, 6.777937218700925], [10.829728615263452, 7.034958156052183], [10.8775753831365, 7.0640978277029705], [10.923236992778513, 6.988668080779006], [10.966904349300577, 6.976880210187421], [11.008744383922906, 6.945391594741179], [11.04890390740204, 7.070943191516005], [11.087512719052368, 7.270749376159584], [11.124686137527133, 6.827749395440713], [11.160527077798756, 6.857682067104383], [11.195127768613824, 7.071829398310652], [11.228571182611121, 6.871980518621117], [11.260932234926955, 7.092011527336706], [11.292278793854607, 7.325740801941991], [11.322672537849993, 6.930201174025667], [11.352169686090834, 7.170898809572111], [11.38082162433689, 7.0956589023981875], [11.40867544359643, 6.927137402310017], [11.435774405781814, 7.308704487070032], [11.462158347916576, 6.740154308536139], [11.487864034374857, 6.75970523995756]], "over": [[6.907755278982137, 20.35212893144995], [8.153349757998892, 11.991607327810764], [8.691146498539675, 11.07253867327912], [9.038958755220563, 13.133196467976], [9.296518068217235, 11.486721362125708], [9.501142571764207, 12.137534621683367], [9.670924779305427, 9.387226042070566], [9.816021526754852, 10.546597468124158], [9.94270826568941, 10.09101938520424], [10.055135102145268, 10.376523105163743], [10.156189906091882, 10.47289880225041], [10.247963389017864, 10.534082870544056], [10.332017933575289, 11.038131837495984], [10.409551859200409, 11.141538293842226], [10.481504425842441, 10.801040577179407], [10.548625513909712, 11.040614969296309], [10.611523345589823, 10.843658621137095], [10.67069806139613, 12.161235279989487], [10.726565902688105, 10.263891953137815], [10.779476987636757, 10.297297229797293], [10.829728615263452, 10.854748601332483], [10.8775753831365, 11.243224546125395], [10.923236992778513, 11.263379057257588], [10.966904349300577, 10.350452402303455], [11.008744383922906, 11.847444973323347], [11.04890390740204, 11.064386963379821], [11.087512719052368, 11.994088135738417], [11.124686137527133, 9.779075897181215], [11.160527077798756, 11.003362639090085], [11.195127768613824, 10.498383691821035], [11.228571182611121, 12.63813927626987], [11.260932234926955, 12.343061265256463], [11.292278793854607, 12.40705827629073], [11.322672537849993, 10.867780161737493], [11.352169686090834, 11.085165245340125], [11.38082162433689, 10.982565760547441], [11.40867544359643, 10.698399104321735], [11.435774405781814, 11.272085304591272], [11.462158347916576, 10.367270041724634], [11.487864034374857, 10.351358074578418]], "merge_d1": [[6.907755278982137, 5.0730383030778645], [8.153349757998892, 4.606264729323526], [8.691146498539675, 4.3797649337322655], [9.038958755220563, 4.237505211915239], [9.296518068217235, 4.421866297329218], [9.501142571764207, 3.9840146780404715], [9.670924779305427, 3.8526273051458078], [9.816021526754852, 4.355559216423381], [9.94270826568941, 4.265542034458169], [10.055135102145268, 4.609890636870818], [10.156189906091882, 4.2415986282322615], [10.247963389017864, 4.42308689378728], [10.332017933575289, 4.431917411781415], [10.409551859200409, 3.9055566660409657], [10.481504425842441, 3.8314757631080782], [10.548625513909712, 4.458241789037531], [10.611523345589823, 3.8706818944685923], [10.67069806139613, 3.843080231869727], [10.726565902688105, 4.395749115011643], [10.779476987636757, 3.908173917328383], [10.829728615263452, 4.348659890780121], [10.8775753831365, 3.8764800021694112], [10.923236992778513, 4.3868347458566195], [10.966904349300577, 4.401345548863565], [11.008744383922906, 3.8052006401654164], [11.04890390740204, 3.852413829365067], [11.087512719052368, 4.451047461106198], [11.124686137527133, 4.723627021794132], [11.160527077798756, 4.360727011486935], [11.195127768613824, 3.842994428865477], [11.228571182611121, 4.611864938601176], [11.260932234926955, 4.352501412843222], [11.292278793854607, 4.5919000969296055], [11.322672537849993, 3.8297263867329616], [11.352169686090834, 3.8384416586433767], [11.38082162433689, 3.856674701835963], [11.40867544359643, 3.806954568913768], [11.435774405781814, 4.399928382161473], [11.462158347916576, 3.8726727779835346], [11.487864034374857, 3.8531996717353225]],