{"exact": [[6.907755278982137, 8.208364777378069], [8.153349757998892, 9.2743206926979], [8.691146498539675, 11.041038569827212], [9.038958755220563, 6.584149353103358], [9.296518068217235, 10.060748946284884], [9.501142571764207, 6.919474752226193], [9.670924779305427, 6.868593483859225], [9.816021526754852, 9.962046660506983], [9.94270826568941, 9.550581949077634], [10.055135102145268, 9.385803306269722], [10.156189906091882, 9.685137946067059], [10.247963389017864, 9.278100906390664], [10.332017933575289, 7.223095799613284], [10.409551859200409, 9.265250668418902], [10.481504425842441, 10.048672443771764], [10.548625513909712, 9.804834962804955], [10.611523345589823, 6.884270585309838], [10.67069806139613, 9.175228440152], [10.726565902688105, 9.623313721411131], [10.779476987636757, 6.763197457208219], [10.829728615263452, 9.387842062121406], [10.8775753831365, 9.804801090739831], [10.923236992778513, 9.93733668174261], [10.966904349300577, 9.311794098600629], [11.008744383922906, 7.051694824761532], [11.04890390740204, 9.914761756500456], [11.087512719052368, 9.917082015535929], [11.124686137527133, 9.789134333871946], [11.160527077798756, 10.091253735169266], [11.195127768613824, 6.644846863064971], [11.228571182611121, 9.816589036903316], [11.260932234926955, 9.371566445948549], [11.292278793854607, 6.885044098036341], [11.322672537849993, 7.014494492665015], [11.352169686090834, 9.772056162620832], [11.38082162433689, 7.024395334691859], [11.40867544359643, 7.087710476683494], [11.435774405781814, 9.31489908113323], [11.462158347916576, 9.648781824079132], [11.487864034374857, 6.705512298805107]], "over": [[6.907755278982137, 22.828651406502445], [8.153349757998892, 15.233738886765414], [8.691146498539675, 19.98632194087578], [9.038958755220563, 16.225121794247006], [9.296518068217235, 17.7614902919046], [9.501142571764207, 12.140035669347682], [9.670924779305427, 16.275988080444307], [9.816021526754852, 11.049730719386575], [9.94270826568941, 19.899968564125526], [10.055135102145268, 15.96817429685803], [10.156189906091882, 17.98462309498293], [10.247963389017864, 10.679430326359132], [10.332017933575289, 12.491707261044429], [10.409551859200409, 15.777908596742272], [10.481504425842441, 11.208913325883756], [10.548625513909712, 11.75971989547407], [10.611523345589823, 16.46846353309517], [10.67069806139613, 10.461432312362959], [10.726565902688105, 16.314409359435462], [10.779476987636757, 15.175684800215656], [10.829728615263452, 16.280266440335126], [10.8775753831365, 15.153607711303783], [10.923236992778513, 10.933701051382908], [10.966904349300577, 16.648140890962182], [11.008744383922906, 16.65208949657947], [11.04890390740204, 16.73938395179715], [11.087512719052368, 18.103260586071762], [11.124686137527133, 17.71092603801494], [11.160527077798756, 17.02922811332164], [11.195127768613824, 16.506379330264238], [11.228571182611121, 11.698273051478912], [11.260932234926955, 16.098058233057973], [11.292278793854607, 10.651063178148233], [11.322672537849993, 10.060630458530055], [11.352169686090834, 15.299340135406322], [11.38082162433689, 17.463901407480765], [11.40867544359643, 11.339830109877285], [11.435774405781814, 15.319419990535588], [11.462158347916576, 19.8875231608198], [11.487864034374857, 16.092169275352393]], "merge": [[6.907755278982137, 13.894286996567924], [8.153349757998892, 7.679479521588871], [8.691146498539675, 12.16145231493948], [9.038958755220563, 10.723246563737897], [9.296518068217235, 11.742390792917094], [9.501142571764207, 7.919121674558919], [9.670924779305427, 9.540386034267526], [9.816021526754852, 6.989620893857675], [9.94270826568941, 10.877832651979983], [10.055135102145268, 9.954070117192241], [10.156189906091882, 10.443125192153087], [10.247963389017864, 6.797021840519471], [10.332017933575289, 7.356983892834526], [10.409551859200409, 9.890888441343616], [10.481504425842441, 7.520631543066269], [10.548625513909712, 7.670349883168452], [10.611523345589823, 10.854412385112234], [10.67069806139613, 6.741633082017257], [10.726565902688105, 10.758923359725134], [10.779476987636757, 9.048698402833168], [10.829728615263452, 9.453755078973263], [10.8775753831365, 9.749802951581588], [10.923236992778513, 7.089534588176391], [10.966904349300577, 9.999954796061926], [11.008744383922906, 10.949349797298707], [11.04890390740204, 11.010050128871253], [11.087512719052368, 10.851823454298845], [11.124686137527133, 10.100936994569997], [11.160527077798756, 9.629208214010514], [11.195127768613824, 9.47466007940159], [11.228571182611121, 7.053664487192247], [11.260932234926955, 9.42429731861883], [11.292278793854607, 7.133205235492665], [11.322672537849993, 7.624640192626536], [11.352169686090834, 9.835591455151912], [11.38082162433689, 9.99723245643126], [11.40867544359643, 7.133446668995059], [11.435774405781814, 9.77996786465612], [11.462158347916576, 10.848832291361477], [11.487864034374857, 9.511676480151756]], "argmin_dic": [[1000, 2], [3475, 2], [5950, 2], [8425, 3], [10900, 3], [13375, 3], [15850, 3], [18325, 3], [20800, 3], [23275, 3], [25750, 3], [28225, 3], [30700, 3], [33175, 3], [35650, 3], [38125, 2], [40600, 3], [43075, 3], [45550, 3], [48025, 3], [50500, 3], [52975, 3], [55450, 3], [57925, 3], [60400, 3], [62875, 3], [65350, 3], [67825, 3], [70300, 3], [72775, 3], [75250, 3], [77725, 3], [80200, 3], [82675, 2], [85150, 3], [87625, 3], [90100, 3], [92575, 3], [95050, 3], [97525, 3]], "time_elapsed": 1784.3074214458466}