{"exact_d1": [[11.512925464970229, 3.727854374784564]], "exact_d2": [[11.512925464970229, 6.412554572964081]], "over": [[11.512925464970229, 14.263737399623027]], "merge_d1": [[11.512925464970229, 4.0178436995980995]], "merge_d2": [[11.512925464970229, 7.604703368071254]], "argmin_dic": [[100000, 2]], "time_elapsed": 459.1977822780609}