{"exact_d1": [[11.512925464970229, 3.9603113309825924]], "exact_d2": [[11.512925464970229, 7.434539543344585]], "over": [[11.512925464970229, 9.083236687231858]], "merge_d1": [[11.512925464970229, 4.368296057446763]], "merge_d2": [[11.512925464970229, 6.210882038461152]], "argmin_dic": [[100000, 2]], "time_elapsed": 413.04881596565247}