{"exact_d1": [[6.906754778648554, 4.135582559390581], [7.022868086082641, 3.9224532452957424], [7.1372784372603855, 3.72621135995767], [7.252762418053187, 4.578437916288905], [7.367708572374371, 4.247193096542778], [7.48324441607385, 4.27019113007846], [7.598399329323964, 4.605515876746738], [7.71333788887187, 4.067996928092011], [7.828436359157585, 4.067890213243484], [7.943782692458625, 3.894975952965159], [8.058960017769417, 4.063401164447049], [8.17413934342947, 3.285021195619745], [8.289288323000317, 4.180428684808858], [8.404248432400102, 3.338697153178955], [8.519390774959724, 3.2177887667938867], [8.634620608292202, 3.4841920578795516], [8.74973246437081, 3.9183564274577516], [8.86488793377419, 3.653246270208552], [8.980046316633132, 3.8198077420135426], [9.095153962167066, 3.775669656385295], [9.210340371976184, 3.721205981389052], [9.325453179076687, 3.7981654855059817], [9.44057869576626, 3.586885564397514], [9.555701556014641, 3.7058831875079745], [9.670798588378387, 3.7813810024753396], [9.785941988681085, 3.956993620569868], [9.901084667919818, 3.3904042330322866], [10.016235712227882, 3.834516830700724], [10.131339999578072, 3.8175035714694014], [10.246474238267561, 3.5521486252870154], [10.36160835987009, 3.3770397049785497], [10.476752620919227, 3.4473516856337687], [10.591873415994362, 3.764128994896395], [10.707012640565683, 3.568249957925695], [10.822135503983962, 3.4839393414859465], [10.937276835160228, 3.424875472032365], [11.05239680608701, 3.8954071116911604], [11.167529530327974, 3.501587472551817], [11.28265658871343, 3.4751928382860195], [11.397795157716597, 3.6547217897256985]], "exact_d2": [[6.906754778648554, 11.679663315894295], [7.022868086082641, 9.775480570565033], [7.1372784372603855, 12.743141653552112], [7.252762418053187, 9.936678289996857], [7.367708572374371, 9.05966237115418], [7.48324441607385, 12.869818205465277], [7.598399329323964, 19.748136731029735], [7.71333788887187, 10.411852107930352], [7.828436359157585, 11.810888000853254], [7.943782692458625, 9.461656225994258], [8.058960017769417, 9.714339611214866], [8.17413934342947, 6.111411107401414], [8.289288323000317, 6.357537031650101], [8.404248432400102, 8.626902485716009], [8.519390774959724, 7.018366972225061], [8.634620608292202, 9.676431956051157], [8.74973246437081, 6.337755072740701], [8.86488793377419, 5.236976011426065], [8.980046316633132, 8.470364978741541], [9.095153962167066, 6.379057573933685], [9.210340371976184, 12.17313439574809], [9.325453179076687, 11.594825347034194], [9.44057869576626, 5.113233421598835], [9.555701556014641, 6.554911344198573], [9.670798588378387, 7.821189792322153], [9.785941988681085, 7.789019624000906], [9.901084667919818, 8.606744621071394], [10.016235712227882, 6.670254501023781], [10.131339999578072, 6.905514257493302], [10.246474238267561, 7.881962171280716], [10.36160835987009, 8.280717337546553], [10.476752620919227, 9.534899554052208], [10.591873415994362, 6.830568906153528], [10.707012640565683, 10.401082248973822], [10.822135503983962, 9.142461152327808], [10.937276835160228, 8.689540639093513], [11.05239680608701, 7.836469282504526], [11.167529530327974, 9.711794160459451], [11.28265658871343, 9.119434901115142], [11.397795157716597, 5.30925055143299]], "over": [[6.906754778648554, 32.07960983235032], [7.022868086082641, 25.102133712097007], [7.1372784372603855, 33.91919739740165], [7.252762418053187, 26.220180251147887], [7.367708572374371, 28.02698499450557], [7.48324441607385, 36.123389981308456], [7.598399329323964, 20.08325776952317], [7.71333788887187, 30.39792150925997], [7.828436359157585, 13.765802033104366], [7.943782692458625, 26.94220707043674], [8.058960017769417, 20.49667785963601], [8.17413934342947, 22.086592958762232], [8.289288323000317, 19.734840276482576], [8.404248432400102, 7.691505518360255], [8.519390774959724, 14.971493490067767], [8.634620608292202, 13.607060275809776], [8.74973246437081, 21.569903051867126], [8.86488793377419, 14.813862422664041], [8.980046316633132, 12.34336097609928], [9.095153962167066, 21.369595527468647], [9.210340371976184, 13.924992382465083], [9.325453179076687, 19.614762522109135], [9.44057869576626, 9.67590769183739], [9.555701556014641, 12.249827183769542], [9.670798588378387, 17.17652232242041], [9.785941988681085, 16.117249148557104], [9.901084667919818, 17.270339516883542], [10.016235712227882, 11.41361355593372], [10.131339999578072, 12.462892810954916], [10.246474238267561, 10.50071036567447], [10.36160835987009, 8.864920824133154], [10.476752620919227, 11.04677979045173], [10.591873415994362, 17.02895879282892], [10.707012640565683, 11.310362343163842], [10.822135503983962, 8.79368646240253], [10.937276835160228, 9.373775094881271], [11.05239680608701, 10.033614896701295], [11.167529530327974, 12.130171315075138], [11.28265658871343, 15.157558111919025], [11.397795157716597, 12.32902263465161]], "merge_d1": [[6.906754778648554, 4.832334344889284], [7.022868086082641, 4.269529465005017], [7.1372784372603855, 5.114688080152129], [7.252762418053187, 4.860695181500652], [7.367708572374371, 4.853950449009304], [7.48324441607385, 4.886393833844126], [7.598399329323964, 4.375028547343949], [7.71333788887187, 4.970883037176282], [7.828436359157585, 4.712781711969802], [7.943782692458625, 4.654530337498958], [8.058960017769417, 4.389107508182269], [8.17413934342947, 3.9429286305975513], [8.289288323000317, 3.844630552249502], [8.404248432400102, 4.029454759836393], [8.519390774959724, 4.696616444737876], [8.634620608292202, 4.428954566177441], [8.74973246437081, 4.643231766837845], [8.86488793377419, 3.82876894589635], [8.980046316633132, 4.303373930131601], [9.095153962167066, 4.251529157793922], [9.210340371976184, 4.404409386620124], [9.325453179076687, 4.310708444164122], [9.44057869576626, 4.363161458406866], [9.555701556014641, 3.944486836097514], [9.670798588378387, 4.27720345274554], [9.785941988681085, 4.391753693345403], [9.901084667919818, 4.0149407893199704], [10.016235712227882, 4.1248895454281875], [10.131339999578072, 4.223700616204729], [10.246474238267561, 4.216355363768222], [10.36160835987009, 4.271251879875875], [10.476752620919227, 4.251208955884367], [10.591873415994362, 4.359559119603002], [10.707012640565683, 4.321801626995723], [10.822135503983962, 4.175347479513095], [10.937276835160228, 4.145685358113862], [11.05239680608701, 4.228268650196978], [11.167529530327974, 3.97069245397456], [11.28265658871343, 3.9787550493899833], [11.397795157716597, 4.260285392062891]],