{"exact_d1": [[6.907755278982137, 3.317739255788368], [8.153349757998892, 3.9333307187310758], [8.691146498539675, 3.6946256450065706], [9.038958755220563, 3.7966638150600067], [9.296518068217235, 3.7881339408477848], [9.501142571764207, 3.843678020339141], [9.670924779305427, 3.7667466452033564], [9.816021526754852, 3.7346234375283878], [9.94270826568941, 3.7119141361066132], [10.055135102145268, 3.8410136560105608], [10.156189906091882, 3.784735947353232], [10.247963389017864, 3.7281749261216492], [10.332017933575289, 3.730231560918584], [10.409551859200409, 3.689569208375916], [10.481504425842441, 3.8134106295931165], [10.548625513909712, 3.7082506467296428], [10.611523345589823, 3.7820628633155686], [10.67069806139613, 3.818800991972371], [10.726565902688105, 3.740743731907373], [10.779476987636757, 3.658721080228657], [10.829728615263452, 3.7336792907158096], [10.8775753831365, 3.7404909153089747], [10.923236992778513, 3.760988004146265], [10.966904349300577, 3.7596994841585287], [11.008744383922906, 3.7683334196080795], [11.04890390740204, 3.739172894482681], [11.087512719052368, 3.7690805471826367], [11.124686137527133, 3.690654119520938], [11.160527077798756, 3.7746015496260514], [11.195127768613824, 3.7593525346882313], [11.228571182611121, 3.7454521655915465], [11.260932234926955, 3.6993563342143787], [11.292278793854607, 3.7442267133297986], [11.322672537849993, 3.7634653202193022], [11.352169686090834, 3.730138366188108], [11.38082162433689, 3.7978533378325383], [11.40867544359643, 3.7956320331457922], [11.435774405781814, 3.722650356262646], [11.462158347916576, 3.7153715083424674], [11.487864034374857, 3.7065118043941383]], "exact_d2": [[6.907755278982137, 6.209310008462293], [8.153349757998892, 7.320616693269842], [8.691146498539675, 6.869044707771334], [9.038958755220563, 7.181693546123792], [9.296518068217235, 7.798992358062334], [9.501142571764207, 6.658054081623158], [9.670924779305427, 6.923179151415561], [9.816021526754852, 6.7307918576671675], [9.94270826568941, 6.741760941976026], [10.055135102145268, 7.033383525961954], [10.156189906091882, 6.922627358668283], [10.247963389017864, 6.666791066696909], [10.332017933575289, 7.387838879386381], [10.409551859200409, 6.977289937820664], [10.481504425842441, 6.9645752817673605], [10.548625513909712, 6.961678282579973], [10.611523345589823, 6.763371048926525], [10.67069806139613, 7.284301325882048], [10.726565902688105, 7.167069171832781], [10.779476987636757, 7.020649887753592], [10.829728615263452, 7.1949861221257025], [10.8775753831365, 6.946787726894836], [10.923236992778513, 7.127588849318374], [10.966904349300577, 6.730762779296959], [11.008744383922906, 6.955631852096052], [11.04890390740204, 7.191294191045576], [11.087512719052368, 7.06908549705122], [11.124686137527133, 6.996279886798784], [11.160527077798756, 6.85880214968176], [11.195127768613824, 6.64926836278264], [11.228571182611121, 6.673351138003851], [11.260932234926955, 6.728304712920193], [11.292278793854607, 6.824069222069882], [11.322672537849993, 6.678074387875473], [11.352169686090834, 6.939714865700663], [11.38082162433689, 7.436215582924692], [11.40867544359643, 6.981643349266841], [11.435774405781814, 6.904797056784136], [11.462158347916576, 6.806574775429331], [11.487864034374857, 7.10256173190516]], "over": [[6.907755278982137, 21.650457531835023], [8.153349757998892, 13.085233299866294], [8.691146498539675, 14.88030274483685], [9.038958755220563, 13.08890898733094], [9.296518068217235, 12.830415353761662], [9.501142571764207, 11.333827931819437], [9.670924779305427, 10.252478987053642], [9.816021526754852, 11.005338091435181], [9.94270826568941, 10.71739801943182], [10.055135102145268, 10.688603207974595], [10.156189906091882, 11.59792316674176], [10.247963389017864, 10.05047948502572], [10.332017933575289, 10.53539496677435], [10.409551859200409, 10.59931700631311], [10.481504425842441, 10.81697904016062], [10.548625513909712, 11.958126399080491], [10.611523345589823, 10.372370307348461], [10.67069806139613, 10.690069558240095], [10.726565902688105, 11.264000415291367], [10.779476987636757, 11.113148806150244], [10.829728615263452, 11.668394004480863], [10.8775753831365, 10.236853056351958], [10.923236992778513, 11.666865813361293], [10.966904349300577, 10.459165042647792], [11.008744383922906, 11.42204503808738], [11.04890390740204, 11.276606644314446], [11.087512719052368, 11.111302537757679], [11.124686137527133, 10.894801510515505], [11.160527077798756, 11.455805811783987], [11.195127768613824, 9.634193199418615], [11.228571182611121, 10.26517821276448], [11.260932234926955, 10.639126605148519], [11.292278793854607, 10.008358935387083], [11.322672537849993, 10.142379705765835], [11.352169686090834, 10.795179473723003], [11.38082162433689, 11.281029888481882], [11.40867544359643, 10.537989461399441], [11.435774405781814, 10.854531361443811], [11.462158347916576, 12.203933342615425], [11.487864034374857, 12.255045818585277]], "merge_d1": [[6.907755278982137, 4.809689439981684], [8.153349757998892, 4.45899904392281], [8.691146498539675, 4.278730986230866], [9.038958755220563, 4.800216490271654], [9.296518068217235, 3.8601114908084253], [9.501142571764207, 4.2732373211473655], [9.670924779305427, 4.59421447632281], [9.816021526754852, 4.44942047565739], [9.94270826568941, 3.7965883824686926], [10.055135102145268, 3.9478003158883426], [10.156189906091882, 4.437860903613316], [10.247963389017864, 3.8112912812027933], [10.332017933575289, 3.7622076483701026], [10.409551859200409, 4.363951048526726], [10.481504425842441, 3.881602168385359], [10.548625513909712, 4.265104129960532], [10.611523345589823, 3.8744119043425655], [10.67069806139613, 3.9085733951665462], [10.726565902688105, 3.854948286139509], [10.779476987636757, 4.310253687188907], [10.829728615263452, 4.372324628601671], [10.8775753831365, 4.296845167010191], [10.923236992778513, 4.329247428892341], [10.966904349300577, 3.8256709568817104], [11.008744383922906, 4.4919487375672436], [11.04890390740204, 3.839444164945752], [11.087512719052368, 4.403355787874395], [11.124686137527133, 4.366909731308967], [11.160527077798756, 4.6935820295036565], [11.195127768613824, 4.456380395111884], [11.228571182611121, 4.433527287895483], [11.260932234926955, 4.38967339931296], [11.292278793854607, 4.645971149929662], [11.322672537849993, 3.8643702283164876], [11.352169686090834, 4.461045479727031], [11.38082162433689, 3.9241481228463106], [11.40867544359643, 3.8848783565307037], [11.435774405781814, 4.408462707147405], [11.462158347916576, 4.362709935224051], [11.487864034374857, 3.771285131519602]],