{"exact_d1": [[6.906754778648554, 4.750073234982325], [7.022868086082641, 6.273302296634293], [7.1372784372603855, 3.8036795060621107], [7.252762418053187, 3.5439395243183567], [7.367708572374371, 3.6779398947300592], [7.48324441607385, 3.852732123598337], [7.598399329323964, 3.6745295016645803], [7.71333788887187, 3.960042292510915], [7.828436359157585, 3.504144121251086], [7.943782692458625, 3.7187760950357065], [8.058960017769417, 4.013991417363497], [8.17413934342947, 3.908818288541949], [8.289288323000317, 3.8261028485613324], [8.404248432400102, 4.101012412918337], [8.519390774959724, 3.8868250683988297], [8.634620608292202, 3.659882956365632], [8.74973246437081, 3.702148996871828], [8.86488793377419, 4.082455581084571], [8.980046316633132, 3.926916131627939], [9.095153962167066, 3.8310958423810058], [9.210340371976184, 4.0281349594304094], [9.325453179076687, 3.731545199490026], [9.44057869576626, 3.7791504218703245], [9.555701556014641, 3.8540625811765965], [9.670798588378387, 3.7010249447377133], [9.785941988681085, 3.466160588986053], [9.901084667919818, 3.836285137878404], [10.016235712227882, 3.6936043743158464], [10.131339999578072, 3.736530359705415], [10.246474238267561, 3.9730768075735914], [10.36160835987009, 3.85373850364623], [10.476752620919227, 3.880100618154925], [10.591873415994362, 3.6628471577590735], [10.707012640565683, 3.7515379038857017], [10.822135503983962, 3.5649163720618926], [10.937276835160228, 3.4999785107423227], [11.05239680608701, 3.779549614384257], [11.167529530327974, 3.896639197006407], [11.28265658871343, 3.758197442904603], [11.397795157716597, 3.933535941935195]], "exact_d2": [[6.906754778648554, 16.456733476929166], [7.022868086082641, 25.712970909775024], [7.1372784372603855, 12.305828356705936], [7.252762418053187, 6.974631846817424], [7.367708572374371, 11.117104735692774], [7.48324441607385, 10.493581373085373], [7.598399329323964, 4.919509968494322], [7.71333788887187, 9.489153243809833], [7.828436359157585, 10.831629277047758], [7.943782692458625, 6.567357362529606], [8.058960017769417, 9.066956408143659], [8.17413934342947, 8.19625092625725], [8.289288323000317, 5.973330577946966], [8.404248432400102, 8.660479204379024], [8.519390774959724, 18.504326926090844], [8.634620608292202, 13.440563693671713], [8.74973246437081, 5.383535125478816], [8.86488793377419, 7.710491856976546], [8.980046316633132, 6.625034693971095], [9.095153962167066, 5.354448954934951], [9.210340371976184, 7.577720850012919], [9.325453179076687, 7.282048251930901], [9.44057869576626, 8.414509067629668], [9.555701556014641, 7.32108049760518], [9.670798588378387, 6.441349201046642], [9.785941988681085, 7.841438247292198], [9.901084667919818, 6.751359533505115], [10.016235712227882, 10.200629971111523], [10.131339999578072, 9.48335292521105], [10.246474238267561, 9.352122609073446], [10.36160835987009, 8.260972559800134], [10.476752620919227, 7.702193640015248], [10.591873415994362, 5.244484521833972], [10.707012640565683, 6.784599756670589], [10.822135503983962, 8.814730379234273], [10.937276835160228, 9.74288188430019], [11.05239680608701, 7.130994846996211], [11.167529530327974, 6.917668367019409], [11.28265658871343, 6.811660684350778], [11.397795157716597, 8.384471748800328]], "over": [[6.906754778648554, 32.187753701327516], [7.022868086082641, 39.389101326838656], [7.1372784372603855, 59.94748237183888], [7.252762418053187, 19.5784738474418], [7.367708572374371, 26.93358203298897], [7.48324441607385, 22.34766470456547], [7.598399329323964, 29.322022783688556], [7.71333788887187, 26.56678096644567], [7.828436359157585, 29.893537123322044], [7.943782692458625, 31.595508966862774], [8.058960017769417, 13.625432185278758], [8.17413934342947, 13.991731259265872], [8.289288323000317, 8.975534402346666], [8.404248432400102, 11.8356836880825], [8.519390774959724, 18.436928866961704], [8.634620608292202, 14.730302262750993], [8.74973246437081, 12.532551420186694], [8.86488793377419, 16.412858263762566], [8.980046316633132, 19.602724455631183], [9.095153962167066, 9.837027816769385], [9.210340371976184, 13.41944582140508], [9.325453179076687, 7.24290145112726], [9.44057869576626, 18.284031506407533], [9.555701556014641, 11.05336746574939], [9.670798588378387, 14.25117075988747], [9.785941988681085, 11.818778033633922], [9.901084667919818, 9.43800696605249], [10.016235712227882, 12.623062723870097], [10.131339999578072, 13.025323191558819], [10.246474238267561, 14.419693526407816], [10.36160835987009, 14.338622646975775], [10.476752620919227, 12.58278998796765], [10.591873415994362, 12.737302366409196], [10.707012640565683, 9.685032363954937], [10.822135503983962, 10.283533862528914], [10.937276835160228, 12.132265835441327], [11.05239680608701, 10.052437450396553], [11.167529530327974, 9.863807255732022], [11.28265658871343, 10.22630498150546], [11.397795157716597, 11.158869520625228]], "merge_d1": [[6.906754778648554, 5.610301780066473], [7.022868086082641, 5.335086451598043], [7.1372784372603855, 5.899291482827718], [7.252762418053187, 4.825630420365012], [7.367708572374371, 4.382090892592397], [7.48324441607385, 4.817408940443901], [7.598399329323964, 4.398598972827498], [7.71333788887187, 4.511735875678453], [7.828436359157585, 5.159109106282646], [7.943782692458625, 4.600701413110219], [8.058960017769417, 4.420087972207349], [8.17413934342947, 4.370464378081621], [8.289288323000317, 4.15816872601645], [8.404248432400102, 4.4762622087839175], [8.519390774959724, 4.452936582374295], [8.634620608292202, 4.338391377860919], [8.74973246437081, 4.323977192112456], [8.86488793377419, 4.254428407677886], [8.980046316633132, 3.938054968442719], [9.095153962167066, 3.807230703307913], [9.210340371976184, 4.01187475071092], [9.325453179076687, 4.110894801849292], [9.44057869576626, 4.072789349602924], [9.555701556014641, 4.260982158719173], [9.670798588378387, 4.448791148825829], [9.785941988681085, 4.269249604786805], [9.901084667919818, 4.174659007727481], [10.016235712227882, 4.2264771419537785], [10.131339999578072, 4.244338708913448], [10.246474238267561, 4.34204923003308], [10.36160835987009, 4.186690054971404], [10.476752620919227, 4.171515435713168], [10.591873415994362, 4.264590626414284], [10.707012640565683, 4.159569593126076], [10.822135503983962, 4.281335388137033], [10.937276835160228, 3.9827486839518236], [11.05239680608701, 4.43566388571308], [11.167529530327974, 4.182849724827373], [11.28265658871343, 4.2420201674088505], [11.397795157716597, 3.913879215589269]],