{"exact_d1": [[6.907755278982137, 4.052677859870287], [8.153349757998892, 3.8069571726959643], [8.691146498539675, 3.7403116999986175], [9.038958755220563, 3.9153265597227858], [9.296518068217235, 3.8463228267622913], [9.501142571764207, 3.9033430544581713], [9.670924779305427, 3.7403221492058116], [9.816021526754852, 3.6487369281590927], [9.94270826568941, 3.7381905380075584], [10.055135102145268, 3.7312214444494445], [10.156189906091882, 3.7003907634572073], [10.247963389017864, 3.7552902289111674], [10.332017933575289, 3.7860851875401], [10.409551859200409, 3.739112230396985], [10.481504425842441, 3.7352744656328873], [10.548625513909712, 3.8362959009055553], [10.611523345589823, 3.7889174850179455], [10.67069806139613, 3.747639896234186], [10.726565902688105, 3.799287362457597], [10.779476987636757, 3.7562021354483335], [10.829728615263452, 3.7286487545338596], [10.8775753831365, 3.729554029581625], [10.923236992778513, 3.7565557154101454], [10.966904349300577, 3.7580801282720153], [11.008744383922906, 3.746631322946153], [11.04890390740204, 3.8024650817374313], [11.087512719052368, 3.75156101356229], [11.124686137527133, 3.726611992465679], [11.160527077798756, 3.740188833647039], [11.195127768613824, 3.69683028415794], [11.228571182611121, 3.7857946909372067], [11.260932234926955, 3.7333292742683044], [11.292278793854607, 3.788103980517662], [11.322672537849993, 3.757269205517587], [11.352169686090834, 3.7760557700672104], [11.38082162433689, 3.7770983361270116], [11.40867544359643, 3.81261563676805], [11.435774405781814, 3.748016007696685], [11.462158347916576, 3.800310940860971], [11.487864034374857, 3.7515506546233355]], "exact_d2": [[6.907755278982137, 7.594747473227192], [8.153349757998892, 6.660999421621231], [8.691146498539675, 6.346180632480614], [9.038958755220563, 7.676842215353173], [9.296518068217235, 6.895545087920056], [9.501142571764207, 7.177444961048974], [9.670924779305427, 7.058370203821727], [9.816021526754852, 6.252602887700776], [9.94270826568941, 6.635457589640387], [10.055135102145268, 7.680466151838127], [10.156189906091882, 7.739143741635116], [10.247963389017864, 6.990259470884832], [10.332017933575289, 7.012112818038909], [10.409551859200409, 6.904084937544485], [10.481504425842441, 7.26866761712769], [10.548625513909712, 6.941927171726937], [10.611523345589823, 6.708373942339972], [10.67069806139613, 6.608613024044714], [10.726565902688105, 7.063619617683654], [10.779476987636757, 7.01749843750877], [10.829728615263452, 6.870146551242441], [10.8775753831365, 7.406791798794328], [10.923236992778513, 7.004973645356145], [10.966904349300577, 6.864611795983458], [11.008744383922906, 6.764675689815024], [11.04890390740204, 7.039424316546471], [11.087512719052368, 6.736431758751513], [11.124686137527133, 7.31979946500866], [11.160527077798756, 7.161783301933787], [11.195127768613824, 7.05767291683062], [11.228571182611121, 6.665624125573242], [11.260932234926955, 6.889674376094047], [11.292278793854607, 6.889084395655039], [11.322672537849993, 6.568995791188552], [11.352169686090834, 6.771507540638022], [11.38082162433689, 6.947827599484833], [11.40867544359643, 7.0707504770187946], [11.435774405781814, 6.889767792551421], [11.462158347916576, 7.026487062493021], [11.487864034374857, 6.808758206994515]], "over": [[6.907755278982137, 23.92079040685183], [8.153349757998892, 12.227426229080585], [8.691146498539675, 11.259807212901967], [9.038958755220563, 17.299906285594638], [9.296518068217235, 10.926102364225356], [9.501142571764207, 11.751917518818958], [9.670924779305427, 11.660462468385052], [9.816021526754852, 10.239613862488264], [9.94270826568941, 11.79473252914257], [10.055135102145268, 11.200695454796218], [10.156189906091882, 11.580138729624167], [10.247963389017864, 10.090084932543977], [10.332017933575289, 11.052484018360655], [10.409551859200409, 10.023811112877443], [10.481504425842441, 11.608569144307145], [10.548625513909712, 10.463661119536733], [10.611523345589823, 10.549087241090369], [10.67069806139613, 11.230191517477834], [10.726565902688105, 10.950551351317607], [10.779476987636757, 10.815148580744946], [10.829728615263452, 10.14082951607877], [10.8775753831365, 11.861164687866404], [10.923236992778513, 11.97976889589468], [10.966904349300577, 11.130706586909179], [11.008744383922906, 10.323681399281469], [11.04890390740204, 10.888656824138916], [11.087512719052368, 11.09755538038586], [11.124686137527133, 11.181624374208669], [11.160527077798756, 12.332596586576337], [11.195127768613824, 11.548621138845427], [11.228571182611121, 10.915639081714696], [11.260932234926955, 10.598417367888986], [11.292278793854607, 10.653579364578976], [11.322672537849993, 11.945448830254744], [11.352169686090834, 11.182426781255694], [11.38082162433689, 10.732633768174685], [11.40867544359643, 12.593549799856964], [11.435774405781814, 11.843011412610501], [11.462158347916576, 10.931072783841069], [11.487864034374857, 10.544839146195766]], "merge_d1": [[6.907755278982137, 4.658141328354885], [8.153349757998892, 4.941773805263339], [8.691146498539675, 4.603603751690685], [9.038958755220563, 4.210659759623426], [9.296518068217235, 4.0249442852794335], [9.501142571764207, 4.749574563341275], [9.670924779305427, 4.422030055861444], [9.816021526754852, 3.736360228802883], [9.94270826568941, 3.754113506775514], [10.055135102145268, 4.430993354515159], [10.156189906091882, 3.782404481480516], [10.247963389017864, 4.4889920963215095], [10.332017933575289, 4.409504129734224], [10.409551859200409, 4.284939263346165], [10.481504425842441, 4.305970441189287], [10.548625513909712, 3.912565385903427], [10.611523345589823, 3.885982179062275], [10.67069806139613, 4.762651303725881], [10.726565902688105, 3.919353565591139], [10.779476987636757, 3.839105861879788], [10.829728615263452, 4.413089217385654], [10.8775753831365, 3.8133515232399624], [10.923236992778513, 3.8199920414499213], [10.966904349300577, 4.474101017999408], [11.008744383922906, 3.8571366139762553], [11.04890390740204, 3.900658377286499], [11.087512719052368, 3.8446001842377147], [11.124686137527133, 4.448744863980871], [11.160527077798756, 3.8206357993132305], [11.195127768613824, 4.395854672330691], [11.228571182611121, 3.856944691913659], [11.260932234926955, 3.8348812381468576], [11.292278793854607, 4.415334095417373], [11.322672537849993, 4.562818807641518], [11.352169686090834, 3.8442410808916563], [11.38082162433689, 4.375970122472786], [11.40867544359643, 4.810724772948326], [11.435774405781814, 4.364471030426303], [11.462158347916576, 3.911145138713381], [11.487864034374857, 3.8647025439521867]],