{"exact_d1": [[6.906754778648554, 4.280804229961464], [7.022868086082641, 3.5487997498098363], [7.1372784372603855, 4.368258681949253], [7.252762418053187, 4.042303940578825], [7.367708572374371, 3.9988847088171284], [7.48324441607385, 3.992865596895234], [7.598399329323964, 4.017299389365923], [7.71333788887187, 3.6324458813197964], [7.828436359157585, 3.5218650959890034], [7.943782692458625, 3.995656777194232], [8.058960017769417, 3.460380944227714], [8.17413934342947, 3.8577988525456095], [8.289288323000317, 3.5541662779076533], [8.404248432400102, 3.191030466428984], [8.519390774959724, 3.5241983686081455], [8.634620608292202, 3.668633986948856], [8.74973246437081, 3.9941652579524587], [8.86488793377419, 3.904341397952279], [8.980046316633132, 3.7747147149415157], [9.095153962167066, 3.519392182700359], [9.210340371976184, 3.4206891769111194], [9.325453179076687, 3.9497475386609735], [9.44057869576626, 3.6520156221514988], [9.555701556014641, 3.7279350376361515], [9.670798588378387, 3.7248137980684493], [9.785941988681085, 4.009260495791727], [9.901084667919818, 3.924830828788006], [10.016235712227882, 3.757953163501786], [10.131339999578072, 3.3937056874949354], [10.246474238267561, 3.432687805679294], [10.36160835987009, 3.4705838567522242], [10.476752620919227, 3.8391894954896486], [10.591873415994362, 3.4368536835800643], [10.707012640565683, 3.854539463917932], [10.822135503983962, 3.736524091884185], [10.937276835160228, 3.908844722960773], [11.05239680608701, 3.394044341430414], [11.167529530327974, 3.914619760649191], [11.28265658871343, 3.7338954629544485], [11.397795157716597, 3.7411089534251567]], "exact_d2": [[6.906754778648554, 12.486142437849978], [7.022868086082641, 12.169256274445297], [7.1372784372603855, 11.008538738568916], [7.252762418053187, 9.972101750399368], [7.367708572374371, 7.107896636577335], [7.48324441607385, 7.155889793988892], [7.598399329323964, 8.194619596864634], [7.71333788887187, 8.320299237328504], [7.828436359157585, 8.793435577677842], [7.943782692458625, 12.72521708049166], [8.058960017769417, 10.24840316325686], [8.17413934342947, 6.6517046348560624], [8.289288323000317, 11.298639347496213], [8.404248432400102, 5.465503660153242], [8.519390774959724, 6.7017427333887705], [8.634620608292202, 13.417271411869729], [8.74973246437081, 6.396548879347809], [8.86488793377419, 8.36042743165031], [8.980046316633132, 8.088439460559849], [9.095153962167066, 9.40564383825353], [9.210340371976184, 12.917145553789645], [9.325453179076687, 9.64328390048359], [9.44057869576626, 9.244168892061543], [9.555701556014641, 6.4075935326303295], [9.670798588378387, 5.838074943537487], [9.785941988681085, 7.878505872928967], [9.901084667919818, 7.230970382349569], [10.016235712227882, 8.103167171038265], [10.131339999578072, 7.511059894439418], [10.246474238267561, 8.09516049129718], [10.36160835987009, 8.551855781234375], [10.476752620919227, 7.397261135957062], [10.591873415994362, 8.296092750717502], [10.707012640565683, 7.533392264345299], [10.822135503983962, 7.100228762285956], [10.937276835160228, 7.55532421464503], [11.05239680608701, 7.632196779560459], [11.167529530327974, 7.4551430973624955], [11.28265658871343, 6.672407868530996], [11.397795157716597, 6.490937609066794]], "over": [[6.906754778648554, 18.959478728320256], [7.022868086082641, 25.33943117991898], [7.1372784372603855, 25.544590062629236], [7.252762418053187, 24.9787384148967], [7.367708572374371, 31.386471076939657], [7.48324441607385, 22.39701484935646], [7.598399329323964, 33.39276575269941], [7.71333788887187, 19.82577266197846], [7.828436359157585, 16.974785837184296], [7.943782692458625, 29.49629117550648], [8.058960017769417, 33.964594933948476], [8.17413934342947, 19.95796712356536], [8.289288323000317, 22.1137950496429], [8.404248432400102, 16.087835686142373], [8.519390774959724, 13.65146388165974], [8.634620608292202, 20.79140303062833], [8.74973246437081, 11.818516127766529], [8.86488793377419, 17.789132636460913], [8.980046316633132, 19.033066299304515], [9.095153962167066, 12.201223094814598], [9.210340371976184, 24.77013418004634], [9.325453179076687, 10.594047616714775], [9.44057869576626, 10.586325358658836], [9.555701556014641, 9.768694582250646], [9.670798588378387, 11.033154731327235], [9.785941988681085, 10.788504270525362], [9.901084667919818, 13.020121576719221], [10.016235712227882, 12.290605015846223], [10.131339999578072, 10.298931143632295], [10.246474238267561, 14.739408651074733], [10.36160835987009, 12.376827388954139], [10.476752620919227, 14.30510380284476], [10.591873415994362, 12.403065815221881], [10.707012640565683, 11.502073834657004], [10.822135503983962, 12.838056307069001], [10.937276835160228, 10.14152047560614], [11.05239680608701, 9.821322750655046], [11.167529530327974, 9.886536212172448], [11.28265658871343, 13.040467303545075], [11.397795157716597, 10.165996146021465]], "merge_d1": [[6.906754778648554, 4.937028158665227], [7.022868086082641, 5.70463420887515], [7.1372784372603855, 4.618287352609547], [7.252762418053187, 6.365702184977165], [7.367708572374371, 4.737689523055469], [7.48324441607385, 4.628082591494588], [7.598399329323964, 5.1959389204609145], [7.71333788887187, 4.423621214987506], [7.828436359157585, 4.535521071920382], [7.943782692458625, 4.840021452955887], [8.058960017769417, 5.13950417901057], [8.17413934342947, 4.188001627830194], [8.289288323000317, 4.624584924770681], [8.404248432400102, 4.692460337195846], [8.519390774959724, 4.249392061175835], [8.634620608292202, 4.084491666280743], [8.74973246437081, 4.559586608765071], [8.86488793377419, 4.121670627778152], [8.980046316633132, 4.315906221834962], [9.095153962167066, 4.074519190868118], [9.210340371976184, 4.78673253553199], [9.325453179076687, 4.272787431353068], [9.44057869576626, 4.253258721749067], [9.555701556014641, 4.405513543418369], [9.670798588378387, 4.090810845368961], [9.785941988681085, 4.214649294862082], [9.901084667919818, 4.309066847740748], [10.016235712227882, 4.222731811441483], [10.131339999578072, 4.187748769896968], [10.246474238267561, 4.090329102335605], [10.36160835987009, 4.2677852376362075], [10.476752620919227, 4.085963740085801], [10.591873415994362, 4.069028349756551], [10.707012640565683, 4.025955072065666], [10.822135503983962, 4.034953207603042], [10.937276835160228, 4.29061707072544], [11.05239680608701, 4.124872449386918], [11.167529530327974, 4.187540928455501], [11.28265658871343, 4.154820306773445], [11.397795157716597, 4.391385638094846]],