{"exact_d1": [[6.906754778648554, 3.851360202047899], [7.022868086082641, 4.1724862848906294], [7.1372784372603855, 3.3482716339414207], [7.252762418053187, 3.9284207935051976], [7.367708572374371, 3.944005062783874], [7.48324441607385, 3.8197121010686166], [7.598399329323964, 3.8897723730908544], [7.71333788887187, 3.6344875044365983], [7.828436359157585, 3.770742895386463], [7.943782692458625, 3.6598888561614387], [8.058960017769417, 3.8238375473624395], [8.17413934342947, 3.7408046919983984], [8.289288323000317, 3.901160317026801], [8.404248432400102, 4.0853388767094145], [8.519390774959724, 3.8363924406049197], [8.634620608292202, 3.975764475303169], [8.74973246437081, 3.8592672888643054], [8.86488793377419, 3.620796519538125], [8.980046316633132, 3.9547395773211753], [9.095153962167066, 4.031574600946711], [9.210340371976184, 3.865968898927231], [9.325453179076687, 3.592362627522376], [9.44057869576626, 3.704544432865093], [9.555701556014641, 4.088929505881845], [9.670798588378387, 4.044843335175361], [9.785941988681085, 3.588169635474992], [9.901084667919818, 3.608518008747984], [10.016235712227882, 3.7853473427184277], [10.131339999578072, 3.739702860858722], [10.246474238267561, 3.6934356863647797], [10.36160835987009, 3.6671584614998896], [10.476752620919227, 3.9245962358272384], [10.591873415994362, 3.8199323756704198], [10.707012640565683, 3.9212744127369694], [10.822135503983962, 3.6803719705924705], [10.937276835160228, 3.803593969110023], [11.05239680608701, 3.851908936497515], [11.167529530327974, 3.7245001501890274], [11.28265658871343, 3.7858364786901997], [11.397795157716597, 3.7867266283889967]], "exact_d2": [[6.906754778648554, 7.532344763307105], [7.022868086082641, 7.543961909379147], [7.1372784372603855, 8.329530798184377], [7.252762418053187, 7.17653899787191], [7.367708572374371, 13.747934916167269], [7.48324441607385, 8.31825244662624], [7.598399329323964, 10.01196302917538], [7.71333788887187, 5.115910754319032], [7.828436359157585, 11.475038308117119], [7.943782692458625, 7.578640190597289], [8.058960017769417, 5.852473232861873], [8.17413934342947, 5.823997050653327], [8.289288323000317, 12.447271721567631], [8.404248432400102, 9.944377870354806], [8.519390774959724, 6.403288496393143], [8.634620608292202, 6.54671755125649], [8.74973246437081, 6.04775004895673], [8.86488793377419, 10.432581993810008], [8.980046316633132, 11.942328239126134], [9.095153962167066, 7.897341300016943], [9.210340371976184, 13.230412473483533], [9.325453179076687, 9.155804887535169], [9.44057869576626, 6.516947265601028], [9.555701556014641, 8.381052680032974], [9.670798588378387, 11.444450589015496], [9.785941988681085, 11.170594075798514], [9.901084667919818, 5.850328408723165], [10.016235712227882, 7.01051792262195], [10.131339999578072, 5.9992697584008], [10.246474238267561, 5.9146770759133895], [10.36160835987009, 6.995365332773652], [10.476752620919227, 8.334677893434135], [10.591873415994362, 7.493991087991381], [10.707012640565683, 8.014328183331937], [10.822135503983962, 6.621348849320467], [10.937276835160228, 6.731055000043997], [11.05239680608701, 7.138378535560651], [11.167529530327974, 6.4803964076058165], [11.28265658871343, 7.262045724543462], [11.397795157716597, 7.1989838689151435]], "over": [[6.906754778648554, 25.813146748257918], [7.022868086082641, 29.167514551532488], [7.1372784372603855, 32.95312918506643], [7.252762418053187, 19.392717169333178], [7.367708572374371, 28.30676976849562], [7.48324441607385, 21.61008545339854], [7.598399329323964, 16.06763004067494], [7.71333788887187, 32.839825179781016], [7.828436359157585, 25.726106254179214], [7.943782692458625, 17.5286400643452], [8.058960017769417, 23.213949357680228], [8.17413934342947, 11.62106174516737], [8.289288323000317, 17.482074976248338], [8.404248432400102, 13.563514121586374], [8.519390774959724, 19.795019325022615], [8.634620608292202, 21.694873691931075], [8.74973246437081, 17.801415992428108], [8.86488793377419, 14.429059195307131], [8.980046316633132, 21.727199795652783], [9.095153962167066, 11.654024901685288], [9.210340371976184, 21.720766733303954], [9.325453179076687, 9.693024049405796], [9.44057869576626, 13.721468327237966], [9.555701556014641, 11.856879396274064], [9.670798588378387, 15.728722729612997], [9.785941988681085, 13.545458610947271], [9.901084667919818, 14.43264046315639], [10.016235712227882, 12.904117154728212], [10.131339999578072, 14.254344784152595], [10.246474238267561, 9.23685188597364], [10.36160835987009, 11.671748211751087], [10.476752620919227, 13.249576285034214], [10.591873415994362, 13.626646094377435], [10.707012640565683, 11.781394842316512], [10.822135503983962, 13.680314625337337], [10.937276835160228, 12.758679857531037], [11.05239680608701, 7.7510621463664435], [11.167529530327974, 12.659228357821855], [11.28265658871343, 14.416608045361523], [11.397795157716597, 11.843890498070929]], "merge_d1": [[6.906754778648554, 4.2550657342419], [7.022868086082641, 4.802747224338026], [7.1372784372603855, 5.04719458041564], [7.252762418053187, 4.304806095152993], [7.367708572374371, 4.506705581618451], [7.48324441607385, 4.757812818167547], [7.598399329323964, 4.643582137781294], [7.71333788887187, 3.574440086508199], [7.828436359157585, 4.720815127943032], [7.943782692458625, 4.367106243947288], [8.058960017769417, 4.49846882371339], [8.17413934342947, 4.306514321153609], [8.289288323000317, 4.457946387987217], [8.404248432400102, 4.176680303354256], [8.519390774959724, 4.573910551562427], [8.634620608292202, 4.731924471843173], [8.74973246437081, 4.467118265250691], [8.86488793377419, 4.354618638279864], [8.980046316633132, 4.345098301820191], [9.095153962167066, 3.9696932188134184], [9.210340371976184, 4.654277893512077], [9.325453179076687, 4.353307617204196], [9.44057869576626, 3.970568184816736], [9.555701556014641, 3.8719949885328164], [9.670798588378387, 3.967180542037262], [9.785941988681085, 4.442958119536422], [9.901084667919818, 4.052597211184375], [10.016235712227882, 4.150008188095325], [10.131339999578072, 4.233772460545876], [10.246474238267561, 4.280464018571373], [10.36160835987009, 4.402618599745691], [10.476752620919227, 4.062451786897704], [10.591873415994362, 3.9537632451060736], [10.707012640565683, 4.399981868710439], [10.822135503983962, 4.216712229066256], [10.937276835160228, 3.991611138141631], [11.05239680608701, 4.07976120325021], [11.167529530327974, 4.402004379381996], [11.28265658871343, 4.283180125430059], [11.397795157716597, 4.385856022032708]],