{"exact_d1": [[11.512925464970229, 3.8950914027845323]], "exact_d2": [[11.512925464970229, 7.037713622145433]], "over": [[11.512925464970229, 12.393337860864246]], "merge_d1": [[11.512925464970229, 4.242190316571656]], "merge_d2": [[11.512925464970229, 6.7413477316980135]], "argmin_dic": [[100000, 2]], "time_elapsed": 229.85703897476196}