{"exact_d1": [[11.512925464970229, 3.7807888649901704]], "exact_d2": [[11.512925464970229, 7.251581524345281]], "over": [[11.512925464970229, 11.897311592706876]], "merge_d1": [[11.512925464970229, 4.190025642324991]], "merge_d2": [[11.512925464970229, 6.66458929171316]], "argmin_dic": [[100000, 2]], "time_elapsed": 303.34219622612}