{"exact_d1": [[11.512925464970229, 3.7275537296987813]], "exact_d2": [[11.512925464970229, 6.453091278236145]], "over": [[11.512925464970229, 14.27663218997571]], "merge_d1": [[11.512925464970229, 4.345634613050507]], "merge_d2": [[11.512925464970229, 7.911078305116947]], "argmin_dic": [[100000, 2]], "time_elapsed": 275.50635957717896}