{"exact_d1": [[6.906754778648554, 4.637373555486028], [7.022868086082641, 4.362539815215527], [7.1372784372603855, 5.068972795646078], [7.252762418053187, 3.52886493348335], [7.367708572374371, 4.969773648889733], [7.48324441607385, 3.9579782039449647], [7.598399329323964, 3.6069569583061125], [7.71333788887187, 3.42721842333612], [7.828436359157585, 3.3154043711790764], [7.943782692458625, 4.22932960959907], [8.058960017769417, 4.205295290128582], [8.17413934342947, 4.196107699459185], [8.289288323000317, 3.640743108359496], [8.404248432400102, 3.499796746922544], [8.519390774959724, 3.5774961824719407], [8.634620608292202, 3.446043259987725], [8.74973246437081, 3.5386426363371943], [8.86488793377419, 3.6387566331394385], [8.980046316633132, 3.502305921022223], [9.095153962167066, 3.396485963867688], [9.210340371976184, 3.8472280286948326], [9.325453179076687, 3.338218836848998], [9.44057869576626, 3.747571759030633], [9.555701556014641, 3.697909864615328], [9.670798588378387, 3.912211314742021], [9.785941988681085, 3.7089858757475063], [9.901084667919818, 3.3006626596660507], [10.016235712227882, 3.9775386744568415], [10.131339999578072, 3.78000316736074], [10.246474238267561, 3.5190875267884483], [10.36160835987009, 3.7742636629056854], [10.476752620919227, 3.3877508435382295], [10.591873415994362, 3.5722120917458353], [10.707012640565683, 3.820906374732574], [10.822135503983962, 3.976875481447381], [10.937276835160228, 3.7891983940136424], [11.05239680608701, 3.3649381387012323], [11.167529530327974, 3.7475651060839454], [11.28265658871343, 3.462282878209746], [11.397795157716597, 4.003271743872185]], "exact_d2": [[6.906754778648554, 19.567831483748115], [7.022868086082641, 10.641441682874042], [7.1372784372603855, 22.296830456995746], [7.252762418053187, 7.249049658483961], [7.367708572374371, 17.5496469186553], [7.48324441607385, 8.503778696091503], [7.598399329323964, 6.731892605236392], [7.71333788887187, 9.662793853430504], [7.828436359157585, 6.278255606271337], [7.943782692458625, 13.948768272075927], [8.058960017769417, 13.359967973864059], [8.17413934342947, 9.70057299499438], [8.289288323000317, 6.452881010089236], [8.404248432400102, 5.220225340001648], [8.519390774959724, 8.59860028187293], [8.634620608292202, 7.749711205996243], [8.74973246437081, 8.770588898962902], [8.86488793377419, 11.187283268203114], [8.980046316633132, 9.179165863294598], [9.095153962167066, 8.333912489293164], [9.210340371976184, 5.49129066961225], [9.325453179076687, 7.8203242128849], [9.44057869576626, 7.476009561117631], [9.555701556014641, 8.361547569889023], [9.670798588378387, 7.802485229563943], [9.785941988681085, 6.565103379327232], [9.901084667919818, 7.113071492172727], [10.016235712227882, 8.969299364316688], [10.131339999578072, 7.237753685507112], [10.246474238267561, 9.560612503064974], [10.36160835987009, 7.287516312467528], [10.476752620919227, 7.784678051440425], [10.591873415994362, 8.19096072084972], [10.707012640565683, 6.516266700917625], [10.822135503983962, 7.883300611047494], [10.937276835160228, 7.682439670424775], [11.05239680608701, 8.446269615619931], [11.167529530327974, 6.481366544059287], [11.28265658871343, 8.740055496315762], [11.397795157716597, 7.976025217256449]], "over": [[6.906754778648554, 27.986215795610814], [7.022868086082641, 38.072615932604094], [7.1372784372603855, 28.70742378182049], [7.252762418053187, 24.701027572191702], [7.367708572374371, 21.746436330457545], [7.48324441607385, 28.038840708557842], [7.598399329323964, 19.24575232737758], [7.71333788887187, 28.664438558757105], [7.828436359157585, 15.330207834979749], [7.943782692458625, 10.726035130366057], [8.058960017769417, 30.02241636458891], [8.17413934342947, 14.30451170358777], [8.289288323000317, 25.75546361962604], [8.404248432400102, 22.756838933241465], [8.519390774959724, 13.693015532630149], [8.634620608292202, 12.58424112760177], [8.74973246437081, 10.974640405933217], [8.86488793377419, 17.282367494197327], [8.980046316633132, 15.41200997645246], [9.095153962167066, 12.442086366293756], [9.210340371976184, 10.289369502644725], [9.325453179076687, 8.441004730325252], [9.44057869576626, 14.744946727974453], [9.555701556014641, 14.078926006788594], [9.670798588378387, 11.329109929463604], [9.785941988681085, 9.448473026450547], [9.901084667919818, 8.299834861130995], [10.016235712227882, 13.902631632724468], [10.131339999578072, 10.332684140254724], [10.246474238267561, 10.887533756280716], [10.36160835987009, 11.586095796892446], [10.476752620919227, 11.503690846844998], [10.591873415994362, 11.777703842994809], [10.707012640565683, 11.179324915432353], [10.822135503983962, 10.279851798044872], [10.937276835160228, 12.022163520059237], [11.05239680608701, 10.05959236134417], [11.167529530327974, 12.126172177561502], [11.28265658871343, 12.448789561855328], [11.397795157716597, 12.932384914007601]], "merge_d1": [[6.906754778648554, 4.881126095155535], [7.022868086082641, 5.890984816842915], [7.1372784372603855, 4.716430166958562], [7.252762418053187, 5.833946906470704], [7.367708572374371, 5.447709426942862], [7.48324441607385, 4.034324001697577], [7.598399329323964, 4.628675343688438], [7.71333788887187, 4.401287778942366], [7.828436359157585, 4.359711221568979], [7.943782692458625, 4.075822323432669], [8.058960017769417, 5.597357453896047], [8.17413934342947, 4.228198122142368], [8.289288323000317, 4.548047880379303], [8.404248432400102, 4.4221789919421735], [8.519390774959724, 4.362304168893499], [8.634620608292202, 4.315140799222976], [8.74973246437081, 4.214421744924291], [8.86488793377419, 4.208691757001912], [8.980046316633132, 4.178662381100615], [9.095153962167066, 4.481346391709413], [9.210340371976184, 4.132450486482823], [9.325453179076687, 4.314251476838186], [9.44057869576626, 4.391550004997479], [9.555701556014641, 4.429568445597266], [9.670798588378387, 4.298665687911475], [9.785941988681085, 4.318142140158202], [9.901084667919818, 4.139999010732386], [10.016235712227882, 4.077791076472376], [10.131339999578072, 4.266880155583761], [10.246474238267561, 4.30888417695084], [10.36160835987009, 4.081052845774908], [10.476752620919227, 4.238177609025389], [10.591873415994362, 4.143250116677958], [10.707012640565683, 3.9756533792791124], [10.822135503983962, 4.328249226404677], [10.937276835160228, 4.193265278624354], [11.05239680608701, 4.13767079059542], [11.167529530327974, 4.064264786854168], [11.28265658871343, 4.15073656985919], [11.397795157716597, 4.248396708836725]],