{"exact_d1": [[11.512925464970229, 3.778505612908946]], "exact_d2": [[11.512925464970229, 7.005515424442276]], "over": [[11.512925464970229, 9.287233252176211]], "merge_d1": [[11.512925464970229, 4.338914534929675]], "merge_d2": [[11.512925464970229, 6.209257901414338]], "argmin_dic": [[100000, 2]], "time_elapsed": 421.1106011867523}