{"exact_d1": [[11.512925464970229, 3.799471444232453]], "exact_d2": [[11.512925464970229, 6.79555397143487]], "over": [[11.512925464970229, 9.737517543687451]], "merge_d1": [[11.512925464970229, 4.1277208007198825]], "merge_d2": [[11.512925464970229, 6.224103672898038]], "argmin_dic": [[100000, 2]], "time_elapsed": 181.81211519241333}