{"exact_d1": [[11.512925464970229, 3.8090638935941534]], "exact_d2": [[11.512925464970229, 6.868869000196735]], "over": [[11.512925464970229, 12.460188838239265]], "merge_d1": [[11.512925464970229, 4.213203797241716]], "merge_d2": [[11.512925464970229, 6.793319766202215]], "argmin_dic": [[100000, 2]], "time_elapsed": 399.70828127861023}