{"exact_d1": [[6.906754778648554, 4.493063826908187], [7.022868086082641, 4.133022469375256], [7.1372784372603855, 4.3538260453281215], [7.252762418053187, 3.6236718248248883], [7.367708572374371, 3.6860207373265768], [7.48324441607385, 4.306031915114982], [7.598399329323964, 3.37382669250555], [7.71333788887187, 3.9863334929173884], [7.828436359157585, 4.288985261596337], [7.943782692458625, 4.112955568128563], [8.058960017769417, 3.8267693642952887], [8.17413934342947, 5.262352796867318], [8.289288323000317, 4.155896298906936], [8.404248432400102, 3.8560726589247984], [8.519390774959724, 3.7238847400073123], [8.634620608292202, 3.3308755376164005], [8.74973246437081, 4.078795952238096], [8.86488793377419, 4.040047270807609], [8.980046316633132, 3.698620709871925], [9.095153962167066, 4.090260479835894], [9.210340371976184, 3.775482761013391], [9.325453179076687, 3.905906305569923], [9.44057869576626, 3.795193716867506], [9.555701556014641, 3.8635040839525954], [9.670798588378387, 3.7841424881729457], [9.785941988681085, 3.754644006234907], [9.901084667919818, 3.7239953184002657], [10.016235712227882, 3.76404629040971], [10.131339999578072, 3.7036685546265873], [10.246474238267561, 3.9327614608671864], [10.36160835987009, 3.7458874803236966], [10.476752620919227, 3.67858275641072], [10.591873415994362, 3.783142691755896], [10.707012640565683, 3.9178858018951033], [10.822135503983962, 3.8930583967518437], [10.937276835160228, 3.4531246991195115], [11.05239680608701, 3.695141130249991], [11.167529530327974, 3.5662146710147047], [11.28265658871343, 3.7732409568886585], [11.397795157716597, 3.4657047293945675]], "exact_d2": [[6.906754778648554, 19.176621496382438], [7.022868086082641, 14.325468000974045], [7.1372784372603855, 15.071181613167132], [7.252762418053187, 8.108151982042845], [7.367708572374371, 21.150918949793773], [7.48324441607385, 15.048963278276272], [7.598399329323964, 10.380674255987632], [7.71333788887187, 7.272294691351555], [7.828436359157585, 15.19566687033444], [7.943782692458625, 12.07122039300042], [8.058960017769417, 10.317602172139523], [8.17413934342947, 22.15682639588945], [8.289288323000317, 7.749379133454246], [8.404248432400102, 9.8914921133811], [8.519390774959724, 10.972479352389454], [8.634620608292202, 5.3704890026114525], [8.74973246437081, 8.6633226483887], [8.86488793377419, 9.936958677559623], [8.980046316633132, 5.431572671491331], [9.095153962167066, 7.827572297205532], [9.210340371976184, 6.847836372562613], [9.325453179076687, 6.972912453373134], [9.44057869576626, 6.53743767125948], [9.555701556014641, 7.03400659402029], [9.670798588378387, 5.769167944402577], [9.785941988681085, 6.985299234792248], [9.901084667919818, 10.675064163824253], [10.016235712227882, 9.974734071363791], [10.131339999578072, 5.876976543501476], [10.246474238267561, 7.650538871646144], [10.36160835987009, 6.393090357477862], [10.476752620919227, 5.416496128983279], [10.591873415994362, 10.662343365684968], [10.707012640565683, 8.122255378282162], [10.822135503983962, 6.738207494208661], [10.937276835160228, 8.766116606948035], [11.05239680608701, 6.138377593434866], [11.167529530327974, 5.333353554099145], [11.28265658871343, 7.21342961318701], [11.397795157716597, 8.577461248443752]], "over": [[6.906754778648554, 42.75422474675469], [7.022868086082641, 38.037161479368486], [7.1372784372603855, 32.571007768330965], [7.252762418053187, 29.91829309392943], [7.367708572374371, 19.25177097659242], [7.48324441607385, 23.07042611430056], [7.598399329323964, 30.530900300686078], [7.71333788887187, 28.25968413838527], [7.828436359157585, 29.06904971077655], [7.943782692458625, 32.22655122648293], [8.058960017769417, 17.935970291096172], [8.17413934342947, 21.575255591699502], [8.289288323000317, 16.39068213508651], [8.404248432400102, 12.439072406467867], [8.519390774959724, 9.298667521601303], [8.634620608292202, 11.094949792991004], [8.74973246437081, 15.479845594338524], [8.86488793377419, 15.667587208546376], [8.980046316633132, 18.398195205590056], [9.095153962167066, 17.73132510783829], [9.210340371976184, 9.69246269845963], [9.325453179076687, 13.87297170901485], [9.44057869576626, 14.868568708887219], [9.555701556014641, 16.39785285788703], [9.670798588378387, 9.977122649357417], [9.785941988681085, 9.551710948587829], [9.901084667919818, 15.086253203599908], [10.016235712227882, 13.639392510718327], [10.131339999578072, 9.847912927331025], [10.246474238267561, 9.425981545362756], [10.36160835987009, 10.605904851659018], [10.476752620919227, 13.034365042721406], [10.591873415994362, 10.547254942842708], [10.707012640565683, 14.331177655403744], [10.822135503983962, 10.376338268404592], [10.937276835160228, 8.264791079941658], [11.05239680608701, 11.559927612666657], [11.167529530327974, 10.787791877287068], [11.28265658871343, 11.819748935597506], [11.397795157716597, 12.398002993384381]], "merge_d1": [[6.906754778648554, 5.738275101880316], [7.022868086082641, 5.829046523043987], [7.1372784372603855, 5.18906468858864], [7.252762418053187, 4.716250605180269], [7.367708572374371, 5.33543541261464], [7.48324441607385, 5.147267717321171], [7.598399329323964, 4.8041536263325435], [7.71333788887187, 4.5918707898945925], [7.828436359157585, 4.921022431231049], [7.943782692458625, 5.245973276692295], [8.058960017769417, 4.556664970044351], [8.17413934342947, 4.474866205516829], [8.289288323000317, 4.90592205725906], [8.404248432400102, 4.41408492633569], [8.519390774959724, 4.266045972044655], [8.634620608292202, 4.198495347413421], [8.74973246437081, 4.352985264957113], [8.86488793377419, 4.199340482325927], [8.980046316633132, 4.463998282081248], [9.095153962167066, 4.156585448166278], [9.210340371976184, 4.12986107256452], [9.325453179076687, 4.001980189216004], [9.44057869576626, 4.169080798292091], [9.555701556014641, 4.263233240144762], [9.670798588378387, 3.8689879330704655], [9.785941988681085, 4.190749494291126], [9.901084667919818, 4.22461823861021], [10.016235712227882, 3.949571485109793], [10.131339999578072, 4.304377469284377], [10.246474238267561, 3.9758473505652745], [10.36160835987009, 4.396100245564199], [10.476752620919227, 4.119716899135241], [10.591873415994362, 4.118505513412041], [10.707012640565683, 4.200621059322456], [10.822135503983962, 4.165849967317614], [10.937276835160228, 4.215901839007242], [11.05239680608701, 4.207790119589123], [11.167529530327974, 4.37412977779634], [11.28265658871343, 4.00381191005014], [11.397795157716597, 4.036484543984679]],