{"exact_d1": [], "exact_d2": [], "over": [[10.819778284410283, 11.12489131374648], [10.844470897000654, 11.141662985315286], [10.868568448579715, 9.894102018942059], [10.89209894598991, 11.990025179060693], [10.915088464214607, 10.836198877833858], [10.937561320066667, 10.287508567528025], [10.959540226785442, 11.312527645906727], [10.981046432006405, 10.561476176653215], [11.002099841204238, 11.61065622681353], [11.022719128406973, 9.945549105549134], [11.042921835724492, 11.394482355721006], [11.062724463020672, 11.483665168954362], [11.082142548877775, 10.526872170167245], [11.101190743848468, 12.662996120442484], [11.119882876860622, 11.435289090882364], [11.138232015528818, 10.701189354042656], [11.156250521031495, 10.732074245426363], [11.173950098130897, 11.582016538577259], [11.191341840842766, 10.78681906525598], [11.208436274202066, 11.975586433016423], [11.225243392518447, 10.905661893135324], [11.241772694469658, 10.247149852696712], [11.258033215341438, 9.23198368971064], [11.274033556687879, 10.937042757269634], [11.289781913656018, 10.502897353163421], [11.305286100191983, 11.290361942878341], [11.320553572322773, 10.899930819642483], [11.335591449687312, 11.236943406487358], [11.350406535472453, 11.454537170493152], [11.365005334893606, 10.52698688782949], [11.379394072345706, 10.592027428710285], [11.393578707337662, 11.493938579855664], [11.407564949312402, 12.644116769882496], [11.421358271444738, 10.56764629534003], [11.434963923500517, 11.237120944873176], [11.448386943832658, 10.882537389887856], [11.461632170582678, 10.427484760791028], [11.474704252150032, 10.738602235853602], [11.487607656985938, 10.83618918139388], [11.500346682763368, 11.0591473495109]], "merge_d1": [[10.819778284410283, 3.7994966096634313], [10.844470897000654, 3.838085085524799], [10.868568448579715, 4.7400534504280625], [10.89209894598991, 4.407975912750447], [10.915088464214607, 3.8322105116904717], [10.937561320066667, 3.9206006625507697], [10.959540226785442, 3.827175195844932], [10.981046432006405, 4.409663159976], [11.002099841204238, 4.405897132567442], [11.022719128406973, 4.415754328022523], [11.042921835724492, 3.7944917783175534], [11.062724463020672, 3.833246228389615], [11.082142548877775, 4.5161895113555754], [11.101190743848468, 3.8255274658656697], [11.119882876860622, 4.395982310393919], [11.138232015528818, 4.397609358661339], [11.156250521031495, 4.397094662419776], [11.173950098130897, 4.407592282271762], [11.191341840842766, 4.412374637119069], [11.208436274202066, 3.8387663448240286], [11.225243392518447, 4.417277133076148], [11.241772694469658, 4.481426464012713], [11.258033215341438, 4.43109860281426], [11.274033556687879, 4.572048985923731], [11.289781913656018, 4.400591466136057], [11.305286100191983, 3.9107845153767355], [11.320553572322773, 3.784265179736334], [11.335591449687312, 4.414784544801773], [11.350406535472453, 4.5474046451559], [11.365005334893606, 4.470499734690919], [11.379394072345706, 3.818250632464238], [11.393578707337662, 4.349707692438538], [11.407564949312402, 3.849971264569192], [11.421358271444738, 4.321511368685583], [11.434963923500517, 4.416432828269513], [11.448386943832658, 3.8425478622593476], [11.461632170582678, 4.442735030006563], [11.474704252150032, 4.393626032035728], [11.487607656985938, 3.8026252991278375], [11.500346682763368, 4.354496192690151]], "merge_d2": [[10.819778284410283, 6.819426339767681], [10.844470897000654, 6.826244112704015], [10.868568448579715, 7.327549583689608], [10.89209894598991, 7.1764861121418235], [10.915088464214607, 6.979819827879922], [10.937561320066667, 6.850117082777701], [10.959540226785442, 7.141725543632096], [10.981046432006405, 6.915420837595257], [11.002099841204238, 7.0062392029460066], [11.022719128406973, 7.218569052742611], [11.042921835724492, 6.930490414276144], [11.062724463020672, 6.932504737849259], [11.082142548877775, 7.385012451393153], [11.101190743848468, 7.499457368739335], [11.119882876860622, 6.961313799188401], [11.138232015528818, 7.301347754160121], [11.156250521031495, 7.122872351243815], [11.173950098130897, 7.698461819364313], [11.191341840842766, 7.094494943352591], [11.208436274202066, 7.2077230314377445], [11.225243392518447, 7.220018263766205], [11.241772694469658, 7.035600728579006], [11.258033215341438, 6.880549221536623], [11.274033556687879, 7.769361353991167], [11.289781913656018, 7.292395974760229], [11.305286100191983, 7.379843024080583], [11.320553572322773, 7.0282060608730585], [11.335591449687312, 6.95611282474531], [11.350406535472453, 7.453808376457541], [11.365005334893606, 7.303299537031197], [11.379394072345706, 6.784794143441764], [11.393578707337662, 7.256285578366839], [11.407564949312402, 7.485167186554995], [11.421358271444738, 6.9829240131471195], [11.434963923500517, 7.247812365372825], [11.448386943832658, 7.036962826085725], [11.461632170582678, 7.032337525197844], [11.474704252150032, 7.071546202036823], [11.487607656985938, 6.981187828626888], [11.500346682763368, 7.189558204521434]], "argmin_dic": [[50000, 3], [51250, 3], [52500, 2], [53750, 2], [55000, 3], [56250, 3], [57500, 3], [58750, 3], [60000, 2], [61250, 2], [62500, 3], [63750, 3], [65000, 2], [66250, 3], [67500, 2], [68750, 2], [70000, 3], [71250, 2], [72500, 2], [73750, 3], [75000, 2], [76250, 2], [77500, 3], [78750, 2], [80000, 3], [81250, 3], [82500, 3], [83750, 3], [85000, 3], [86250, 2], [87500, 3], [88750, 2], [90000, 3], [91250, 3], [92500, 2], [93750, 3], [95000, 3], [96250, 3], [97500, 3], [98750, 3]], "time_elapsed": 2995.1845121383667}