{"exact_d1": [[6.906754778648554, 3.248526054599416], [7.022868086082641, 4.147208351641546], [7.1372784372603855, 3.7211102671532275], [7.252762418053187, 4.617009520281501], [7.367708572374371, 3.6202803699081976], [7.48324441607385, 4.0627389657296975], [7.598399329323964, 4.073410774610411], [7.71333788887187, 3.844483382763139], [7.828436359157585, 4.618552653431497], [7.943782692458625, 3.86816919714621], [8.058960017769417, 4.304686873411598], [8.17413934342947, 4.206229233396574], [8.289288323000317, 3.7324872950286103], [8.404248432400102, 3.5895244504368504], [8.519390774959724, 3.5881994885250683], [8.634620608292202, 3.783683820367437], [8.74973246437081, 3.908166845523067], [8.86488793377419, 3.829771906722159], [8.980046316633132, 3.7013292694234043], [9.095153962167066, 3.821928318650924], [9.210340371976184, 3.4734418829069984], [9.325453179076687, 4.151834594907973], [9.44057869576626, 3.6314628388429315], [9.555701556014641, 3.7910560814157304], [9.670798588378387, 3.6128953524022567], [9.785941988681085, 4.048959119546777], [9.901084667919818, 3.6774834490489527], [10.016235712227882, 3.6945457040729854], [10.131339999578072, 3.6354967119200237], [10.246474238267561, 3.506618819448458], [10.36160835987009, 3.7203208983523743], [10.476752620919227, 3.467884366371017], [10.591873415994362, 3.5966258496358767], [10.707012640565683, 3.873982755776981], [10.822135503983962, 3.8950266609475324], [10.937276835160228, 3.8594608720653105], [11.05239680608701, 3.697157255859493], [11.167529530327974, 3.492633109449706], [11.28265658871343, 3.642512929937326], [11.397795157716597, 3.8636318913628926]], "exact_d2": [[6.906754778648554, 10.063259688760054], [7.022868086082641, 14.738054392783594], [7.1372784372603855, 7.016284091782325], [7.252762418053187, 17.81591734381747], [7.367708572374371, 6.6422095965923855], [7.48324441607385, 8.188667810777899], [7.598399329323964, 11.96544637546664], [7.71333788887187, 14.773767380062118], [7.828436359157585, 13.234719558516645], [7.943782692458625, 7.757967488097117], [8.058960017769417, 6.849343299572042], [8.17413934342947, 9.792128887908191], [8.289288323000317, 5.854576426917523], [8.404248432400102, 11.651299725062874], [8.519390774959724, 5.69976279580471], [8.634620608292202, 8.998865596706153], [8.74973246437081, 8.155186066602644], [8.86488793377419, 7.138677590782225], [8.980046316633132, 5.522009183723936], [9.095153962167066, 6.583023938577724], [9.210340371976184, 9.244678097296724], [9.325453179076687, 16.02702328230349], [9.44057869576626, 11.390178932248682], [9.555701556014641, 8.813524180882288], [9.670798588378387, 10.753979081736208], [9.785941988681085, 10.685388145520578], [9.901084667919818, 5.335683992230998], [10.016235712227882, 6.522830823812969], [10.131339999578072, 6.303559560631122], [10.246474238267561, 9.053577290633225], [10.36160835987009, 6.859989554633085], [10.476752620919227, 9.079954127377407], [10.591873415994362, 9.000902254989827], [10.707012640565683, 7.719265215043916], [10.822135503983962, 8.83120878012852], [10.937276835160228, 8.179943116059867], [11.05239680608701, 6.522946668204722], [11.167529530327974, 9.438680556014528], [11.28265658871343, 5.260763071137496], [11.397795157716597, 7.81850469617879]], "over": [[6.906754778648554, 29.492993286477894], [7.022868086082641, 20.88888946315598], [7.1372784372603855, 27.555257533424243], [7.252762418053187, 36.30934843314845], [7.367708572374371, 29.349824454014488], [7.48324441607385, 22.385971277204078], [7.598399329323964, 17.793786834950026], [7.71333788887187, 26.592181842071525], [7.828436359157585, 12.671163101096997], [7.943782692458625, 24.095584172107657], [8.058960017769417, 29.429576667715885], [8.17413934342947, 15.086091118129334], [8.289288323000317, 15.482799895202527], [8.404248432400102, 27.954268903047783], [8.519390774959724, 18.575190486908813], [8.634620608292202, 23.72403733572502], [8.74973246437081, 15.74172259607107], [8.86488793377419, 15.810046260480714], [8.980046316633132, 10.24744998472481], [9.095153962167066, 9.974638147201892], [9.210340371976184, 11.232324451001956], [9.325453179076687, 15.813563687995055], [9.44057869576626, 12.515668083601923], [9.555701556014641, 10.946243566317943], [9.670798588378387, 21.318989713981466], [9.785941988681085, 12.758757575322702], [9.901084667919818, 10.03084505840248], [10.016235712227882, 15.666263762156316], [10.131339999578072, 8.002440765081463], [10.246474238267561, 10.93100862486021], [10.36160835987009, 11.999305790273961], [10.476752620919227, 13.502374464387511], [10.591873415994362, 7.93135756965197], [10.707012640565683, 15.458483779695468], [10.822135503983962, 14.12166201296855], [10.937276835160228, 11.249445310445482], [11.05239680608701, 14.105055862804686], [11.167529530327974, 11.077925239873124], [11.28265658871343, 8.195582482125378], [11.397795157716597, 9.16500388182955]], "merge_d1": [[6.906754778648554, 6.571671817379355], [7.022868086082641, 4.756597116271789], [7.1372784372603855, 4.433120855101718], [7.252762418053187, 5.531991534280717], [7.367708572374371, 5.12811361976626], [7.48324441607385, 4.589459403657338], [7.598399329323964, 4.234994703185382], [7.71333788887187, 4.708049987324123], [7.828436359157585, 4.417652732061777], [7.943782692458625, 5.179616635525923], [8.058960017769417, 4.3728004027976635], [8.17413934342947, 3.8806870983999717], [8.289288323000317, 4.227764032875765], [8.404248432400102, 5.089144405176067], [8.519390774959724, 4.144198183180297], [8.634620608292202, 4.824804323193662], [8.74973246437081, 4.237657244746405], [8.86488793377419, 4.4662017870166935], [8.980046316633132, 4.334467994512552], [9.095153962167066, 4.12217184505395], [9.210340371976184, 4.193148078539781], [9.325453179076687, 4.440074041357931], [9.44057869576626, 4.214312873938926], [9.555701556014641, 4.376889162070269], [9.670798588378387, 4.229170917589749], [9.785941988681085, 4.2328006965708616], [9.901084667919818, 4.321727807198869], [10.016235712227882, 3.9923915577738476], [10.131339999578072, 3.967100085129602], [10.246474238267561, 3.969219680620131], [10.36160835987009, 4.340619544392947], [10.476752620919227, 4.098260536607123], [10.591873415994362, 4.214971699787051], [10.707012640565683, 4.243269434706489], [10.822135503983962, 4.299134714532879], [10.937276835160228, 4.2192883219815895], [11.05239680608701, 4.353667423575724], [11.167529530327974, 3.9939501569283067], [11.28265658871343, 4.242512060261722], [11.397795157716597, 4.246313974236247]],