{"exact_d1": [[9.210340371976184, 3.892385397550016], [9.250522161609014, 3.7711917960540187], [9.290721483922995, 4.073325475330204], [9.330963814299922, 4.066688999833087], [9.371268036082466, 3.664400194030409], [9.411483683010726, 3.7862049848519606], [9.451716691551452, 3.6137448476336367], [9.491979220880678, 3.8412175710169603], [9.532206456208034, 3.8681848586102032], [9.572410734431823, 3.816381922804648], [9.612667227583843, 3.9445530430717675], [9.65290856803585, 3.9403118464530857], [9.693136823020671, 3.8905673498868825], [9.733351450605975, 4.041657161179713], [9.773606631681607, 3.865373709976102], [9.81383633058348, 3.7139800718460125], [9.854087202241, 3.89460103182883], [9.894345894618844, 3.796023909504298], [9.934550077987947, 3.941108308087377], [9.974784434418162, 3.822609967585324], [10.015028927269036, 3.9527254134823164], [10.055263987501922, 3.7228571302492863], [10.095511884791469, 3.768880939156992], [10.135749405494865, 3.977458650700523], [10.175992533388062, 3.700200046050205], [10.216215833592425, 3.8183105490238125], [10.25646567163057, 3.8747967600860407], [10.29667762976868, 3.8783816147214325], [10.336924443719042, 3.9031888632790523], [10.377171899621436, 3.776464732228727], [10.417418350255533, 3.750144151632231], [10.457631253015656, 3.7046463863679766], [10.497863570996053, 3.8135273804580487], [10.53810479090567, 3.8386376183128585], [10.578343463123822, 4.015671652763767], [10.618591900448115, 3.7432091831319676], [10.658811091522749, 3.887606434958042], [10.699055933195222, 3.8108039557344244], [10.739305484260235, 3.8077335515713795], [10.779539453150608, 3.860370947194081]], "exact_d2": [[9.210340371976184, 8.736257912919775], [9.250522161609014, 7.073556009101812], [9.290721483922995, 8.247610071404768], [9.330963814299922, 8.219348804628819], [9.371268036082466, 7.57820927350181], [9.411483683010726, 8.329655928566291], [9.451716691551452, 5.722177651279278], [9.491979220880678, 6.527755297639893], [9.532206456208034, 7.382001988756013], [9.572410734431823, 7.600245370835907], [9.612667227583843, 6.820348765872667], [9.65290856803585, 8.458066313625022], [9.693136823020671, 7.2060834589882425], [9.733351450605975, 8.086466451894633], [9.773606631681607, 7.132436934642804], [9.81383633058348, 6.628588052654235], [9.854087202241, 7.493308361891789], [9.894345894618844, 7.726772054738025], [9.934550077987947, 7.305661558918101], [9.974784434418162, 6.29851911852661], [10.015028927269036, 8.688492209620815], [10.055263987501922, 6.090512760887811], [10.095511884791469, 5.872400784827344], [10.135749405494865, 8.251893947202587], [10.175992533388062, 5.8325015413640084], [10.216215833592425, 6.572548779655047], [10.25646567163057, 6.5938569242418135], [10.29667762976868, 7.83642676563395], [10.336924443719042, 7.375542836645846], [10.377171899621436, 6.845615531190571], [10.417418350255533, 6.999768924696703], [10.457631253015656, 6.218078406573691], [10.497863570996053, 8.089036079659023], [10.53810479090567, 6.366071439323283], [10.578343463123822, 7.72631746306231], [10.618591900448115, 6.667373081828634], [10.658811091522749, 7.226866609352972], [10.699055933195222, 7.431410544355608], [10.739305484260235, 6.4623591570933785], [10.779539453150608, 6.480146301343085]], "over": [[9.210340371976184, 12.53344444714127], [9.250522161609014, 10.95530318939746], [9.290721483922995, 14.245612504784766], [9.330963814299922, 16.667775001534956], [9.371268036082466, 14.525426617956857], [9.411483683010726, 18.268039260869298], [9.451716691551452, 10.407735665964353], [9.491979220880678, 10.668316458711441], [9.532206456208034, 14.47786557841158], [9.572410734431823, 10.601714805517963], [9.612667227583843, 13.102918692335914], [9.65290856803585, 19.609064899791495], [9.693136823020671, 11.355442606376922], [9.733351450605975, 11.726264548343961], [9.773606631681607, 14.826284930174062], [9.81383633058348, 9.895849828749409], [9.854087202241, 15.278919663203753], [9.894345894618844, 8.997999644157332], [9.934550077987947, 9.579409428629656], [9.974784434418162, 11.980654732331445], [10.015028927269036, 9.15814689612829], [10.055263987501922, 10.014776426338718], [10.095511884791469, 9.47593755795592], [10.135749405494865, 11.757053746327703], [10.175992533388062, 9.335406572110339], [10.216215833592425, 12.431477634781716], [10.25646567163057, 10.685078193556324], [10.29667762976868, 10.422944290981416], [10.336924443719042, 9.254242753904448], [10.377171899621436, 10.086261153970979], [10.417418350255533, 12.369331481660325], [10.457631253015656, 10.132334982812653], [10.497863570996053, 13.36272677537042], [10.53810479090567, 13.44553043679155], [10.578343463123822, 11.884078396033985], [10.618591900448115, 11.8763375862639], [10.658811091522749, 13.346108352079904], [10.699055933195222, 10.857603391801897], [10.739305484260235, 11.136104867627633], [10.779539453150608, 15.014164503977906]], "merge_d1": [[9.210340371976184, 4.2416391719292], [9.250522161609014, 4.224659563127094], [9.290721483922995, 4.271472528969003], [9.330963814299922, 4.530060997192803], [9.371268036082466, 4.272019758616686], [9.411483683010726, 4.434562456878536], [9.451716691551452, 4.151804165312575], [9.491979220880678, 4.338068617300299], [9.532206456208034, 4.227256688838315], [9.572410734431823, 4.173230304857958], [9.612667227583843, 4.306481157277166], [9.65290856803585, 4.273602580154998], [9.693136823020671, 4.501166147001926], [9.733351450605975, 4.392495285055272], [9.773606631681607, 4.315382412269601], [9.81383633058348, 4.368315847122569], [9.854087202241, 4.317453059006775], [9.894345894618844, 4.115413184313421], [9.934550077987947, 4.271752492894566], [9.974784434418162, 4.199563582981949], [10.015028927269036, 4.33592619941663], [10.055263987501922, 4.323094794985488], [10.095511884791469, 4.16725495501261], [10.135749405494865, 4.3992065493420975], [10.175992533388062, 4.353832685393795], [10.216215833592425, 4.2514154411402645], [10.25646567163057, 4.28973371051652], [10.29667762976868, 4.165003580946766], [10.336924443719042, 4.262832029560205], [10.377171899621436, 4.295267022503646], [10.417418350255533, 4.225661597846256], [10.457631253015656, 4.335608571538275], [10.497863570996053, 4.227841075398038], [10.53810479090567, 4.311072579253051], [10.578343463123822, 4.311612774834324], [10.618591900448115, 4.488730626237315], [10.658811091522749, 4.309104292213178], [10.699055933195222, 4.404004632624558], [10.739305484260235, 4.3231618932667875], [10.779539453150608, 4.016105423659996]],