{"exact_d1": [[11.512925464970229, 3.8811589167231277]], "exact_d2": [[11.512925464970229, 6.912419818147444]], "over": [[11.512925464970229, 9.177880251787442]], "merge_d1": [[11.512925464970229, 4.07340503121541]], "merge_d2": [[11.512925464970229, 6.103820556658413]], "argmin_dic": [[100000, 2]], "time_elapsed": 406.90153336524963}