{"exact": [[6.907755278982137, 18.324593450258877], [8.153349757998892, 8.920566287599456], [8.691146498539675, 7.282471534791174], [9.038958755220563, 7.882100957775746], [9.296518068217235, 10.13216665884816], [9.501142571764207, 9.530109441254632], [9.670924779305427, 9.225502861119876], [9.816021526754852, 9.070767006295881], [9.94270826568941, 7.351681426694138], [10.055135102145268, 7.108014346899783], [10.156189906091882, 7.088286632715441], [10.247963389017864, 6.4078460470248535], [10.332017933575289, 7.019638843519781], [10.409551859200409, 9.337196242523289], [10.481504425842441, 9.821138692295566], [10.548625513909712, 10.014443476589511], [10.611523345589823, 9.805843489224404], [10.67069806139613, 9.346857149329098], [10.726565902688105, 9.499782723794588], [10.779476987636757, 9.277393133106727], [10.829728615263452, 7.402500374437056], [10.8775753831365, 7.101847466312805], [10.923236992778513, 6.956054821811616], [10.966904349300577, 9.528018927137506], [11.008744383922906, 6.914083483302014], [11.04890390740204, 9.283321627442083], [11.087512719052368, 9.820448488897107], [11.124686137527133, 6.970789021945864], [11.160527077798756, 7.229795282474383], [11.195127768613824, 9.824021307796498], [11.228571182611121, 9.969813216140349], [11.260932234926955, 9.126148812181786], [11.292278793854607, 9.263066229097518], [11.322672537849993, 9.495095699057083], [11.352169686090834, 9.431016488388428], [11.38082162433689, 9.60607604813251], [11.40867544359643, 7.005533923888464], [11.435774405781814, 7.1636925612104205], [11.462158347916576, 6.777258455342412], [11.487864034374857, 7.103797020923072]], "over": [[6.907755278982137, 28.038647668210906], [8.153349757998892, 17.551771509721135], [8.691146498539675, 17.382139249100423], [9.038958755220563, 13.549865919466992], [9.296518068217235, 16.356273005159736], [9.501142571764207, 16.608444826107693], [9.670924779305427, 13.734087826287737], [9.816021526754852, 9.980737634847406], [9.94270826568941, 16.421209303102167], [10.055135102145268, 15.428665906929293], [10.156189906091882, 16.304276855117845], [10.247963389017864, 10.80127757552161], [10.332017933575289, 17.301750711251927], [10.409551859200409, 15.39806323201864], [10.481504425842441, 13.216637562424204], [10.548625513909712, 17.75486299034394], [10.611523345589823, 12.57570600622898], [10.67069806139613, 15.624804077300013], [10.726565902688105, 18.371297284021637], [10.779476987636757, 16.079434082582566], [10.829728615263452, 15.370479888218677], [10.8775753831365, 16.158913908632652], [10.923236992778513, 12.193837593695722], [10.966904349300577, 16.095850396431466], [11.008744383922906, 13.345735390186658], [11.04890390740204, 15.543298149852525], [11.087512719052368, 15.876125949732913], [11.124686137527133, 17.28017062383156], [11.160527077798756, 16.742531377880667], [11.195127768613824, 11.520186249589582], [11.228571182611121, 14.640466192766045], [11.260932234926955, 11.923486677351177], [11.292278793854607, 16.971689414792728], [11.322672537849993, 17.94144218708984], [11.352169686090834, 16.262732934238443], [11.38082162433689, 14.995286185738177], [11.40867544359643, 17.80653899558748], [11.435774405781814, 13.932506708558265], [11.462158347916576, 13.664860330113438], [11.487864034374857, 18.5343734558496]], "merge": [[6.907755278982137, 17.66037687507627], [8.153349757998892, 8.897949584742177], [8.691146498539675, 11.685592000635337], [9.038958755220563, 9.219386393604733], [9.296518068217235, 10.192598437095848], [9.501142571764207, 9.292213519923168], [9.670924779305427, 9.38240881665581], [9.816021526754852, 7.466192568473592], [9.94270826568941, 10.158910598044791], [10.055135102145268, 9.662509104945439], [10.156189906091882, 10.019031875049526], [10.247963389017864, 7.155646511285237], [10.332017933575289, 9.690007616792386], [10.409551859200409, 9.87281808470205], [10.481504425842441, 8.739146538915818], [10.548625513909712, 11.583423949675671], [10.611523345589823, 8.298228131252058], [10.67069806139613, 9.85008904194634], [10.726565902688105, 10.014059240366132], [10.779476987636757, 9.936775198438013], [10.829728615263452, 8.63376893973467], [10.8775753831365, 10.04387512899133], [10.923236992778513, 8.354068082140301], [10.966904349300577, 10.540114854795503], [11.008744383922906, 7.49292962127283], [11.04890390740204, 9.788749581533507], [11.087512719052368, 10.01822075726609], [11.124686137527133, 11.33187292816278], [11.160527077798756, 10.280326874216332], [11.195127768613824, 6.005123824738605], [11.228571182611121, 9.273185456024947], [11.260932234926955, 7.171076574998372], [11.292278793854607, 9.891318290162749], [11.322672537849993, 10.852331984011007], [11.352169686090834, 10.484458567949366], [11.38082162433689, 9.54186110904818], [11.40867544359643, 9.828159233709322], [11.435774405781814, 8.663136804653877], [11.462158347916576, 9.12388886845482], [11.487864034374857, 12.090065562130247]], "argmin_dic": [[1000, 2], [3475, 2], [5950, 3], [8425, 2], [10900, 2], [13375, 2], [15850, 3], [18325, 3], [20800, 3], [23275, 3], [25750, 3], [28225, 3], [30700, 2], [33175, 3], [35650, 2], [38125, 3], [40600, 2], [43075, 3], [45550, 3], [48025, 3], [50500, 2], [52975, 3], [55450, 3], [57925, 3], [60400, 3], [62875, 3], [65350, 3], [67825, 3], [70300, 3], [72775, 2], [75250, 2], [77725, 3], [80200, 3], [82675, 3], [85150, 3], [87625, 3], [90100, 3], [92575, 3], [95050, 2], [97525, 2]], "time_elapsed": 2431.666222333908}