{"exact": [[6.907755278982137, 6.500054452161509], [8.153349757998892, 6.934086439298702], [8.691146498539675, 10.185260373872621], [9.038958755220563, 7.042291408790594], [9.296518068217235, 7.490605539729559], [9.501142571764207, 7.656485793269044], [9.670924779305427, 9.328278513726717], [9.816021526754852, 7.261050107274098], [9.94270826568941, 6.902808839472918], [10.055135102145268, 9.877787225063981], [10.156189906091882, 6.861682347180912], [10.247963389017864, 10.10830770615671], [10.332017933575289, 9.11544807606065], [10.409551859200409, 10.290610606529723], [10.481504425842441, 9.549247162739006], [10.548625513909712, 9.898083016080014], [10.611523345589823, 6.735313565579564], [10.67069806139613, 9.479157094893193], [10.726565902688105, 9.283422137913142], [10.779476987636757, 9.921157833744486], [10.829728615263452, 9.242213340731784], [10.8775753831365, 9.449022770462769], [10.923236992778513, 9.199724415819173], [10.966904349300577, 9.667767934679029], [11.008744383922906, 6.943965353883903], [11.04890390740204, 6.966440975115409], [11.087512719052368, 6.973439878140583], [11.124686137527133, 9.796740027781857], [11.160527077798756, 10.005027094148979], [11.195127768613824, 6.683028861065166], [11.228571182611121, 6.648830382646252], [11.260932234926955, 9.922448241444213], [11.292278793854607, 6.910181902549322], [11.322672537849993, 9.636042158632488], [11.352169686090834, 9.871503112340624], [11.38082162433689, 9.299778815553452], [11.40867544359643, 6.878633795186865], [11.435774405781814, 7.122591424035612], [11.462158347916576, 9.940118191869113], [11.487864034374857, 9.789481086481272]], "over": [[6.907755278982137, 16.032801646008856], [8.153349757998892, 15.243193221081524], [8.691146498539675, 15.448935532589308], [9.038958755220563, 16.19492280907982], [9.296518068217235, 16.929553168752886], [9.501142571764207, 14.69899609610361], [9.670924779305427, 15.807486302796626], [9.816021526754852, 15.86771460740057], [9.94270826568941, 16.975158153848714], [10.055135102145268, 17.26234845130561], [10.156189906091882, 16.24914381964371], [10.247963389017864, 17.153316485143623], [10.332017933575289, 17.449191609335585], [10.409551859200409, 15.156252324466204], [10.481504425842441, 13.915742612404102], [10.548625513909712, 18.678124333344165], [10.611523345589823, 10.514436565578128], [10.67069806139613, 17.78001858641967], [10.726565902688105, 14.782231168947305], [10.779476987636757, 11.036917357773373], [10.829728615263452, 16.97683302319394], [10.8775753831365, 11.59697026528981], [10.923236992778513, 16.161049703943302], [10.966904349300577, 17.188792003635864], [11.008744383922906, 17.536829610673017], [11.04890390740204, 16.342191577996157], [11.087512719052368, 16.586076471285214], [11.124686137527133, 16.426289838579297], [11.160527077798756, 11.854948033728235], [11.195127768613824, 15.556691823715525], [11.228571182611121, 15.758314072272922], [11.260932234926955, 17.265983558622757], [11.292278793854607, 16.57255975322764], [11.322672537849993, 17.71299195871386], [11.352169686090834, 18.2156110997504], [11.38082162433689, 17.549871512682078], [11.40867544359643, 16.031971696754223], [11.435774405781814, 11.711593262712684], [11.462158347916576, 12.973630409013417], [11.487864034374857, 15.665504508349493]], "merge": [[6.907755278982137, 8.314653914183635], [8.153349757998892, 9.259227908179948], [8.691146498539675, 9.818852838293314], [9.038958755220563, 10.006191681081624], [9.296518068217235, 11.058669661709358], [9.501142571764207, 8.024663678369013], [9.670924779305427, 9.965724116606992], [9.816021526754852, 10.284596567485279], [9.94270826568941, 10.545603311045072], [10.055135102145268, 10.20232290898016], [10.156189906091882, 9.984431653474136], [10.247963389017864, 10.313830013702677], [10.332017933575289, 10.068964911427635], [10.409551859200409, 9.872385378999304], [10.481504425842441, 8.719615071916307], [10.548625513909712, 10.163685728766389], [10.611523345589823, 7.193832563329306], [10.67069806139613, 10.790464410143004], [10.726565902688105, 9.587504001532288], [10.779476987636757, 6.380981772541954], [10.829728615263452, 11.168893570913975], [10.8775753831365, 5.758710811093879], [10.923236992778513, 10.24151875217958], [10.966904349300577, 11.192213558532101], [11.008744383922906, 11.41440346706633], [11.04890390740204, 10.043616617375257], [11.087512719052368, 10.07131437414226], [11.124686137527133, 10.31168957991975], [11.160527077798756, 7.2084475113667805], [11.195127768613824, 9.976780152258526], [11.228571182611121, 9.886360621756102], [11.260932234926955, 10.100464432334443], [11.292278793854607, 10.077863730318382], [11.322672537849993, 11.552042319385238], [11.352169686090834, 11.884203531252908], [11.38082162433689, 10.917522635534487], [11.40867544359643, 9.020134943693662], [11.435774405781814, 7.006623965580784], [11.462158347916576, 6.846979394633249], [11.487864034374857, 9.27066944584583]], "argmin_dic": [[1000, 2], [3475, 3], [5950, 3], [8425, 3], [10900, 2], [13375, 2], [15850, 3], [18325, 3], [20800, 3], [23275, 3], [25750, 3], [28225, 3], [30700, 3], [33175, 3], [35650, 2], [38125, 3], [40600, 2], [43075, 3], [45550, 3], [48025, 3], [50500, 3], [52975, 3], [55450, 3], [57925, 3], [60400, 3], [62875, 3], [65350, 3], [67825, 2], [70300, 3], [72775, 3], [75250, 3], [77725, 3], [80200, 3], [82675, 3], [85150, 3], [87625, 3], [90100, 3], [92575, 3], [95050, 3], [97525, 2]], "time_elapsed": 2244.8456320762634}