{"exact": [[6.907755278982137, 9.992434397211822], [8.153349757998892, 10.09113618162834], [8.691146498539675, 9.701514482345043], [9.038958755220563, 9.971254259888289], [9.296518068217235, 9.098322316150332], [9.501142571764207, 7.147441293882873], [9.670924779305427, 7.665540408189469], [9.816021526754852, 6.565710338347779], [9.94270826568941, 9.757657891461175], [10.055135102145268, 10.14509877845705], [10.156189906091882, 9.737817666618307], [10.247963389017864, 9.55871109350279], [10.332017933575289, 9.442741332109327], [10.409551859200409, 9.672025624030669], [10.481504425842441, 6.763377784530177], [10.548625513909712, 6.554084720657035], [10.611523345589823, 6.879415005913275], [10.67069806139613, 6.750914378531483], [10.726565902688105, 6.743815229603655], [10.779476987636757, 9.681465427326994], [10.829728615263452, 7.067072310222588], [10.8775753831365, 9.469564311766868], [10.923236992778513, 6.932011179329796], [10.966904349300577, 9.878217517818092], [11.008744383922906, 6.915319279241231], [11.04890390740204, 6.922210290529467], [11.087512719052368, 6.859228206136246], [11.124686137527133, 9.890333016528295], [11.160527077798756, 6.756598128672149], [11.195127768613824, 9.748004431046429], [11.228571182611121, 6.683737205841567], [11.260932234926955, 7.169607879849828], [11.292278793854607, 9.304665343522341], [11.322672537849993, 9.29415773899757], [11.352169686090834, 9.69320810855899], [11.38082162433689, 9.616889340077607], [11.40867544359643, 9.460813851324621], [11.435774405781814, 7.214280341541958], [11.462158347916576, 6.800989010701501], [11.487864034374857, 7.170515661564966]], "over": [[6.907755278982137, 23.000063573892174], [8.153349757998892, 16.938695842364694], [8.691146498539675, 10.989212388798057], [9.038958755220563, 12.789377664715444], [9.296518068217235, 14.893594837460146], [9.501142571764207, 18.384699169187694], [9.670924779305427, 11.184472366891981], [9.816021526754852, 10.306888317245136], [9.94270826568941, 11.93959209242723], [10.055135102145268, 11.54528047217868], [10.156189906091882, 16.316965986610626], [10.247963389017864, 17.786425834342868], [10.332017933575289, 10.585221225018813], [10.409551859200409, 10.214032871548955], [10.481504425842441, 11.26714845449168], [10.548625513909712, 10.670581560820283], [10.611523345589823, 14.858659075941304], [10.67069806139613, 15.060357414208898], [10.726565902688105, 10.440393761330535], [10.779476987636757, 17.694521204671663], [10.829728615263452, 11.380305020833788], [10.8775753831365, 10.170314232224161], [10.923236992778513, 20.346372747770832], [10.966904349300577, 19.709340053408656], [11.008744383922906, 15.262173535192488], [11.04890390740204, 11.921101173301436], [11.087512719052368, 14.996577117314985], [11.124686137527133, 11.370452244310082], [11.160527077798756, 9.985844433895082], [11.195127768613824, 11.278767261925648], [11.228571182611121, 16.677420660741067], [11.260932234926955, 16.303692312774825], [11.292278793854607, 15.848423474820404], [11.322672537849993, 16.77674892822415], [11.352169686090834, 16.20110295223092], [11.38082162433689, 17.538911624354167], [11.40867544359643, 20.4879792162074], [11.435774405781814, 18.36163661985311], [11.462158347916576, 17.749992290885206], [11.487864034374857, 16.527451553374426]], "merge": [[6.907755278982137, 14.282373657845449], [8.153349757998892, 9.012751075654926], [8.691146498539675, 7.470588035194422], [9.038958755220563, 7.312071754954925], [9.296518068217235, 9.359357080866067], [9.501142571764207, 9.759976360826546], [9.670924779305427, 7.945474943531157], [9.816021526754852, 6.578129583748967], [9.94270826568941, 7.852478978483571], [10.055135102145268, 7.905174058360855], [10.156189906091882, 10.176292880245224], [10.247963389017864, 9.594543580771823], [10.332017933575289, 7.239576273955729], [10.409551859200409, 7.6845124802449565], [10.481504425842441, 7.442333506820754], [10.548625513909712, 6.963167756445799], [10.611523345589823, 9.483528619715322], [10.67069806139613, 9.596059570658994], [10.726565902688105, 7.229638612482124], [10.779476987636757, 10.174152750214041], [10.829728615263452, 7.622502564817191], [10.8775753831365, 7.568300924161946], [10.923236992778513, 11.112001052421867], [10.966904349300577, 10.761738917790938], [11.008744383922906, 9.04301943799597], [11.04890390740204, 7.097981414005717], [11.087512719052368, 9.64227111706006], [11.124686137527133, 7.271204372272816], [11.160527077798756, 7.503750866201106], [11.195127768613824, 6.857745029708094], [11.228571182611121, 11.007268710871314], [11.260932234926955, 10.733943490834696], [11.292278793854607, 9.911798910313449], [11.322672537849993, 11.100310047988675], [11.352169686090834, 10.130691227803625], [11.38082162433689, 10.512970293980565], [11.40867544359643, 11.152472661594375], [11.435774405781814, 11.017430462955158], [11.462158347916576, 10.124325364092602], [11.487864034374857, 10.944111084253528]], "argmin_dic": [[1000, 2], [3475, 2], [5950, 2], [8425, 3], [10900, 3], [13375, 3], [15850, 2], [18325, 3], [20800, 3], [23275, 2], [25750, 3], [28225, 3], [30700, 3], [33175, 2], [35650, 2], [38125, 3], [40600, 3], [43075, 3], [45550, 3], [48025, 3], [50500, 3], [52975, 2], [55450, 3], [57925, 3], [60400, 3], [62875, 3], [65350, 3], [67825, 3], [70300, 2], [72775, 3], [75250, 3], [77725, 3], [80200, 3], [82675, 3], [85150, 3], [87625, 3], [90100, 3], [92575, 3], [95050, 3], [97525, 3]], "time_elapsed": 1894.9285018444061}