{"exact_d1": [[11.512925464970229, 3.904426095297082]], "exact_d2": [[11.512925464970229, 7.058671430734681]], "over": [[11.512925464970229, 15.263879455337548]], "merge_d1": [[11.512925464970229, 4.347237406298903]], "merge_d2": [[11.512925464970229, 7.786614927405503]], "argmin_dic": [[100000, 2]], "time_elapsed": 283.2843985557556}