{"exact_d1": [[9.210340371976184, 3.8881153554554597], [9.250522161609014, 3.7982736461148097], [9.290721483922995, 3.8208997174492008], [9.330963814299922, 3.9704272864770296], [9.371268036082466, 3.76250882078535], [9.411483683010726, 3.7569919952241566], [9.451716691551452, 3.934410241619776], [9.491979220880678, 3.782367593410917], [9.532206456208034, 3.930469900196252], [9.572410734431823, 3.6561758771702206], [9.612667227583843, 3.9736800024431678], [9.65290856803585, 3.855292419296738], [9.693136823020671, 3.88786692956983], [9.733351450605975, 3.654165957054945], [9.773606631681607, 3.887139922811751], [9.81383633058348, 3.8250785039173048], [9.854087202241, 3.7830115036897247], [9.894345894618844, 3.8086998464291253], [9.934550077987947, 3.830331513440792], [9.974784434418162, 3.701669371335593], [10.015028927269036, 3.917018587010945], [10.055263987501922, 3.853231507423417], [10.095511884791469, 3.7010713577946706], [10.135749405494865, 3.78405584834546], [10.175992533388062, 3.853015972703296], [10.216215833592425, 3.8114573740418027], [10.25646567163057, 3.7788368446768605], [10.29667762976868, 3.7698671781241857], [10.336924443719042, 3.8180655999379147], [10.377171899621436, 4.027961979578597], [10.417418350255533, 3.805723977733653], [10.457631253015656, 3.943946024413588], [10.497863570996053, 3.9067558689938156], [10.53810479090567, 3.7224335448328665], [10.578343463123822, 3.9019503016831183], [10.618591900448115, 3.8655480933397435], [10.658811091522749, 3.790535665562539], [10.699055933195222, 3.778466951333607], [10.739305484260235, 3.8859669666587546], [10.779539453150608, 3.771055310326052]], "exact_d2": [[9.210340371976184, 6.976629009384587], [9.250522161609014, 6.793329714636012], [9.290721483922995, 7.339697642184497], [9.330963814299922, 7.1903295607243125], [9.371268036082466, 6.106963278348686], [9.411483683010726, 6.768886858464694], [9.451716691551452, 7.220255835321571], [9.491979220880678, 6.739670417875324], [9.532206456208034, 7.303378154941685], [9.572410734431823, 7.032210187770925], [9.612667227583843, 7.984881076520733], [9.65290856803585, 6.424302598551226], [9.693136823020671, 7.656691062917404], [9.733351450605975, 5.876957646530927], [9.773606631681607, 6.330250178169284], [9.81383633058348, 7.277144205777385], [9.854087202241, 7.040692387144596], [9.894345894618844, 5.701185593266731], [9.934550077987947, 7.3190230696338645], [9.974784434418162, 7.432360710275673], [10.015028927269036, 7.185154709325919], [10.055263987501922, 8.431688052249303], [10.095511884791469, 6.576059948334399], [10.135749405494865, 6.993881039659527], [10.175992533388062, 6.695422442986281], [10.216215833592425, 7.240388522775681], [10.25646567163057, 7.20310802063078], [10.29667762976868, 7.249508324392694], [10.336924443719042, 7.198647949104455], [10.377171899621436, 8.464549249334135], [10.417418350255533, 7.341834227026657], [10.457631253015656, 7.683884627609113], [10.497863570996053, 7.719714243900445], [10.53810479090567, 6.416932220175705], [10.578343463123822, 6.4120510539273825], [10.618591900448115, 7.783973602219955], [10.658811091522749, 6.279996676917081], [10.699055933195222, 6.385563758123877], [10.739305484260235, 7.331787944577561], [10.779539453150608, 6.971236692092134]], "over": [[9.210340371976184, 9.738793069207167], [9.250522161609014, 11.5621209265303], [9.290721483922995, 11.460968303126583], [9.330963814299922, 14.024843196380962], [9.371268036082466, 8.986860939852436], [9.411483683010726, 16.086741516755485], [9.451716691551452, 12.339271262325264], [9.491979220880678, 12.062336517719558], [9.532206456208034, 12.196272135138166], [9.572410734431823, 14.251329535202414], [9.612667227583843, 13.418760764819488], [9.65290856803585, 12.299034869183881], [9.693136823020671, 12.204897382745726], [9.733351450605975, 17.259310398233836], [9.773606631681607, 11.546689237100848], [9.81383633058348, 11.80859330508385], [9.854087202241, 9.23209281448537], [9.894345894618844, 13.401657168078547], [9.934550077987947, 14.747192331005495], [9.974784434418162, 12.194750823412594], [10.015028927269036, 10.127355922619468], [10.055263987501922, 14.212787837521176], [10.095511884791469, 11.786100052685553], [10.135749405494865, 14.876827947141408], [10.175992533388062, 12.186574213153659], [10.216215833592425, 11.940638189658742], [10.25646567163057, 11.48646643691445], [10.29667762976868, 10.057155131039245], [10.336924443719042, 10.087935827612393], [10.377171899621436, 10.770761825044973], [10.417418350255533, 9.50668785342876], [10.457631253015656, 11.887440468226892], [10.497863570996053, 12.837636357405469], [10.53810479090567, 9.776105389957674], [10.578343463123822, 9.68603119583881], [10.618591900448115, 11.501806003560471], [10.658811091522749, 11.128638029246437], [10.699055933195222, 10.506765607431552], [10.739305484260235, 14.859414539652098], [10.779539453150608, 10.185689925551674]], "merge_d1": [[9.210340371976184, 4.293954148121707], [9.250522161609014, 4.272476670242217], [9.290721483922995, 4.286833519218309], [9.330963814299922, 4.454496298748421], [9.371268036082466, 4.230453607822809], [9.411483683010726, 4.33785528367926], [9.451716691551452, 4.19674631860562], [9.491979220880678, 4.155468142641965], [9.532206456208034, 4.33497689846525], [9.572410734431823, 4.371796644465856], [9.612667227583843, 4.349981557893203], [9.65290856803585, 4.237170711862019], [9.693136823020671, 4.299951648543183], [9.733351450605975, 4.304855896466945], [9.773606631681607, 4.263327080809523], [9.81383633058348, 4.297983558327907], [9.854087202241, 4.187162725835062], [9.894345894618844, 4.070422804321621], [9.934550077987947, 4.232633157587546], [9.974784434418162, 4.274486629966888], [10.015028927269036, 4.205056018948912], [10.055263987501922, 4.30884093206416], [10.095511884791469, 4.171532095508181], [10.135749405494865, 4.254613777026596], [10.175992533388062, 4.296452811681612], [10.216215833592425, 4.227899082031712], [10.25646567163057, 4.2172007893006], [10.29667762976868, 4.224874910354446], [10.336924443719042, 4.165849435344323], [10.377171899621436, 4.222481923825139], [10.417418350255533, 4.22554347754574], [10.457631253015656, 4.297088867218581], [10.497863570996053, 4.274142069929115], [10.53810479090567, 4.307578843255169], [10.578343463123822, 4.272834817340972], [10.618591900448115, 4.280626759280369], [10.658811091522749, 4.209913477225403], [10.699055933195222, 4.1924900500040625], [10.739305484260235, 4.189161868770212], [10.779539453150608, 4.228637268479966]],