{"exact_d1": [[6.907755278982137, 3.7994977715756426], [8.153349757998892, 3.7558723258669424], [8.691146498539675, 3.789670484092487], [9.038958755220563, 3.8879467974158017], [9.296518068217235, 3.7500244962597686], [9.501142571764207, 3.788751180551536], [9.670924779305427, 3.8376894271611475], [9.816021526754852, 3.7942912174834555], [9.94270826568941, 3.671547682185274], [10.055135102145268, 3.713480738232836], [10.156189906091882, 3.7631202902487493], [10.247963389017864, 3.6790192570793527], [10.332017933575289, 3.754873377064283], [10.409551859200409, 3.8688633520076956], [10.481504425842441, 3.73771387174683], [10.548625513909712, 3.725170214321376], [10.611523345589823, 3.7306656675774965], [10.67069806139613, 3.7960820942044746], [10.726565902688105, 3.7471951357632625], [10.779476987636757, 3.7747312718910546], [10.829728615263452, 3.7766392426599302], [10.8775753831365, 3.7479580230738967], [10.923236992778513, 3.8742496348321365], [10.966904349300577, 3.785016678444243], [11.008744383922906, 3.8019630043419723], [11.04890390740204, 3.757823074755911], [11.087512719052368, 3.7170717288251347], [11.124686137527133, 3.7674175142439035], [11.160527077798756, 3.746925628968096], [11.195127768613824, 3.701180633971087], [11.228571182611121, 3.7395938169896157], [11.260932234926955, 3.700019864262501], [11.292278793854607, 3.8032058006784686], [11.322672537849993, 3.7470467378758783], [11.352169686090834, 3.733298108917977], [11.38082162433689, 3.7635621602687426], [11.40867544359643, 3.751043070649309], [11.435774405781814, 3.7577485884331514], [11.462158347916576, 3.751580223686841], [11.487864034374857, 3.8007208647918707]], "exact_d2": [[6.907755278982137, 7.968122482346325], [8.153349757998892, 7.214719524274567], [8.691146498539675, 7.435938510665414], [9.038958755220563, 6.681925549968481], [9.296518068217235, 6.940349052249671], [9.501142571764207, 6.497213088329678], [9.670924779305427, 6.753652728502337], [9.816021526754852, 6.903924588468735], [9.94270826568941, 6.86434861311723], [10.055135102145268, 7.4323935045617935], [10.156189906091882, 7.538828964644012], [10.247963389017864, 6.624314313862244], [10.332017933575289, 6.6440506059058], [10.409551859200409, 6.777349866040887], [10.481504425842441, 6.900633808343502], [10.548625513909712, 6.457327108369867], [10.611523345589823, 6.856435508688414], [10.67069806139613, 7.256005148757359], [10.726565902688105, 6.78914495134642], [10.779476987636757, 6.935726045739961], [10.829728615263452, 6.663751692266871], [10.8775753831365, 7.002413106841725], [10.923236992778513, 6.886445770953163], [10.966904349300577, 7.215497795774548], [11.008744383922906, 7.068780904490764], [11.04890390740204, 7.214447349161648], [11.087512719052368, 6.76898845850419], [11.124686137527133, 6.894889397598691], [11.160527077798756, 6.550300363201583], [11.195127768613824, 6.921851893937773], [11.228571182611121, 6.861961874327028], [11.260932234926955, 7.070076837066255], [11.292278793854607, 6.729865295731467], [11.322672537849993, 6.7467423680436065], [11.352169686090834, 6.766808858738141], [11.38082162433689, 7.028437798608013], [11.40867544359643, 6.797972474881836], [11.435774405781814, 7.133239589205878], [11.462158347916576, 6.917698465662926], [11.487864034374857, 6.90041640273892]], "over": [[6.907755278982137, 20.661662343617373], [8.153349757998892, 13.494543405798268], [8.691146498539675, 10.499676492133569], [9.038958755220563, 11.370302900158414], [9.296518068217235, 10.680379544716152], [9.501142571764207, 11.586466878352756], [9.670924779305427, 11.146566063843247], [9.816021526754852, 11.762162604928701], [9.94270826568941, 11.086912806272823], [10.055135102145268, 10.949679071717863], [10.156189906091882, 13.134512252428852], [10.247963389017864, 11.001524326837083], [10.332017933575289, 9.638670610573635], [10.409551859200409, 11.42452042515351], [10.481504425842441, 10.284685285094778], [10.548625513909712, 11.053334029154522], [10.611523345589823, 10.685452685309503], [10.67069806139613, 12.288542874075429], [10.726565902688105, 11.761410722325007], [10.779476987636757, 10.803804600517495], [10.829728615263452, 10.360549790799752], [10.8775753831365, 11.631539955315185], [10.923236992778513, 11.43907907298321], [10.966904349300577, 10.771004771267126], [11.008744383922906, 11.206573477268519], [11.04890390740204, 11.254481658174425], [11.087512719052368, 10.704800690194968], [11.124686137527133, 10.595114010384867], [11.160527077798756, 10.774658227585606], [11.195127768613824, 10.817950306188713], [11.228571182611121, 11.54041352269476], [11.260932234926955, 10.812958222007866], [11.292278793854607, 11.774618004200285], [11.322672537849993, 10.652998657547416], [11.352169686090834, 10.555979702440345], [11.38082162433689, 11.160120894659192], [11.40867544359643, 10.834604475918724], [11.435774405781814, 10.695589617128356], [11.462158347916576, 10.81687291375832], [11.487864034374857, 10.507704783426737]], "merge_d1": [[6.907755278982137, 4.1326143543418405], [8.153349757998892, 4.073179889591843], [8.691146498539675, 4.319741312489082], [9.038958755220563, 3.893337633147756], [9.296518068217235, 3.7946126068529824], [9.501142571764207, 4.484631239283952], [9.670924779305427, 4.4094717068936715], [9.816021526754852, 4.7244920499572824], [9.94270826568941, 4.388891521188597], [10.055135102145268, 4.467488393590597], [10.156189906091882, 3.8335308208216152], [10.247963389017864, 4.556944400965361], [10.332017933575289, 4.555119845958043], [10.409551859200409, 4.617080498877775], [10.481504425842441, 4.294052719107734], [10.548625513909712, 4.436204075647937], [10.611523345589823, 4.411069074370006], [10.67069806139613, 3.871924829103724], [10.726565902688105, 4.414525850894741], [10.779476987636757, 4.410948666119249], [10.829728615263452, 4.49738271279745], [10.8775753831365, 4.425060433586205], [10.923236992778513, 4.469732269392464], [10.966904349300577, 3.881043336740556], [11.008744383922906, 4.5630261032401815], [11.04890390740204, 3.848841195612844], [11.087512719052368, 4.422837766607544], [11.124686137527133, 3.8566971608458216], [11.160527077798756, 3.824918177504213], [11.195127768613824, 3.8051053888614965], [11.228571182611121, 3.803082537927773], [11.260932234926955, 4.5313890670721975], [11.292278793854607, 4.425346902483293], [11.322672537849993, 4.35701358005802], [11.352169686090834, 4.328697732590915], [11.38082162433689, 3.877714184021721], [11.40867544359643, 4.410100606711382], [11.435774405781814, 3.8689255871732655], [11.462158347916576, 3.886182502709901], [11.487864034374857, 3.902133349687066]],