{"exact_d1": [[9.210340371976184, 3.8696726855315227], [9.250522161609014, 3.825530728568826], [9.290721483922995, 3.8355143515311365], [9.330963814299922, 4.021539691567615], [9.371268036082466, 3.7532781509054085], [9.411483683010726, 3.819384315348848], [9.451716691551452, 3.8155972141269547], [9.491979220880678, 3.7540201606248655], [9.532206456208034, 3.9723908993541253], [9.572410734431823, 3.8779410711720286], [9.612667227583843, 3.822005081246418], [9.65290856803585, 3.712512128649221], [9.693136823020671, 3.859838621175518], [9.733351450605975, 3.602893080465166], [9.773606631681607, 3.8358284354419503], [9.81383633058348, 3.8599920848141864], [9.854087202241, 3.8148551541831135], [9.894345894618844, 3.8092918865988667], [9.934550077987947, 3.8836914523593293], [9.974784434418162, 3.694204674872914], [10.015028927269036, 3.8418619780265915], [10.055263987501922, 3.8094423252360294], [10.095511884791469, 3.958798583645405], [10.135749405494865, 3.806673447529985], [10.175992533388062, 4.003318309992657], [10.216215833592425, 3.870808059064369], [10.25646567163057, 3.7830100623303715], [10.29667762976868, 3.948178021507824], [10.336924443719042, 3.91980616072532], [10.377171899621436, 3.8394581732750854], [10.417418350255533, 3.8529930094647216], [10.457631253015656, 3.7233769511388277], [10.497863570996053, 4.020199295337675], [10.53810479090567, 3.863034654082957], [10.578343463123822, 3.7765565160214], [10.618591900448115, 3.7831531570038175], [10.658811091522749, 3.9832620293627166], [10.699055933195222, 3.918063806850354], [10.739305484260235, 3.8160280886966644], [10.779539453150608, 3.8240984851614974]], "exact_d2": [[9.210340371976184, 6.688511509887997], [9.250522161609014, 6.641227042393003], [9.290721483922995, 9.123628404042698], [9.330963814299922, 7.739706061630838], [9.371268036082466, 6.6858159121443155], [9.411483683010726, 7.426455911276118], [9.451716691551452, 7.132489060269713], [9.491979220880678, 6.221342979428305], [9.532206456208034, 8.208766380752714], [9.572410734431823, 7.0343472182265545], [9.612667227583843, 6.536025783539339], [9.65290856803585, 7.577482221619894], [9.693136823020671, 6.382400758755652], [9.733351450605975, 4.857441366120675], [9.773606631681607, 7.3322328752259915], [9.81383633058348, 7.710805231050528], [9.854087202241, 8.102958464067347], [9.894345894618844, 7.174732142441909], [9.934550077987947, 6.8166181292010295], [9.974784434418162, 6.11751190837657], [10.015028927269036, 6.6671628333949675], [10.055263987501922, 5.928796570616268], [10.095511884791469, 7.540950580929197], [10.135749405494865, 7.3463984053395475], [10.175992533388062, 7.3349894456845535], [10.216215833592425, 8.045980396050702], [10.25646567163057, 7.235908969462685], [10.29667762976868, 8.069078425648298], [10.336924443719042, 7.968098025931504], [10.377171899621436, 6.209038788266364], [10.417418350255533, 7.2284741674351976], [10.457631253015656, 6.741374764777873], [10.497863570996053, 7.706873786288893], [10.53810479090567, 8.05818574026202], [10.578343463123822, 7.264304750199412], [10.618591900448115, 6.509160653218547], [10.658811091522749, 7.994681369156636], [10.699055933195222, 7.069018217288853], [10.739305484260235, 7.768047637447407], [10.779539453150608, 7.566672428898405]], "over": [[9.210340371976184, 19.252468671256295], [9.250522161609014, 11.47511377729324], [9.290721483922995, 11.317521050003876], [9.330963814299922, 10.41563704057004], [9.371268036082466, 12.365400161036845], [9.411483683010726, 10.957871456061428], [9.451716691551452, 11.675068597858992], [9.491979220880678, 11.069842873048486], [9.532206456208034, 9.315648080541969], [9.572410734431823, 13.621321936203469], [9.612667227583843, 9.154592455887855], [9.65290856803585, 12.912486781838162], [9.693136823020671, 10.599040745399124], [9.733351450605975, 13.832531504978286], [9.773606631681607, 11.480558255549237], [9.81383633058348, 14.439311938086155], [9.854087202241, 10.829951903109707], [9.894345894618844, 12.097333029104847], [9.934550077987947, 11.167792809843322], [9.974784434418162, 12.7712347389707], [10.015028927269036, 10.438035513973862], [10.055263987501922, 8.930377870481124], [10.095511884791469, 10.201356082040673], [10.135749405494865, 9.96145572130063], [10.175992533388062, 9.824603494783279], [10.216215833592425, 15.654115880214343], [10.25646567163057, 9.934764764070941], [10.29667762976868, 12.689804906977042], [10.336924443719042, 9.277081944639262], [10.377171899621436, 10.241581647006493], [10.417418350255533, 9.325597132344583], [10.457631253015656, 16.90888774834734], [10.497863570996053, 9.85897433820977], [10.53810479090567, 11.277973553491423], [10.578343463123822, 11.791472649333105], [10.618591900448115, 10.486684838155442], [10.658811091522749, 15.407916498468786], [10.699055933195222, 10.709857198304691], [10.739305484260235, 16.12314989913396], [10.779539453150608, 11.19987588477652]], "merge_d1": [[9.210340371976184, 4.5481412258220395], [9.250522161609014, 4.239402556665237], [9.290721483922995, 4.222825111944821], [9.330963814299922, 4.500462707283825], [9.371268036082466, 4.260411853123343], [9.411483683010726, 4.429876237900095], [9.451716691551452, 4.265707077430504], [9.491979220880678, 4.2446523237256155], [9.532206456208034, 4.319861095891657], [9.572410734431823, 4.259408775643222], [9.612667227583843, 4.312359157376089], [9.65290856803585, 4.226078592457841], [9.693136823020671, 4.299383707755793], [9.733351450605975, 3.9682530831489093], [9.773606631681607, 4.2088824464692065], [9.81383633058348, 4.200658662469695], [9.854087202241, 4.428582519000418], [9.894345894618844, 4.2936566362613], [9.934550077987947, 4.279424824992915], [9.974784434418162, 4.241752718884433], [10.015028927269036, 4.259371367706665], [10.055263987501922, 4.30448553869788], [10.095511884791469, 4.199140238245165], [10.135749405494865, 4.215797160563599], [10.175992533388062, 4.165991235673476], [10.216215833592425, 4.382641258602576], [10.25646567163057, 4.200021195623983], [10.29667762976868, 4.257086132039095], [10.336924443719042, 4.346552970456144], [10.377171899621436, 4.2152389450951535], [10.417418350255533, 4.233949598841105], [10.457631253015656, 4.1562538781759875], [10.497863570996053, 4.26063347590953], [10.53810479090567, 4.12970532555262], [10.578343463123822, 4.131753353764691], [10.618591900448115, 4.270519079848933], [10.658811091522749, 4.035069102581526], [10.699055933195222, 4.106605016500221], [10.739305484260235, 4.042505111624795], [10.779539453150608, 4.426387596613456]],