{"exact_d1": [[9.210340371976184, 3.7784784565408764], [9.250522161609014, 3.8776420115935735], [9.290721483922995, 3.7717302070275265], [9.330963814299922, 3.9035577766694924], [9.371268036082466, 3.7129264519505645], [9.411483683010726, 3.972360025765952], [9.451716691551452, 3.903454295752383], [9.491979220880678, 4.038700635549658], [9.532206456208034, 3.881019275302485], [9.572410734431823, 3.942437173937716], [9.612667227583843, 3.7751526406839635], [9.65290856803585, 3.9633323506632645], [9.693136823020671, 3.8485461486908936], [9.733351450605975, 4.021384650804846], [9.773606631681607, 3.8097826853258514], [9.81383633058348, 3.713487090107902], [9.854087202241, 3.6805600966980276], [9.894345894618844, 3.7189270001877515], [9.934550077987947, 3.984480801602775], [9.974784434418162, 3.7211574699176246], [10.015028927269036, 3.692539242232225], [10.055263987501922, 3.8593638312733716], [10.095511884791469, 3.811669984267627], [10.135749405494865, 3.9155061851906106], [10.175992533388062, 3.8499324106414363], [10.216215833592425, 3.958183505756284], [10.25646567163057, 3.7430441700818555], [10.29667762976868, 3.91910466565853], [10.336924443719042, 4.019345120105318], [10.377171899621436, 3.8816603904528977], [10.417418350255533, 4.00517872599509], [10.457631253015656, 3.9055756260458345], [10.497863570996053, 3.799681792720629], [10.53810479090567, 3.709954695174128], [10.578343463123822, 3.7686131822160465], [10.618591900448115, 3.8838065809418363], [10.658811091522749, 3.744858231572115], [10.699055933195222, 3.979719304412613], [10.739305484260235, 3.779510502311155], [10.779539453150608, 3.889777413563219]], "exact_d2": [[9.210340371976184, 8.168957729427856], [9.250522161609014, 7.81694698502107], [9.290721483922995, 6.846499623659797], [9.330963814299922, 8.65704320015649], [9.371268036082466, 6.573674259299014], [9.411483683010726, 7.432920300863275], [9.451716691551452, 7.515598823396113], [9.491979220880678, 8.429523015083758], [9.532206456208034, 7.455094530082084], [9.572410734431823, 10.013363265338793], [9.612667227583843, 5.9539716058564816], [9.65290856803585, 8.11384220968157], [9.693136823020671, 5.499704517887253], [9.733351450605975, 8.707259883936027], [9.773606631681607, 7.384270264818546], [9.81383633058348, 5.989583827760044], [9.854087202241, 5.941166882485079], [9.894345894618844, 5.424065512112884], [9.934550077987947, 7.653569694945266], [9.974784434418162, 6.1583975818678285], [10.015028927269036, 5.383064456626721], [10.055263987501922, 7.369694586340433], [10.095511884791469, 7.641082298139429], [10.135749405494865, 7.514803600502112], [10.175992533388062, 7.391279560533816], [10.216215833592425, 8.279819333223294], [10.25646567163057, 6.527093289518649], [10.29667762976868, 7.5780372485141445], [10.336924443719042, 8.366518867119147], [10.377171899621436, 7.225221697562452], [10.417418350255533, 8.743098207398607], [10.457631253015656, 7.027703072421956], [10.497863570996053, 6.91904290354719], [10.53810479090567, 6.543683347883545], [10.578343463123822, 6.564926394945388], [10.618591900448115, 7.735794227677298], [10.658811091522749, 7.329662273669652], [10.699055933195222, 7.314215043887387], [10.739305484260235, 7.345090991348886], [10.779539453150608, 6.627502707278861]], "over": [[9.210340371976184, 13.914799533299153], [9.250522161609014, 10.951804546926825], [9.290721483922995, 16.768623250745172], [9.330963814299922, 23.76606597473098], [9.371268036082466, 10.979050711954637], [9.411483683010726, 11.823995887540509], [9.451716691551452, 12.976450159964566], [9.491979220880678, 15.220066663276217], [9.532206456208034, 12.952193307089727], [9.572410734431823, 16.41292996500852], [9.612667227583843, 9.325735218221329], [9.65290856803585, 11.681901114739881], [9.693136823020671, 10.70157896513505], [9.733351450605975, 12.897810712691022], [9.773606631681607, 10.934244400630606], [9.81383633058348, 9.266434716953235], [9.854087202241, 10.655893598187538], [9.894345894618844, 14.885034289363565], [9.934550077987947, 16.217900895099756], [9.974784434418162, 10.515537003811726], [10.015028927269036, 11.672849230152497], [10.055263987501922, 11.612680345856235], [10.095511884791469, 12.169306223637017], [10.135749405494865, 8.542459915612973], [10.175992533388062, 13.408645218166159], [10.216215833592425, 13.885463996055083], [10.25646567163057, 10.495485717289554], [10.29667762976868, 11.344903163394847], [10.336924443719042, 9.817031450122347], [10.377171899621436, 10.468880468873731], [10.417418350255533, 10.214472623861875], [10.457631253015656, 12.076619003267341], [10.497863570996053, 16.97049359487419], [10.53810479090567, 13.47759879932693], [10.578343463123822, 12.099734349896728], [10.618591900448115, 10.02517675355581], [10.658811091522749, 12.312939060746487], [10.699055933195222, 15.93091273844273], [10.739305484260235, 16.76030277104163], [10.779539453150608, 8.487881452345844]], "merge_d1": [[9.210340371976184, 4.326025593107125], [9.250522161609014, 4.3617411374727295], [9.290721483922995, 4.410403968030581], [9.330963814299922, 4.31521069138764], [9.371268036082466, 4.245595939812188], [9.411483683010726, 4.2344289105866775], [9.451716691551452, 4.285138042126794], [9.491979220880678, 4.31710948509501], [9.532206456208034, 4.285027473234876], [9.572410734431823, 4.314714835035567], [9.612667227583843, 4.27031537152395], [9.65290856803585, 4.30834391167756], [9.693136823020671, 4.157033470578375], [9.733351450605975, 4.403016133047371], [9.773606631681607, 4.337361572673945], [9.81383633058348, 4.322737630398269], [9.854087202241, 4.238953544516163], [9.894345894618844, 4.017244685097521], [9.934550077987947, 4.190950353928248], [9.974784434418162, 4.3762779163803955], [10.015028927269036, 4.197017874582269], [10.055263987501922, 4.424972735925566], [10.095511884791469, 4.2359683770386445], [10.135749405494865, 4.1475608904116354], [10.175992533388062, 4.464536308009089], [10.216215833592425, 4.217918794086706], [10.25646567163057, 4.21529899247064], [10.29667762976868, 4.165861337194678], [10.336924443719042, 4.318812625072066], [10.377171899621436, 4.187458488932201], [10.417418350255533, 4.1253174069154275], [10.457631253015656, 4.268564469519345], [10.497863570996053, 4.065805082799047], [10.53810479090567, 4.2810209019301295], [10.578343463123822, 4.085625512272266], [10.618591900448115, 4.214490598394362], [10.658811091522749, 4.099745829963708], [10.699055933195222, 4.21427789060072], [10.739305484260235, 4.171496862702531], [10.779539453150608, 4.2622409069976275]],