{"exact_d1": [[11.512925464970229, 3.7829294001239737]], "exact_d2": [[11.512925464970229, 6.802067052037259]], "over": [[11.512925464970229, 12.18962831371684]], "merge_d1": [[11.512925464970229, 4.231640682179057]], "merge_d2": [[11.512925464970229, 6.970523258601728]], "argmin_dic": [[100000, 2]], "time_elapsed": 153.99821734428406}