{"exact_d1": [[6.907755278982137, 4.0982011568114745], [8.153349757998892, 4.318342461920446], [8.691146498539675, 3.7222918039799913], [9.038958755220563, 3.7438403969691127], [9.296518068217235, 3.8362812136811586], [9.501142571764207, 3.800131625144572], [9.670924779305427, 3.7974229219040874], [9.816021526754852, 3.7490169278804277], [9.94270826568941, 3.824206175477036], [10.055135102145268, 3.7418656257829332], [10.156189906091882, 3.8244205663581425], [10.247963389017864, 3.7412441714177107], [10.332017933575289, 3.6853580098845065], [10.409551859200409, 3.7366308897438967], [10.481504425842441, 3.789771040203613], [10.548625513909712, 3.741161238038943], [10.611523345589823, 3.768870839938285], [10.67069806139613, 3.8142880369931076], [10.726565902688105, 3.7176010496289864], [10.779476987636757, 3.7219424347685974], [10.829728615263452, 3.7537054754857775], [10.8775753831365, 3.7741762055732373], [10.923236992778513, 3.7263909969764017], [10.966904349300577, 3.731904303494408], [11.008744383922906, 3.7259389757490866], [11.04890390740204, 3.7604041833663295], [11.087512719052368, 3.748693728675415], [11.124686137527133, 3.789550561685557], [11.160527077798756, 3.739109609813648], [11.195127768613824, 3.7510260489017444], [11.228571182611121, 3.7346593795696394], [11.260932234926955, 3.748784189267072], [11.292278793854607, 3.739457747047424], [11.322672537849993, 3.7134867803711358], [11.352169686090834, 3.7514550102008104], [11.38082162433689, 3.7347460966803268], [11.40867544359643, 3.712754987032562], [11.435774405781814, 3.716788570224627], [11.462158347916576, 3.744810570099886], [11.487864034374857, 3.7089086215085363]], "exact_d2": [[6.907755278982137, 6.399117507534876], [8.153349757998892, 7.100042308244618], [8.691146498539675, 7.662464371553916], [9.038958755220563, 6.5036260708696165], [9.296518068217235, 6.600394663771128], [9.501142571764207, 7.260326464954801], [9.670924779305427, 6.528434689043247], [9.816021526754852, 6.597924061881278], [9.94270826568941, 6.961534587979188], [10.055135102145268, 6.9555327107888925], [10.156189906091882, 7.450836730786479], [10.247963389017864, 7.023123543061801], [10.332017933575289, 6.877724820994759], [10.409551859200409, 6.697634807454733], [10.481504425842441, 6.591078052018827], [10.548625513909712, 6.430271897669302], [10.611523345589823, 6.717122717428656], [10.67069806139613, 6.732425097973123], [10.726565902688105, 7.0597947302420305], [10.779476987636757, 6.924788833503399], [10.829728615263452, 7.247719757729448], [10.8775753831365, 6.995435148932162], [10.923236992778513, 6.859197188519013], [10.966904349300577, 6.616334622132602], [11.008744383922906, 6.985971655573753], [11.04890390740204, 6.643629487763123], [11.087512719052368, 7.1365014188187175], [11.124686137527133, 6.930092064005201], [11.160527077798756, 7.043732171705366], [11.195127768613824, 6.737109823207926], [11.228571182611121, 7.10921615260618], [11.260932234926955, 7.000696313009152], [11.292278793854607, 6.659045919145179], [11.322672537849993, 6.776899186042878], [11.352169686090834, 6.7940135684467515], [11.38082162433689, 7.197064684377935], [11.40867544359643, 6.786081859388581], [11.435774405781814, 7.214790371856178], [11.462158347916576, 7.144585255097298], [11.487864034374857, 6.868699766135704]], "over": [[6.907755278982137, 13.566807584440662], [8.153349757998892, 15.028097990270037], [8.691146498539675, 11.97531108849621], [9.038958755220563, 11.374265709351713], [9.296518068217235, 10.990376439075533], [9.501142571764207, 11.823187200203167], [9.670924779305427, 10.045867522960517], [9.816021526754852, 11.003360360398831], [9.94270826568941, 10.648986055124993], [10.055135102145268, 10.767185078340189], [10.156189906091882, 12.73728484592633], [10.247963389017864, 10.848954114000117], [10.332017933575289, 10.765740181841137], [10.409551859200409, 11.107818091219984], [10.481504425842441, 10.217347596859005], [10.548625513909712, 10.660291156128057], [10.611523345589823, 10.358656191371203], [10.67069806139613, 10.688522947731576], [10.726565902688105, 11.047763940075505], [10.779476987636757, 11.047379708811961], [10.829728615263452, 10.643847205137998], [10.8775753831365, 10.76675321161967], [10.923236992778513, 10.611522462440556], [10.966904349300577, 10.579888056137086], [11.008744383922906, 11.111346707833336], [11.04890390740204, 10.124925145743575], [11.087512719052368, 11.044660615739861], [11.124686137527133, 10.292355781218989], [11.160527077798756, 11.557542448409116], [11.195127768613824, 10.632851046060926], [11.228571182611121, 12.716733118166452], [11.260932234926955, 10.506263264283353], [11.292278793854607, 11.726506414909496], [11.322672537849993, 10.20975053084075], [11.352169686090834, 10.202316894428261], [11.38082162433689, 11.385020854000691], [11.40867544359643, 11.533885516850143], [11.435774405781814, 10.774011807242132], [11.462158347916576, 10.953788481697993], [11.487864034374857, 10.655912459369008]], "merge_d1": [[6.907755278982137, 4.461155947887606], [8.153349757998892, 4.480496026073554], [8.691146498539675, 4.421284859438283], [9.038958755220563, 4.363862581620072], [9.296518068217235, 3.9642528321082477], [9.501142571764207, 4.546013084800049], [9.670924779305427, 3.904381115592253], [9.816021526754852, 3.824157704266473], [9.94270826568941, 4.581460229157572], [10.055135102145268, 3.8464426826720226], [10.156189906091882, 3.8970181331726814], [10.247963389017864, 3.8415510949438647], [10.332017933575289, 3.753443571582386], [10.409551859200409, 4.385881796587234], [10.481504425842441, 4.493039862282967], [10.548625513909712, 4.507448298110962], [10.611523345589823, 4.336734625660078], [10.67069806139613, 4.5058383255206635], [10.726565902688105, 3.8040404079826518], [10.779476987636757, 4.364803577533944], [10.829728615263452, 4.478670191186397], [10.8775753831365, 3.8728058916884898], [10.923236992778513, 3.782229334063885], [10.966904349300577, 3.8338274874157108], [11.008744383922906, 4.355256781975191], [11.04890390740204, 3.8595920738820335], [11.087512719052368, 3.8388316741720407], [11.124686137527133, 4.498674546269691], [11.160527077798756, 3.848417752152765], [11.195127768613824, 4.37042140795404], [11.228571182611121, 4.410220620186261], [11.260932234926955, 4.396917348983216], [11.292278793854607, 4.408926949507169], [11.322672537849993, 4.364886297190159], [11.352169686090834, 4.825475409231573], [11.38082162433689, 4.647139664103062], [11.40867544359643, 3.7799391052230518], [11.435774405781814, 3.8076691596829697], [11.462158347916576, 3.8520661884133727], [11.487864034374857, 3.8074860431037667]],