{"exact_d1": [[11.512925464970229, 3.8093527443342565]], "exact_d2": [[11.512925464970229, 7.28635234022168]], "over": [[11.512925464970229, 11.320704906216584]], "merge_d1": [[11.512925464970229, 4.188562230807899]], "merge_d2": [[11.512925464970229, 6.863977395185506]], "argmin_dic": [[100000, 2]], "time_elapsed": 179.4981667995453}