{"exact_d1": [[11.512925464970229, 3.954839968258898]], "exact_d2": [[11.512925464970229, 7.500889126168798]], "over": [[11.512925464970229, 15.32415657023908]], "merge_d1": [[11.512925464970229, 4.338853910534284]], "merge_d2": [[11.512925464970229, 7.64761232640051]], "argmin_dic": [[100000, 2]], "time_elapsed": 297.5239579677582}