{"exact_d1": [[11.512925464970229, 3.812340444816386]], "exact_d2": [[11.512925464970229, 6.848691096984103]], "over": [[11.512925464970229, 11.189228243626864]], "merge_d1": [[11.512925464970229, 4.270076042216]], "merge_d2": [[11.512925464970229, 5.787439215916766]], "argmin_dic": [[100000, 2]], "time_elapsed": 226.50992894172668}