{"exact_d1": [[6.907755278982137, 3.790061480510546], [8.153349757998892, 4.036691510715215], [8.691146498539675, 3.666262730047595], [9.038958755220563, 3.810816001674165], [9.296518068217235, 3.8327502428743423], [9.501142571764207, 3.795193439266193], [9.670924779305427, 3.7589540902432828], [9.816021526754852, 3.7603924348793747], [9.94270826568941, 3.7022144328023705], [10.055135102145268, 3.764714192460632], [10.156189906091882, 3.744460781346012], [10.247963389017864, 3.7594657616619767], [10.332017933575289, 3.8035195210688437], [10.409551859200409, 3.717110401418928], [10.481504425842441, 3.7007099920101836], [10.548625513909712, 3.7946326012799894], [10.611523345589823, 3.7696310686199874], [10.67069806139613, 3.808992080377596], [10.726565902688105, 3.735276505581523], [10.779476987636757, 3.7511536976372706], [10.829728615263452, 3.6978240043911157], [10.8775753831365, 3.756080547132265], [10.923236992778513, 3.6729057781001866], [10.966904349300577, 3.695869544879318], [11.008744383922906, 3.7610415037973426], [11.04890390740204, 3.7488222133619264], [11.087512719052368, 3.7781844150212693], [11.124686137527133, 3.7674464507518555], [11.160527077798756, 3.7215418596432457], [11.195127768613824, 3.7817773255956304], [11.228571182611121, 3.723082705433411], [11.260932234926955, 3.802508194378863], [11.292278793854607, 3.7505935626880227], [11.322672537849993, 3.749989685986038], [11.352169686090834, 3.749377663313361], [11.38082162433689, 3.719868700699047], [11.40867544359643, 3.752095026515619], [11.435774405781814, 3.8219199728478563], [11.462158347916576, 3.736740575778868], [11.487864034374857, 3.72418011865692]], "exact_d2": [[6.907755278982137, 6.382374721216929], [8.153349757998892, 7.355000930779284], [8.691146498539675, 7.920885962581597], [9.038958755220563, 7.639933976523546], [9.296518068217235, 7.455064448846022], [9.501142571764207, 7.482384944083352], [9.670924779305427, 6.845860905134693], [9.816021526754852, 6.8405375739298195], [9.94270826568941, 7.301475218833037], [10.055135102145268, 6.621642178703413], [10.156189906091882, 6.772553468780325], [10.247963389017864, 6.53459519502124], [10.332017933575289, 7.556067701874637], [10.409551859200409, 7.023702936683186], [10.481504425842441, 6.8933469962950795], [10.548625513909712, 6.488734879077072], [10.611523345589823, 7.2662665630371555], [10.67069806139613, 6.820290670243108], [10.726565902688105, 7.0783471450441136], [10.779476987636757, 7.013321153393002], [10.829728615263452, 6.621196971989775], [10.8775753831365, 7.228431530489919], [10.923236992778513, 6.8751044439165545], [10.966904349300577, 6.777803758440842], [11.008744383922906, 7.133561681629992], [11.04890390740204, 7.139561372688077], [11.087512719052368, 6.800549475039717], [11.124686137527133, 7.2862968039009095], [11.160527077798756, 6.7842555149724255], [11.195127768613824, 6.760127425445194], [11.228571182611121, 6.920488507897741], [11.260932234926955, 7.094625336434193], [11.292278793854607, 6.711195069433898], [11.322672537849993, 7.023564798184686], [11.352169686090834, 6.712133714406573], [11.38082162433689, 7.0452538165100105], [11.40867544359643, 6.983085717454219], [11.435774405781814, 6.970336478785995], [11.462158347916576, 6.683842367970743], [11.487864034374857, 6.899144518109475]], "over": [[6.907755278982137, 23.418824358975737], [8.153349757998892, 21.507324184331832], [8.691146498539675, 14.346208296548582], [9.038958755220563, 10.828616671891686], [9.296518068217235, 11.897396203980728], [9.501142571764207, 12.90852716611311], [9.670924779305427, 12.178889438381747], [9.816021526754852, 11.189227077369761], [9.94270826568941, 11.631564569287322], [10.055135102145268, 11.048803183083255], [10.156189906091882, 11.078195461908686], [10.247963389017864, 10.586788540177318], [10.332017933575289, 11.813899304595505], [10.409551859200409, 11.216522436963094], [10.481504425842441, 10.408885799654808], [10.548625513909712, 9.874802104728548], [10.611523345589823, 11.640184130491733], [10.67069806139613, 10.458651547163953], [10.726565902688105, 12.286910458269539], [10.779476987636757, 10.780232058214626], [10.829728615263452, 9.710164516948248], [10.8775753831365, 11.221786572120978], [10.923236992778513, 10.741738485683651], [10.966904349300577, 10.452401614116255], [11.008744383922906, 12.138119780908887], [11.04890390740204, 10.713992965001218], [11.087512719052368, 10.16220721106868], [11.124686137527133, 12.459108699724275], [11.160527077798756, 10.110015881184049], [11.195127768613824, 9.926200371830832], [11.228571182611121, 10.722191662665766], [11.260932234926955, 11.496052950994798], [11.292278793854607, 10.269576484630635], [11.322672537849993, 11.00998334678937], [11.352169686090834, 11.074994480729679], [11.38082162433689, 10.673572817519604], [11.40867544359643, 10.670243907304979], [11.435774405781814, 10.831251070872721], [11.462158347916576, 10.968741777339744], [11.487864034374857, 10.546879187133152]], "merge_d1": [[6.907755278982137, 3.752262136947082], [8.153349757998892, 4.620412876780806], [8.691146498539675, 3.7309877563625355], [9.038958755220563, 4.536507440056068], [9.296518068217235, 3.9296966595080276], [9.501142571764207, 3.87814371480174], [9.670924779305427, 4.42909719954552], [9.816021526754852, 4.404304332611647], [9.94270826568941, 4.53397607235651], [10.055135102145268, 3.839369837789301], [10.156189906091882, 4.375702726267248], [10.247963389017864, 3.813427192801904], [10.332017933575289, 3.903000999667819], [10.409551859200409, 4.422806924435746], [10.481504425842441, 4.262005602020032], [10.548625513909712, 4.791426310303252], [10.611523345589823, 4.499967739832689], [10.67069806139613, 3.8939030075781105], [10.726565902688105, 3.82145467278211], [10.779476987636757, 3.8334985227894065], [10.829728615263452, 4.45907963579357], [10.8775753831365, 3.8438331462814146], [10.923236992778513, 3.761926360899108], [10.966904349300577, 3.781455156242251], [11.008744383922906, 3.8281193025618974], [11.04890390740204, 4.458881912681397], [11.087512719052368, 3.8865618202619903], [11.124686137527133, 3.8397220455141077], [11.160527077798756, 4.427560613354898], [11.195127768613824, 4.443145088527586], [11.228571182611121, 4.431499623560308], [11.260932234926955, 4.620027323040747], [11.292278793854607, 4.404585236788289], [11.322672537849993, 4.456633727751564], [11.352169686090834, 3.81996980346107], [11.38082162433689, 4.429550942374664], [11.40867544359643, 4.386586903460708], [11.435774405781814, 4.5456317287996], [11.462158347916576, 4.370349407374355], [11.487864034374857, 4.4561575460106315]],