{"exact_d1": [[11.512925464970229, 3.959872042547294]], "exact_d2": [[11.512925464970229, 7.468038187173204]], "over": [[11.512925464970229, 13.302719854177838]], "merge_d1": [[11.512925464970229, 4.269219371154903]], "merge_d2": [[11.512925464970229, 7.577839682043888]], "argmin_dic": [[100000, 2]], "time_elapsed": 384.60987615585327}