{"exact_d1": [[11.512925464970229, 4.017723349246439]], "exact_d2": [[11.512925464970229, 7.481173206603798]], "over": [[11.512925464970229, 12.520893418061961]], "merge_d1": [[11.512925464970229, 4.2191135382012375]], "merge_d2": [[11.512925464970229, 6.8945635629947075]], "argmin_dic": [[100000, 2]], "time_elapsed": 418.88160276412964}