{"exact_d1": [[9.210340371976184, 3.636596066541733], [9.250522161609014, 3.809536543019872], [9.290721483922995, 3.9015793236721374], [9.330963814299922, 3.82961809015515], [9.371268036082466, 3.9225069654746587], [9.411483683010726, 3.815536976148361], [9.451716691551452, 3.7939898355519035], [9.491979220880678, 3.738032097782276], [9.532206456208034, 3.793199182668016], [9.572410734431823, 3.7781254670628632], [9.612667227583843, 3.647527898086895], [9.65290856803585, 3.8756937125676174], [9.693136823020671, 3.722683050437653], [9.733351450605975, 3.7536689319797794], [9.773606631681607, 3.9798293217141243], [9.81383633058348, 3.8389423923427834], [9.854087202241, 3.8407982964483294], [9.894345894618844, 3.6913687110662963], [9.934550077987947, 3.7322639539745937], [9.974784434418162, 3.9531650869425485], [10.015028927269036, 3.7445526510996454], [10.055263987501922, 3.965460877383324], [10.095511884791469, 3.996325163264556], [10.135749405494865, 4.0804943910960105], [10.175992533388062, 4.013930834922954], [10.216215833592425, 3.8939410581268925], [10.25646567163057, 3.9255225615508595], [10.29667762976868, 3.758464916223398], [10.336924443719042, 3.9861346011481045], [10.377171899621436, 3.7996568053408786], [10.417418350255533, 3.983136154589595], [10.457631253015656, 3.8222706581694528], [10.497863570996053, 3.9015327125518664], [10.53810479090567, 3.917251000333565], [10.578343463123822, 3.8162629298181363], [10.618591900448115, 4.017401942208786], [10.658811091522749, 3.717957999081768], [10.699055933195222, 3.9214543152013204], [10.739305484260235, 3.9554165374867676], [10.779539453150608, 3.8424281474675235]], "exact_d2": [[9.210340371976184, 5.5024548786176855], [9.250522161609014, 6.397189721424252], [9.290721483922995, 7.215591672058728], [9.330963814299922, 7.608703312842341], [9.371268036082466, 7.187750613552625], [9.411483683010726, 7.372503686028314], [9.451716691551452, 8.44363591815395], [9.491979220880678, 7.866670293890225], [9.532206456208034, 9.303164215140454], [9.572410734431823, 5.9932029107620215], [9.612667227583843, 5.722351893649974], [9.65290856803585, 8.572866308206494], [9.693136823020671, 6.8132116218105025], [9.733351450605975, 6.471736077633485], [9.773606631681607, 8.528752283302792], [9.81383633058348, 6.5626765680470065], [9.854087202241, 7.757945272673934], [9.894345894618844, 6.361824305850712], [9.934550077987947, 5.912797518510715], [9.974784434418162, 7.5365167693046144], [10.015028927269036, 5.731211445962007], [10.055263987501922, 8.448534831703906], [10.095511884791469, 8.050966393190835], [10.135749405494865, 9.22786429543707], [10.175992533388062, 9.5491918694807], [10.216215833592425, 6.108202051770588], [10.25646567163057, 6.823615558991988], [10.29667762976868, 7.228000099499154], [10.336924443719042, 7.740736320256238], [10.377171899621436, 6.776172150189062], [10.417418350255533, 7.269491409644001], [10.457631253015656, 6.49604153501607], [10.497863570996053, 6.571979129726919], [10.53810479090567, 7.734771588313233], [10.578343463123822, 6.804247856864208], [10.618591900448115, 8.897278306220615], [10.658811091522749, 6.003185688280663], [10.699055933195222, 7.293124247386835], [10.739305484260235, 6.290584364988148], [10.779539453150608, 7.96722855910301]], "over": [[9.210340371976184, 12.980317912329522], [9.250522161609014, 13.128666184401336], [9.290721483922995, 17.776578511784162], [9.330963814299922, 16.893617626183616], [9.371268036082466, 15.492602798698435], [9.411483683010726, 17.962560372847477], [9.451716691551452, 10.708564975652273], [9.491979220880678, 16.921933312382418], [9.532206456208034, 23.335593780741487], [9.572410734431823, 9.128494249479642], [9.612667227583843, 8.248712783011861], [9.65290856803585, 11.98173424079833], [9.693136823020671, 10.414613559076349], [9.733351450605975, 10.528328394719178], [9.773606631681607, 14.265261080846221], [9.81383633058348, 12.817259782341978], [9.854087202241, 17.856405441783707], [9.894345894618844, 17.06501878276051], [9.934550077987947, 9.846156911604682], [9.974784434418162, 9.841202637192811], [10.015028927269036, 10.048119928464095], [10.055263987501922, 9.985094707543377], [10.095511884791469, 16.264156953726], [10.135749405494865, 11.247284208973241], [10.175992533388062, 15.652188137583577], [10.216215833592425, 8.013031254691088], [10.25646567163057, 13.2808412127559], [10.29667762976868, 12.742865439506295], [10.336924443719042, 17.010442369128295], [10.377171899621436, 12.599015983111338], [10.417418350255533, 12.336388058712075], [10.457631253015656, 9.044497899621494], [10.497863570996053, 10.8086324939049], [10.53810479090567, 11.321256110313506], [10.578343463123822, 12.063038098194369], [10.618591900448115, 14.569154272441697], [10.658811091522749, 11.024161520190564], [10.699055933195222, 17.632166976748636], [10.739305484260235, 8.976343049850145], [10.779539453150608, 11.859903519182009]], "merge_d1": [[9.210340371976184, 4.201708589804879], [9.250522161609014, 4.215083611609208], [9.290721483922995, 4.385626386781542], [9.330963814299922, 4.186195309395546], [9.371268036082466, 4.318129560455627], [9.411483683010726, 4.1168266072933175], [9.451716691551452, 4.21044173209337], [9.491979220880678, 4.407081343521003], [9.532206456208034, 4.359869417938395], [9.572410734431823, 4.2419286445851405], [9.612667227583843, 4.186512473105596], [9.65290856803585, 4.283158055048253], [9.693136823020671, 4.210255475558885], [9.733351450605975, 4.131027891688526], [9.773606631681607, 4.294576001283965], [9.81383633058348, 4.337219031372462], [9.854087202241, 4.4774024130022], [9.894345894618844, 4.161535109163718], [9.934550077987947, 4.189885078446086], [9.974784434418162, 4.231161943844941], [10.015028927269036, 4.411445383812762], [10.055263987501922, 4.246836773350107], [10.095511884791469, 4.224584560385935], [10.135749405494865, 4.11750257132781], [10.175992533388062, 4.246950504312141], [10.216215833592425, 4.137573599205791], [10.25646567163057, 4.282531095412588], [10.29667762976868, 4.24964276674962], [10.336924443719042, 4.23571687914286], [10.377171899621436, 4.233616359208232], [10.417418350255533, 4.324900279989633], [10.457631253015656, 4.312909547550179], [10.497863570996053, 4.349582286526599], [10.53810479090567, 4.352921369312572], [10.578343463123822, 4.3016780508087], [10.618591900448115, 4.326038034865502], [10.658811091522749, 4.251362810183119], [10.699055933195222, 4.368477090857908], [10.739305484260235, 4.3378455594540535], [10.779539453150608, 4.335701592300516]],