{"exact": [[6.907755278982137, 7.353208980517206], [8.153349757998892, 11.545856115158736], [8.691146498539675, 10.869681253940069], [9.038958755220563, 19.781324617868187], [9.296518068217235, 9.602032047160938], [9.501142571764207, 9.039985187485104], [9.670924779305427, 9.703832836910841], [9.816021526754852, 9.399976287342755], [9.94270826568941, 10.090253137754031], [10.055135102145268, 9.399805509976865], [10.156189906091882, 9.4234545607552], [10.247963389017864, 9.760792151584043], [10.332017933575289, 9.631597178503531], [10.409551859200409, 7.384481750200469], [10.481504425842441, 9.55526420911129], [10.548625513909712, 6.905154679260252], [10.611523345589823, 9.779189925811474], [10.67069806139613, 6.756664482588004], [10.726565902688105, 6.817697910975164], [10.779476987636757, 6.916054767667844], [10.829728615263452, 6.905357723194357], [10.8775753831365, 7.268840978701031], [10.923236992778513, 7.125401370012083], [10.966904349300577, 9.921981787037224], [11.008744383922906, 9.823213060662587], [11.04890390740204, 7.118218863979479], [11.087512719052368, 10.004165923258947], [11.124686137527133, 9.440820225820834], [11.160527077798756, 9.29138336345608], [11.195127768613824, 9.650110176329969], [11.228571182611121, 7.011636288337367], [11.260932234926955, 9.34189320530917], [11.292278793854607, 7.034678773317506], [11.322672537849993, 9.927175957976862], [11.352169686090834, 9.852594749457428], [11.38082162433689, 9.558546995900462], [11.40867544359643, 9.70512292194438], [11.435774405781814, 9.544688618427386], [11.462158347916576, 10.032182210935328], [11.487864034374857, 7.1358553011212615]], "over": [[6.907755278982137, 29.343277020755117], [8.153349757998892, 18.287459089294604], [8.691146498539675, 20.996207391930568], [9.038958755220563, 15.026868606118251], [9.296518068217235, 12.301621516076866], [9.501142571764207, 10.809213506187035], [9.670924779305427, 15.889887340872301], [9.816021526754852, 13.222951426025526], [9.94270826568941, 15.659793969472236], [10.055135102145268, 16.30202339486802], [10.156189906091882, 15.538108818075878], [10.247963389017864, 16.638160165663763], [10.332017933575289, 11.301914697204928], [10.409551859200409, 13.532111043524104], [10.481504425842441, 10.800108334416379], [10.548625513909712, 16.841099779109268], [10.611523345589823, 11.74965605907779], [10.67069806139613, 14.932982686609245], [10.726565902688105, 16.046768109383596], [10.779476987636757, 16.147715759766047], [10.829728615263452, 12.597861049777888], [10.8775753831365, 13.291200637257191], [10.923236992778513, 15.842754857426591], [10.966904349300577, 12.939363298084658], [11.008744383922906, 18.11443561669122], [11.04890390740204, 14.204784316125087], [11.087512719052368, 14.218162298471453], [11.124686137527133, 14.07223733114105], [11.160527077798756, 17.074386695846343], [11.195127768613824, 14.410502879010014], [11.228571182611121, 14.28638252249704], [11.260932234926955, 11.93754861272142], [11.292278793854607, 16.061958893153157], [11.322672537849993, 17.22494809931162], [11.352169686090834, 16.001411305454813], [11.38082162433689, 16.039122029231894], [11.40867544359643, 17.225435236641328], [11.435774405781814, 17.61174478034631], [11.462158347916576, 12.73169882054768], [11.487864034374857, 12.933063817460628]], "merge": [[6.907755278982137, 17.561328127345476], [8.153349757998892, 11.673209066555044], [8.691146498539675, 13.737328919226801], [9.038958755220563, 9.46084413820394], [9.296518068217235, 7.938405796755779], [9.501142571764207, 6.7665138130204046], [9.670924779305427, 9.354517934770975], [9.816021526754852, 8.646087945437646], [9.94270826568941, 9.008549319016918], [10.055135102145268, 10.19890840282681], [10.156189906091882, 9.717344743462458], [10.247963389017864, 9.43705368548286], [10.332017933575289, 5.962348866863421], [10.409551859200409, 6.6399197988039145], [10.481504425842441, 7.909568511260352], [10.548625513909712, 10.52736037220818], [10.611523345589823, 6.837603982525871], [10.67069806139613, 9.86395294953172], [10.726565902688105, 10.239690757429958], [10.779476987636757, 10.011110032209332], [10.829728615263452, 8.876598618010817], [10.8775753831365, 8.476833087513649], [10.923236992778513, 9.468793412358485], [10.966904349300577, 8.726604910775722], [11.008744383922906, 11.845781697838158], [11.04890390740204, 9.313876963023628], [11.087512719052368, 6.469797567413373], [11.124686137527133, 8.584732138333191], [11.160527077798756, 12.018774140158145], [11.195127768613824, 9.402444614666507], [11.228571182611121, 9.020606085718063], [11.260932234926955, 7.707219018149161], [11.292278793854607, 10.50793385811209], [11.322672537849993, 9.92981911485477], [11.352169686090834, 10.19968467592761], [11.38082162433689, 10.531590738752888], [11.40867544359643, 11.329544261006268], [11.435774405781814, 9.629471936913554], [11.462158347916576, 7.711207707399107], [11.487864034374857, 7.617263622763984]], "argmin_dic": [[1000, 3], [3475, 3], [5950, 3], [8425, 3], [10900, 2], [13375, 3], [15850, 2], [18325, 3], [20800, 2], [23275, 3], [25750, 2], [28225, 3], [30700, 3], [33175, 3], [35650, 2], [38125, 3], [40600, 3], [43075, 3], [45550, 3], [48025, 2], [50500, 3], [52975, 2], [55450, 3], [57925, 2], [60400, 3], [62875, 3], [65350, 3], [67825, 3], [70300, 2], [72775, 3], [75250, 3], [77725, 3], [80200, 3], [82675, 3], [85150, 3], [87625, 3], [90100, 3], [92575, 3], [95050, 2], [97525, 3]], "time_elapsed": 2309.9751772880554}