{"exact_d1": [[11.512925464970229, 3.778452915748159]], "exact_d2": [[11.512925464970229, 7.272817316557989]], "over": [[11.512925464970229, 10.294145198959683]], "merge_d1": [[11.512925464970229, 4.300644133702028]], "merge_d2": [[11.512925464970229, 6.705226792420005]], "argmin_dic": [[100000, 2]], "time_elapsed": 150.78350615501404}