{"exact_d1": [[11.512925464970229, 3.9175119171572437]], "exact_d2": [[11.512925464970229, 7.126646442728652]], "over": [[11.512925464970229, 10.358854336550763]], "merge_d1": [[11.512925464970229, 4.19862585725011]], "merge_d2": [[11.512925464970229, 6.234067561128801]], "argmin_dic": [[100000, 2]], "time_elapsed": 342.0918221473694}