{"exact_d1": [[11.512925464970229, 3.878718677993948]], "exact_d2": [[11.512925464970229, 6.764913678051891]], "over": [[11.512925464970229, 10.41884656841044]], "merge_d1": [[11.512925464970229, 4.2060448146315075]], "merge_d2": [[11.512925464970229, 5.96892751666764]], "argmin_dic": [[100000, 2]], "time_elapsed": 221.10211300849915}