{"exact_d1": [[11.512925464970229, 3.6736511966527328]], "exact_d2": [[11.512925464970229, 6.192842096662281]], "over": [[11.512925464970229, 10.407064252994092]], "merge_d1": [[11.512925464970229, 4.2041256936738955]], "merge_d2": [[11.512925464970229, 6.094034127065464]], "argmin_dic": [[100000, 2]], "time_elapsed": 169.8889124393463}