{"exact_d1": [[11.512925464970229, 3.9100464859527633]], "exact_d2": [[11.512925464970229, 7.48038941516409]], "over": [[11.512925464970229, 10.72999396472161]], "merge_d1": [[11.512925464970229, 4.2917129799779765]], "merge_d2": [[11.512925464970229, 7.003339024432703]], "argmin_dic": [[100000, 2]], "time_elapsed": 249.60754227638245}