{"exact_d1": [[6.906754778648554, 4.757876623147224], [7.022868086082641, 3.627531862484432], [7.1372784372603855, 3.303623972093988], [7.252762418053187, 3.825578395029855], [7.367708572374371, 3.8348138393334916], [7.48324441607385, 3.936806713471746], [7.598399329323964, 3.8343995226212275], [7.71333788887187, 3.800653729117604], [7.828436359157585, 4.335254997481366], [7.943782692458625, 4.055056671938327], [8.058960017769417, 4.204919370183662], [8.17413934342947, 3.805549365849137], [8.289288323000317, 3.92326776117861], [8.404248432400102, 3.8984880444425576], [8.519390774959724, 3.6958114715131622], [8.634620608292202, 4.129285765459678], [8.74973246437081, 4.103674802131091], [8.86488793377419, 3.8663060590021683], [8.980046316633132, 3.3549305257252917], [9.095153962167066, 3.925535991813805], [9.210340371976184, 3.9900770434690753], [9.325453179076687, 3.929397881850331], [9.44057869576626, 3.6061305541298334], [9.555701556014641, 3.7877576610235715], [9.670798588378387, 3.9399718408670994], [9.785941988681085, 3.8773824184403924], [9.901084667919818, 3.4782716858758898], [10.016235712227882, 4.030527177172657], [10.131339999578072, 3.9580983301276453], [10.246474238267561, 3.7473246627250067], [10.36160835987009, 3.640327732335135], [10.476752620919227, 3.531198773490722], [10.591873415994362, 3.496293702088451], [10.707012640565683, 3.791325169965417], [10.822135503983962, 3.569021398938425], [10.937276835160228, 3.541026455300015], [11.05239680608701, 3.6822412053421845], [11.167529530327974, 3.6362800140125695], [11.28265658871343, 3.6706193290651092], [11.397795157716597, 3.8960812373636715]], "exact_d2": [[6.906754778648554, 13.010741450965018], [7.022868086082641, 8.187272520520693], [7.1372784372603855, 8.702186890428173], [7.252762418053187, 5.502966382641491], [7.367708572374371, 6.2770318902708935], [7.48324441607385, 9.326176082046388], [7.598399329323964, 9.278419178267049], [7.71333788887187, 8.92154365470832], [7.828436359157585, 18.694986145001945], [7.943782692458625, 12.196976436318737], [8.058960017769417, 14.566863761989866], [8.17413934342947, 6.066470731471511], [8.289288323000317, 7.486502426540429], [8.404248432400102, 7.598128678298095], [8.519390774959724, 6.360299292252032], [8.634620608292202, 6.738507523601555], [8.74973246437081, 13.257126125537221], [8.86488793377419, 7.459430409747786], [8.980046316633132, 7.345851972442231], [9.095153962167066, 9.364296284115577], [9.210340371976184, 8.467769640683493], [9.325453179076687, 7.226751600268577], [9.44057869576626, 8.215988881353443], [9.555701556014641, 8.231016567298804], [9.670798588378387, 11.83629015236114], [9.785941988681085, 6.154278301313314], [9.901084667919818, 9.80051877041361], [10.016235712227882, 7.540644097235507], [10.131339999578072, 7.675270379820741], [10.246474238267561, 6.751138745203617], [10.36160835987009, 9.645719581932418], [10.476752620919227, 9.759716661550067], [10.591873415994362, 9.315247430766977], [10.707012640565683, 7.064753521816623], [10.822135503983962, 8.97062472695525], [10.937276835160228, 9.623618557771808], [11.05239680608701, 9.949572624678796], [11.167529530327974, 5.954888596348669], [11.28265658871343, 9.598264058263966], [11.397795157716597, 8.08438026363598]], "over": [[6.906754778648554, 28.88182535433227], [7.022868086082641, 31.794378707741334], [7.1372784372603855, 20.95660023870454], [7.252762418053187, 19.854435203786387], [7.367708572374371, 21.494432853049094], [7.48324441607385, 25.051303800461813], [7.598399329323964, 14.327710884079993], [7.71333788887187, 21.198654087641568], [7.828436359157585, 26.217331424725955], [7.943782692458625, 35.38546136974337], [8.058960017769417, 12.542559645142735], [8.17413934342947, 20.684524474050814], [8.289288323000317, 13.563862849320769], [8.404248432400102, 13.428748951199356], [8.519390774959724, 12.946219819959232], [8.634620608292202, 27.192289115741527], [8.74973246437081, 12.476915528732928], [8.86488793377419, 14.256756246420988], [8.980046316633132, 15.193552792981386], [9.095153962167066, 12.943713902876775], [9.210340371976184, 13.218282980522723], [9.325453179076687, 13.67364362839093], [9.44057869576626, 13.302227841486207], [9.555701556014641, 14.153768220622236], [9.670798588378387, 9.79369722949471], [9.785941988681085, 10.59361635953418], [9.901084667919818, 13.811585365667133], [10.016235712227882, 11.987560639375975], [10.131339999578072, 10.760925718880715], [10.246474238267561, 10.130527196943481], [10.36160835987009, 9.264928546039371], [10.476752620919227, 10.855848773180488], [10.591873415994362, 13.021538814945469], [10.707012640565683, 8.144423702512162], [10.822135503983962, 11.221160544266334], [10.937276835160228, 12.407462062175725], [11.05239680608701, 14.63633646437793], [11.167529530327974, 12.613742066375316], [11.28265658871343, 9.786286123198101], [11.397795157716597, 13.309936256654334]], "merge_d1": [[6.906754778648554, 4.77668432323212], [7.022868086082641, 4.781069882717648], [7.1372784372603855, 4.8163596293388276], [7.252762418053187, 4.392913074922985], [7.367708572374371, 4.684431631290311], [7.48324441607385, 5.615890543188975], [7.598399329323964, 4.176829558108826], [7.71333788887187, 4.261292306614909], [7.828436359157585, 5.361132135321094], [7.943782692458625, 4.676242456215643], [8.058960017769417, 4.1639117077857035], [8.17413934342947, 4.491941522638777], [8.289288323000317, 4.442950636222872], [8.404248432400102, 4.472667355852385], [8.519390774959724, 4.2547317713224295], [8.634620608292202, 4.669664526169738], [8.74973246437081, 4.327964810309215], [8.86488793377419, 4.223573370393781], [8.980046316633132, 4.331123711202953], [9.095153962167066, 4.331427897949347], [9.210340371976184, 4.253125449886346], [9.325453179076687, 4.128644727273568], [9.44057869576626, 3.957141984421808], [9.555701556014641, 4.345082267821156], [9.670798588378387, 4.158583830886163], [9.785941988681085, 4.195470853950845], [9.901084667919818, 4.024407026485506], [10.016235712227882, 4.150914547343999], [10.131339999578072, 4.096134450064963], [10.246474238267561, 4.2819853522871], [10.36160835987009, 4.392496153379864], [10.476752620919227, 4.221915340553299], [10.591873415994362, 4.101157487717611], [10.707012640565683, 4.170362063864664], [10.822135503983962, 4.136513752790534], [10.937276835160228, 3.94587309243818], [11.05239680608701, 4.008617011532714], [11.167529530327974, 4.264846744759044], [11.28265658871343, 4.170737434987428], [11.397795157716597, 4.005501860697065]],