{"exact_d1": [[6.907755278982137, 3.1952118648629155], [8.153349757998892, 3.9213767602583887], [8.691146498539675, 3.7785153455221794], [9.038958755220563, 3.8381365941009515], [9.296518068217235, 3.749640352342868], [9.501142571764207, 3.732145563788824], [9.670924779305427, 3.777642974052331], [9.816021526754852, 3.666859448245806], [9.94270826568941, 3.7417391202450467], [10.055135102145268, 3.747777207117543], [10.156189906091882, 3.814079504835691], [10.247963389017864, 3.749803780173824], [10.332017933575289, 3.7880960571742044], [10.409551859200409, 3.732941076789252], [10.481504425842441, 3.6854913039117365], [10.548625513909712, 3.8823459449714535], [10.611523345589823, 3.672234862477562], [10.67069806139613, 3.682361480151473], [10.726565902688105, 3.7508187093430734], [10.779476987636757, 3.7201619962039785], [10.829728615263452, 3.7452379617565694], [10.8775753831365, 3.718644213780362], [10.923236992778513, 3.725662502136287], [10.966904349300577, 3.6859015112220153], [11.008744383922906, 3.782824746779913], [11.04890390740204, 3.666645255101903], [11.087512719052368, 3.802026132191375], [11.124686137527133, 3.7378427847325355], [11.160527077798756, 3.7598581906790556], [11.195127768613824, 3.7496052036793075], [11.228571182611121, 3.7895080985687986], [11.260932234926955, 3.732831448507353], [11.292278793854607, 3.8077256570790894], [11.322672537849993, 3.752403032447666], [11.352169686090834, 3.7227156707591917], [11.38082162433689, 3.7624392209819533], [11.40867544359643, 3.7328218857947566], [11.435774405781814, 3.7050550300042984], [11.462158347916576, 3.7180733124512186], [11.487864034374857, 3.7161433503138124]], "exact_d2": [[6.907755278982137, 7.700734614462242], [8.153349757998892, 6.987194196483675], [8.691146498539675, 6.276451969987919], [9.038958755220563, 7.277865315726901], [9.296518068217235, 7.229085865503931], [9.501142571764207, 6.899863257675495], [9.670924779305427, 6.662383968540458], [9.816021526754852, 7.1124653701473495], [9.94270826568941, 6.987134137937647], [10.055135102145268, 6.651992669460062], [10.156189906091882, 6.75649802819247], [10.247963389017864, 7.018264933308665], [10.332017933575289, 6.954411542565469], [10.409551859200409, 7.006661270005076], [10.481504425842441, 6.957042384418566], [10.548625513909712, 7.230584369292492], [10.611523345589823, 6.95819922937599], [10.67069806139613, 7.431641325468484], [10.726565902688105, 6.554577722498084], [10.779476987636757, 6.927880589594939], [10.829728615263452, 7.042140036552321], [10.8775753831365, 6.751596531805977], [10.923236992778513, 6.6699842212398135], [10.966904349300577, 7.161640469305489], [11.008744383922906, 7.059251986712121], [11.04890390740204, 6.974337821423908], [11.087512719052368, 7.0337773340468575], [11.124686137527133, 6.839313280140888], [11.160527077798756, 6.8165905913266105], [11.195127768613824, 6.885431103015881], [11.228571182611121, 6.957810319284226], [11.260932234926955, 6.776373472761588], [11.292278793854607, 7.054364698265351], [11.322672537849993, 6.832431782299198], [11.352169686090834, 7.147444970469929], [11.38082162433689, 6.769220656760204], [11.40867544359643, 6.915844380427122], [11.435774405781814, 6.979689122717037], [11.462158347916576, 6.925122580935593], [11.487864034374857, 7.0460569405572615]], "over": [[6.907755278982137, 32.45038424948507], [8.153349757998892, 12.533313598068858], [8.691146498539675, 10.038919194354675], [9.038958755220563, 10.791130620065893], [9.296518068217235, 11.087344700083417], [9.501142571764207, 11.773791971339284], [9.670924779305427, 10.693410574276347], [9.816021526754852, 10.563915778667967], [9.94270826568941, 11.207499371627046], [10.055135102145268, 9.667373060497145], [10.156189906091882, 10.37231795965761], [10.247963389017864, 10.911060062226507], [10.332017933575289, 11.934699141820758], [10.409551859200409, 11.076325279195744], [10.481504425842441, 10.303302620903283], [10.548625513909712, 10.761368032658533], [10.611523345589823, 11.017399323402419], [10.67069806139613, 10.317300756374435], [10.726565902688105, 9.520284256102158], [10.779476987636757, 10.084906627163392], [10.829728615263452, 11.269541957622007], [10.8775753831365, 12.336389587613485], [10.923236992778513, 10.313114560487266], [10.966904349300577, 11.047575674273542], [11.008744383922906, 10.737120105460992], [11.04890390740204, 10.062986163751875], [11.087512719052368, 10.768333338000433], [11.124686137527133, 11.00736790447864], [11.160527077798756, 10.347424457185369], [11.195127768613824, 11.68914267052203], [11.228571182611121, 10.901172353310809], [11.260932234926955, 10.45526708014753], [11.292278793854607, 11.307335427210383], [11.322672537849993, 11.478518128708627], [11.352169686090834, 11.049290497021804], [11.38082162433689, 10.74536277821171], [11.40867544359643, 10.627495490739058], [11.435774405781814, 10.948960863264881], [11.462158347916576, 11.049737498331574], [11.487864034374857, 10.708007072004893]], "merge_d1": [[6.907755278982137, 7.55765743300484], [8.153349757998892, 4.504043577631612], [8.691146498539675, 4.552334486475527], [9.038958755220563, 3.9120228590150163], [9.296518068217235, 3.8388737093257737], [9.501142571764207, 3.765522612967433], [9.670924779305427, 4.475660795532039], [9.816021526754852, 3.8380498529849887], [9.94270826568941, 4.360842487436437], [10.055135102145268, 4.382670892334011], [10.156189906091882, 4.499611571459798], [10.247963389017864, 3.8526492250734927], [10.332017933575289, 3.8579466882416003], [10.409551859200409, 3.805206726499854], [10.481504425842441, 4.406789780349077], [10.548625513909712, 4.49932486902579], [10.611523345589823, 4.379525239072665], [10.67069806139613, 4.639606975015641], [10.726565902688105, 4.439110559536674], [10.779476987636757, 4.365609086152388], [10.829728615263452, 3.8257171386843614], [10.8775753831365, 4.63429085433204], [10.923236992778513, 3.7984071461016775], [10.966904349300577, 4.381764183002173], [11.008744383922906, 3.889955755589578], [11.04890390740204, 4.5551561391744215], [11.087512719052368, 3.9034519179633382], [11.124686137527133, 4.416885849848352], [11.160527077798756, 3.848958924201777], [11.195127768613824, 3.8137625205127987], [11.228571182611121, 4.45981520851038], [11.260932234926955, 4.4284917324870925], [11.292278793854607, 4.402104595409932], [11.322672537849993, 3.818154535693293], [11.352169686090834, 4.466406343521344], [11.38082162433689, 4.44615077252416], [11.40867544359643, 3.824229728837889], [11.435774405781814, 4.399004844135071], [11.462158347916576, 4.45094707523945], [11.487864034374857, 3.800619536729428]],