{"exact_d1": [[11.512925464970229, 3.8528134115040245]], "exact_d2": [[11.512925464970229, 6.9888403341100105]], "over": [[11.512925464970229, 11.84302467868325]], "merge_d1": [[11.512925464970229, 4.260614825830627]], "merge_d2": [[11.512925464970229, 6.375139268439401]], "argmin_dic": [[100000, 2]], "time_elapsed": 240.7140679359436}