{"exact_d1": [[6.906754778648554, 3.882986126548439], [7.004881989712859, 4.274624103420257], [7.103322062526113, 4.079932773534851], [7.200424892944957, 4.207211445928464], [7.298445101508147, 3.762293635976318], [7.396335293800808, 4.492818078114319], [7.494430215031565, 3.6229260321526406], [7.591861714889934, 4.154046762796772], [7.689828668736484, 3.9241266298851403], [7.787796878181171, 3.997656827188973], [7.88570539124302, 3.7448836312001608], [7.983440063006542, 3.8275335221838556], [8.081165777725433, 3.9724968873836177], [8.178919332848396, 3.8496711507393098], [8.276903481267057, 3.8665812740057146], [8.374707543119483, 3.8760181091724983], [8.472405008626103, 4.308615292118212], [8.57035473953047, 4.086636352663096], [8.668024081118821, 4.3847992697660425], [8.765926513729443, 3.886748563442521], [8.863757191604241, 3.935697228628348], [8.9614943233096, 3.7335045985636066], [9.059284897056227, 3.8112374726072864], [9.157150543462064, 3.8570368689603156], [9.254931255304058, 3.9955089145000624], [9.352707613263105, 3.808246924011487], [9.45053767785622, 3.74134963386933], [9.54831148472113, 3.8079366915182633], [9.64614067988042, 3.9269490601871953], [9.743964132018151, 3.733295830375078], [9.841771710555475, 3.879239878963357], [9.939530143883058, 3.896041959685234], [10.037362636092155, 4.007851560670848], [10.135154674791215, 3.915672331094673], [10.232971139621664, 4.013434932791886], [10.330746767679962, 3.7551827683165517], [10.428571048048818, 3.6637343551338972], [10.526373200055406, 3.7351218509602457], [10.624176940269097, 3.9289085023117605], [10.721966979398362, 3.928941015584163]], "exact_d2": [[6.906754778648554, 6.950431603326985], [7.004881989712859, 9.315994030080377], [7.103322062526113, 10.212246935091509], [7.200424892944957, 9.698166959508589], [7.298445101508147, 6.103734415059773], [7.396335293800808, 6.901719460965642], [7.494430215031565, 5.570176296544493], [7.591861714889934, 10.119788032345056], [7.689828668736484, 6.823740179988507], [7.787796878181171, 6.168224160907086], [7.88570539124302, 6.690365356628587], [7.983440063006542, 5.99898264127013], [8.081165777725433, 8.93215785032786], [8.178919332848396, 7.800250140838184], [8.276903481267057, 7.638663010666161], [8.374707543119483, 8.608016284292031], [8.472405008626103, 11.09396471464747], [8.57035473953047, 9.021930320690156], [8.668024081118821, 10.81293112061376], [8.765926513729443, 7.395908384039647], [8.863757191604241, 5.920399104425954], [8.9614943233096, 7.535437569585929], [9.059284897056227, 7.013892196780115], [9.157150543462064, 7.683260036146137], [9.254931255304058, 9.590952021388114], [9.352707613263105, 7.911720488215132], [9.45053767785622, 6.602300329794041], [9.54831148472113, 6.966565740620896], [9.64614067988042, 7.38517962019219], [9.743964132018151, 6.0245382414201485], [9.841771710555475, 7.267371423916651], [9.939530143883058, 7.436881647391674], [10.037362636092155, 6.53492514514333], [10.135154674791215, 7.43790535732545], [10.232971139621664, 8.033529028569381], [10.330746767679962, 6.94887696801082], [10.428571048048818, 5.523509842799684], [10.526373200055406, 6.418041960911193], [10.624176940269097, 7.0549540759990945], [10.721966979398362, 7.368720306331843]], "over": [[6.906754778648554, 20.162424415349566], [7.004881989712859, 14.548544743042205], [7.103322062526113, 44.98436892855402], [7.200424892944957, 44.589585072554094], [7.298445101508147, 22.18050711371498], [7.396335293800808, 18.85528252635987], [7.494430215031565, 26.82555408233291], [7.591861714889934, 17.72184922051743], [7.689828668736484, 27.219498272832357], [7.787796878181171, 16.39223494272576], [7.88570539124302, 12.043126129250105], [7.983440063006542, 14.194071891212195], [8.081165777725433, 23.40582869184191], [8.178919332848396, 22.370167943374007], [8.276903481267057, 19.85821606994437], [8.374707543119483, 27.612348625792357], [8.472405008626103, 21.963507343832003], [8.57035473953047, 18.179150697230735], [8.668024081118821, 16.387367492717413], [8.765926513729443, 28.709185976174133], [8.863757191604241, 11.634541656503513], [8.9614943233096, 18.130056117497382], [9.059284897056227, 12.964248878212853], [9.157150543462064, 10.084047231973154], [9.254931255304058, 13.031229890776725], [9.352707613263105, 14.393447244883456], [9.45053767785622, 14.501781191924236], [9.54831148472113, 14.948823004246792], [9.64614067988042, 13.704554811007029], [9.743964132018151, 10.356013069263406], [9.841771710555475, 11.257758064326843], [9.939530143883058, 8.28437527850099], [10.037362636092155, 9.74942961284092], [10.135154674791215, 13.434295029635836], [10.232971139621664, 14.79256181363861], [10.330746767679962, 10.134270053447596], [10.428571048048818, 11.737800451741586], [10.526373200055406, 8.83051273507997], [10.624176940269097, 10.27290126826724], [10.721966979398362, 17.01876546126706]], "merge_d1": [[6.906754778648554, 4.988219064422987], [7.004881989712859, 4.599023126789151], [7.103322062526113, 6.868986283750349], [7.200424892944957, 5.639414154050529], [7.298445101508147, 4.025414355082191], [7.396335293800808, 4.9567142964867426], [7.494430215031565, 4.799618521112733], [7.591861714889934, 4.390449978416724], [7.689828668736484, 5.3322092914229], [7.787796878181171, 4.711230851348672], [7.88570539124302, 4.3101960062855404], [7.983440063006542, 4.300567022515951], [8.081165777725433, 4.808873523136964], [8.178919332848396, 5.089304683953904], [8.276903481267057, 4.784846851411255], [8.374707543119483, 4.61151513677136], [8.472405008626103, 4.1941952236060525], [8.57035473953047, 4.511664101796614], [8.668024081118821, 4.3194892587722125], [8.765926513729443, 4.842152259100305], [8.863757191604241, 4.276155961465616], [8.9614943233096, 4.354170425765968], [9.059284897056227, 4.250864245191098], [9.157150543462064, 4.310707861995045], [9.254931255304058, 4.304287395660157], [9.352707613263105, 4.352360012149133], [9.45053767785622, 4.268645031203792], [9.54831148472113, 4.191359603659155], [9.64614067988042, 4.40841747921524], [9.743964132018151, 4.250187498065235], [9.841771710555475, 4.183490821166222], [9.939530143883058, 4.111892876916163], [10.037362636092155, 4.297938391826798], [10.135154674791215, 4.30643507610318], [10.232971139621664, 4.184206484579757], [10.330746767679962, 4.2151001613985555], [10.428571048048818, 4.238776388921397], [10.526373200055406, 4.292523996257538], [10.624176940269097, 4.267552992335354], [10.721966979398362, 4.240826425191887]],