{"exact_d1": [[11.512925464970229, 3.777175065433491]], "exact_d2": [[11.512925464970229, 6.846508426008525]], "over": [[11.512925464970229, 9.611038524528487]], "merge_d1": [[11.512925464970229, 4.224472646082256]], "merge_d2": [[11.512925464970229, 6.591363896624829]], "argmin_dic": [[100000, 2]], "time_elapsed": 421.0126669406891}