{"exact_d1": [[11.512925464970229, 3.720680934585853]], "exact_d2": [[11.512925464970229, 6.271308453242859]], "over": [[11.512925464970229, 10.615439427979384]], "merge_d1": [[11.512925464970229, 4.205770269505883]], "merge_d2": [[11.512925464970229, 5.956195737727762]], "argmin_dic": [[100000, 2]], "time_elapsed": 174.87806272506714}