{"exact_d1": [[11.512925464970229, 3.796145036126759]], "exact_d2": [[11.512925464970229, 7.72366897034094]], "over": [[11.512925464970229, 10.364295726506743]], "merge_d1": [[11.512925464970229, 4.1672551031819856]], "merge_d2": [[11.512925464970229, 7.615457322459954]], "argmin_dic": [[100000, 2]], "time_elapsed": 318.89004468917847}