{"exact_d1": [[11.512925464970229, 3.796298657048038]], "exact_d2": [[11.512925464970229, 7.123566838654983]], "over": [[11.512925464970229, 10.312070672196459]], "merge_d1": [[11.512925464970229, 4.304116388441145]], "merge_d2": [[11.512925464970229, 6.784628299946153]], "argmin_dic": [[100000, 2]], "time_elapsed": 379.95872354507446}