{"exact_d1": [[6.907755278982137, 3.753071356811427], [8.153349757998892, 3.8011885705189203], [8.691146498539675, 3.6796629527354456], [9.038958755220563, 3.8037151701239806], [9.296518068217235, 3.755766258905805], [9.501142571764207, 3.938389921256284], [9.670924779305427, 3.7413313416577414], [9.816021526754852, 3.8204314561342425], [9.94270826568941, 3.733076636307528], [10.055135102145268, 3.8641945358246357], [10.156189906091882, 3.7916606525028347], [10.247963389017864, 3.71706695521938], [10.332017933575289, 3.7362154679390343], [10.409551859200409, 3.767931249535676], [10.481504425842441, 3.759464379471859], [10.548625513909712, 3.736806368630315], [10.611523345589823, 3.7121009810030516], [10.67069806139613, 3.7430884498517742], [10.726565902688105, 3.679131327637137], [10.779476987636757, 3.774666084776586], [10.829728615263452, 3.780162095334799], [10.8775753831365, 3.799817853955522], [10.923236992778513, 3.7689569469347384], [10.966904349300577, 3.730956105232855], [11.008744383922906, 3.755218090159521], [11.04890390740204, 3.792324373054806], [11.087512719052368, 3.748252204034333], [11.124686137527133, 3.805013592514507], [11.160527077798756, 3.741491267097636], [11.195127768613824, 3.726101683270218], [11.228571182611121, 3.809007711947976], [11.260932234926955, 3.7581297406519565], [11.292278793854607, 3.7791936436621394], [11.322672537849993, 3.8306001683253172], [11.352169686090834, 3.751758978017254], [11.38082162433689, 3.7279925792778243], [11.40867544359643, 3.7313742078920242], [11.435774405781814, 3.79634688808836], [11.462158347916576, 3.8005262270871114], [11.487864034374857, 3.7644158089474997]], "exact_d2": [[6.907755278982137, 6.025762581516677], [8.153349757998892, 5.873910048646031], [8.691146498539675, 6.740495561800557], [9.038958755220563, 7.173826294273903], [9.296518068217235, 6.530409072424165], [9.501142571764207, 7.065440314293934], [9.670924779305427, 6.681391012094234], [9.816021526754852, 7.314620562230749], [9.94270826568941, 6.679240971382209], [10.055135102145268, 7.146087774017888], [10.156189906091882, 6.338426642752283], [10.247963389017864, 6.5147939409225435], [10.332017933575289, 6.842181615141286], [10.409551859200409, 6.580125180965372], [10.481504425842441, 6.950520413125666], [10.548625513909712, 7.284202063040261], [10.611523345589823, 7.091744476070633], [10.67069806139613, 6.89814500455776], [10.726565902688105, 6.484676091044333], [10.779476987636757, 7.140290474055817], [10.829728615263452, 6.905717950474269], [10.8775753831365, 7.086827652319723], [10.923236992778513, 6.659546596364439], [10.966904349300577, 6.732887596660873], [11.008744383922906, 7.111960416156348], [11.04890390740204, 7.14384424632964], [11.087512719052368, 6.963309745981183], [11.124686137527133, 7.431816501791883], [11.160527077798756, 6.850121149369708], [11.195127768613824, 6.995843694090163], [11.228571182611121, 6.576764717828486], [11.260932234926955, 6.985253511280337], [11.292278793854607, 7.083348590325317], [11.322672537849993, 7.050832787422667], [11.352169686090834, 6.842289884742811], [11.38082162433689, 6.967877559580558], [11.40867544359643, 6.856710521406367], [11.435774405781814, 6.884538833934906], [11.462158347916576, 6.633118386134897], [11.487864034374857, 6.849169360211598]], "over": [[6.907755278982137, 24.997566933896575], [8.153349757998892, 13.954736618379421], [8.691146498539675, 11.827034183521414], [9.038958755220563, 15.653069447257785], [9.296518068217235, 10.308906194773243], [9.501142571764207, 10.701421661655884], [9.670924779305427, 11.091087829882612], [9.816021526754852, 12.136297319233464], [9.94270826568941, 12.212111595584119], [10.055135102145268, 11.426469108376883], [10.156189906091882, 9.182782278218255], [10.247963389017864, 10.975079849557499], [10.332017933575289, 11.74478032231433], [10.409551859200409, 10.137731495341603], [10.481504425842441, 10.67318365880794], [10.548625513909712, 11.080550496140093], [10.611523345589823, 11.08338752990293], [10.67069806139613, 10.688702907142504], [10.726565902688105, 9.730511177090188], [10.779476987636757, 10.760606881908263], [10.829728615263452, 11.583373426923227], [10.8775753831365, 11.357226632690708], [10.923236992778513, 9.414231909082185], [10.966904349300577, 10.442513179466228], [11.008744383922906, 11.172533923145298], [11.04890390740204, 12.130397422354367], [11.087512719052368, 10.610225277756836], [11.124686137527133, 12.76985775550956], [11.160527077798756, 10.459726712206793], [11.195127768613824, 10.968135815194902], [11.228571182611121, 10.42270570913111], [11.260932234926955, 12.033560619341502], [11.292278793854607, 10.619833156417958], [11.322672537849993, 11.57408959186029], [11.352169686090834, 10.260521000173366], [11.38082162433689, 11.678340315192985], [11.40867544359643, 10.640840437191075], [11.435774405781814, 10.450418615191834], [11.462158347916576, 9.958164113543463], [11.487864034374857, 10.706963448189645]], "merge_d1": [[6.907755278982137, 4.638343467209989], [8.153349757998892, 3.788071469199152], [8.691146498539675, 4.526988202070316], [9.038958755220563, 4.438115444189754], [9.296518068217235, 3.836482244864226], [9.501142571764207, 4.0670472818413215], [9.670924779305427, 3.794775484628467], [9.816021526754852, 3.935751154251647], [9.94270826568941, 4.357733444945684], [10.055135102145268, 3.950085337171909], [10.156189906091882, 4.4265737032491685], [10.247963389017864, 4.335972242282207], [10.332017933575289, 4.374844499048747], [10.409551859200409, 4.408801591501338], [10.481504425842441, 3.862687872416349], [10.548625513909712, 3.8111794969467403], [10.611523345589823, 4.412239312184049], [10.67069806139613, 3.831433266257332], [10.726565902688105, 4.3560930094046935], [10.779476987636757, 3.869957855496007], [10.829728615263452, 3.854201154933588], [10.8775753831365, 4.4682088824224095], [10.923236992778513, 4.481999831933989], [10.966904349300577, 3.823702474147098], [11.008744383922906, 3.861046318948211], [11.04890390740204, 3.8639839122792523], [11.087512719052368, 4.442243893495611], [11.124686137527133, 3.889421032653], [11.160527077798756, 3.8508792179914337], [11.195127768613824, 3.814598017879091], [11.228571182611121, 3.9148235808665537], [11.260932234926955, 4.831780939054788], [11.292278793854607, 4.537957664333576], [11.322672537849993, 4.42440004095173], [11.352169686090834, 4.43546499056596], [11.38082162433689, 4.44633140602805], [11.40867544359643, 3.8175510009986184], [11.435774405781814, 3.9084541572329496], [11.462158347916576, 3.8970877726955426], [11.487864034374857, 3.8866016936701633]],