{"exact_d1": [], "exact_d2": [], "over": [[10.819778284410283, 11.867345026543367], [10.844470897000654, 11.478378826332671], [10.868568448579715, 10.404846230189607], [10.89209894598991, 9.876992621137635], [10.915088464214607, 10.364217648431977], [10.937561320066667, 10.995362962405343], [10.959540226785442, 11.462820999708162], [10.981046432006405, 11.062411162278561], [11.002099841204238, 10.412224223108051], [11.022719128406973, 10.790198490838108], [11.042921835724492, 10.035242167292337], [11.062724463020672, 11.243815901469524], [11.082142548877775, 11.087668882518347], [11.101190743848468, 11.58959196891641], [11.119882876860622, 10.335440025123301], [11.138232015528818, 10.910066058440206], [11.156250521031495, 12.241866165899676], [11.173950098130897, 12.308274730387781], [11.191341840842766, 10.206476042066916], [11.208436274202066, 11.567333048084452], [11.225243392518447, 10.462636992596344], [11.241772694469658, 10.79597347863602], [11.258033215341438, 10.047781062781208], [11.274033556687879, 12.548571166114948], [11.289781913656018, 10.708947865744205], [11.305286100191983, 10.659279258051056], [11.320553572322773, 10.865732476014177], [11.335591449687312, 11.42505020026626], [11.350406535472453, 10.456829379510305], [11.365005334893606, 10.744167777281497], [11.379394072345706, 10.80625278552065], [11.393578707337662, 10.158120693271739], [11.407564949312402, 10.76121181676475], [11.421358271444738, 10.698104745845567], [11.434963923500517, 10.254776874285895], [11.448386943832658, 11.309147442443573], [11.461632170582678, 10.94049924298217], [11.474704252150032, 10.903598563829735], [11.487607656985938, 10.967416184116987], [11.500346682763368, 12.939294113191712]], "merge_d1": [[10.819778284410283, 4.423360377981719], [10.844470897000654, 4.435123247593424], [10.868568448579715, 3.832547843562901], [10.89209894598991, 4.5464894141977625], [10.915088464214607, 3.8280822965509897], [10.937561320066667, 3.8231471562347012], [10.959540226785442, 4.761454895382843], [10.981046432006405, 4.479366485861419], [11.002099841204238, 4.741419117721236], [11.022719128406973, 3.8657036978022847], [11.042921835724492, 3.9096252548376276], [11.062724463020672, 3.8190181583478484], [11.082142548877775, 4.461505761001363], [11.101190743848468, 3.824756937519272], [11.119882876860622, 4.565676684389156], [11.138232015528818, 4.5885823493654865], [11.156250521031495, 4.385485430928475], [11.173950098130897, 4.324851776009747], [11.191341840842766, 3.9066279595037967], [11.208436274202066, 4.445101923091454], [11.225243392518447, 4.637511846264442], [11.241772694469658, 4.358350839828077], [11.258033215341438, 4.377585698092178], [11.274033556687879, 3.7984331891926044], [11.289781913656018, 3.886582282009526], [11.305286100191983, 3.8202841330458894], [11.320553572322773, 3.865054169149782], [11.335591449687312, 3.85717167090749], [11.350406535472453, 4.466552264541355], [11.365005334893606, 4.463918482616322], [11.379394072345706, 4.397863015005802], [11.393578707337662, 3.8767737621557914], [11.407564949312402, 4.421458211004263], [11.421358271444738, 4.441861403922928], [11.434963923500517, 4.481799602067821], [11.448386943832658, 4.416010414518247], [11.461632170582678, 3.9168987836224636], [11.474704252150032, 4.430324340575301], [11.487607656985938, 4.40632203999701], [11.500346682763368, 4.378366227585816]], "merge_d2": [[10.819778284410283, 7.194297386290723], [10.844470897000654, 7.624701621344127], [10.868568448579715, 6.730341367894669], [10.89209894598991, 7.286624754852775], [10.915088464214607, 6.811294777525209], [10.937561320066667, 7.098706082245748], [10.959540226785442, 7.8971530677464425], [10.981046432006405, 7.522453897208446], [11.002099841204238, 7.800540431483749], [11.022719128406973, 6.469468722558076], [11.042921835724492, 6.704418676198726], [11.062724463020672, 7.070030776869704], [11.082142548877775, 7.119641831311074], [11.101190743848468, 7.0228095751385915], [11.119882876860622, 7.345477419059137], [11.138232015528818, 7.4286991999106835], [11.156250521031495, 7.947060664948955], [11.173950098130897, 7.933001297204766], [11.191341840842766, 6.774516384416087], [11.208436274202066, 7.666649995652649], [11.225243392518447, 7.424995384863266], [11.241772694469658, 7.230634583839339], [11.258033215341438, 7.095442760016927], [11.274033556687879, 7.446010942425664], [11.289781913656018, 6.796485774030577], [11.305286100191983, 6.897893758692286], [11.320553572322773, 7.02302139315164], [11.335591449687312, 7.309853360339307], [11.350406535472453, 7.060017010414247], [11.365005334893606, 7.442335955391452], [11.379394072345706, 7.403043046176275], [11.393578707337662, 6.728459231677648], [11.407564949312402, 6.96897595897852], [11.421358271444738, 7.077393059814352], [11.434963923500517, 7.29714300349203], [11.448386943832658, 7.825080208754901], [11.461632170582678, 7.04508586928847], [11.474704252150032, 6.977216539165493], [11.487607656985938, 7.188394110483019], [11.500346682763368, 8.263805015665737]], "argmin_dic": [[50000, 3], [51250, 2], [52500, 3], [53750, 2], [55000, 3], [56250, 3], [57500, 2], [58750, 2], [60000, 2], [61250, 3], [62500, 3], [63750, 3], [65000, 3], [66250, 3], [67500, 2], [68750, 2], [70000, 2], [71250, 2], [72500, 3], [73750, 2], [75000, 3], [76250, 2], [77500, 3], [78750, 3], [80000, 3], [81250, 3], [82500, 3], [83750, 3], [85000, 2], [86250, 2], [87500, 2], [88750, 3], [90000, 3], [91250, 2], [92500, 2], [93750, 2], [95000, 3], [96250, 3], [97500, 2], [98750, 3]], "time_elapsed": 3019.4040830135345}