{"exact_d1": [[6.907755278982137, 4.148938415961751], [8.153349757998892, 3.6928463742889894], [8.691146498539675, 3.7321607372633823], [9.038958755220563, 3.910376704583636], [9.296518068217235, 3.7262806767579635], [9.501142571764207, 3.7781863825754147], [9.670924779305427, 3.6620639130005865], [9.816021526754852, 3.7256973569399032], [9.94270826568941, 3.7229440195639882], [10.055135102145268, 3.798262750201603], [10.156189906091882, 3.7271593814591886], [10.247963389017864, 3.7734207626602445], [10.332017933575289, 3.7684801634703455], [10.409551859200409, 3.797575017323146], [10.481504425842441, 3.7472786770737225], [10.548625513909712, 3.7813851734931654], [10.611523345589823, 3.812150609152561], [10.67069806139613, 3.7786766283265605], [10.726565902688105, 3.729587118527896], [10.779476987636757, 3.713740228358663], [10.829728615263452, 3.7492118286475717], [10.8775753831365, 3.7667102397619634], [10.923236992778513, 3.7130196489589764], [10.966904349300577, 3.8013889556572726], [11.008744383922906, 3.8164344148031857], [11.04890390740204, 3.75471919794562], [11.087512719052368, 3.7273782712775483], [11.124686137527133, 3.7498342973493086], [11.160527077798756, 3.819034813217481], [11.195127768613824, 3.7248218875375874], [11.228571182611121, 3.757035586011452], [11.260932234926955, 3.7172143183877178], [11.292278793854607, 3.7469895100797674], [11.322672537849993, 3.777883502762844], [11.352169686090834, 3.7890814109339557], [11.38082162433689, 3.7303436239210943], [11.40867544359643, 3.785404032387347], [11.435774405781814, 3.73604681726735], [11.462158347916576, 3.7255468148549604], [11.487864034374857, 3.7676353679537793]], "exact_d2": [[6.907755278982137, 12.801240320055975], [8.153349757998892, 8.09092778835997], [8.691146498539675, 6.493674656786107], [9.038958755220563, 6.302219241279641], [9.296518068217235, 6.1146330035265075], [9.501142571764207, 6.584744886975875], [9.670924779305427, 7.39413872914616], [9.816021526754852, 6.960286625599117], [9.94270826568941, 6.613877175876424], [10.055135102145268, 7.171607824656928], [10.156189906091882, 6.900371763565181], [10.247963389017864, 6.755444367961209], [10.332017933575289, 6.592839515860152], [10.409551859200409, 6.637921280376782], [10.481504425842441, 7.088950419820029], [10.548625513909712, 6.719170864230834], [10.611523345589823, 6.634493458719569], [10.67069806139613, 7.238697497206222], [10.726565902688105, 6.559842525089024], [10.779476987636757, 7.3883128080741525], [10.829728615263452, 6.80852716147736], [10.8775753831365, 6.970645138519501], [10.923236992778513, 6.993007137812551], [10.966904349300577, 6.952817389725141], [11.008744383922906, 6.7832430641007235], [11.04890390740204, 6.753709455697089], [11.087512719052368, 7.025329731435028], [11.124686137527133, 6.6301567156261], [11.160527077798756, 6.905946805193645], [11.195127768613824, 6.807871945298078], [11.228571182611121, 7.104310768187337], [11.260932234926955, 6.964484968782578], [11.292278793854607, 6.929177206981435], [11.322672537849993, 7.1975444517087475], [11.352169686090834, 7.059872606593588], [11.38082162433689, 6.9607509514525905], [11.40867544359643, 6.623177060097205], [11.435774405781814, 6.93010402685671], [11.462158347916576, 7.1351673253445504], [11.487864034374857, 7.076119010239311]], "over": [[6.907755278982137, 20.415745650573168], [8.153349757998892, 14.497513570210286], [8.691146498539675, 11.734131084562005], [9.038958755220563, 10.714446804124316], [9.296518068217235, 10.717504891328018], [9.501142571764207, 11.154547242150075], [9.670924779305427, 12.192998935969497], [9.816021526754852, 11.423022983156834], [9.94270826568941, 10.83861936832203], [10.055135102145268, 11.713986848177404], [10.156189906091882, 12.748743482773248], [10.247963389017864, 10.47420476372537], [10.332017933575289, 11.885308588539052], [10.409551859200409, 9.96337886778552], [10.481504425842441, 11.641914621081677], [10.548625513909712, 10.597920101440774], [10.611523345589823, 10.598812236786099], [10.67069806139613, 12.401515788170721], [10.726565902688105, 9.650924335672984], [10.779476987636757, 10.91981342500559], [10.829728615263452, 10.439341317177504], [10.8775753831365, 10.420119695687461], [10.923236992778513, 11.99136746874954], [10.966904349300577, 10.309158198153181], [11.008744383922906, 11.41999215796028], [11.04890390740204, 10.178100715691349], [11.087512719052368, 10.810536318430026], [11.124686137527133, 10.147704551953035], [11.160527077798756, 10.37042137625752], [11.195127768613824, 10.455090620659348], [11.228571182611121, 11.666347160973961], [11.260932234926955, 11.054643088136116], [11.292278793854607, 10.792386982825704], [11.322672537849993, 11.187302317116753], [11.352169686090834, 10.460411508291834], [11.38082162433689, 10.936317296565193], [11.40867544359643, 9.83472813211316], [11.435774405781814, 10.5661636142576], [11.462158347916576, 10.256104895568967], [11.487864034374857, 10.733570461179614]], "merge_d1": [[6.907755278982137, 4.553141437866085], [8.153349757998892, 3.8731336208506484], [8.691146498539675, 4.458489562237048], [9.038958755220563, 4.419199045196238], [9.296518068217235, 4.850456382683915], [9.501142571764207, 4.496502800096409], [9.670924779305427, 3.7047141942352964], [9.816021526754852, 4.407416195508503], [9.94270826568941, 3.7922109803732846], [10.055135102145268, 4.485009111752794], [10.156189906091882, 4.487237292875987], [10.247963389017864, 4.5512597729309165], [10.332017933575289, 4.458490824867023], [10.409551859200409, 3.897156649692782], [10.481504425842441, 3.8020226975966436], [10.548625513909712, 4.41430212918474], [10.611523345589823, 4.552351315588237], [10.67069806139613, 3.8566484313145164], [10.726565902688105, 4.458446387161857], [10.779476987636757, 4.436297280930814], [10.829728615263452, 4.705218316224954], [10.8775753831365, 4.461210440478384], [10.923236992778513, 3.7887477801240395], [10.966904349300577, 4.364757152376937], [11.008744383922906, 3.887638425002433], [11.04890390740204, 4.451981134588644], [11.087512719052368, 3.810279505558571], [11.124686137527133, 3.85915183639555], [11.160527077798756, 3.9111413435458404], [11.195127768613824, 3.8218540184857837], [11.228571182611121, 4.354201445452673], [11.260932234926955, 4.595504231460078], [11.292278793854607, 4.435343462134734], [11.322672537849993, 3.8756834888784386], [11.352169686090834, 4.470890619899903], [11.38082162433689, 3.8266436681578258], [11.40867544359643, 3.9004378010320715], [11.435774405781814, 3.8297310779617293], [11.462158347916576, 4.423441519940055], [11.487864034374857, 4.469054226572948]],