{"exact_d1": [[11.512925464970229, 3.862682701786146]], "exact_d2": [[11.512925464970229, 7.224183577184316]], "over": [[11.512925464970229, 8.30923935901358]], "merge_d1": [[11.512925464970229, 4.10311643225684]], "merge_d2": [[11.512925464970229, 5.542780811722655]], "argmin_dic": [[100000, 2]], "time_elapsed": 252.92872095108032}