{"exact_d1": [[11.512925464970229, 3.794005712992684]], "exact_d2": [[11.512925464970229, 7.02623872709171]], "over": [[11.512925464970229, 10.155253745160572]], "merge_d1": [[11.512925464970229, 4.173989103892901]], "merge_d2": [[11.512925464970229, 6.641859892293919]], "argmin_dic": [[100000, 2]], "time_elapsed": 331.8245551586151}