{"exact": [[6.907755278982137, 10.354745373661922], [8.153349757998892, 7.587457066725437], [8.691146498539675, 9.52166723157753], [9.038958755220563, 9.373032546601111], [9.296518068217235, 7.2694622255116315], [9.501142571764207, 9.162959690379617], [9.670924779305427, 9.131215001924696], [9.816021526754852, 9.661644240882637], [9.94270826568941, 7.070512728186577], [10.055135102145268, 9.943653897682125], [10.156189906091882, 9.722854273044293], [10.247963389017864, 9.859278771961607], [10.332017933575289, 6.556514178790058], [10.409551859200409, 9.842830900512872], [10.481504425842441, 7.077796500284426], [10.548625513909712, 9.961738392663422], [10.611523345589823, 10.340894740685924], [10.67069806139613, 9.433861748492054], [10.726565902688105, 6.933998062551855], [10.779476987636757, 7.247281629423732], [10.829728615263452, 6.7748888990797616], [10.8775753831365, 9.732514317653893], [10.923236992778513, 10.01635850290452], [10.966904349300577, 7.148927833962611], [11.008744383922906, 9.409386136398304], [11.04890390740204, 9.83041071795624], [11.087512719052368, 9.281141462501527], [11.124686137527133, 9.379958884796446], [11.160527077798756, 9.642042364617259], [11.195127768613824, 9.349267434514], [11.228571182611121, 9.448680801661833], [11.260932234926955, 9.425112483440747], [11.292278793854607, 9.327989284176615], [11.322672537849993, 9.10623839614453], [11.352169686090834, 9.22747125980733], [11.38082162433689, 6.653448005269618], [11.40867544359643, 9.337593742515075], [11.435774405781814, 9.900199863668668], [11.462158347916576, 9.65180703422359], [11.487864034374857, 9.34884849497531]], "over": [[6.907755278982137, 23.586094410321714], [8.153349757998892, 21.877835754386513], [8.691146498539675, 17.63820401944413], [9.038958755220563, 11.534745916313978], [9.296518068217235, 17.38635863264471], [9.501142571764207, 12.893323767988079], [9.670924779305427, 11.58406107493063], [9.816021526754852, 16.186776807241365], [9.94270826568941, 15.674540059532612], [10.055135102145268, 12.19575521010526], [10.156189906091882, 9.598308208309986], [10.247963389017864, 10.6575974362208], [10.332017933575289, 15.91223580099819], [10.409551859200409, 11.223024069027163], [10.481504425842441, 15.212474391568406], [10.548625513909712, 11.226925854654642], [10.611523345589823, 10.98933063489903], [10.67069806139613, 15.228940910977201], [10.726565902688105, 11.29782256229866], [10.779476987636757, 19.856844258878443], [10.829728615263452, 17.547078500338216], [10.8775753831365, 11.03505071764162], [10.923236992778513, 11.520016493488027], [10.966904349300577, 16.825657472270528], [11.008744383922906, 16.0562375930452], [11.04890390740204, 12.282070944679433], [11.087512719052368, 16.68775534863364], [11.124686137527133, 10.11526752018807], [11.160527077798756, 17.463428359325192], [11.195127768613824, 10.92196315300195], [11.228571182611121, 10.787856839674548], [11.260932234926955, 15.431418148280168], [11.292278793854607, 16.18974725719122], [11.322672537849993, 15.995896799795137], [11.352169686090834, 10.806366589251805], [11.38082162433689, 17.08000377326941], [11.40867544359643, 15.5851197532985], [11.435774405781814, 17.12438787120512], [11.462158347916576, 15.925494529685835], [11.487864034374857, 15.246488623515788]], "merge": [[6.907755278982137, 7.393237343764866], [8.153349757998892, 14.914569793736948], [8.691146498539675, 9.978594042943216], [9.038958755220563, 6.731265473002496], [9.296518068217235, 9.971532907356822], [9.501142571764207, 7.230382452405909], [9.670924779305427, 7.609812384006298], [9.816021526754852, 10.656844820302632], [9.94270826568941, 11.067372036213069], [10.055135102145268, 7.0964242044774295], [10.156189906091882, 7.117766751504993], [10.247963389017864, 6.857102227747854], [10.332017933575289, 10.534736483402359], [10.409551859200409, 7.633223073878488], [10.481504425842441, 9.699400771453519], [10.548625513909712, 7.384268668764756], [10.611523345589823, 7.302863108650417], [10.67069806139613, 9.727300473431779], [10.726565902688105, 7.741177109480363], [10.779476987636757, 10.775484016112618], [10.829728615263452, 10.201191933339983], [10.8775753831365, 7.055911489181923], [10.923236992778513, 7.321025558693198], [10.966904349300577, 11.102495074900844], [11.008744383922906, 10.073308242436449], [11.04890390740204, 8.322728677825646], [11.087512719052368, 9.684961185505138], [11.124686137527133, 6.854546756562507], [11.160527077798756, 10.127185064423097], [11.195127768613824, 7.373923384307334], [11.228571182611121, 7.07601885946272], [11.260932234926955, 9.819940303226062], [11.292278793854607, 9.368204330639593], [11.322672537849993, 10.058300104930867], [11.352169686090834, 6.9500952667132525], [11.38082162433689, 9.973602569142827], [11.40867544359643, 8.926722899130894], [11.435774405781814, 10.092795728881956], [11.462158347916576, 11.20038856864475], [11.487864034374857, 9.737821965160768]], "argmin_dic": [[1000, 2], [3475, 2], [5950, 3], [8425, 3], [10900, 3], [13375, 3], [15850, 2], [18325, 3], [20800, 3], [23275, 2], [25750, 2], [28225, 2], [30700, 3], [33175, 3], [35650, 3], [38125, 3], [40600, 3], [43075, 3], [45550, 2], [48025, 2], [50500, 3], [52975, 3], [55450, 3], [57925, 3], [60400, 3], [62875, 2], [65350, 3], [67825, 3], [70300, 3], [72775, 3], [75250, 3], [77725, 3], [80200, 3], [82675, 3], [85150, 3], [87625, 3], [90100, 3], [92575, 3], [95050, 3], [97525, 3]], "time_elapsed": 1842.6743850708008}