{"exact_d1": [[11.512925464970229, 3.9400062987869218]], "exact_d2": [[11.512925464970229, 7.301028811439641]], "over": [[11.512925464970229, 10.518435058294378]], "merge_d1": [[11.512925464970229, 4.2111834669593335]], "merge_d2": [[11.512925464970229, 6.785282240356554]], "argmin_dic": [[100000, 2]], "time_elapsed": 414.8487432003021}