{"exact_d1": [[11.512925464970229, 3.7058827867142057]], "exact_d2": [[11.512925464970229, 6.140915545317329]], "over": [[11.512925464970229, 9.320110666172283]], "merge_d1": [[11.512925464970229, 4.241016905158957]], "merge_d2": [[11.512925464970229, 6.820383388965757]], "argmin_dic": [[100000, 2]], "time_elapsed": 191.28492307662964}