{"exact_d1": [[11.512925464970229, 3.7339527376305246]], "exact_d2": [[11.512925464970229, 6.519979356201189]], "over": [[11.512925464970229, 11.853776376389794]], "merge_d1": [[11.512925464970229, 4.278626270841864]], "merge_d2": [[11.512925464970229, 6.6335407478252435]], "argmin_dic": [[100000, 2]], "time_elapsed": 286.9460015296936}