{"exact_d1": [[11.512925464970229, 3.77370341098256]], "exact_d2": [[11.512925464970229, 6.9631960938657125]], "over": [[11.512925464970229, 8.871020263355241]], "merge_d1": [[11.512925464970229, 4.271802230556878]], "merge_d2": [[11.512925464970229, 5.792624664389822]], "argmin_dic": [[100000, 2]], "time_elapsed": 369.39854884147644}