{"exact_d1": [[9.210340371976184, 3.8688783071354105], [9.250522161609014, 3.874580922663893], [9.290721483922995, 3.7934270257543385], [9.330963814299922, 3.785363760018519], [9.371268036082466, 3.830311535088191], [9.411483683010726, 3.988796397313687], [9.451716691551452, 3.84292039655995], [9.491979220880678, 3.883547980801636], [9.532206456208034, 3.9675291416320606], [9.572410734431823, 4.125027976065904], [9.612667227583843, 3.8058347058593425], [9.65290856803585, 3.8191763308387516], [9.693136823020671, 3.658808204788605], [9.733351450605975, 3.8189926203060094], [9.773606631681607, 3.873793737581239], [9.81383633058348, 3.7366486980673845], [9.854087202241, 3.9483248425306723], [9.894345894618844, 3.801124109068178], [9.934550077987947, 3.7947277636927756], [9.974784434418162, 3.6993602655866575], [10.015028927269036, 3.8122069274227752], [10.055263987501922, 3.9793695909331936], [10.095511884791469, 3.890462572614847], [10.135749405494865, 3.764587182364032], [10.175992533388062, 3.726542289083473], [10.216215833592425, 3.9012916373360436], [10.25646567163057, 3.87710314511907], [10.29667762976868, 3.7978013504527657], [10.336924443719042, 4.017016500256816], [10.377171899621436, 3.835633922110498], [10.417418350255533, 3.9220920354379354], [10.457631253015656, 3.7532739281477068], [10.497863570996053, 3.8119826179831846], [10.53810479090567, 3.9564140727565253], [10.578343463123822, 3.977428622673181], [10.618591900448115, 3.8486072128019106], [10.658811091522749, 3.717752396291455], [10.699055933195222, 3.775212290118251], [10.739305484260235, 3.8590702948767137], [10.779539453150608, 3.738404669495185]], "exact_d2": [[9.210340371976184, 6.402704185565244], [9.250522161609014, 5.67761780083594], [9.290721483922995, 8.50964997071872], [9.330963814299922, 8.171520288045965], [9.371268036082466, 6.761298150615646], [9.411483683010726, 8.326513872846837], [9.451716691551452, 7.347864877706437], [9.491979220880678, 7.160735743494291], [9.532206456208034, 8.834169608249756], [9.572410734431823, 9.817441047250377], [9.612667227583843, 7.007188909783917], [9.65290856803585, 7.242072691295881], [9.693136823020671, 6.415600926348862], [9.733351450605975, 7.033090774932434], [9.773606631681607, 7.258075060218965], [9.81383633058348, 6.7391600642352865], [9.854087202241, 8.548449781938322], [9.894345894618844, 7.2427089633218396], [9.934550077987947, 6.577465694183891], [9.974784434418162, 5.937533383104083], [10.015028927269036, 7.49412096017715], [10.055263987501922, 7.027460235221915], [10.095511884791469, 6.840137560683047], [10.135749405494865, 6.757130844361912], [10.175992533388062, 6.780321258503004], [10.216215833592425, 6.965413586708794], [10.25646567163057, 7.127226666353373], [10.29667762976868, 7.633089866468224], [10.336924443719042, 6.893555797856174], [10.377171899621436, 8.212819886437936], [10.417418350255533, 7.145831846638246], [10.457631253015656, 6.111175268523691], [10.497863570996053, 6.8603832347668146], [10.53810479090567, 7.069382175789381], [10.578343463123822, 7.636421466349271], [10.618591900448115, 7.046868454132197], [10.658811091522749, 6.24854693163477], [10.699055933195222, 6.4974906606621], [10.739305484260235, 7.111252080007237], [10.779539453150608, 6.808137560565331]], "over": [[9.210340371976184, 10.421158593898925], [9.250522161609014, 11.393123996623142], [9.290721483922995, 13.911719031585088], [9.330963814299922, 16.470947374457417], [9.371268036082466, 11.120186216747129], [9.411483683010726, 9.383760061965843], [9.451716691551452, 14.71674144290314], [9.491979220880678, 11.474482620047077], [9.532206456208034, 13.010272389608298], [9.572410734431823, 17.01442230138849], [9.612667227583843, 7.8882985652640105], [9.65290856803585, 18.182629378750057], [9.693136823020671, 20.458390809209686], [9.733351450605975, 13.796490265275557], [9.773606631681607, 13.24731783446846], [9.81383633058348, 9.578612709769438], [9.854087202241, 15.291613187154699], [9.894345894618844, 12.143112294647873], [9.934550077987947, 14.185118268139291], [9.974784434418162, 9.656028975917458], [10.015028927269036, 10.916233315767135], [10.055263987501922, 8.217945556937787], [10.095511884791469, 17.304774803911037], [10.135749405494865, 12.995491410239945], [10.175992533388062, 15.834233727348856], [10.216215833592425, 15.78192331942906], [10.25646567163057, 11.320059252230696], [10.29667762976868, 13.10573091712421], [10.336924443719042, 14.014058925072137], [10.377171899621436, 10.481249509338577], [10.417418350255533, 11.526123552467565], [10.457631253015656, 10.573192150991044], [10.497863570996053, 10.514322923892804], [10.53810479090567, 10.241777006936793], [10.578343463123822, 10.886101126989685], [10.618591900448115, 13.517195495064152], [10.658811091522749, 13.29618272577161], [10.699055933195222, 12.467236465378043], [10.739305484260235, 13.513119283081695], [10.779539453150608, 15.494545767616714]], "merge_d1": [[9.210340371976184, 4.4104930847878245], [9.250522161609014, 4.213970269565784], [9.290721483922995, 4.193057461668294], [9.330963814299922, 4.538204224100512], [9.371268036082466, 4.1977050120087105], [9.411483683010726, 4.233472679020434], [9.451716691551452, 4.286860611120623], [9.491979220880678, 4.232472916733744], [9.532206456208034, 4.264176978478292], [9.572410734431823, 4.341013011667163], [9.612667227583843, 4.05278633763656], [9.65290856803585, 4.385861689489381], [9.693136823020671, 4.56123191108308], [9.733351450605975, 4.27684389562337], [9.773606631681607, 4.100531664006859], [9.81383633058348, 4.360652218573356], [9.854087202241, 4.320845192401284], [9.894345894618844, 4.324685358519414], [9.934550077987947, 4.24578058717161], [9.974784434418162, 4.163105257213744], [10.015028927269036, 4.33944818299407], [10.055263987501922, 4.087201095616839], [10.095511884791469, 4.266769965166497], [10.135749405494865, 4.35751879025882], [10.175992533388062, 4.299828546620966], [10.216215833592425, 4.358795729794717], [10.25646567163057, 4.2920081687253075], [10.29667762976868, 4.193291972127945], [10.336924443719042, 4.181197422834001], [10.377171899621436, 4.300357000818696], [10.417418350255533, 4.237119190043832], [10.457631253015656, 4.325457034220454], [10.497863570996053, 4.20961141487431], [10.53810479090567, 4.300180923911397], [10.578343463123822, 4.266708904044834], [10.618591900448115, 4.2881998593162995], [10.658811091522749, 4.363910184952715], [10.699055933195222, 4.288219798703168], [10.739305484260235, 4.166569265840781], [10.779539453150608, 4.23549596733186]],