{"exact_d1": [[11.512925464970229, 3.7629926369169517]], "exact_d2": [[11.512925464970229, 7.048874071838549]], "over": [[11.512925464970229, 10.991638282598545]], "merge_d1": [[11.512925464970229, 4.153083336128382]], "merge_d2": [[11.512925464970229, 7.057777772166388]], "argmin_dic": [[100000, 2]], "time_elapsed": 171.3394627571106}