{"exact_d1": [[9.210340371976184, 3.944477078145709], [9.250522161609014, 3.7777088438045867], [9.290721483922995, 3.7790669329305686], [9.330963814299922, 3.80391020469396], [9.371268036082466, 3.939861602344507], [9.411483683010726, 3.7327356556155973], [9.451716691551452, 3.72534215161349], [9.491979220880678, 3.9402077203539205], [9.532206456208034, 3.842938650677562], [9.572410734431823, 3.905999463017814], [9.612667227583843, 3.580665557982728], [9.65290856803585, 3.68264349943607], [9.693136823020671, 3.850226690140301], [9.733351450605975, 3.7844801873822687], [9.773606631681607, 3.8940081341280313], [9.81383633058348, 4.000728186015048], [9.854087202241, 3.723112812494149], [9.894345894618844, 4.020538075903328], [9.934550077987947, 3.650393231154687], [9.974784434418162, 3.8496476721749717], [10.015028927269036, 3.9651597393753355], [10.055263987501922, 3.870801555911999], [10.095511884791469, 4.034838410948333], [10.135749405494865, 3.8994245048669254], [10.175992533388062, 3.9515935350941587], [10.216215833592425, 3.844591515679236], [10.25646567163057, 3.7887884683860396], [10.29667762976868, 3.8770953530057515], [10.336924443719042, 3.7788304538676862], [10.377171899621436, 3.8668499440860873], [10.417418350255533, 3.713387201978653], [10.457631253015656, 3.9159421655851374], [10.497863570996053, 3.745921617406489], [10.53810479090567, 3.9454444367250696], [10.578343463123822, 3.796340690497734], [10.618591900448115, 3.708622493809879], [10.658811091522749, 3.8517517020162058], [10.699055933195222, 3.6917570668616015], [10.739305484260235, 3.7382599633151377], [10.779539453150608, 3.868321666648508]], "exact_d2": [[9.210340371976184, 8.580970002626703], [9.250522161609014, 5.748019999345117], [9.290721483922995, 6.523046511330892], [9.330963814299922, 6.923102053184538], [9.371268036082466, 7.146128866123227], [9.411483683010726, 6.91437878951873], [9.451716691551452, 5.558232322799297], [9.491979220880678, 8.404448771960517], [9.532206456208034, 7.651781088770047], [9.572410734431823, 7.938418499645703], [9.612667227583843, 5.823213574955626], [9.65290856803585, 6.195627274318594], [9.693136823020671, 6.468374461054091], [9.733351450605975, 7.397298479364544], [9.773606631681607, 7.272029284540673], [9.81383633058348, 8.416383520633188], [9.854087202241, 6.57741244116112], [9.894345894618844, 8.391044989661482], [9.934550077987947, 5.639627889829583], [9.974784434418162, 6.8387624332877275], [10.015028927269036, 7.933416813840981], [10.055263987501922, 6.605777930952041], [10.095511884791469, 8.142720728587005], [10.135749405494865, 8.630207859086358], [10.175992533388062, 8.240239351582744], [10.216215833592425, 7.280485108401339], [10.25646567163057, 6.759639019359983], [10.29667762976868, 7.218418926693236], [10.336924443719042, 6.722494373758915], [10.377171899621436, 6.251492600742152], [10.417418350255533, 6.2231204592047416], [10.457631253015656, 7.283162847573471], [10.497863570996053, 6.636995855845611], [10.53810479090567, 7.143844514193962], [10.578343463123822, 7.2236091645299085], [10.618591900448115, 7.569269248705178], [10.658811091522749, 7.02062623126751], [10.699055933195222, 6.0374938092158486], [10.739305484260235, 6.619224125454971], [10.779539453150608, 6.966497043680488]], "over": [[9.210340371976184, 14.335352305331865], [9.250522161609014, 7.271210406593023], [9.290721483922995, 10.79333689588567], [9.330963814299922, 15.485671396772785], [9.371268036082466, 11.080343770706692], [9.411483683010726, 13.728369536424475], [9.451716691551452, 9.582027497711527], [9.491979220880678, 13.602953214137825], [9.532206456208034, 12.242065913174212], [9.572410734431823, 11.582482473706204], [9.612667227583843, 17.308865694619], [9.65290856803585, 12.193458337123088], [9.693136823020671, 10.758480274612271], [9.733351450605975, 11.271119992140674], [9.773606631681607, 10.865940103234065], [9.81383633058348, 16.012237080467283], [9.854087202241, 11.22155973480242], [9.894345894618844, 11.54391647969079], [9.934550077987947, 10.982007416866285], [9.974784434418162, 9.096474349518415], [10.015028927269036, 8.118781683435277], [10.055263987501922, 14.362546599865018], [10.095511884791469, 12.761985731272832], [10.135749405494865, 11.362366646749845], [10.175992533388062, 17.119699743958844], [10.216215833592425, 9.633852130641536], [10.25646567163057, 8.430146761346927], [10.29667762976868, 12.654211191011358], [10.336924443719042, 9.10367861728105], [10.377171899621436, 10.78590250683041], [10.417418350255533, 10.765190977316305], [10.457631253015656, 11.175499935659342], [10.497863570996053, 12.191963354485491], [10.53810479090567, 9.27910337143166], [10.578343463123822, 12.102357213677466], [10.618591900448115, 11.643814504414006], [10.658811091522749, 9.504037513067297], [10.699055933195222, 8.877755528159295], [10.739305484260235, 11.894462153854525], [10.779539453150608, 11.06504654933419]], "merge_d1": [[9.210340371976184, 4.440866721035476], [9.250522161609014, 4.262702758288486], [9.290721483922995, 4.324132896287671], [9.330963814299922, 4.367499167884511], [9.371268036082466, 4.267154952329972], [9.411483683010726, 4.339058379113467], [9.451716691551452, 4.214962301855391], [9.491979220880678, 4.270490442057958], [9.532206456208034, 4.275013133743625], [9.572410734431823, 4.3236009256816414], [9.612667227583843, 4.036308679118387], [9.65290856803585, 4.235488993510163], [9.693136823020671, 4.103419903319347], [9.733351450605975, 4.2185949213710385], [9.773606631681607, 4.169493845175217], [9.81383633058348, 4.482742878938696], [9.854087202241, 4.396500192135515], [9.894345894618844, 4.234639555457837], [9.934550077987947, 4.37100081696627], [9.974784434418162, 4.3336266910498], [10.015028927269036, 4.243551458449442], [10.055263987501922, 4.172896739191182], [10.095511884791469, 4.269892912288507], [10.135749405494865, 4.25303178211496], [10.175992533388062, 4.442694884415952], [10.216215833592425, 4.217637918630398], [10.25646567163057, 4.085289690187227], [10.29667762976868, 4.209251496353998], [10.336924443719042, 4.106714891205742], [10.377171899621436, 4.205530613063139], [10.417418350255533, 4.415153570377329], [10.457631253015656, 4.359587174966771], [10.497863570996053, 4.340613321229998], [10.53810479090567, 4.378778643601211], [10.578343463123822, 4.247457338151697], [10.618591900448115, 4.271992611273386], [10.658811091522749, 4.360262186621671], [10.699055933195222, 4.312255535502693], [10.739305484260235, 4.12863290860373], [10.779539453150608, 4.315876434436915]],