{"exact_d1": [[11.512925464970229, 3.72520790426301]], "exact_d2": [[11.512925464970229, 6.867485988617355]], "over": [[11.512925464970229, 9.770797833175624]], "merge_d1": [[11.512925464970229, 4.2222636162390925]], "merge_d2": [[11.512925464970229, 6.448263732593201]], "argmin_dic": [[100000, 2]], "time_elapsed": 296.10931372642517}