{"exact": [[6.907755278982137, 6.495588877067417], [8.153349757998892, 11.563929608259395], [8.691146498539675, 7.852201041618642], [9.038958755220563, 6.70333213091589], [9.296518068217235, 9.568849207329112], [9.501142571764207, 9.401861677795393], [9.670924779305427, 6.961047752632088], [9.816021526754852, 6.822438091242747], [9.94270826568941, 10.075678830791439], [10.055135102145268, 9.540822557608921], [10.156189906091882, 7.5017478619949305], [10.247963389017864, 7.178600850291426], [10.332017933575289, 6.465030636577603], [10.409551859200409, 9.975404756336637], [10.481504425842441, 10.276141310693923], [10.548625513909712, 9.182873797251153], [10.611523345589823, 6.86313933371482], [10.67069806139613, 10.393659027192374], [10.726565902688105, 9.637457511821191], [10.779476987636757, 9.934047678459475], [10.829728615263452, 6.6752318887633955], [10.8775753831365, 9.767856917922701], [10.923236992778513, 7.189134952353978], [10.966904349300577, 9.249379358930863], [11.008744383922906, 6.6566202611259895], [11.04890390740204, 9.31078807400627], [11.087512719052368, 7.0748453464262715], [11.124686137527133, 6.6482709414983105], [11.160527077798756, 9.521467829669344], [11.195127768613824, 9.24582115599443], [11.228571182611121, 9.46770285494878], [11.260932234926955, 9.314825964438167], [11.292278793854607, 6.86250575455778], [11.322672537849993, 7.123064968805415], [11.352169686090834, 9.756131540011236], [11.38082162433689, 9.6956356145471], [11.40867544359643, 9.3851485308248], [11.435774405781814, 6.937318733516442], [11.462158347916576, 7.18142424078014], [11.487864034374857, 9.263290126665288]], "over": [[6.907755278982137, 24.721239465140876], [8.153349757998892, 17.902201957584918], [8.691146498539675, 14.4630936448345], [9.038958755220563, 11.013004641134929], [9.296518068217235, 19.61666180150689], [9.501142571764207, 16.435741945008164], [9.670924779305427, 11.244160784474165], [9.816021526754852, 16.27803142326791], [9.94270826568941, 17.145194903209333], [10.055135102145268, 11.241406558364387], [10.156189906091882, 12.03815185736358], [10.247963389017864, 19.455870343808485], [10.332017933575289, 17.804232271071783], [10.409551859200409, 16.24726096350728], [10.481504425842441, 18.756061833898524], [10.548625513909712, 16.57322635770443], [10.611523345589823, 10.623796919234488], [10.67069806139613, 15.719291611689174], [10.726565902688105, 18.77526603459848], [10.779476987636757, 17.832061486031662], [10.829728615263452, 16.290515979089122], [10.8775753831365, 20.529493997680433], [10.923236992778513, 17.471742069565476], [10.966904349300577, 9.950545863888014], [11.008744383922906, 16.686049209167372], [11.04890390740204, 17.029712885978483], [11.087512719052368, 17.604593979572257], [11.124686137527133, 10.62261369539628], [11.160527077798756, 18.28191894859757], [11.195127768613824, 16.21297036220566], [11.228571182611121, 17.60584155339379], [11.260932234926955, 10.663921082587732], [11.292278793854607, 16.624406525329043], [11.322672537849993, 15.93808824549942], [11.352169686090834, 17.40331014593347], [11.38082162433689, 15.902278908423256], [11.40867544359643, 10.943825952408607], [11.435774405781814, 18.048342870951238], [11.462158347916576, 17.890013812611322], [11.487864034374857, 11.016962479779398]], "merge": [[6.907755278982137, 13.18462267966395], [8.153349757998892, 7.89000241074752], [8.691146498539675, 9.74321904438371], [9.038958755220563, 7.6244296832632115], [9.296518068217235, 10.733532793309136], [9.501142571764207, 10.796571531982206], [9.670924779305427, 7.274007136986369], [9.816021526754852, 10.18583029051316], [9.94270826568941, 11.265788516466602], [10.055135102145268, 7.578377489903441], [10.156189906091882, 7.595904770112507], [10.247963389017864, 10.596639552823671], [10.332017933575289, 9.421193907997441], [10.409551859200409, 10.200232083278735], [10.481504425842441, 10.430957760198226], [10.548625513909712, 9.555730571451447], [10.611523345589823, 6.7701153284090525], [10.67069806139613, 9.912216789541421], [10.726565902688105, 10.504138772298687], [10.779476987636757, 10.707225020261191], [10.829728615263452, 9.269695370992048], [10.8775753831365, 11.13766311771201], [10.923236992778513, 10.487577174479407], [10.966904349300577, 6.517244571998662], [11.008744383922906, 9.930322268415766], [11.04890390740204, 9.909659891805811], [11.087512719052368, 10.185736249297989], [11.124686137527133, 7.32483212481821], [11.160527077798756, 9.941048540535043], [11.195127768613824, 10.355206248899293], [11.228571182611121, 9.989869867406485], [11.260932234926955, 7.077027624995145], [11.292278793854607, 10.949753159517874], [11.322672537849993, 9.981197385761671], [11.352169686090834, 10.447411886889268], [11.38082162433689, 9.946638218473568], [11.40867544359643, 7.793883999777762], [11.435774405781814, 10.14337683770372], [11.462158347916576, 9.985158053822602], [11.487864034374857, 7.153574102600537]], "argmin_dic": [[1000, 3], [3475, 3], [5950, 3], [8425, 2], [10900, 2], [13375, 3], [15850, 2], [18325, 3], [20800, 3], [23275, 2], [25750, 3], [28225, 3], [30700, 3], [33175, 3], [35650, 3], [38125, 3], [40600, 3], [43075, 3], [45550, 3], [48025, 2], [50500, 3], [52975, 3], [55450, 3], [57925, 3], [60400, 3], [62875, 3], [65350, 3], [67825, 3], [70300, 3], [72775, 3], [75250, 3], [77725, 3], [80200, 3], [82675, 3], [85150, 3], [87625, 3], [90100, 2], [92575, 3], [95050, 3], [97525, 3]], "time_elapsed": 1794.9122936725616}