{"exact_d1": [[11.512925464970229, 3.855511083965491]], "exact_d2": [[11.512925464970229, 6.46506559558257]], "over": [[11.512925464970229, 12.827429245525915]], "merge_d1": [[11.512925464970229, 4.234409085026478]], "merge_d2": [[11.512925464970229, 6.737262826267983]], "argmin_dic": [[100000, 2]], "time_elapsed": 271.4320561885834}