{"exact_d1": [[11.512925464970229, 3.73279708495998]], "exact_d2": [[11.512925464970229, 6.672194020715692]], "over": [[11.512925464970229, 11.2435935407718]], "merge_d1": [[11.512925464970229, 4.139725841075356]], "merge_d2": [[11.512925464970229, 6.934586276186532]], "argmin_dic": [[100000, 2]], "time_elapsed": 300.37993907928467}