{"exact_d1": [[11.512925464970229, 3.9730332248332325]], "exact_d2": [[11.512925464970229, 7.443947042297116]], "over": [[11.512925464970229, 10.719423785962675]], "merge_d1": [[11.512925464970229, 4.323542249373724]], "merge_d2": [[11.512925464970229, 6.7381748091609746]], "argmin_dic": [[100000, 2]], "time_elapsed": 414.0831482410431}