{"exact_d1": [[11.512925464970229, 3.861164911528111]], "exact_d2": [[11.512925464970229, 7.092436540361509]], "over": [[11.512925464970229, 10.76200352354975]], "merge_d1": [[11.512925464970229, 4.245189375739327]], "merge_d2": [[11.512925464970229, 6.3860235960493466]], "argmin_dic": [[100000, 2]], "time_elapsed": 312.9593629837036}