{"exact_d1": [[11.512925464970229, 3.9849804624344736]], "exact_d2": [[11.512925464970229, 7.629605288514191]], "over": [[11.512925464970229, 11.631291340924557]], "merge_d1": [[11.512925464970229, 4.142727527443442]], "merge_d2": [[11.512925464970229, 6.419978823089504]], "argmin_dic": [[100000, 2]], "time_elapsed": 221.9852020740509}