{"exact_d1": [[11.512925464970229, 3.793754906917402]], "exact_d2": [[11.512925464970229, 7.17267718619136]], "over": [[11.512925464970229, 9.650339563021014]], "merge_d1": [[11.512925464970229, 4.175390991498099]], "merge_d2": [[11.512925464970229, 6.162591437581728]], "argmin_dic": [[100000, 2]], "time_elapsed": 352.3153021335602}