{"exact_d1": [[11.512925464970229, 3.80729825027279]], "exact_d2": [[11.512925464970229, 7.408101421037394]], "over": [[11.512925464970229, 12.541230860800772]], "merge_d1": [[11.512925464970229, 4.234117573602108]], "merge_d2": [[11.512925464970229, 6.909859334556735]], "argmin_dic": [[100000, 2]], "time_elapsed": 345.10991168022156}