{"exact_d1": [[6.906754778648554, 4.205641622210982], [7.022868086082641, 4.295664171414393], [7.1372784372603855, 3.7913308818752025], [7.252762418053187, 4.63788438547376], [7.367708572374371, 4.016400601518308], [7.48324441607385, 4.293114297494216], [7.598399329323964, 3.564999449439409], [7.71333788887187, 4.572546378919112], [7.828436359157585, 3.79205892586076], [7.943782692458625, 3.949869927477804], [8.058960017769417, 3.3393490800297387], [8.17413934342947, 4.046347844265329], [8.289288323000317, 4.019228898977515], [8.404248432400102, 3.6010232051654816], [8.519390774959724, 3.88145993046653], [8.634620608292202, 3.704579100998546], [8.74973246437081, 4.0682455688488055], [8.86488793377419, 3.9965142843564827], [8.980046316633132, 3.7480756854689274], [9.095153962167066, 3.784489688023967], [9.210340371976184, 3.9483326834675734], [9.325453179076687, 3.900586401141701], [9.44057869576626, 3.8801206374510673], [9.555701556014641, 3.8044145473489777], [9.670798588378387, 3.741964158409593], [9.785941988681085, 3.5509854500833447], [9.901084667919818, 3.645240259300497], [10.016235712227882, 3.8196313313895853], [10.131339999578072, 3.8770466530084016], [10.246474238267561, 3.6393928040421133], [10.36160835987009, 3.8845106889371577], [10.476752620919227, 3.7842161447072664], [10.591873415994362, 4.00128993300915], [10.707012640565683, 3.8232334644146335], [10.822135503983962, 3.63476902588154], [10.937276835160228, 3.7677320275103416], [11.05239680608701, 3.711215920151421], [11.167529530327974, 3.8537156611828673], [11.28265658871343, 3.7033780880784755], [11.397795157716597, 3.418980814043297]], "exact_d2": [[6.906754778648554, 9.724622436720738], [7.022868086082641, 13.721347012700411], [7.1372784372603855, 8.950898013567793], [7.252762418053187, 16.829705245331578], [7.367708572374371, 10.124970974925478], [7.48324441607385, 9.75340924142896], [7.598399329323964, 4.69142468978225], [7.71333788887187, 12.819684425984953], [7.828436359157585, 13.567232818288309], [7.943782692458625, 12.317927898960011], [8.058960017769417, 7.1473950359243075], [8.17413934342947, 13.644627382542101], [8.289288323000317, 7.183408903593052], [8.404248432400102, 9.812345750785648], [8.519390774959724, 6.6576247013871175], [8.634620608292202, 10.398619735312755], [8.74973246437081, 8.922227001902911], [8.86488793377419, 8.944056609572753], [8.980046316633132, 5.543099181530436], [9.095153962167066, 7.612155855126794], [9.210340371976184, 7.7538148931011595], [9.325453179076687, 9.585042525363312], [9.44057869576626, 7.1980547825488825], [9.555701556014641, 7.141157912917788], [9.670798588378387, 5.979746573556232], [9.785941988681085, 9.278132351006057], [9.901084667919818, 7.308922256120763], [10.016235712227882, 8.146631006090338], [10.131339999578072, 6.964917660110108], [10.246474238267561, 9.205950573773896], [10.36160835987009, 9.208327164366272], [10.476752620919227, 6.715556363395888], [10.591873415994362, 8.28285975364585], [10.707012640565683, 7.233725733130929], [10.822135503983962, 6.196571376079591], [10.937276835160228, 6.8103547123574595], [11.05239680608701, 10.720167765731722], [11.167529530327974, 7.451745926967453], [11.28265658871343, 5.4609966762003985], [11.397795157716597, 8.153454537153165]], "over": [[6.906754778648554, 26.899236630944657], [7.022868086082641, 24.73383992241695], [7.1372784372603855, 27.656205966135904], [7.252762418053187, 30.682007615783114], [7.367708572374371, 33.53541927752568], [7.48324441607385, 22.622566972163142], [7.598399329323964, 38.97601736969958], [7.71333788887187, 20.279057617659486], [7.828436359157585, 13.664956867801495], [7.943782692458625, 23.57664063385116], [8.058960017769417, 14.102663441671197], [8.17413934342947, 23.144300982942156], [8.289288323000317, 12.592948865252124], [8.404248432400102, 9.432984014215632], [8.519390774959724, 17.834291288311086], [8.634620608292202, 15.204910847786577], [8.74973246437081, 10.68841068546478], [8.86488793377419, 11.732137819709424], [8.980046316633132, 13.796867795684541], [9.095153962167066, 12.216539989995123], [9.210340371976184, 20.28674724802095], [9.325453179076687, 22.548127897236686], [9.44057869576626, 10.012205189399452], [9.555701556014641, 11.50468000583849], [9.670798588378387, 6.993227912601851], [9.785941988681085, 13.380189366483458], [9.901084667919818, 7.357045118406711], [10.016235712227882, 11.251884860661631], [10.131339999578072, 10.944690447081866], [10.246474238267561, 15.902395735341258], [10.36160835987009, 10.719731440126457], [10.476752620919227, 17.19582675792313], [10.591873415994362, 11.488149469465759], [10.707012640565683, 11.4342538344943], [10.822135503983962, 11.934330313732728], [10.937276835160228, 11.811535334841949], [11.05239680608701, 13.114049673229635], [11.167529530327974, 11.401668763796287], [11.28265658871343, 8.833092928166737], [11.397795157716597, 8.707513091498155]], "merge_d1": [[6.906754778648554, 5.1727477361144105], [7.022868086082641, 4.957033358411209], [7.1372784372603855, 5.42756495479207], [7.252762418053187, 5.457728664059947], [7.367708572374371, 5.08999667046573], [7.48324441607385, 4.906712797133554], [7.598399329323964, 4.244124309191185], [7.71333788887187, 4.921574000105781], [7.828436359157585, 4.491616667521154], [7.943782692458625, 4.538411556341997], [8.058960017769417, 4.555713536270226], [8.17413934342947, 4.091145306856081], [8.289288323000317, 4.433036458948243], [8.404248432400102, 4.106520999234357], [8.519390774959724, 4.433923550707854], [8.634620608292202, 4.259719292741005], [8.74973246437081, 3.8380247562095007], [8.86488793377419, 4.3332529181483626], [8.980046316633132, 4.362766906394758], [9.095153962167066, 3.9704951205044643], [9.210340371976184, 4.145073969131221], [9.325453179076687, 4.4763612737223495], [9.44057869576626, 4.386705523400031], [9.555701556014641, 4.3295446788553065], [9.670798588378387, 4.069098953820688], [9.785941988681085, 4.276876972421561], [9.901084667919818, 4.2149798507912974], [10.016235712227882, 4.2581142433199215], [10.131339999578072, 4.35635076817717], [10.246474238267561, 4.327838440738101], [10.36160835987009, 4.182598298745252], [10.476752620919227, 4.053977152598671], [10.591873415994362, 4.068341916674185], [10.707012640565683, 4.199538277823001], [10.822135503983962, 4.1743709950204675], [10.937276835160228, 4.185785039147877], [11.05239680608701, 4.1150398432961355], [11.167529530327974, 4.031359319569469], [11.28265658871343, 4.298052011005592], [11.397795157716597, 4.313318025903966]],