{"exact_d1": [[6.907755278982137, 3.887508184688016], [8.153349757998892, 3.8497616641565537], [8.691146498539675, 3.9742906052464755], [9.038958755220563, 3.720812651737054], [9.296518068217235, 3.774091935939967], [9.501142571764207, 3.588719614239174], [9.670924779305427, 3.6836824230686083], [9.816021526754852, 3.803788851252335], [9.94270826568941, 3.7291457537350654], [10.055135102145268, 3.7148955822654917], [10.156189906091882, 3.6996633097459335], [10.247963389017864, 3.7552201638265856], [10.332017933575289, 3.7133054758347095], [10.409551859200409, 3.6584852914021484], [10.481504425842441, 3.830389773163643], [10.548625513909712, 3.7632760984892393], [10.611523345589823, 3.746518137338083], [10.67069806139613, 3.7240718825926], [10.726565902688105, 3.7556467504024202], [10.779476987636757, 3.7425196558063623], [10.829728615263452, 3.7682923210894694], [10.8775753831365, 3.7665553043571314], [10.923236992778513, 3.7268391410722774], [10.966904349300577, 3.7134059356934164], [11.008744383922906, 3.771249630318542], [11.04890390740204, 3.6763124650523284], [11.087512719052368, 3.756805771976309], [11.124686137527133, 3.740142609561996], [11.160527077798756, 3.792880634639038], [11.195127768613824, 3.7362685321765112], [11.228571182611121, 3.7281101444805222], [11.260932234926955, 3.774551748218261], [11.292278793854607, 3.811634804232875], [11.322672537849993, 3.8076847994783245], [11.352169686090834, 3.7417949650393716], [11.38082162433689, 3.7983155867967096], [11.40867544359643, 3.772091700391673], [11.435774405781814, 3.7182947090486174], [11.462158347916576, 3.722738334933976], [11.487864034374857, 3.7293194347239287]], "exact_d2": [[6.907755278982137, 6.853285278213266], [8.153349757998892, 6.6308496961517776], [8.691146498539675, 6.760893642608504], [9.038958755220563, 6.444032888370725], [9.296518068217235, 6.882593271921364], [9.501142571764207, 6.005016788542299], [9.670924779305427, 6.3461209062891], [9.816021526754852, 7.062417904901847], [9.94270826568941, 6.569099825056096], [10.055135102145268, 6.629381224688545], [10.156189906091882, 7.387824087123463], [10.247963389017864, 6.768302424298802], [10.332017933575289, 7.14602011774725], [10.409551859200409, 6.806161426571589], [10.481504425842441, 7.504978891998383], [10.548625513909712, 7.052918988316804], [10.611523345589823, 6.9484810429998305], [10.67069806139613, 6.83675453393433], [10.726565902688105, 6.736996017609731], [10.779476987636757, 7.044128880974834], [10.829728615263452, 6.749810765874589], [10.8775753831365, 6.808861359244055], [10.923236992778513, 6.985237345904033], [10.966904349300577, 7.24797953831297], [11.008744383922906, 6.821748142775965], [11.04890390740204, 6.835852448691142], [11.087512719052368, 6.953706326153091], [11.124686137527133, 6.8162411476774905], [11.160527077798756, 7.17450779258291], [11.195127768613824, 6.854862942122867], [11.228571182611121, 6.815354065606269], [11.260932234926955, 6.713886244670684], [11.292278793854607, 6.959872553725215], [11.322672537849993, 7.0022541777870595], [11.352169686090834, 6.809967844221037], [11.38082162433689, 6.784091473516962], [11.40867544359643, 6.849628488208506], [11.435774405781814, 7.093280064644799], [11.462158347916576, 6.962722556229046], [11.487864034374857, 6.965809464044777]], "over": [[6.907755278982137, 19.583480949991547], [8.153349757998892, 15.702483839362735], [8.691146498539675, 10.221804064778505], [9.038958755220563, 10.833871212946523], [9.296518068217235, 10.445214545315821], [9.501142571764207, 12.297090223214042], [9.670924779305427, 10.129638778006221], [9.816021526754852, 12.113939700034594], [9.94270826568941, 10.344619778827989], [10.055135102145268, 10.920478502116401], [10.156189906091882, 12.78487877078651], [10.247963389017864, 10.720961855758127], [10.332017933575289, 11.714918664999216], [10.409551859200409, 10.664019910700343], [10.481504425842441, 10.984797827665878], [10.548625513909712, 10.532840645247664], [10.611523345589823, 9.713845870699437], [10.67069806139613, 10.46478670742649], [10.726565902688105, 10.523636365912187], [10.779476987636757, 10.665582328760856], [10.829728615263452, 10.182186795050681], [10.8775753831365, 11.584985906484368], [10.923236992778513, 10.588390487649939], [10.966904349300577, 10.78613161431513], [11.008744383922906, 11.293180199902839], [11.04890390740204, 10.93764364502648], [11.087512719052368, 10.44654547544242], [11.124686137527133, 10.537554474712968], [11.160527077798756, 10.571322309232148], [11.195127768613824, 11.528570262951272], [11.228571182611121, 10.31500087720669], [11.260932234926955, 10.23016035326374], [11.292278793854607, 11.460568197615547], [11.322672537849993, 9.80048956618442], [11.352169686090834, 11.104658225486912], [11.38082162433689, 10.163657557640818], [11.40867544359643, 10.438275212276409], [11.435774405781814, 10.958603677052047], [11.462158347916576, 10.720824676014814], [11.487864034374857, 11.82242752304335]], "merge_d1": [[6.907755278982137, 4.247268239656646], [8.153349757998892, 4.739833254989869], [8.691146498539675, 3.9778825340689474], [9.038958755220563, 3.759692814067113], [9.296518068217235, 4.358180244370962], [9.501142571764207, 3.7095062479943697], [9.670924779305427, 4.344404560990301], [9.816021526754852, 4.469764702392088], [9.94270826568941, 4.449237498328237], [10.055135102145268, 3.7784299210608343], [10.156189906091882, 4.353178469913559], [10.247963389017864, 4.453745077282341], [10.332017933575289, 4.370614139433571], [10.409551859200409, 3.768079701820198], [10.481504425842441, 4.476715234656043], [10.548625513909712, 4.662028681554749], [10.611523345589823, 4.476732856079434], [10.67069806139613, 4.586474662695016], [10.726565902688105, 4.392090316724128], [10.779476987636757, 3.811544219488109], [10.829728615263452, 3.880286815057124], [10.8775753831365, 4.44226226026678], [10.923236992778513, 3.7948181827491476], [10.966904349300577, 4.434566780683428], [11.008744383922906, 4.383890282344497], [11.04890390740204, 4.425069934468253], [11.087512719052368, 4.45538289419307], [11.124686137527133, 4.439558977968401], [11.160527077798756, 3.8830989763513504], [11.195127768613824, 3.812657709398529], [11.228571182611121, 4.465407057851763], [11.260932234926955, 3.877489058850884], [11.292278793854607, 4.461521928809827], [11.322672537849993, 4.459054499513082], [11.352169686090834, 3.8356700015633], [11.38082162433689, 3.8877221717867942], [11.40867544359643, 3.8795422225918874], [11.435774405781814, 4.495819161348497], [11.462158347916576, 3.8128523241575034], [11.487864034374857, 3.8123138162037877]],