{"exact_d1": [[11.512925464970229, 3.860482492352284]], "exact_d2": [[11.512925464970229, 6.688968234294585]], "over": [[11.512925464970229, 14.464802890499422]], "merge_d1": [[11.512925464970229, 4.146589746636803]], "merge_d2": [[11.512925464970229, 7.619582687339202]], "argmin_dic": [[100000, 2]], "time_elapsed": 230.44705390930176}