{"exact_d1": [[6.907755278982137, 3.517458711049387], [8.153349757998892, 3.962021647975715], [8.691146498539675, 3.8401296441549397], [9.038958755220563, 3.6929386525035506], [9.296518068217235, 3.7626804922832875], [9.501142571764207, 3.7794660733430976], [9.670924779305427, 3.6783364811767174], [9.816021526754852, 3.830746186544887], [9.94270826568941, 3.72248108521034], [10.055135102145268, 3.812175198698255], [10.156189906091882, 3.839567227691717], [10.247963389017864, 3.7119208201703002], [10.332017933575289, 3.752454782662169], [10.409551859200409, 3.749350334445506], [10.481504425842441, 3.827079338378327], [10.548625513909712, 3.697512253773535], [10.611523345589823, 3.7351283837496396], [10.67069806139613, 3.813730100513383], [10.726565902688105, 3.7227546732152628], [10.779476987636757, 3.7825870159580988], [10.829728615263452, 3.781267537022979], [10.8775753831365, 3.7758799897662225], [10.923236992778513, 3.779185963011501], [10.966904349300577, 3.791477037757536], [11.008744383922906, 3.6742928852330277], [11.04890390740204, 3.795242051346751], [11.087512719052368, 3.7209057182871095], [11.124686137527133, 3.753830897617747], [11.160527077798756, 3.7944334451841213], [11.195127768613824, 3.7481745398389075], [11.228571182611121, 3.7437231051963744], [11.260932234926955, 3.8162343341596734], [11.292278793854607, 3.745649787689314], [11.322672537849993, 3.77753392442339], [11.352169686090834, 3.7547390251596333], [11.38082162433689, 3.6855035196003585], [11.40867544359643, 3.7403886262541945], [11.435774405781814, 3.753565429308645], [11.462158347916576, 3.7509097652485144], [11.487864034374857, 3.7588120423868205]], "exact_d2": [[6.907755278982137, 5.562798679318483], [8.153349757998892, 7.152227470073728], [8.691146498539675, 7.657841430166354], [9.038958755220563, 6.100322633859205], [9.296518068217235, 6.5002768331796545], [9.501142571764207, 7.724852303225279], [9.670924779305427, 6.472948546684792], [9.816021526754852, 6.983627136008247], [9.94270826568941, 6.719133032434096], [10.055135102145268, 7.171108501278432], [10.156189906091882, 7.209416765466834], [10.247963389017864, 6.331437196603861], [10.332017933575289, 6.662781114118449], [10.409551859200409, 6.56728362496682], [10.481504425842441, 6.584955048222683], [10.548625513909712, 6.69681354818899], [10.611523345589823, 6.719439161400929], [10.67069806139613, 7.575777558909353], [10.726565902688105, 7.027738948444177], [10.779476987636757, 6.799044809862488], [10.829728615263452, 6.87573198580435], [10.8775753831365, 6.52781421128441], [10.923236992778513, 7.034161026272445], [10.966904349300577, 7.048517136633259], [11.008744383922906, 6.9597386368180345], [11.04890390740204, 7.05403222539043], [11.087512719052368, 7.257470836161231], [11.124686137527133, 7.2705414354703555], [11.160527077798756, 6.972362992866303], [11.195127768613824, 7.266369235319635], [11.228571182611121, 6.97827778602611], [11.260932234926955, 7.02977245481155], [11.292278793854607, 6.4910168675583035], [11.322672537849993, 7.353811613870091], [11.352169686090834, 6.917898320283133], [11.38082162433689, 6.580787860504404], [11.40867544359643, 7.218062872789522], [11.435774405781814, 7.214611133341813], [11.462158347916576, 6.6738000297763325], [11.487864034374857, 7.022259061446065]], "over": [[6.907755278982137, 11.088419434523976], [8.153349757998892, 17.921960974672114], [8.691146498539675, 14.880262353388991], [9.038958755220563, 10.097896002086152], [9.296518068217235, 11.71201458046148], [9.501142571764207, 11.390807539961711], [9.670924779305427, 10.002983576780236], [9.816021526754852, 11.071177457507696], [9.94270826568941, 11.15295923065029], [10.055135102145268, 10.851580403192543], [10.156189906091882, 10.46489942464809], [10.247963389017864, 11.020561970619111], [10.332017933575289, 10.558526646045864], [10.409551859200409, 10.899954278138754], [10.481504425842441, 9.879132923937803], [10.548625513909712, 11.216262066667676], [10.611523345589823, 11.263959233853466], [10.67069806139613, 10.465919280307], [10.726565902688105, 11.048649928017696], [10.779476987636757, 10.305954449874179], [10.829728615263452, 10.516894116603103], [10.8775753831365, 10.839960518509859], [10.923236992778513, 10.706283755654457], [10.966904349300577, 11.898522785571549], [11.008744383922906, 10.90131434630397], [11.04890390740204, 10.386805608061403], [11.087512719052368, 11.476122560827298], [11.124686137527133, 11.50879583919406], [11.160527077798756, 10.35510259152819], [11.195127768613824, 11.38036059837554], [11.228571182611121, 10.764723124390244], [11.260932234926955, 10.83610970813817], [11.292278793854607, 9.895535783248295], [11.322672537849993, 11.672203119371577], [11.352169686090834, 10.709121956646232], [11.38082162433689, 10.570434899809568], [11.40867544359643, 11.266290667581275], [11.435774405781814, 11.01098431985482], [11.462158347916576, 10.070706329202283], [11.487864034374857, 10.756170639840112]], "merge_d1": [[6.907755278982137, 3.8515648480752613], [8.153349757998892, 5.669763097502206], [8.691146498539675, 4.523425808908797], [9.038958755220563, 3.7800207169078615], [9.296518068217235, 4.3637177477796305], [9.501142571764207, 3.89382859984788], [9.670924779305427, 3.7744161528166775], [9.816021526754852, 4.396359385451328], [9.94270826568941, 4.31383785920422], [10.055135102145268, 4.366396347000271], [10.156189906091882, 4.804026089938641], [10.247963389017864, 4.5291629056226], [10.332017933575289, 4.478847342722688], [10.409551859200409, 3.821236896675425], [10.481504425842441, 3.9388045935711937], [10.548625513909712, 3.763769360697247], [10.611523345589823, 3.819539488664476], [10.67069806139613, 4.705281507589758], [10.726565902688105, 3.821675619769922], [10.779476987636757, 3.8841096387453646], [10.829728615263452, 3.8749838018497837], [10.8775753831365, 3.8416016463407643], [10.923236992778513, 4.320506176850052], [10.966904349300577, 3.8730836633625287], [11.008744383922906, 3.756910830740963], [11.04890390740204, 4.671462739377789], [11.087512719052368, 4.324471366725251], [11.124686137527133, 3.845184945299736], [11.160527077798756, 3.869638537230647], [11.195127768613824, 4.313864569485504], [11.228571182611121, 3.8399270857254133], [11.260932234926955, 3.916550788936774], [11.292278793854607, 4.319227271065548], [11.322672537849993, 4.416240453072765], [11.352169686090834, 3.8592238195444573], [11.38082162433689, 4.429869205738854], [11.40867544359643, 3.837474443059998], [11.435774405781814, 3.8668066314962717], [11.462158347916576, 3.867876048550472], [11.487864034374857, 4.500213189352738]],