{"exact_d1": [[9.210340371976184, 4.075325528856382], [9.250522161609014, 3.764006205346069], [9.290721483922995, 3.7953246933187845], [9.330963814299922, 3.6828259303078914], [9.371268036082466, 3.9837555731912047], [9.411483683010726, 3.871702898142809], [9.451716691551452, 3.893422893406493], [9.491979220880678, 3.7893321825405044], [9.532206456208034, 3.92321542674944], [9.572410734431823, 3.7208805873204804], [9.612667227583843, 3.7954051332906658], [9.65290856803585, 3.754869440787088], [9.693136823020671, 3.899903671533128], [9.733351450605975, 3.8193385098031327], [9.773606631681607, 3.888655818271181], [9.81383633058348, 4.0070381931190235], [9.854087202241, 3.8085372362799856], [9.894345894618844, 3.7809310527506366], [9.934550077987947, 3.9493688575685515], [9.974784434418162, 3.8029033401528927], [10.015028927269036, 3.700585582612377], [10.055263987501922, 3.9069524293607456], [10.095511884791469, 3.9265934080491163], [10.135749405494865, 3.88407058974187], [10.175992533388062, 3.759689481817226], [10.216215833592425, 3.8709793355724766], [10.25646567163057, 3.774640625855153], [10.29667762976868, 3.72875356309808], [10.336924443719042, 3.931455866664997], [10.377171899621436, 3.961110583050999], [10.417418350255533, 3.8158459113284584], [10.457631253015656, 3.921154501478668], [10.497863570996053, 3.728996575111843], [10.53810479090567, 3.9468433902748257], [10.578343463123822, 3.8107451396554057], [10.618591900448115, 3.910654817977567], [10.658811091522749, 3.9304817978974924], [10.699055933195222, 3.770608384294037], [10.739305484260235, 3.8677205921166466], [10.779539453150608, 3.7858224470374484]], "exact_d2": [[9.210340371976184, 8.480769786562822], [9.250522161609014, 6.585234230502318], [9.290721483922995, 5.672304160667602], [9.330963814299922, 6.0496559320795305], [9.371268036082466, 9.359373173791917], [9.411483683010726, 7.869160779608538], [9.451716691551452, 6.10903568171952], [9.491979220880678, 6.480321905049774], [9.532206456208034, 8.129511642973231], [9.572410734431823, 6.383067044280249], [9.612667227583843, 6.9013449160032065], [9.65290856803585, 7.056118820452649], [9.693136823020671, 6.042710491593395], [9.733351450605975, 7.664181505560609], [9.773606631681607, 6.2019187222564085], [9.81383633058348, 8.810273354701328], [9.854087202241, 7.113107315634395], [9.894345894618844, 6.461261204254619], [9.934550077987947, 6.0575341080185305], [9.974784434418162, 6.672112044501782], [10.015028927269036, 6.4206172045214185], [10.055263987501922, 7.005296745178762], [10.095511884791469, 7.617917833985758], [10.135749405494865, 7.401080035295432], [10.175992533388062, 6.0603197372969735], [10.216215833592425, 6.263839552745154], [10.25646567163057, 6.998564201848027], [10.29667762976868, 6.536663572402802], [10.336924443719042, 8.168807421800764], [10.377171899621436, 6.639219954906503], [10.417418350255533, 7.281225749098039], [10.457631253015656, 7.337486343994866], [10.497863570996053, 6.580371554005167], [10.53810479090567, 7.204390554709312], [10.578343463123822, 7.634650662605241], [10.618591900448115, 6.955824563809637], [10.658811091522749, 7.418021067649977], [10.699055933195222, 6.073003996421866], [10.739305484260235, 7.5512330865025685], [10.779539453150608, 6.638767915590384]], "over": [[9.210340371976184, 12.827166780783259], [9.250522161609014, 12.994769484142873], [9.290721483922995, 9.892273961285081], [9.330963814299922, 12.628888823232927], [9.371268036082466, 19.05491049076566], [9.411483683010726, 17.607826900876113], [9.451716691551452, 13.221646545101844], [9.491979220880678, 11.595383863865631], [9.532206456208034, 13.082008093200052], [9.572410734431823, 9.490362178733404], [9.612667227583843, 18.515935292985315], [9.65290856803585, 10.90613786474725], [9.693136823020671, 11.595740974368251], [9.733351450605975, 13.789701359520778], [9.773606631681607, 12.591534949021778], [9.81383633058348, 15.379003614003144], [9.854087202241, 13.275306888025076], [9.894345894618844, 9.553984257411951], [9.934550077987947, 10.261585518048268], [9.974784434418162, 16.054678086481672], [10.015028927269036, 10.547327462068205], [10.055263987501922, 10.468424202862497], [10.095511884791469, 12.408226113395559], [10.135749405494865, 12.604050088112233], [10.175992533388062, 11.213151822426981], [10.216215833592425, 10.993201680379347], [10.25646567163057, 11.679785943199509], [10.29667762976868, 10.182923416309784], [10.336924443719042, 11.767637487232891], [10.377171899621436, 10.59628800367732], [10.417418350255533, 11.018639937247624], [10.457631253015656, 10.87200888756954], [10.497863570996053, 12.62802170082477], [10.53810479090567, 14.098572346416283], [10.578343463123822, 9.720181005803918], [10.618591900448115, 10.220853137874593], [10.658811091522749, 11.019445647031668], [10.699055933195222, 10.53077345346804], [10.739305484260235, 16.899212153279883], [10.779539453150608, 11.785609549884706]], "merge_d1": [[9.210340371976184, 4.427809087497703], [9.250522161609014, 4.33136805588479], [9.290721483922995, 4.319269396587627], [9.330963814299922, 4.22273160406334], [9.371268036082466, 4.219769795165496], [9.411483683010726, 4.155220686435226], [9.451716691551452, 4.139684336054716], [9.491979220880678, 4.244775455992386], [9.532206456208034, 4.275424960233648], [9.572410734431823, 4.321006617966013], [9.612667227583843, 4.508455575708647], [9.65290856803585, 4.07609377453754], [9.693136823020671, 4.2443393316869775], [9.733351450605975, 4.393585799920821], [9.773606631681607, 4.32339314012659], [9.81383633058348, 4.322417268263533], [9.854087202241, 4.3140412740836895], [9.894345894618844, 4.228738043976723], [9.934550077987947, 4.234557348388237], [9.974784434418162, 4.1690586240073655], [10.015028927269036, 4.357536291893899], [10.055263987501922, 4.329456572049361], [10.095511884791469, 4.320916031223053], [10.135749405494865, 4.40838585844009], [10.175992533388062, 4.257864942105278], [10.216215833592425, 4.247299649082815], [10.25646567163057, 4.253643959224273], [10.29667762976868, 4.199136360532392], [10.336924443719042, 4.298030409612405], [10.377171899621436, 4.177296611431445], [10.417418350255533, 4.201225613931241], [10.457631253015656, 4.150861192762513], [10.497863570996053, 4.179076061944418], [10.53810479090567, 4.174625392013741], [10.578343463123822, 4.417476713558998], [10.618591900448115, 4.4057662071453665], [10.658811091522749, 4.245168504461022], [10.699055933195222, 4.2156877476856165], [10.739305484260235, 4.077057716991981], [10.779539453150608, 4.245326357309968]],