{"exact": [[6.907755278982137, 9.17612148013406], [8.153349757998892, 6.573860241250387], [8.691146498539675, 9.18585485038718], [9.038958755220563, 6.385086514870937], [9.296518068217235, 9.696405867656889], [9.501142571764207, 9.13656568688357], [9.670924779305427, 9.474064413075293], [9.816021526754852, 9.85998838786747], [9.94270826568941, 6.976271310312309], [10.055135102145268, 6.43739832727706], [10.156189906091882, 7.6120425518702595], [10.247963389017864, 9.610891296231603], [10.332017933575289, 9.282544723011451], [10.409551859200409, 9.179283627179082], [10.481504425842441, 6.923831120888012], [10.548625513909712, 9.331629687822552], [10.611523345589823, 9.460949836648902], [10.67069806139613, 9.58294953232271], [10.726565902688105, 6.800127270914357], [10.779476987636757, 6.622569591090332], [10.829728615263452, 9.724249782867858], [10.8775753831365, 6.749232210055186], [10.923236992778513, 6.8740553004061375], [10.966904349300577, 9.246067640118252], [11.008744383922906, 6.385271127044852], [11.04890390740204, 9.225501978963656], [11.087512719052368, 9.71651052082706], [11.124686137527133, 6.746087312850077], [11.160527077798756, 6.785712212447339], [11.195127768613824, 9.507093641817294], [11.228571182611121, 9.489255126202123], [11.260932234926955, 9.720939074556476], [11.292278793854607, 9.79100160316182], [11.322672537849993, 9.433942291576555], [11.352169686090834, 6.963626282910499], [11.38082162433689, 9.355030127396642], [11.40867544359643, 9.352496567142449], [11.435774405781814, 9.405266766126898], [11.462158347916576, 9.469437623074757], [11.487864034374857, 9.185752917599391]], "over": [[6.907755278982137, 13.454046839247624], [8.153349757998892, 13.307787377110602], [8.691146498539675, 18.324848304770306], [9.038958755220563, 15.328229725302986], [9.296518068217235, 19.014681080866954], [9.501142571764207, 16.33905289940637], [9.670924779305427, 14.951571455775587], [9.816021526754852, 15.332829779005584], [9.94270826568941, 19.826509614313018], [10.055135102145268, 15.211859727033891], [10.156189906091882, 11.108360554822948], [10.247963389017864, 12.90115687824968], [10.332017933575289, 10.728265590075456], [10.409551859200409, 11.152117485610544], [10.481504425842441, 10.490145962504956], [10.548625513909712, 16.393834643503677], [10.611523345589823, 16.705446906067124], [10.67069806139613, 10.787022351291816], [10.726565902688105, 11.130508060938645], [10.779476987636757, 17.840626135564275], [10.829728615263452, 15.955991474991434], [10.8775753831365, 15.836149473779797], [10.923236992778513, 17.58558111881779], [10.966904349300577, 16.124865197242727], [11.008744383922906, 9.766804343961097], [11.04890390740204, 17.598275272307824], [11.087512719052368, 10.325393791801016], [11.124686137527133, 16.467348749127666], [11.160527077798756, 15.918667058952934], [11.195127768613824, 15.93227734593998], [11.228571182611121, 17.59443560273916], [11.260932234926955, 12.39892874279892], [11.292278793854607, 14.386789242245777], [11.322672537849993, 15.319204504936549], [11.352169686090834, 11.483935609081875], [11.38082162433689, 10.852478788849599], [11.40867544359643, 17.379317961091072], [11.435774405781814, 18.14469214439284], [11.462158347916576, 17.824401522726426], [11.487864034374857, 9.955249274746537]], "merge": [[6.907755278982137, 8.523161048874144], [8.153349757998892, 5.616523192572978], [8.691146498539675, 11.4750121762485], [9.038958755220563, 10.098093112115283], [9.296518068217235, 11.045528331365396], [9.501142571764207, 10.186210517350997], [9.670924779305427, 9.396791094807153], [9.816021526754852, 9.524943153975213], [9.94270826568941, 10.847995628887476], [10.055135102145268, 10.028668596195974], [10.156189906091882, 7.830823458976839], [10.247963389017864, 7.574725378320397], [10.332017933575289, 7.520273737433125], [10.409551859200409, 6.756334753195806], [10.481504425842441, 6.945849380047861], [10.548625513909712, 9.112088414653405], [10.611523345589823, 10.973416657345679], [10.67069806139613, 6.9075904067858644], [10.726565902688105, 6.803174412457203], [10.779476987636757, 10.019147022194128], [10.829728615263452, 9.989401921724443], [10.8775753831365, 9.270975484646428], [10.923236992778513, 9.701771620747873], [10.966904349300577, 10.10224787188987], [11.008744383922906, 7.029615835663761], [11.04890390740204, 9.328770371033553], [11.087512719052368, 6.5401342030990754], [11.124686137527133, 10.834592217919973], [11.160527077798756, 9.359761289219119], [11.195127768613824, 9.972699070681141], [11.228571182611121, 9.718464837753093], [11.260932234926955, 8.333183601823471], [11.292278793854607, 9.428123958646996], [11.322672537849993, 9.71632529071714], [11.352169686090834, 6.964395328342293], [11.38082162433689, 7.353456719976226], [11.40867544359643, 9.58599620067011], [11.435774405781814, 10.126617724827558], [11.462158347916576, 10.175761352069538], [11.487864034374857, 7.502484862631611]], "argmin_dic": [[1000, 2], [3475, 2], [5950, 3], [8425, 3], [10900, 3], [13375, 3], [15850, 2], [18325, 3], [20800, 3], [23275, 3], [25750, 2], [28225, 3], [30700, 3], [33175, 3], [35650, 3], [38125, 3], [40600, 3], [43075, 3], [45550, 3], [48025, 3], [50500, 3], [52975, 3], [55450, 3], [57925, 3], [60400, 3], [62875, 3], [65350, 3], [67825, 3], [70300, 3], [72775, 3], [75250, 3], [77725, 2], [80200, 3], [82675, 3], [85150, 3], [87625, 3], [90100, 3], [92575, 3], [95050, 3], [97525, 2]], "time_elapsed": 3998.305397748947}