{"exact_d1": [[11.512925464970229, 3.9470671944471576]], "exact_d2": [[11.512925464970229, 7.220815340620089]], "over": [[11.512925464970229, 15.276403885122264]], "merge_d1": [[11.512925464970229, 4.179434354822156]], "merge_d2": [[11.512925464970229, 8.048235169590143]], "argmin_dic": [[100000, 2]], "time_elapsed": 257.49548745155334}