{"exact": [[6.907755278982137, 10.755133824176061], [8.153349757998892, 9.059175989930324], [8.691146498539675, 9.7766239305474], [9.038958755220563, 9.147911267199177], [9.296518068217235, 10.26440627438887], [9.501142571764207, 6.849820973479115], [9.670924779305427, 6.6780065745412545], [9.816021526754852, 9.917618073403206], [9.94270826568941, 9.874481402013254], [10.055135102145268, 9.279428779714996], [10.156189906091882, 7.260948094647519], [10.247963389017864, 7.201319544789132], [10.332017933575289, 6.631807062321967], [10.409551859200409, 9.181904035584488], [10.481504425842441, 7.092822882488842], [10.548625513909712, 6.823397327812809], [10.611523345589823, 6.535808049569041], [10.67069806139613, 9.504984359485857], [10.726565902688105, 9.832393379876857], [10.779476987636757, 9.856998982782216], [10.829728615263452, 9.63077837330333], [10.8775753831365, 6.934439110251648], [10.923236992778513, 9.842435095340418], [10.966904349300577, 6.85803424763729], [11.008744383922906, 7.523769583605442], [11.04890390740204, 9.413311216608458], [11.087512719052368, 9.338468614549495], [11.124686137527133, 9.718560218120837], [11.160527077798756, 6.995128128759609], [11.195127768613824, 6.682294651953428], [11.228571182611121, 9.509417143920311], [11.260932234926955, 6.725346563219949], [11.292278793854607, 9.534770275164968], [11.322672537849993, 9.32861868707397], [11.352169686090834, 9.877511644687763], [11.38082162433689, 9.907707846875567], [11.40867544359643, 9.895628474894393], [11.435774405781814, 7.285828340954024], [11.462158347916576, 10.163488896669039], [11.487864034374857, 9.74612209852588]], "over": [[6.907755278982137, 16.06723307815213], [8.153349757998892, 17.572342523656857], [8.691146498539675, 17.176384024566968], [9.038958755220563, 18.73362367351477], [9.296518068217235, 15.984065643204307], [9.501142571764207, 12.09455734411605], [9.670924779305427, 16.509138866457686], [9.816021526754852, 17.22904309641781], [9.94270826568941, 15.353350363036466], [10.055135102145268, 16.884045066905813], [10.156189906091882, 16.695892298572467], [10.247963389017864, 13.169999875332039], [10.332017933575289, 13.912610844202216], [10.409551859200409, 11.29758104489022], [10.481504425842441, 15.013883034294201], [10.548625513909712, 14.092337195849513], [10.611523345589823, 15.356368426742522], [10.67069806139613, 17.494971112512342], [10.726565902688105, 15.445180448748786], [10.779476987636757, 12.142888688456141], [10.829728615263452, 15.598351251913119], [10.8775753831365, 16.097579889731044], [10.923236992778513, 15.087824642494326], [10.966904349300577, 17.675895321819546], [11.008744383922906, 13.039398463500183], [11.04890390740204, 12.221713848182098], [11.087512719052368, 10.732969030243519], [11.124686137527133, 12.828089411893378], [11.160527077798756, 15.067129410562229], [11.195127768613824, 15.158676637605263], [11.228571182611121, 14.673961699166197], [11.260932234926955, 15.161740965171653], [11.292278793854607, 16.556002093209347], [11.322672537849993, 16.595330614653875], [11.352169686090834, 16.208505792136148], [11.38082162433689, 16.41457425050997], [11.40867544359643, 17.823602108476866], [11.435774405781814, 18.19828975940936], [11.462158347916576, 16.845054402875817], [11.487864034374857, 12.077867085870103]], "merge": [[6.907755278982137, 7.999999964063912], [8.153349757998892, 11.004191391705698], [8.691146498539675, 10.97592166816718], [9.038958755220563, 12.304970961678558], [9.296518068217235, 9.302489964198227], [9.501142571764207, 8.060305258958646], [9.670924779305427, 9.327948194210911], [9.816021526754852, 10.112080975302876], [9.94270826568941, 9.224377115601436], [10.055135102145268, 9.852552404143601], [10.156189906091882, 10.689418877495442], [10.247963389017864, 6.68709118072743], [10.332017933575289, 8.653783480107876], [10.409551859200409, 8.109491169744484], [10.481504425842441, 10.027401655594153], [10.548625513909712, 9.975659079406167], [10.611523345589823, 9.55366642622161], [10.67069806139613, 11.415208246601534], [10.726565902688105, 10.089745375827603], [10.779476987636757, 7.501607948171725], [10.829728615263452, 10.277456396598422], [10.8775753831365, 9.926381849937602], [10.923236992778513, 9.922313690163788], [10.966904349300577, 11.56530106296324], [11.008744383922906, 7.736683944568089], [11.04890390740204, 7.3302895160444885], [11.087512719052368, 6.710721385002758], [11.124686137527133, 8.201809535407634], [11.160527077798756, 8.812773605374867], [11.195127768613824, 9.535914942353427], [11.228571182611121, 9.47022326359754], [11.260932234926955, 9.642002704094976], [11.292278793854607, 10.762200879071568], [11.322672537849993, 10.13846839087149], [11.352169686090834, 10.192887373267368], [11.38082162433689, 10.486325831214241], [11.40867544359643, 9.819393332884097], [11.435774405781814, 11.87818391920121], [11.462158347916576, 10.225799167673426], [11.487864034374857, 5.977764416691156]], "argmin_dic": [[1000, 2], [3475, 2], [5950, 3], [8425, 3], [10900, 3], [13375, 2], [15850, 3], [18325, 2], [20800, 2], [23275, 3], [25750, 3], [28225, 2], [30700, 3], [33175, 2], [35650, 3], [38125, 3], [40600, 2], [43075, 3], [45550, 3], [48025, 2], [50500, 3], [52975, 2], [55450, 2], [57925, 3], [60400, 3], [62875, 3], [65350, 3], [67825, 2], [70300, 3], [72775, 3], [75250, 3], [77725, 3], [80200, 3], [82675, 3], [85150, 3], [87625, 3], [90100, 3], [92575, 3], [95050, 3], [97525, 2]], "time_elapsed": 2326.7499985694885}