{"exact_d1": [[9.210340371976184, 3.7405770720079263], [9.250522161609014, 4.194332731416023], [9.290721483922995, 3.903776864382362], [9.330963814299922, 4.174446861455269], [9.371268036082466, 3.7690372715055123], [9.411483683010726, 3.912416844440817], [9.451716691551452, 3.922676327643809], [9.491979220880678, 3.7146147875109152], [9.532206456208034, 3.72076748637589], [9.572410734431823, 3.8179563525982183], [9.612667227583843, 4.1064234120117735], [9.65290856803585, 3.9170078270180797], [9.693136823020671, 3.7102982188275107], [9.733351450605975, 3.890619618717302], [9.773606631681607, 3.7730462303998116], [9.81383633058348, 3.9335254631637233], [9.854087202241, 4.075136589169119], [9.894345894618844, 3.9378067712189897], [9.934550077987947, 3.7956817574153785], [9.974784434418162, 3.7324466786830595], [10.015028927269036, 3.888447152585236], [10.055263987501922, 3.800415613380983], [10.095511884791469, 3.7686462811533548], [10.135749405494865, 3.8929798333749126], [10.175992533388062, 3.740365956951397], [10.216215833592425, 3.9437763906709993], [10.25646567163057, 3.7956709813684775], [10.29667762976868, 3.8700047497065455], [10.336924443719042, 3.717585243700586], [10.377171899621436, 3.939006972915072], [10.417418350255533, 3.823017853276731], [10.457631253015656, 3.974043020582467], [10.497863570996053, 3.9062852740007625], [10.53810479090567, 3.895279681703189], [10.578343463123822, 3.8296464301019633], [10.618591900448115, 3.6979872497689765], [10.658811091522749, 3.932901135705981], [10.699055933195222, 3.9058038060141604], [10.739305484260235, 3.7901654677839858], [10.779539453150608, 3.846764292639027]], "exact_d2": [[9.210340371976184, 5.669755152197928], [9.250522161609014, 9.739139274971937], [9.290721483922995, 6.39569243519326], [9.330963814299922, 9.814527691399677], [9.371268036082466, 6.784647320150745], [9.411483683010726, 7.950196184043638], [9.451716691551452, 6.625849521874484], [9.491979220880678, 6.410965476045179], [9.532206456208034, 7.308561950416993], [9.572410734431823, 6.726380458844599], [9.612667227583843, 6.967575530940859], [9.65290856803585, 7.2385199444788855], [9.693136823020671, 5.891996044675234], [9.733351450605975, 9.401220248575328], [9.773606631681607, 6.28390582850091], [9.81383633058348, 9.572920649442892], [9.854087202241, 8.695446186110514], [9.894345894618844, 6.686221921240891], [9.934550077987947, 6.491420233936796], [9.974784434418162, 7.177419850628953], [10.015028927269036, 6.925455790059906], [10.055263987501922, 6.320011710874809], [10.095511884791469, 6.495687244045617], [10.135749405494865, 8.26084570603172], [10.175992533388062, 6.802256358447494], [10.216215833592425, 8.549000358551655], [10.25646567163057, 6.306572933550058], [10.29667762976868, 6.643676573184834], [10.336924443719042, 6.277267305531977], [10.377171899621436, 7.617159412259133], [10.417418350255533, 7.680908590388178], [10.457631253015656, 7.675157616142889], [10.497863570996053, 7.324311621855189], [10.53810479090567, 6.7948756300595194], [10.578343463123822, 6.715797047985585], [10.618591900448115, 6.621665538047903], [10.658811091522749, 7.41947574234815], [10.699055933195222, 7.481980924117848], [10.739305484260235, 6.694726492387311], [10.779539453150608, 6.325396753300021]], "over": [[9.210340371976184, 10.769471119030984], [9.250522161609014, 11.831926522254648], [9.290721483922995, 11.853505868345676], [9.330963814299922, 15.630397075589945], [9.371268036082466, 12.26225216418847], [9.411483683010726, 12.0363582708548], [9.451716691551452, 9.970601369348527], [9.491979220880678, 12.01963767855104], [9.532206456208034, 13.98690976743884], [9.572410734431823, 15.563497377606392], [9.612667227583843, 9.747058514232792], [9.65290856803585, 15.904508565328127], [9.693136823020671, 11.236186792517211], [9.733351450605975, 14.556112935007953], [9.773606631681607, 11.459793784003107], [9.81383633058348, 11.490825655352984], [9.854087202241, 18.136124291905098], [9.894345894618844, 9.324218043173817], [9.934550077987947, 9.065851077406814], [9.974784434418162, 10.309321387129996], [10.015028927269036, 12.764867076351774], [10.055263987501922, 11.303211440063658], [10.095511884791469, 14.297824501826199], [10.135749405494865, 10.008355729316882], [10.175992533388062, 9.570096131440497], [10.216215833592425, 10.580329678077272], [10.25646567163057, 9.727149046657873], [10.29667762976868, 8.845593114757333], [10.336924443719042, 14.660400947590848], [10.377171899621436, 12.02462534518293], [10.417418350255533, 11.811544977374183], [10.457631253015656, 10.06759072609896], [10.497863570996053, 16.094499340314492], [10.53810479090567, 12.530620499285714], [10.578343463123822, 12.212527136521748], [10.618591900448115, 10.699565439566477], [10.658811091522749, 10.968172934845482], [10.699055933195222, 13.092084738437707], [10.739305484260235, 11.171566891901962], [10.779539453150608, 10.173346735204296]], "merge_d1": [[9.210340371976184, 4.303980555373936], [9.250522161609014, 4.40950870902526], [9.290721483922995, 4.305741704322343], [9.330963814299922, 4.350722256514333], [9.371268036082466, 4.31918553794222], [9.411483683010726, 4.274553938635298], [9.451716691551452, 4.1777329237573175], [9.491979220880678, 4.149001706854054], [9.532206456208034, 4.3840280868957615], [9.572410734431823, 4.399292047144112], [9.612667227583843, 4.249745253124122], [9.65290856803585, 4.247267802877978], [9.693136823020671, 4.212700793227769], [9.733351450605975, 4.226592372866942], [9.773606631681607, 4.125030102566316], [9.81383633058348, 4.25573047026827], [9.854087202241, 4.422310060523142], [9.894345894618844, 4.128871642210729], [9.934550077987947, 4.190106581322022], [9.974784434418162, 4.229480320384627], [10.015028927269036, 4.131641544851807], [10.055263987501922, 4.4048235197391366], [10.095511884791469, 4.220653813914082], [10.135749405494865, 4.372211463193084], [10.175992533388062, 4.2477765834076635], [10.216215833592425, 4.275708867527633], [10.25646567163057, 4.312679156553424], [10.29667762976868, 4.372030725547162], [10.336924443719042, 4.164345173623148], [10.377171899621436, 4.300007911183724], [10.417418350255533, 4.299076877817998], [10.457631253015656, 4.244117325783506], [10.497863570996053, 4.244542055386845], [10.53810479090567, 4.330595267071341], [10.578343463123822, 4.066176074945744], [10.618591900448115, 4.224824404606926], [10.658811091522749, 4.188640800824068], [10.699055933195222, 4.241092795624382], [10.739305484260235, 4.221534994779025], [10.779539453150608, 4.372143616434292]],