{"exact": [[6.907755278982137, 11.54426746827993], [8.153349757998892, 12.59785837774332], [8.691146498539675, 6.916926483961366], [9.038958755220563, 6.829472355267723], [9.296518068217235, 9.961475187340406], [9.501142571764207, 7.051043510818705], [9.670924779305427, 9.877629555725123], [9.816021526754852, 7.013716423072369], [9.94270826568941, 9.387586822208574], [10.055135102145268, 10.541590495116447], [10.156189906091882, 6.534726377301922], [10.247963389017864, 9.969966839618989], [10.332017933575289, 9.242988010895782], [10.409551859200409, 9.154175722736912], [10.481504425842441, 9.748478719434312], [10.548625513909712, 6.683489062982332], [10.611523345589823, 7.315282571292465], [10.67069806139613, 7.196717414332548], [10.726565902688105, 6.987587837923453], [10.779476987636757, 6.663394774406409], [10.829728615263452, 7.139148200469906], [10.8775753831365, 6.704998009260506], [10.923236992778513, 6.874688313664588], [10.966904349300577, 9.159758396328234], [11.008744383922906, 9.954952320009522], [11.04890390740204, 9.963370874701157], [11.087512719052368, 9.520185387873747], [11.124686137527133, 9.729771270550227], [11.160527077798756, 6.988703559722271], [11.195127768613824, 9.663252417783765], [11.228571182611121, 9.448358045186339], [11.260932234926955, 7.312083084951949], [11.292278793854607, 9.934850555837793], [11.322672537849993, 9.90567178966981], [11.352169686090834, 9.829006090811571], [11.38082162433689, 9.36550485116789], [11.40867544359643, 6.929835905612933], [11.435774405781814, 9.335778565451884], [11.462158347916576, 9.880061830971773], [11.487864034374857, 9.559473973997587]], "over": [[6.907755278982137, 29.40472802866442], [8.153349757998892, 21.61227484635257], [8.691146498539675, 12.625267562473711], [9.038958755220563, 12.364302289946204], [9.296518068217235, 12.909479370277989], [9.501142571764207, 19.3452573214721], [9.670924779305427, 13.633309916640375], [9.816021526754852, 17.384996862002087], [9.94270826568941, 16.503876620129407], [10.055135102145268, 13.686986267682418], [10.156189906091882, 17.617039156186806], [10.247963389017864, 12.604636216547734], [10.332017933575289, 12.22351206984345], [10.409551859200409, 17.33153460229346], [10.481504425842441, 11.76076219943905], [10.548625513909712, 11.409745661194007], [10.611523345589823, 16.241780863736565], [10.67069806139613, 16.92607848064229], [10.726565902688105, 15.44131782946121], [10.779476987636757, 14.58303411301022], [10.829728615263452, 12.76641890264726], [10.8775753831365, 12.278700057819426], [10.923236992778513, 15.474231359240008], [10.966904349300577, 11.081351685641854], [11.008744383922906, 17.77916837991285], [11.04890390740204, 16.703446369566482], [11.087512719052368, 14.381642565717135], [11.124686137527133, 17.13775650737248], [11.160527077798756, 10.977331879717052], [11.195127768613824, 16.222501129026156], [11.228571182611121, 18.09175781370019], [11.260932234926955, 13.986432142174092], [11.292278793854607, 16.043132751610433], [11.322672537849993, 16.069423352382163], [11.352169686090834, 13.833485786377246], [11.38082162433689, 16.01905909733211], [11.40867544359643, 17.714179159692673], [11.435774405781814, 15.211808348934168], [11.462158347916576, 12.328763663672804], [11.487864034374857, 15.36595301584067]], "merge": [[6.907755278982137, 19.38814595417571], [8.153349757998892, 13.31566098162856], [8.691146498539675, 8.641846116254158], [9.038958755220563, 7.6322948051009], [9.296518068217235, 8.796059230153551], [9.501142571764207, 10.447602696836253], [9.670924779305427, 8.969358887109703], [9.816021526754852, 11.413568788402761], [9.94270826568941, 9.740441534981361], [10.055135102145268, 9.317998103796809], [10.156189906091882, 9.722135821517478], [10.247963389017864, 8.417503669515868], [10.332017933575289, 8.19398516188727], [10.409551859200409, 10.514771997273897], [10.481504425842441, 6.564850501508379], [10.548625513909712, 7.03159456926408], [10.611523345589823, 10.156966029798243], [10.67069806139613, 11.881701711239721], [10.726565902688105, 8.820620122343142], [10.779476987636757, 9.151510034483403], [10.829728615263452, 7.907252085389554], [10.8775753831365, 5.699584421893879], [10.923236992778513, 10.180602843968229], [10.966904349300577, 7.402185840833151], [11.008744383922906, 11.712167538592272], [11.04890390740204, 9.535458280615545], [11.087512719052368, 8.469420406624524], [11.124686137527133, 10.505291335530385], [11.160527077798756, 7.025426600200521], [11.195127768613824, 10.03780974400297], [11.228571182611121, 11.849835260235116], [11.260932234926955, 8.973427221876277], [11.292278793854607, 9.833608365143961], [11.322672537849993, 9.210196896549684], [11.352169686090834, 7.195402217100225], [11.38082162433689, 9.822196686832498], [11.40867544359643, 10.349017411001675], [11.435774405781814, 9.57403671630764], [11.462158347916576, 8.283335396205176], [11.487864034374857, 10.08934868699497]], "argmin_dic": [[1000, 2], [3475, 2], [5950, 2], [8425, 3], [10900, 2], [13375, 3], [15850, 2], [18325, 2], [20800, 3], [23275, 2], [25750, 3], [28225, 2], [30700, 2], [33175, 2], [35650, 3], [38125, 3], [40600, 3], [43075, 3], [45550, 2], [48025, 3], [50500, 2], [52975, 3], [55450, 3], [57925, 3], [60400, 3], [62875, 3], [65350, 3], [67825, 3], [70300, 3], [72775, 2], [75250, 3], [77725, 3], [80200, 3], [82675, 3], [85150, 2], [87625, 3], [90100, 3], [92575, 3], [95050, 3], [97525, 3]], "time_elapsed": 2620.2758123874664}