{"exact_d1": [[11.512925464970229, 3.8929839185022255]], "exact_d2": [[11.512925464970229, 7.386575699881126]], "over": [[11.512925464970229, 10.200932800253467]], "merge_d1": [[11.512925464970229, 4.201284481332984]], "merge_d2": [[11.512925464970229, 6.532317472289634]], "argmin_dic": [[100000, 2]], "time_elapsed": 334.5611798763275}