{"exact_d1": [[11.512925464970229, 3.7594703788250774]], "exact_d2": [[11.512925464970229, 6.805409292280432]], "over": [[11.512925464970229, 9.802431948883791]], "merge_d1": [[11.512925464970229, 4.314157977820742]], "merge_d2": [[11.512925464970229, 6.9864348845186806]], "argmin_dic": [[100000, 2]], "time_elapsed": 196.72634720802307}