{"exact_d1": [[11.512925464970229, 3.731560345934073]], "exact_d2": [[11.512925464970229, 6.718196842678647]], "over": [[11.512925464970229, 9.093768725321501]], "merge_d1": [[11.512925464970229, 4.260261977321943]], "merge_d2": [[11.512925464970229, 6.416669305299972]], "argmin_dic": [[100000, 2]], "time_elapsed": 182.56860208511353}