{"exact_d1": [[11.512925464970229, 3.84051339796912]], "exact_d2": [[11.512925464970229, 6.716365809801437]], "over": [[11.512925464970229, 10.45417189804366]], "merge_d1": [[11.512925464970229, 4.25712993775652]], "merge_d2": [[11.512925464970229, 6.411084127755795]], "argmin_dic": [[100000, 2]], "time_elapsed": 216.59957098960876}