{"exact_d1": [[11.512925464970229, 3.883724878447283]], "exact_d2": [[11.512925464970229, 7.01319734324259]], "over": [[11.512925464970229, 9.77070377057979]], "merge_d1": [[11.512925464970229, 4.274162771963674]], "merge_d2": [[11.512925464970229, 6.249707829688427]], "argmin_dic": [[100000, 2]], "time_elapsed": 450.8241889476776}