{"exact_d1": [[11.512925464970229, 3.924455670866836]], "exact_d2": [[11.512925464970229, 7.132086787073518]], "over": [[11.512925464970229, 12.106193207558336]], "merge_d1": [[11.512925464970229, 4.243211520834459]], "merge_d2": [[11.512925464970229, 6.66360050832094]], "argmin_dic": [[100000, 2]], "time_elapsed": 412.1064782142639}