{"exact": [[6.907755278982137, 7.233149457033156], [8.153349757998892, 6.686948231019172], [8.691146498539675, 10.064964953205369], [9.038958755220563, 9.324142256127512], [9.296518068217235, 9.916149547233612], [9.501142571764207, 9.43043117421321], [9.670924779305427, 10.200631038412308], [9.816021526754852, 9.367274029381038], [9.94270826568941, 7.371449247197996], [10.055135102145268, 9.740690525065373], [10.156189906091882, 6.791478183556934], [10.247963389017864, 6.606383655716897], [10.332017933575289, 9.455414174579847], [10.409551859200409, 9.619196557319205], [10.481504425842441, 9.135013218279148], [10.548625513909712, 9.9451545228205], [10.611523345589823, 10.125946793535258], [10.67069806139613, 10.080257122467001], [10.726565902688105, 6.703383322851045], [10.779476987636757, 9.445920622496045], [10.829728615263452, 7.012002342157253], [10.8775753831365, 9.02896949424654], [10.923236992778513, 7.191815654293889], [10.966904349300577, 9.974716090026702], [11.008744383922906, 6.659679013505206], [11.04890390740204, 9.893318396406453], [11.087512719052368, 9.808611797826845], [11.124686137527133, 6.9770385119146345], [11.160527077798756, 9.244272821869588], [11.195127768613824, 6.607519948661263], [11.228571182611121, 9.851677216407278], [11.260932234926955, 9.874317540583677], [11.292278793854607, 9.320998670087505], [11.322672537849993, 9.808197893438551], [11.352169686090834, 6.749126799133044], [11.38082162433689, 9.356100490754626], [11.40867544359643, 9.581179652110201], [11.435774405781814, 9.628795085571666], [11.462158347916576, 6.863287058037358], [11.487864034374857, 9.971142306393384]], "over": [[6.907755278982137, 19.3716963544723], [8.153349757998892, 14.53660255930389], [8.691146498539675, 12.435941877357807], [9.038958755220563, 20.990378436536133], [9.296518068217235, 17.799049518329742], [9.501142571764207, 10.40945043665767], [9.670924779305427, 13.632345083389392], [9.816021526754852, 16.393884751956712], [9.94270826568941, 17.801184521844398], [10.055135102145268, 14.484043106060279], [10.156189906091882, 10.926894592568772], [10.247963389017864, 16.647556362294075], [10.332017933575289, 10.918317976050362], [10.409551859200409, 9.88229743037162], [10.481504425842441, 9.573011224133964], [10.548625513909712, 16.040161470181673], [10.611523345589823, 11.15899534178976], [10.67069806139613, 12.062628466855282], [10.726565902688105, 10.48003567290815], [10.779476987636757, 20.329770897957285], [10.829728615263452, 10.613130925649036], [10.8775753831365, 14.668506745901388], [10.923236992778513, 16.830518013048852], [10.966904349300577, 18.51815844784011], [11.008744383922906, 16.652760337366292], [11.04890390740204, 16.74396689631132], [11.087512719052368, 15.705197310457928], [11.124686137527133, 10.946711312551912], [11.160527077798756, 16.169755216673444], [11.195127768613824, 18.97843502631483], [11.228571182611121, 15.125425319450487], [11.260932234926955, 16.734120775905122], [11.292278793854607, 16.301598046720663], [11.322672537849993, 13.119823839823995], [11.352169686090834, 10.814057891566328], [11.38082162433689, 16.221406584887617], [11.40867544359643, 10.4249072944294], [11.435774405781814, 16.305114401862706], [11.462158347916576, 17.302911288062816], [11.487864034374857, 16.132065671874855]], "merge": [[6.907755278982137, 10.369236243271407], [8.153349757998892, 7.533048792494283], [8.691146498539675, 7.376231965302667], [9.038958755220563, 11.487340632243246], [9.296518068217235, 9.860658342717258], [9.501142571764207, 7.56350057577743], [9.670924779305427, 8.598978972316413], [9.816021526754852, 10.833095363284041], [9.94270826568941, 10.64305278303514], [10.055135102145268, 9.257993002280639], [10.156189906091882, 7.350337188157623], [10.247963389017864, 9.586225911478735], [10.332017933575289, 7.3302661248276575], [10.409551859200409, 7.270360773686473], [10.481504425842441, 7.185189692848448], [10.548625513909712, 10.029786248405914], [10.611523345589823, 7.196998164161927], [10.67069806139613, 7.822687491438345], [10.726565902688105, 7.4597367431506525], [10.779476987636757, 11.06510829958681], [10.829728615263452, 7.351865894716959], [10.8775753831365, 8.78583442018616], [10.923236992778513, 9.573924583988218], [10.966904349300577, 10.03477873470439], [11.008744383922906, 9.617279264184305], [11.04890390740204, 10.140587255132134], [11.087512719052368, 10.121974736470166], [11.124686137527133, 7.363463909333977], [11.160527077798756, 10.711717890951876], [11.195127768613824, 10.333210768858878], [11.228571182611121, 9.886541003624426], [11.260932234926955, 11.066073008213143], [11.292278793854607, 10.742078202337206], [11.322672537849993, 8.639519303762343], [11.352169686090834, 7.193733723818962], [11.38082162433689, 9.432766291346654], [11.40867544359643, 7.075398956383699], [11.435774405781814, 10.205159358886291], [11.462158347916576, 9.9207295089525], [11.487864034374857, 10.148830432213261]], "argmin_dic": [[1000, 2], [3475, 2], [5950, 3], [8425, 2], [10900, 2], [13375, 2], [15850, 2], [18325, 3], [20800, 3], [23275, 3], [25750, 3], [28225, 3], [30700, 2], [33175, 3], [35650, 3], [38125, 3], [40600, 3], [43075, 3], [45550, 2], [48025, 2], [50500, 3], [52975, 3], [55450, 3], [57925, 3], [60400, 3], [62875, 3], [65350, 3], [67825, 3], [70300, 3], [72775, 2], [75250, 3], [77725, 3], [80200, 3], [82675, 3], [85150, 3], [87625, 3], [90100, 3], [92575, 3], [95050, 3], [97525, 3]], "time_elapsed": 1769.9629666805267}