{"exact_d1": [[6.907755278982137, 3.580509671862714], [8.153349757998892, 3.8044134675501495], [8.691146498539675, 3.7836831836609957], [9.038958755220563, 3.7979043640561647], [9.296518068217235, 3.813876999403383], [9.501142571764207, 3.6827376157223295], [9.670924779305427, 3.6989865027735656], [9.816021526754852, 3.7063699475445997], [9.94270826568941, 3.7387916912647565], [10.055135102145268, 3.7369838254238448], [10.156189906091882, 3.7731056630918056], [10.247963389017864, 3.763797631115325], [10.332017933575289, 3.8278914174928014], [10.409551859200409, 3.7589940349024693], [10.481504425842441, 3.7152243910405724], [10.548625513909712, 3.705489167060093], [10.611523345589823, 3.8116503373015487], [10.67069806139613, 3.7294769687584033], [10.726565902688105, 3.729609460822764], [10.779476987636757, 3.8138752443959274], [10.829728615263452, 3.719935119287368], [10.8775753831365, 3.749488241385502], [10.923236992778513, 3.782316743669955], [10.966904349300577, 3.713421135824798], [11.008744383922906, 3.7284779044355423], [11.04890390740204, 3.7754520254375863], [11.087512719052368, 3.7314667665782237], [11.124686137527133, 3.744942223121481], [11.160527077798756, 3.687397971778681], [11.195127768613824, 3.745148039413341], [11.228571182611121, 3.7097081640959675], [11.260932234926955, 3.7622969667140684], [11.292278793854607, 3.788152153105082], [11.322672537849993, 3.740323278265228], [11.352169686090834, 3.758462848655968], [11.38082162433689, 3.6969103090813498], [11.40867544359643, 3.714852530603013], [11.435774405781814, 3.7392936358700184], [11.462158347916576, 3.710725372791928], [11.487864034374857, 3.728617392473359]], "exact_d2": [[6.907755278982137, 6.68094601617551], [8.153349757998892, 6.887686624407995], [8.691146498539675, 6.067387489128898], [9.038958755220563, 8.433807143421275], [9.296518068217235, 7.918233725840954], [9.501142571764207, 7.156600767432582], [9.670924779305427, 6.964022786421597], [9.816021526754852, 7.2009605448472325], [9.94270826568941, 7.30315700392165], [10.055135102145268, 7.190725328316121], [10.156189906091882, 7.3832576000627705], [10.247963389017864, 6.816171417845869], [10.332017933575289, 7.029787056026044], [10.409551859200409, 6.941356446030905], [10.481504425842441, 6.97031554268504], [10.548625513909712, 7.1014447751085665], [10.611523345589823, 6.672952550929853], [10.67069806139613, 7.07156265920849], [10.726565902688105, 7.408024926230826], [10.779476987636757, 6.964039696717613], [10.829728615263452, 7.03865753209522], [10.8775753831365, 6.6597856794536], [10.923236992778513, 6.888157269242815], [10.966904349300577, 7.1862444699301795], [11.008744383922906, 6.756272095044011], [11.04890390740204, 7.07069287134492], [11.087512719052368, 7.565908392963801], [11.124686137527133, 7.231159998262726], [11.160527077798756, 7.080111713475711], [11.195127768613824, 6.898480952261995], [11.228571182611121, 7.319245838769093], [11.260932234926955, 7.1190393163371954], [11.292278793854607, 6.998639993895764], [11.322672537849993, 6.871994513233395], [11.352169686090834, 7.012932530784273], [11.38082162433689, 6.974985592393405], [11.40867544359643, 6.5437711407058705], [11.435774405781814, 7.1257793754633845], [11.462158347916576, 7.0717521090347395], [11.487864034374857, 6.900561657843442]], "over": [[6.907755278982137, 34.84525629720114], [8.153349757998892, 15.974405915862574], [8.691146498539675, 16.991644774578614], [9.038958755220563, 14.037631510838542], [9.296518068217235, 12.637214612149526], [9.501142571764207, 12.525696212626503], [9.670924779305427, 10.739705031208912], [9.816021526754852, 10.705950679060487], [9.94270826568941, 12.47616953587518], [10.055135102145268, 10.489051589235368], [10.156189906091882, 11.293241746461858], [10.247963389017864, 11.429915002699937], [10.332017933575289, 10.077924422862885], [10.409551859200409, 10.59520208833943], [10.481504425842441, 10.485290219231173], [10.548625513909712, 11.667982395910482], [10.611523345589823, 10.851610043465847], [10.67069806139613, 12.335306957381956], [10.726565902688105, 12.458965292358346], [10.779476987636757, 11.80912532246052], [10.829728615263452, 11.07704455909977], [10.8775753831365, 10.290674950886851], [10.923236992778513, 10.259314562399366], [10.966904349300577, 11.269647552161793], [11.008744383922906, 10.289574820616165], [11.04890390740204, 10.40163182212997], [11.087512719052368, 11.265454879427592], [11.124686137527133, 11.818789650427487], [11.160527077798756, 10.779737584085101], [11.195127768613824, 11.864701996644381], [11.228571182611121, 11.108264838534932], [11.260932234926955, 10.395250445374025], [11.292278793854607, 11.857602078866332], [11.322672537849993, 10.94725434402435], [11.352169686090834, 11.227578707974864], [11.38082162433689, 11.987311842493996], [11.40867544359643, 10.530140499269324], [11.435774405781814, 11.126738401367978], [11.462158347916576, 11.071006320991895], [11.487864034374857, 10.517890425989584]], "merge_d1": [[6.907755278982137, 4.703440465002052], [8.153349757998892, 4.665349705510539], [8.691146498539675, 4.31256796977747], [9.038958755220563, 3.8198022753955265], [9.296518068217235, 4.393401357163881], [9.501142571764207, 3.7462559087656273], [9.670924779305427, 4.457407219795495], [9.816021526754852, 4.3884342581309195], [9.94270826568941, 4.408262172665649], [10.055135102145268, 4.474641637971279], [10.156189906091882, 4.368690469007067], [10.247963389017864, 3.833249340137303], [10.332017933575289, 4.518844077985585], [10.409551859200409, 4.36301219600989], [10.481504425842441, 4.435433141027723], [10.548625513909712, 3.788663551559887], [10.611523345589823, 3.893704631190426], [10.67069806139613, 3.821995771325992], [10.726565902688105, 4.453305624969426], [10.779476987636757, 3.8928285742135773], [10.829728615263452, 3.821554077879054], [10.8775753831365, 4.490281555611698], [10.923236992778513, 4.457485800094751], [10.966904349300577, 3.8029617548660077], [11.008744383922906, 4.5190162634085365], [11.04890390740204, 3.865162589242517], [11.087512719052368, 4.389255534425758], [11.124686137527133, 4.473530810847615], [11.160527077798756, 4.378018519488607], [11.195127768613824, 3.8194997274304825], [11.228571182611121, 4.368034228575159], [11.260932234926955, 4.679442822915296], [11.292278793854607, 4.461443382330649], [11.322672537849993, 4.494886886687506], [11.352169686090834, 4.337084618845878], [11.38082162433689, 3.7619958315316167], [11.40867544359643, 3.7980891180890834], [11.435774405781814, 3.832003585862203], [11.462158347916576, 3.801157319478713], [11.487864034374857, 3.8322270446524738]],