{"exact_d1": [[11.512925464970229, 3.76505895052418]], "exact_d2": [[11.512925464970229, 7.026476877839288]], "over": [[11.512925464970229, 13.542246006203198]], "merge_d1": [[11.512925464970229, 4.041903403265993]], "merge_d2": [[11.512925464970229, 7.208259004579912]], "argmin_dic": [[100000, 2]], "time_elapsed": 275.90975618362427}