{"exact_d1": [[6.906754778648554, 4.970732857357201], [7.022868086082641, 4.078056467041564], [7.1372784372603855, 4.531744939135556], [7.252762418053187, 3.5543225508913046], [7.367708572374371, 4.327936646273147], [7.48324441607385, 3.516836157025219], [7.598399329323964, 4.092052649929906], [7.71333788887187, 3.487280137674143], [7.828436359157585, 3.869841804067486], [7.943782692458625, 3.5603768360318133], [8.058960017769417, 3.5368385329775256], [8.17413934342947, 3.986402019908303], [8.289288323000317, 3.855895303804199], [8.404248432400102, 3.5673430066577443], [8.519390774959724, 3.9655969785468757], [8.634620608292202, 3.5741727511880974], [8.74973246437081, 3.8600034027581893], [8.86488793377419, 3.7330958380564128], [8.980046316633132, 3.914322037889712], [9.095153962167066, 3.7917845537743067], [9.210340371976184, 3.5511066031573666], [9.325453179076687, 3.6143443524412104], [9.44057869576626, 3.7235118960815945], [9.555701556014641, 3.6521663310344494], [9.670798588378387, 3.6301727426259056], [9.785941988681085, 3.297975332155183], [9.901084667919818, 4.0161836460788995], [10.016235712227882, 3.8385536135702325], [10.131339999578072, 3.7528708033467577], [10.246474238267561, 3.594564905173632], [10.36160835987009, 3.4341097772554816], [10.476752620919227, 3.6623752477881393], [10.591873415994362, 3.758131629198719], [10.707012640565683, 3.4013714078363355], [10.822135503983962, 3.955545976595229], [10.937276835160228, 3.8315451450010305], [11.05239680608701, 3.928520333459301], [11.167529530327974, 3.752287704258941], [11.28265658871343, 3.856873011010378], [11.397795157716597, 3.749943094770801]], "exact_d2": [[6.906754778648554, 22.06070626716307], [7.022868086082641, 8.366399123728595], [7.1372784372603855, 13.031239431571672], [7.252762418053187, 5.9997699319437094], [7.367708572374371, 13.779426894011968], [7.48324441607385, 5.335928225385703], [7.598399329323964, 13.695619558922957], [7.71333788887187, 11.615863967372873], [7.828436359157585, 8.78517825586512], [7.943782692458625, 10.291198054321049], [8.058960017769417, 9.862471173778376], [8.17413934342947, 8.508877362821897], [8.289288323000317, 7.482909953753733], [8.404248432400102, 5.22999334950359], [8.519390774959724, 7.880975127971217], [8.634620608292202, 9.040337026310102], [8.74973246437081, 5.783626827629032], [8.86488793377419, 6.534391559161538], [8.980046316633132, 5.718796919336424], [9.095153962167066, 7.565085671345635], [9.210340371976184, 5.234809543938133], [9.325453179076687, 9.147138601347736], [9.44057869576626, 6.0970912247431714], [9.555701556014641, 9.422876447673667], [9.670798588378387, 5.917048604358072], [9.785941988681085, 6.340722888382306], [9.901084667919818, 8.80319236160719], [10.016235712227882, 6.73055965146853], [10.131339999578072, 10.849265853488825], [10.246474238267561, 10.980718510814343], [10.36160835987009, 8.196416309802782], [10.476752620919227, 6.277231709812083], [10.591873415994362, 5.770108194812193], [10.707012640565683, 7.92626453975727], [10.822135503983962, 8.401368984322453], [10.937276835160228, 11.262153226416684], [11.05239680608701, 8.253655488359263], [11.167529530327974, 6.580343593498128], [11.28265658871343, 7.7679473928965725], [11.397795157716597, 6.459172194129371]], "over": [[6.906754778648554, 51.53861743946559], [7.022868086082641, 36.285242367717785], [7.1372784372603855, 30.904149903043347], [7.252762418053187, 26.80200198900023], [7.367708572374371, 21.9573794085435], [7.48324441607385, 32.682695319185854], [7.598399329323964, 8.987220939629646], [7.71333788887187, 22.527909030713918], [7.828436359157585, 14.147914849357768], [7.943782692458625, 19.421691571960608], [8.058960017769417, 18.596292253818866], [8.17413934342947, 19.66813228314731], [8.289288323000317, 28.67380732240819], [8.404248432400102, 12.283155818279713], [8.519390774959724, 10.357986841695658], [8.634620608292202, 9.531117246620077], [8.74973246437081, 9.150217817157051], [8.86488793377419, 34.8486127094803], [8.980046316633132, 14.033376314261627], [9.095153962167066, 9.572967416072006], [9.210340371976184, 15.602240531509466], [9.325453179076687, 11.48645311048873], [9.44057869576626, 8.65047957678421], [9.555701556014641, 13.72067303056872], [9.670798588378387, 9.051583167680839], [9.785941988681085, 14.334585751279416], [9.901084667919818, 8.600278568439254], [10.016235712227882, 12.035749434532422], [10.131339999578072, 8.383269175032451], [10.246474238267561, 12.129270414213194], [10.36160835987009, 11.75430237963283], [10.476752620919227, 12.340270652515569], [10.591873415994362, 8.960124166340126], [10.707012640565683, 10.11862033131061], [10.822135503983962, 14.72189168212567], [10.937276835160228, 18.68644582360209], [11.05239680608701, 9.726158421253233], [11.167529530327974, 9.90404933077298], [11.28265658871343, 8.91599391372533], [11.397795157716597, 9.00676501810736]], "merge_d1": [[6.906754778648554, 7.07185765795877], [7.022868086082641, 5.732337157001487], [7.1372784372603855, 4.640373696262276], [7.252762418053187, 4.8347836409263305], [7.367708572374371, 4.9366671379297475], [7.48324441607385, 5.390979710500426], [7.598399329323964, 4.373134305780689], [7.71333788887187, 4.377394846935009], [7.828436359157585, 4.264330581325729], [7.943782692458625, 4.533853778060869], [8.058960017769417, 4.991855966217937], [8.17413934342947, 4.577726653027392], [8.289288323000317, 4.461132600489812], [8.404248432400102, 3.9693630628213903], [8.519390774959724, 4.266497579556019], [8.634620608292202, 4.3339375143332814], [8.74973246437081, 4.1713350090790975], [8.86488793377419, 4.905135813250195], [8.980046316633132, 3.7094931597454384], [9.095153962167066, 4.144658214381063], [9.210340371976184, 4.1290016753249885], [9.325453179076687, 4.199467594312544], [9.44057869576626, 4.163313518041799], [9.555701556014641, 4.2577290329980215], [9.670798588378387, 4.223127884470289], [9.785941988681085, 4.17653801829277], [9.901084667919818, 4.260806154994813], [10.016235712227882, 4.208058583892576], [10.131339999578072, 4.170823693708157], [10.246474238267561, 4.357613418482224], [10.36160835987009, 4.346685583740232], [10.476752620919227, 4.113656523215209], [10.591873415994362, 4.176049966321987], [10.707012640565683, 4.160247083356531], [10.822135503983962, 4.310511638481], [10.937276835160228, 4.331568706659178], [11.05239680608701, 4.134058725737971], [11.167529530327974, 4.144430744277703], [11.28265658871343, 4.143309079763909], [11.397795157716597, 4.134888939181447]],