{"exact_d1": [[11.512925464970229, 3.9511546463075407]], "exact_d2": [[11.512925464970229, 7.602971024862484]], "over": [[11.512925464970229, 16.120650789760163]], "merge_d1": [[11.512925464970229, 4.357619312195837]], "merge_d2": [[11.512925464970229, 8.062636175997177]], "argmin_dic": [[100000, 2]], "time_elapsed": 287.07250022888184}