{"exact_d1": [[11.512925464970229, 3.78285920374406]], "exact_d2": [[11.512925464970229, 7.04082465214967]], "over": [[11.512925464970229, 9.236687136513074]], "merge_d1": [[11.512925464970229, 4.403151445278787]], "merge_d2": [[11.512925464970229, 6.306671506400267]], "argmin_dic": [[100000, 2]], "time_elapsed": 189.7953953742981}