{"exact_d1": [[11.512925464970229, 3.7820689844944466]], "exact_d2": [[11.512925464970229, 6.867401413432132]], "over": [[11.512925464970229, 16.130912537404747]], "merge_d1": [[11.512925464970229, 4.202845254249724]], "merge_d2": [[11.512925464970229, 8.46910713089989]], "argmin_dic": [[100000, 2]], "time_elapsed": 332.61341762542725}