{"exact": [[6.907755278982137, 11.511460945352269], [8.153349757998892, 7.157966836644637], [8.691146498539675, 9.498296770054848], [9.038958755220563, 6.308089697415653], [9.296518068217235, 6.4005509991576], [9.501142571764207, 6.57539933232353], [9.670924779305427, 7.827518552028623], [9.816021526754852, 9.426038131121713], [9.94270826568941, 9.473003103325883], [10.055135102145268, 9.222926748735691], [10.156189906091882, 9.278030935798327], [10.247963389017864, 7.119464845301531], [10.332017933575289, 9.871883469604299], [10.409551859200409, 9.922093821270705], [10.481504425842441, 6.969493862916566], [10.548625513909712, 9.569960875632637], [10.611523345589823, 9.787716915288177], [10.67069806139613, 7.04909022539313], [10.726565902688105, 9.994323156860144], [10.779476987636757, 9.382721590077768], [10.829728615263452, 9.634443169884603], [10.8775753831365, 9.893447839184061], [10.923236992778513, 9.780120587838246], [10.966904349300577, 7.061188380945145], [11.008744383922906, 6.8895430000546956], [11.04890390740204, 9.252735299548437], [11.087512719052368, 9.399337135873706], [11.124686137527133, 9.423274651866974], [11.160527077798756, 7.081288810371155], [11.195127768613824, 7.140001559471935], [11.228571182611121, 10.024367237021105], [11.260932234926955, 10.01470277787426], [11.292278793854607, 9.835651670448833], [11.322672537849993, 7.0249303113077355], [11.352169686090834, 9.81738587254306], [11.38082162433689, 10.072553165735094], [11.40867544359643, 9.420596306079759], [11.435774405781814, 9.295412846207764], [11.462158347916576, 9.368608171539359], [11.487864034374857, 6.603598795217913]], "over": [[6.907755278982137, 19.95699540633579], [8.153349757998892, 18.58556041779512], [8.691146498539675, 11.86331715894724], [9.038958755220563, 19.403978194260162], [9.296518068217235, 18.1616560212587], [9.501142571764207, 15.398087505305861], [9.670924779305427, 20.346786737285296], [9.816021526754852, 17.3602423446344], [9.94270826568941, 16.825952400241903], [10.055135102145268, 18.489261148847543], [10.156189906091882, 17.580362368446814], [10.247963389017864, 17.591854476347123], [10.332017933575289, 16.719765210269557], [10.409551859200409, 10.908412639173664], [10.481504425842441, 12.054205172797676], [10.548625513909712, 17.608258558664335], [10.611523345589823, 18.103665124503802], [10.67069806139613, 12.551368264986062], [10.726565902688105, 17.15239751418797], [10.779476987636757, 16.022551879734696], [10.829728615263452, 15.661953777305992], [10.8775753831365, 18.3317555293037], [10.923236992778513, 16.10360568708129], [10.966904349300577, 16.057518898358506], [11.008744383922906, 16.479854393769457], [11.04890390740204, 11.502139982100305], [11.087512719052368, 13.192646430816966], [11.124686137527133, 18.157424616882984], [11.160527077798756, 14.100173590173538], [11.195127768613824, 16.791562196056542], [11.228571182611121, 16.658461158898003], [11.260932234926955, 14.635876073165214], [11.292278793854607, 12.615512617673037], [11.322672537849993, 14.903747597032991], [11.352169686090834, 13.695818175942845], [11.38082162433689, 18.201482772629245], [11.40867544359643, 14.019719652149655], [11.435774405781814, 16.213423690376235], [11.462158347916576, 12.79108167489974], [11.487864034374857, 10.846183068285988]], "merge": [[6.907755278982137, 12.11467580026402], [8.153349757998892, 8.841495845432428], [8.691146498539675, 8.07339362850486], [9.038958755220563, 10.63705367380799], [9.296518068217235, 11.028017698542559], [9.501142571764207, 9.481151637387615], [9.670924779305427, 10.995269156591856], [9.816021526754852, 11.203619625481775], [9.94270826568941, 11.026752897647064], [10.055135102145268, 10.279525098332435], [10.156189906091882, 9.739057746442043], [10.247963389017864, 10.52961122359959], [10.332017933575289, 10.92308952017481], [10.409551859200409, 7.546150512240516], [10.481504425842441, 6.97906036837675], [10.548625513909712, 10.420446225521758], [10.611523345589823, 10.697877746329453], [10.67069806139613, 8.01531855837092], [10.726565902688105, 9.605525750165887], [10.779476987636757, 9.9851001966098], [10.829728615263452, 9.879799867554333], [10.8775753831365, 10.792801072821655], [10.923236992778513, 9.582066035188278], [10.966904349300577, 10.205459057492533], [11.008744383922906, 10.478989470322118], [11.04890390740204, 6.31356448065864], [11.087512719052368, 6.203868257224577], [11.124686137527133, 9.93263638515604], [11.160527077798756, 9.138136282686022], [11.195127768613824, 10.04276151798287], [11.228571182611121, 10.217836014094216], [11.260932234926955, 9.54327250707016], [11.292278793854607, 5.947317590140081], [11.322672537849993, 9.787648309051391], [11.352169686090834, 7.759269269376376], [11.38082162433689, 11.892594611682094], [11.40867544359643, 10.126265356971068], [11.435774405781814, 10.031201952737396], [11.462158347916576, 7.50520176228571], [11.487864034374857, 6.783379744387561]], "argmin_dic": [[1000, 2], [3475, 3], [5950, 2], [8425, 3], [10900, 3], [13375, 3], [15850, 3], [18325, 3], [20800, 3], [23275, 3], [25750, 3], [28225, 3], [30700, 3], [33175, 3], [35650, 3], [38125, 3], [40600, 3], [43075, 3], [45550, 3], [48025, 3], [50500, 3], [52975, 3], [55450, 3], [57925, 3], [60400, 3], [62875, 2], [65350, 2], [67825, 2], [70300, 3], [72775, 3], [75250, 3], [77725, 3], [80200, 2], [82675, 3], [85150, 2], [87625, 2], [90100, 3], [92575, 3], [95050, 3], [97525, 3]], "time_elapsed": 2526.48565530777}