{"exact_d1": [[6.906754778648554, 5.30616273609931], [7.022868086082641, 4.1541573587454526], [7.1372784372603855, 3.682487928183801], [7.252762418053187, 3.653853607555671], [7.367708572374371, 3.6929016427812456], [7.48324441607385, 3.4426111744635937], [7.598399329323964, 4.088733289684902], [7.71333788887187, 3.566683880936042], [7.828436359157585, 3.909768418803322], [7.943782692458625, 3.83418492471552], [8.058960017769417, 4.083698224081945], [8.17413934342947, 3.964719383064258], [8.289288323000317, 3.6465192387123064], [8.404248432400102, 3.668186875842674], [8.519390774959724, 4.104105627978578], [8.634620608292202, 3.613172922426455], [8.74973246437081, 3.455994736172796], [8.86488793377419, 3.707917583640916], [8.980046316633132, 3.864965585649865], [9.095153962167066, 3.8665512114090395], [9.210340371976184, 4.155141093178342], [9.325453179076687, 3.4894092445232943], [9.44057869576626, 3.540375869673284], [9.555701556014641, 3.803941307435791], [9.670798588378387, 3.8531232387880388], [9.785941988681085, 3.872867560494626], [9.901084667919818, 3.793139363212677], [10.016235712227882, 3.460037207367616], [10.131339999578072, 3.409125578672216], [10.246474238267561, 3.708484903530103], [10.36160835987009, 4.022264932922526], [10.476752620919227, 3.904289944906366], [10.591873415994362, 3.7385520442844173], [10.707012640565683, 3.4068516582540127], [10.822135503983962, 3.9471372405575202], [10.937276835160228, 3.4492603622137064], [11.05239680608701, 3.827414347374132], [11.167529530327974, 3.905891324478122], [11.28265658871343, 3.475599090893053], [11.397795157716597, 3.670746573087673]], "exact_d2": [[6.906754778648554, 17.48105239701687], [7.022868086082641, 10.620329452823526], [7.1372784372603855, 7.808669542763198], [7.252762418053187, 6.1196410957079195], [7.367708572374371, 9.727450098024041], [7.48324441607385, 10.627176818317317], [7.598399329323964, 8.692095478018755], [7.71333788887187, 11.764368251061532], [7.828436359157585, 8.774884311348211], [7.943782692458625, 9.117882842507225], [8.058960017769417, 9.456991355330963], [8.17413934342947, 7.061264647972967], [8.289288323000317, 5.090913182494587], [8.404248432400102, 6.617192749293074], [8.519390774959724, 11.409630808905494], [8.634620608292202, 5.063333367987939], [8.74973246437081, 7.810651911722551], [8.86488793377419, 7.400796400186015], [8.980046316633132, 7.006998463338835], [9.095153962167066, 6.483097383846929], [9.210340371976184, 12.15105730303744], [9.325453179076687, 9.012156878245413], [9.44057869576626, 9.257556570762457], [9.555701556014641, 7.069235359900063], [9.670798588378387, 8.17895363273261], [9.785941988681085, 7.277761093727899], [9.901084667919818, 6.572204093230277], [10.016235712227882, 9.560016061291583], [10.131339999578072, 7.2079815727065855], [10.246474238267561, 5.76979952916045], [10.36160835987009, 8.582512171262232], [10.476752620919227, 6.854689874316802], [10.591873415994362, 6.821357463764789], [10.707012640565683, 8.351454436467638], [10.822135503983962, 7.344268369611013], [10.937276835160228, 9.159054491870565], [11.05239680608701, 7.169333726788759], [11.167529530327974, 6.709634741103526], [11.28265658871343, 9.258378483914273], [11.397795157716597, 10.128878331425359]], "over": [[6.906754778648554, 35.19866328556563], [7.022868086082641, 38.6729597544366], [7.1372784372603855, 24.427908905745763], [7.252762418053187, 18.31835253100345], [7.367708572374371, 23.686797370828327], [7.48324441607385, 27.492919000906095], [7.598399329323964, 31.779048483890104], [7.71333788887187, 28.65446008245505], [7.828436359157585, 16.1298276867705], [7.943782692458625, 13.744988457238884], [8.058960017769417, 22.66165471554694], [8.17413934342947, 23.498575954521012], [8.289288323000317, 9.06281408538492], [8.404248432400102, 20.583503578795284], [8.519390774959724, 23.23784272107351], [8.634620608292202, 20.554128722019158], [8.74973246437081, 13.693698963800971], [8.86488793377419, 13.713650677477101], [8.980046316633132, 9.624042793000237], [9.095153962167066, 11.579632206668048], [9.210340371976184, 21.977518568966815], [9.325453179076687, 13.190470884603048], [9.44057869576626, 23.97628707777077], [9.555701556014641, 13.727299537645365], [9.670798588378387, 23.283277307766838], [9.785941988681085, 14.922302760132949], [9.901084667919818, 14.811808738040996], [10.016235712227882, 14.320070443156405], [10.131339999578072, 10.516499050931547], [10.246474238267561, 14.539641005847077], [10.36160835987009, 14.857077724011157], [10.476752620919227, 16.12809632352044], [10.591873415994362, 13.952230190090399], [10.707012640565683, 10.372161253996321], [10.822135503983962, 13.29663764175125], [10.937276835160228, 8.720430145147487], [11.05239680608701, 8.927831537708132], [11.167529530327974, 8.77270710980216], [11.28265658871343, 14.908447202183536], [11.397795157716597, 11.52216496215579]], "merge_d1": [[6.906754778648554, 6.377867707168701], [7.022868086082641, 4.511057516762004], [7.1372784372603855, 4.584591516947537], [7.252762418053187, 4.591566485689927], [7.367708572374371, 5.457204154996151], [7.48324441607385, 4.713996615968486], [7.598399329323964, 5.197616672113327], [7.71333788887187, 4.689425120452316], [7.828436359157585, 4.470895955080536], [7.943782692458625, 4.547819305240573], [8.058960017769417, 4.2027482388573345], [8.17413934342947, 4.438792769511817], [8.289288323000317, 3.9510921884676486], [8.404248432400102, 4.839128292702427], [8.519390774959724, 4.1941356879929295], [8.634620608292202, 4.588815672774841], [8.74973246437081, 4.365332958621855], [8.86488793377419, 4.158765829879798], [8.980046316633132, 4.324974303077535], [9.095153962167066, 4.186200901750002], [9.210340371976184, 3.8647834784681345], [9.325453179076687, 4.222069576990607], [9.44057869576626, 4.440466156052467], [9.555701556014641, 4.003223107426398], [9.670798588378387, 4.150217484155839], [9.785941988681085, 4.435642679052596], [9.901084667919818, 4.100902519080859], [10.016235712227882, 4.098930155735634], [10.131339999578072, 4.240340907781332], [10.246474238267561, 4.035255085426832], [10.36160835987009, 4.081010078704196], [10.476752620919227, 4.343369457731721], [10.591873415994362, 4.384189322282987], [10.707012640565683, 4.288636877564689], [10.822135503983962, 4.2407582167037265], [10.937276835160228, 4.210707016238272], [11.05239680608701, 4.302925901828274], [11.167529530327974, 4.065020235479304], [11.28265658871343, 4.17174834499736], [11.397795157716597, 4.157897750665026]],