{"exact_d1": [[11.512925464970229, 3.7369751182298394]], "exact_d2": [[11.512925464970229, 6.668093091654696]], "over": [[11.512925464970229, 9.968644107536072]], "merge_d1": [[11.512925464970229, 4.226649361333158]], "merge_d2": [[11.512925464970229, 6.567069020811109]], "argmin_dic": [[100000, 2]], "time_elapsed": 383.6519935131073}