{"exact_d1": [[6.906754778648554, 4.176809531378727], [7.022868086082641, 4.336372491602649], [7.1372784372603855, 4.170892171773738], [7.252762418053187, 3.8868570074655997], [7.367708572374371, 4.394290795548854], [7.48324441607385, 3.9286236562001604], [7.598399329323964, 4.159277779738338], [7.71333788887187, 3.9566405392407598], [7.828436359157585, 3.4148632407016972], [7.943782692458625, 4.1889958871711706], [8.058960017769417, 4.118917839977915], [8.17413934342947, 3.98797107596607], [8.289288323000317, 3.472422644497405], [8.404248432400102, 4.064674564538459], [8.519390774959724, 3.650679502411778], [8.634620608292202, 3.6921139457751124], [8.74973246437081, 3.8447625622696617], [8.86488793377419, 3.6262643701625006], [8.980046316633132, 3.5899435749819286], [9.095153962167066, 3.9409202971089528], [9.210340371976184, 3.7234227417128367], [9.325453179076687, 4.092473789950407], [9.44057869576626, 3.7752996087740325], [9.555701556014641, 3.766093117343982], [9.670798588378387, 3.9950871866936595], [9.785941988681085, 3.750971243712997], [9.901084667919818, 3.363011060140154], [10.016235712227882, 3.662890778298012], [10.131339999578072, 3.7342130987423467], [10.246474238267561, 3.5983888021796018], [10.36160835987009, 3.487755391005938], [10.476752620919227, 3.359440013266529], [10.591873415994362, 3.760228537315976], [10.707012640565683, 3.8574837880090906], [10.822135503983962, 3.664679201166931], [10.937276835160228, 3.789116738061554], [11.05239680608701, 3.8216624545262636], [11.167529530327974, 3.7053276541260054], [11.28265658871343, 3.744363980532457], [11.397795157716597, 3.445905627414223]], "exact_d2": [[6.906754778648554, 14.585054650985484], [7.022868086082641, 12.961819157983156], [7.1372784372603855, 8.389569891436894], [7.252762418053187, 8.42124224507976], [7.367708572374371, 11.59958644618872], [7.48324441607385, 8.61343964063949], [7.598399329323964, 20.541087242818627], [7.71333788887187, 6.436737719047123], [7.828436359157585, 6.868229823009942], [7.943782692458625, 18.260936603875653], [8.058960017769417, 10.681125537221961], [8.17413934342947, 10.495515363229659], [8.289288323000317, 5.180177510367858], [8.404248432400102, 14.779184781628357], [8.519390774959724, 5.771889468243558], [8.634620608292202, 7.3214353148326285], [8.74973246437081, 7.359010254324603], [8.86488793377419, 6.630485412715382], [8.980046316633132, 4.883185782924709], [9.095153962167066, 6.379399818534054], [9.210340371976184, 6.230263328412194], [9.325453179076687, 9.990465543445069], [9.44057869576626, 7.115863502462923], [9.555701556014641, 6.896581778122034], [9.670798588378387, 8.483427865080339], [9.785941988681085, 6.583050338390335], [9.901084667919818, 8.669289740234], [10.016235712227882, 5.3848669824519515], [10.131339999578072, 6.311103645999798], [10.246474238267561, 10.947313433725638], [10.36160835987009, 10.807292021181626], [10.476752620919227, 7.2399849443891355], [10.591873415994362, 7.041853729092214], [10.707012640565683, 8.38141272080675], [10.822135503983962, 6.3557313501750965], [10.937276835160228, 7.059300905786633], [11.05239680608701, 6.566391523341528], [11.167529530327974, 6.3368318921866615], [11.28265658871343, 6.756119929788824], [11.397795157716597, 8.721156075393292]], "over": [[6.906754778648554, 33.46060670468997], [7.022868086082641, 28.69821625172811], [7.1372784372603855, 33.367254541612624], [7.252762418053187, 37.05408830181392], [7.367708572374371, 25.449572545612693], [7.48324441607385, 16.953363272609348], [7.598399329323964, 40.558523399260494], [7.71333788887187, 11.802829007197275], [7.828436359157585, 17.752521831307078], [7.943782692458625, 24.02913636862184], [8.058960017769417, 16.692158550341254], [8.17413934342947, 31.029669840485287], [8.289288323000317, 13.675436808915403], [8.404248432400102, 25.07038733845779], [8.519390774959724, 15.488942362717951], [8.634620608292202, 17.133906890488586], [8.74973246437081, 15.23629258907018], [8.86488793377419, 11.830192775507927], [8.980046316633132, 12.44846805569918], [9.095153962167066, 11.410331947192509], [9.210340371976184, 12.416151845429345], [9.325453179076687, 16.3840991208076], [9.44057869576626, 14.28529131101381], [9.555701556014641, 10.314046781573845], [9.670798588378387, 11.567352402055139], [9.785941988681085, 10.519035580687529], [9.901084667919818, 12.159082153950129], [10.016235712227882, 8.051459943014306], [10.131339999578072, 11.680844331580749], [10.246474238267561, 18.383819308390954], [10.36160835987009, 8.396737506964966], [10.476752620919227, 9.63846149812774], [10.591873415994362, 13.136382304383337], [10.707012640565683, 14.570914949808454], [10.822135503983962, 10.100770465890415], [10.937276835160228, 11.894492691441096], [11.05239680608701, 10.818732707803488], [11.167529530327974, 9.624802970379637], [11.28265658871343, 8.336382821137857], [11.397795157716597, 14.283123102913267]], "merge_d1": [[6.906754778648554, 5.2260735966334995], [7.022868086082641, 6.472033809134664], [7.1372784372603855, 5.08872639674829], [7.252762418053187, 5.412562109362781], [7.367708572374371, 4.371776275846237], [7.48324441607385, 4.2702656621660005], [7.598399329323964, 5.716927240144266], [7.71333788887187, 4.32516232467211], [7.828436359157585, 4.26935406816878], [7.943782692458625, 4.326629459394329], [8.058960017769417, 4.5541449129174065], [8.17413934342947, 5.375186185416095], [8.289288323000317, 4.252161756314613], [8.404248432400102, 4.5369685914511635], [8.519390774959724, 4.854082567162086], [8.634620608292202, 4.257146129691927], [8.74973246437081, 4.117392138154768], [8.86488793377419, 4.093774687495268], [8.980046316633132, 4.429187980066131], [9.095153962167066, 3.7336989186807226], [9.210340371976184, 4.1657118785927185], [9.325453179076687, 4.391179126954791], [9.44057869576626, 4.323885448926877], [9.555701556014641, 4.028933693491665], [9.670798588378387, 4.228029602479427], [9.785941988681085, 4.247204885430092], [9.901084667919818, 4.349916752887669], [10.016235712227882, 4.230194521459818], [10.131339999578072, 4.235600961137857], [10.246474238267561, 4.422937116514626], [10.36160835987009, 4.133663421767142], [10.476752620919227, 4.272518281310613], [10.591873415994362, 4.193597520204375], [10.707012640565683, 3.9840713788516555], [10.822135503983962, 4.355276072633904], [10.937276835160228, 3.9900312254860006], [11.05239680608701, 4.008410690369743], [11.167529530327974, 4.226173900002046], [11.28265658871343, 4.152660543077701], [11.397795157716597, 3.9366966787500526]],