{"exact_d1": [[11.512925464970229, 3.803395353664185]], "exact_d2": [[11.512925464970229, 7.22072149548225]], "over": [[11.512925464970229, 10.062223524538364]], "merge_d1": [[11.512925464970229, 4.446902484447005]], "merge_d2": [[11.512925464970229, 6.680712198572668]], "argmin_dic": [[100000, 2]], "time_elapsed": 210.9608392715454}