{"exact_d1": [[11.512925464970229, 3.914763504806739]], "exact_d2": [[11.512925464970229, 7.416191859697333]], "over": [[11.512925464970229, 9.809302723582638]], "merge_d1": [[11.512925464970229, 4.318307205646444]], "merge_d2": [[11.512925464970229, 6.862517173044841]], "argmin_dic": [[100000, 2]], "time_elapsed": 437.2322154045105}