{"exact": [[6.907755278982137, 10.387371191874283], [8.153349757998892, 10.943588786546119], [8.691146498539675, 9.608319202602571], [9.038958755220563, 6.554243457562517], [9.296518068217235, 9.113823030876798], [9.501142571764207, 9.343229260957601], [9.670924779305427, 9.94836119062566], [9.816021526754852, 10.431522362961053], [9.94270826568941, 9.477725349894664], [10.055135102145268, 9.79959918272221], [10.156189906091882, 7.316032437174865], [10.247963389017864, 9.723824709267014], [10.332017933575289, 9.737845902105553], [10.409551859200409, 10.162872012297502], [10.481504425842441, 10.0020169699868], [10.548625513909712, 9.236451713340292], [10.611523345589823, 6.869863455183692], [10.67069806139613, 10.217338635202596], [10.726565902688105, 9.256379714355688], [10.779476987636757, 9.296547530332573], [10.829728615263452, 9.593191301849185], [10.8775753831365, 9.314967816952988], [10.923236992778513, 9.958955358489844], [10.966904349300577, 9.701722073085044], [11.008744383922906, 9.510558969773422], [11.04890390740204, 9.506391544624478], [11.087512719052368, 9.284452792156843], [11.124686137527133, 10.113537893451094], [11.160527077798756, 9.708668618700322], [11.195127768613824, 10.131714663132056], [11.228571182611121, 7.0091847785981605], [11.260932234926955, 10.028660172747486], [11.292278793854607, 9.343737096656053], [11.322672537849993, 6.694915342217565], [11.352169686090834, 9.78600432369839], [11.38082162433689, 9.676508865524696], [11.40867544359643, 6.995465050753149], [11.435774405781814, 6.591465595727263], [11.462158347916576, 10.020984713334764], [11.487864034374857, 6.843093779570469]], "over": [[6.907755278982137, 25.036966886213893], [8.153349757998892, 16.442406107154977], [8.691146498539675, 12.391206251874925], [9.038958755220563, 15.83341054219463], [9.296518068217235, 15.78028222634447], [9.501142571764207, 16.31331761940324], [9.670924779305427, 15.967515075162856], [9.816021526754852, 15.835258002111878], [9.94270826568941, 15.401156799536114], [10.055135102145268, 11.713849327582789], [10.156189906091882, 16.50660650177481], [10.247963389017864, 15.86128206242244], [10.332017933575289, 17.36118479774303], [10.409551859200409, 11.645673463010004], [10.481504425842441, 17.775316955928396], [10.548625513909712, 12.500130404881519], [10.611523345589823, 15.255831739701367], [10.67069806139613, 19.493823220450754], [10.726565902688105, 12.59275632349776], [10.779476987636757, 18.514072705822862], [10.829728615263452, 16.062304393871567], [10.8775753831365, 15.506123124669008], [10.923236992778513, 10.020187690589728], [10.966904349300577, 15.377505972403927], [11.008744383922906, 14.548929312587756], [11.04890390740204, 16.77934083780174], [11.087512719052368, 11.21164600519914], [11.124686137527133, 13.226421659525231], [11.160527077798756, 12.34091677962439], [11.195127768613824, 12.81586409748994], [11.228571182611121, 15.040005871599998], [11.260932234926955, 16.30789304612568], [11.292278793854607, 14.708535398605033], [11.322672537849993, 16.26261462152026], [11.352169686090834, 13.385219368999605], [11.38082162433689, 16.075500101120976], [11.40867544359643, 10.758981427859336], [11.435774405781814, 11.96460301343274], [11.462158347916576, 14.199843846028893], [11.487864034374857, 15.394887300666888]], "merge": [[6.907755278982137, 13.963153250837442], [8.153349757998892, 10.192452185861525], [8.691146498539675, 8.044374252051155], [9.038958755220563, 9.498817140067544], [9.296518068217235, 8.746671014158059], [9.501142571764207, 10.072585057242192], [9.670924779305427, 9.762579881930211], [9.816021526754852, 9.514806646600665], [9.94270826568941, 9.692114499811304], [10.055135102145268, 7.186837183560511], [10.156189906091882, 9.286814273813667], [10.247963389017864, 9.775098065709228], [10.332017933575289, 9.719692856767809], [10.409551859200409, 7.642450785191456], [10.481504425842441, 11.589276179053503], [10.548625513909712, 6.788594318747215], [10.611523345589823, 9.338522809328273], [10.67069806139613, 10.60782882336875], [10.726565902688105, 7.959253070960178], [10.779476987636757, 9.972629913613797], [10.829728615263452, 10.084157465749263], [10.8775753831365, 11.03685745056544], [10.923236992778513, 7.143194900420643], [10.966904349300577, 9.604001003663162], [11.008744383922906, 9.131348369360792], [11.04890390740204, 10.91661834531703], [11.087512719052368, 6.436847984469081], [11.124686137527133, 8.749930642232476], [11.160527077798756, 8.851767414993088], [11.195127768613824, 6.670402915146813], [11.228571182611121, 9.53660981670147], [11.260932234926955, 10.359691708684217], [11.292278793854607, 9.592417545110472], [11.322672537849993, 10.611987510704633], [11.352169686090834, 6.437186963545264], [11.38082162433689, 10.255005844336967], [11.40867544359643, 7.022476834002645], [11.435774405781814, 5.777278068807558], [11.462158347916576, 9.965281812242612], [11.487864034374857, 10.034462943644161]], "argmin_dic": [[1000, 3], [3475, 3], [5950, 3], [8425, 2], [10900, 3], [13375, 3], [15850, 3], [18325, 2], [20800, 3], [23275, 3], [25750, 3], [28225, 3], [30700, 3], [33175, 2], [35650, 3], [38125, 3], [40600, 3], [43075, 3], [45550, 2], [48025, 3], [50500, 3], [52975, 3], [55450, 3], [57925, 3], [60400, 3], [62875, 3], [65350, 3], [67825, 3], [70300, 3], [72775, 3], [75250, 3], [77725, 3], [80200, 3], [82675, 3], [85150, 3], [87625, 3], [90100, 3], [92575, 3], [95050, 3], [97525, 3]], "time_elapsed": 2460.865674972534}