{"exact_d1": [[11.512925464970229, 3.785479630019758]], "exact_d2": [[11.512925464970229, 6.841854794372147]], "over": [[11.512925464970229, 11.155951836299721]], "merge_d1": [[11.512925464970229, 4.238276307362233]], "merge_d2": [[11.512925464970229, 6.626574746593058]], "argmin_dic": [[100000, 2]], "time_elapsed": 204.23468589782715}