{"exact_d1": [[11.512925464970229, 3.9852751636964525]], "exact_d2": [[11.512925464970229, 7.64691733784486]], "over": [[11.512925464970229, 15.807519608642675]], "merge_d1": [[11.512925464970229, 4.220545097996104]], "merge_d2": [[11.512925464970229, 8.369105534171059]], "argmin_dic": [[100000, 2]], "time_elapsed": 504.01904916763306}