{"exact_d1": [[6.906754778648554, 4.074005837688257], [7.022868086082641, 4.091070374949459], [7.1372784372603855, 3.643383666127178], [7.252762418053187, 3.871920428792489], [7.367708572374371, 4.3962313433627935], [7.48324441607385, 3.1156530278643912], [7.598399329323964, 4.126495510015055], [7.71333788887187, 3.537636215692725], [7.828436359157585, 4.1197811090786525], [7.943782692458625, 3.5731197135763964], [8.058960017769417, 3.7109362351018405], [8.17413934342947, 3.6333181062369215], [8.289288323000317, 3.586991571485295], [8.404248432400102, 4.012663371318619], [8.519390774959724, 3.7269519379865867], [8.634620608292202, 3.36829743345979], [8.74973246437081, 3.335265807835921], [8.86488793377419, 3.8120200896662753], [8.980046316633132, 3.720558391117319], [9.095153962167066, 3.6442687205189555], [9.210340371976184, 3.953211183736187], [9.325453179076687, 3.9459427673565854], [9.44057869576626, 4.009917031619488], [9.555701556014641, 3.382167416253129], [9.670798588378387, 3.738867873775289], [9.785941988681085, 3.627323645340782], [9.901084667919818, 3.4813310300559506], [10.016235712227882, 3.7322671744456533], [10.131339999578072, 3.495090782826363], [10.246474238267561, 3.739566902290228], [10.36160835987009, 3.681685615352753], [10.476752620919227, 3.911667638995785], [10.591873415994362, 3.7016919598367832], [10.707012640565683, 3.4102547484791144], [10.822135503983962, 3.793959008831676], [10.937276835160228, 3.535595696515236], [11.05239680608701, 3.6311508053586223], [11.167529530327974, 3.4269451459599076], [11.28265658871343, 3.6893884335879767], [11.397795157716597, 3.88773961879047]], "exact_d2": [[6.906754778648554, 6.315144090090332], [7.022868086082641, 14.96918039400267], [7.1372784372603855, 9.41505237472113], [7.252762418053187, 13.639766623680629], [7.367708572374371, 19.999788791123773], [7.48324441607385, 8.637998361364417], [7.598399329323964, 13.653056865044142], [7.71333788887187, 5.167549212280822], [7.828436359157585, 7.776490026637926], [7.943782692458625, 5.772635987446844], [8.058960017769417, 6.378053782559006], [8.17413934342947, 7.931140746106846], [8.289288323000317, 5.416544154914356], [8.404248432400102, 14.713477755645032], [8.519390774959724, 8.858248640987956], [8.634620608292202, 6.991901204200227], [8.74973246437081, 11.746480160688625], [8.86488793377419, 5.557451978481527], [8.980046316633132, 6.347147866341634], [9.095153962167066, 6.097156734567464], [9.210340371976184, 6.288290656055909], [9.325453179076687, 7.191026391951332], [9.44057869576626, 7.985166848081094], [9.555701556014641, 7.384500213252751], [9.670798588378387, 5.732990169973333], [9.785941988681085, 9.36688936380364], [9.901084667919818, 9.005734631932004], [10.016235712227882, 6.923713684805384], [10.131339999578072, 9.113157996327757], [10.246474238267561, 6.816599320351148], [10.36160835987009, 6.048818196786485], [10.476752620919227, 8.198961817497224], [10.591873415994362, 9.91881814926307], [10.707012640565683, 7.684089149198906], [10.822135503983962, 6.474296397896442], [10.937276835160228, 8.466598703212549], [11.05239680608701, 6.089071993725885], [11.167529530327974, 7.964451028857799], [11.28265658871343, 5.621555984905913], [11.397795157716597, 7.049407129534512]], "over": [[6.906754778648554, 33.289759072665916], [7.022868086082641, 37.0512856184361], [7.1372784372603855, 27.508460607010065], [7.252762418053187, 22.047423354870737], [7.367708572374371, 31.659402359226263], [7.48324441607385, 32.213699205888986], [7.598399329323964, 36.788133878184816], [7.71333788887187, 14.20772540276075], [7.828436359157585, 28.31265489380444], [7.943782692458625, 26.722435810106155], [8.058960017769417, 37.45986014975534], [8.17413934342947, 27.802924283217386], [8.289288323000317, 13.930720428938336], [8.404248432400102, 18.04589043615594], [8.519390774959724, 13.481504939448326], [8.634620608292202, 9.383764550503805], [8.74973246437081, 24.959771986005407], [8.86488793377419, 11.040396669364927], [8.980046316633132, 18.91464152754159], [9.095153962167066, 17.130026078453707], [9.210340371976184, 14.738679308415064], [9.325453179076687, 11.385171281383455], [9.44057869576626, 13.561095415551895], [9.555701556014641, 10.986580139258942], [9.670798588378387, 20.982621987325636], [9.785941988681085, 10.535488883472858], [9.901084667919818, 9.63951465283773], [10.016235712227882, 13.483496402015906], [10.131339999578072, 10.837576551624277], [10.246474238267561, 11.225490402739684], [10.36160835987009, 10.470121903248621], [10.476752620919227, 9.699775866488269], [10.591873415994362, 9.824097664860425], [10.707012640565683, 9.949506780432893], [10.822135503983962, 9.924226116519208], [10.937276835160228, 10.63911098218336], [11.05239680608701, 10.759378193876195], [11.167529530327974, 13.255162624774982], [11.28265658871343, 9.647658822444093], [11.397795157716597, 9.150433990319327]], "merge_d1": [[6.906754778648554, 6.116110525665126], [7.022868086082641, 4.989775898379401], [7.1372784372603855, 4.61225525006563], [7.252762418053187, 4.5889769997611], [7.367708572374371, 4.354905171563357], [7.48324441607385, 4.579382678491558], [7.598399329323964, 4.812286489099994], [7.71333788887187, 4.349604949465126], [7.828436359157585, 4.63536323050636], [7.943782692458625, 4.303516111573378], [8.058960017769417, 4.987993048736718], [8.17413934342947, 5.634191946753943], [8.289288323000317, 4.407716481990916], [8.404248432400102, 4.177656027282458], [8.519390774959724, 4.0801905452625], [8.634620608292202, 4.277144148535435], [8.74973246437081, 4.599585419196603], [8.86488793377419, 4.259357336712301], [8.980046316633132, 4.088366737971866], [9.095153962167066, 3.9171115988023866], [9.210340371976184, 4.449650417126703], [9.325453179076687, 4.2950604189049475], [9.44057869576626, 4.020330958368429], [9.555701556014641, 4.206692214158457], [9.670798588378387, 4.343289642674389], [9.785941988681085, 4.272265630425267], [9.901084667919818, 4.369340253482458], [10.016235712227882, 3.9584970003603717], [10.131339999578072, 4.260943307991255], [10.246474238267561, 4.260430980100405], [10.36160835987009, 4.096457764690623], [10.476752620919227, 4.12192885297236], [10.591873415994362, 4.19564800197506], [10.707012640565683, 4.242081378243308], [10.822135503983962, 4.324536114766447], [10.937276835160228, 4.096576415999566], [11.05239680608701, 4.390773054286701], [11.167529530327974, 4.0510786261721], [11.28265658871343, 3.93809645898003], [11.397795157716597, 4.085243972875587]],