{"exact_d1": [[11.512925464970229, 3.735486110520511]], "exact_d2": [[11.512925464970229, 7.015867438532942]], "over": [[11.512925464970229, 10.275952782314492]], "merge_d1": [[11.512925464970229, 4.29601094335459]], "merge_d2": [[11.512925464970229, 6.556536321712766]], "argmin_dic": [[100000, 2]], "time_elapsed": 283.3963952064514}