{"exact": [[6.907755278982137, 6.919945864769123], [8.153349757998892, 6.568570263500489], [8.691146498539675, 8.935574029446562], [9.038958755220563, 6.042027649255403], [9.296518068217235, 9.1562541100533], [9.501142571764207, 10.068668133814892], [9.670924779305427, 9.320016704978586], [9.816021526754852, 9.757339356350988], [9.94270826568941, 9.33590133546236], [10.055135102145268, 6.752949060249996], [10.156189906091882, 6.931247511895851], [10.247963389017864, 9.662569940807733], [10.332017933575289, 9.20042971868945], [10.409551859200409, 10.082503702147195], [10.481504425842441, 7.042807368882979], [10.548625513909712, 6.712007543278093], [10.611523345589823, 9.467951880716926], [10.67069806139613, 6.95134108266873], [10.726565902688105, 9.582518710353652], [10.779476987636757, 6.922535312773791], [10.829728615263452, 6.986033819471804], [10.8775753831365, 6.871079107678056], [10.923236992778513, 9.338439527742702], [10.966904349300577, 9.580707247726497], [11.008744383922906, 9.345466465840381], [11.04890390740204, 9.591086482507048], [11.087512719052368, 7.149935753511203], [11.124686137527133, 9.916424845524038], [11.160527077798756, 9.737680847880197], [11.195127768613824, 6.773318089080921], [11.228571182611121, 9.431621177148418], [11.260932234926955, 6.788524092546075], [11.292278793854607, 9.510930396383449], [11.322672537849993, 9.39529730832881], [11.352169686090834, 9.621766244912921], [11.38082162433689, 9.331803091085725], [11.40867544359643, 7.186546561347527], [11.435774405781814, 9.624133851330482], [11.462158347916576, 6.948559913622051], [11.487864034374857, 6.884343905027155]], "over": [[6.907755278982137, 26.510103408542353], [8.153349757998892, 14.270204112360853], [8.691146498539675, 11.1521070281981], [9.038958755220563, 16.23349657848275], [9.296518068217235, 16.544616706981962], [9.501142571764207, 13.021576500000418], [9.670924779305427, 11.52468836050726], [9.816021526754852, 16.25695600266973], [9.94270826568941, 16.32851944143683], [10.055135102145268, 12.891825555319024], [10.156189906091882, 11.466126260105273], [10.247963389017864, 16.16083128350909], [10.332017933575289, 11.707480536056165], [10.409551859200409, 18.01328336874813], [10.481504425842441, 15.842430756511492], [10.548625513909712, 16.80136977733608], [10.611523345589823, 15.966873919765284], [10.67069806139613, 15.181747206101424], [10.726565902688105, 11.286575423175334], [10.779476987636757, 14.04576618593109], [10.829728615263452, 16.19438967913125], [10.8775753831365, 15.185875345157209], [10.923236992778513, 15.58525027541902], [10.966904349300577, 17.299811801998384], [11.008744383922906, 14.955542312654885], [11.04890390740204, 16.36933379744308], [11.087512719052368, 18.272394707071125], [11.124686137527133, 16.201330315281925], [11.160527077798756, 14.900397088095357], [11.195127768613824, 14.434249355874131], [11.228571182611121, 16.94441504375316], [11.260932234926955, 16.067771655141357], [11.292278793854607, 17.65705321694308], [11.322672537849993, 12.3124163727018], [11.352169686090834, 12.248339348993499], [11.38082162433689, 11.172241104485675], [11.40867544359643, 16.14105606404202], [11.435774405781814, 15.788378265508122], [11.462158347916576, 13.096010837322819], [11.487864034374857, 15.487244279216856]], "merge": [[6.907755278982137, 10.053579813709522], [8.153349757998892, 8.966738886036918], [8.691146498539675, 6.535785444744699], [9.038958755220563, 10.667727429745153], [9.296518068217235, 10.37879837215982], [9.501142571764207, 5.800677494762177], [9.670924779305427, 7.47021490850685], [9.816021526754852, 10.726939948811355], [9.94270826568941, 9.822919164554095], [10.055135102145268, 6.235713063667824], [10.156189906091882, 6.642406344042503], [10.247963389017864, 9.557794020344673], [10.332017933575289, 7.052445195342499], [10.409551859200409, 10.683812403168247], [10.481504425842441, 9.860083376596608], [10.548625513909712, 10.312407457981557], [10.611523345589823, 10.037909008237621], [10.67069806139613, 9.627760168590349], [10.726565902688105, 6.41575039130861], [10.779476987636757, 10.23933255600813], [10.829728615263452, 9.233889534621472], [10.8775753831365, 9.452082116658056], [10.923236992778513, 10.172947797087625], [10.966904349300577, 10.00709692393597], [11.008744383922906, 9.189167381775272], [11.04890390740204, 9.496243218341128], [11.087512719052368, 12.028459671364365], [11.124686137527133, 9.927899115685923], [11.160527077798756, 9.791798369312987], [11.195127768613824, 9.445732282324734], [11.228571182611121, 9.902778169423412], [11.260932234926955, 10.128718700784939], [11.292278793854607, 11.445854348679376], [11.322672537849993, 8.34239814650127], [11.352169686090834, 8.29453825914198], [11.38082162433689, 6.1467059019038], [11.40867544359643, 9.636112993756218], [11.435774405781814, 10.455403504758497], [11.462158347916576, 8.003438037913416], [11.487864034374857, 9.885163323116007]], "argmin_dic": [[1000, 3], [3475, 2], [5950, 3], [8425, 3], [10900, 3], [13375, 2], [15850, 2], [18325, 3], [20800, 3], [23275, 3], [25750, 3], [28225, 3], [30700, 3], [33175, 3], [35650, 3], [38125, 3], [40600, 3], [43075, 2], [45550, 2], [48025, 3], [50500, 3], [52975, 3], [55450, 3], [57925, 3], [60400, 3], [62875, 3], [65350, 3], [67825, 3], [70300, 3], [72775, 3], [75250, 3], [77725, 3], [80200, 3], [82675, 3], [85150, 3], [87625, 3], [90100, 3], [92575, 3], [95050, 2], [97525, 3]], "time_elapsed": 2320.9849965572357}