{"exact_d1": [[6.907755278982137, 3.477125427450887], [8.153349757998892, 3.7107724057969045], [8.691146498539675, 3.837942879510057], [9.038958755220563, 3.7004278246702103], [9.296518068217235, 3.6412487388092565], [9.501142571764207, 3.799339264885536], [9.670924779305427, 3.719910222404385], [9.816021526754852, 3.6896392896927113], [9.94270826568941, 3.765969268522768], [10.055135102145268, 3.826941531204243], [10.156189906091882, 3.722894384986094], [10.247963389017864, 3.7623524938629322], [10.332017933575289, 3.736380662988132], [10.409551859200409, 3.6744409605524546], [10.481504425842441, 3.8107627044866845], [10.548625513909712, 3.721212096706928], [10.611523345589823, 3.7708823548462553], [10.67069806139613, 3.7740225854920597], [10.726565902688105, 3.7322270743349577], [10.779476987636757, 3.760816016282037], [10.829728615263452, 3.6612872011230206], [10.8775753831365, 3.7349925773214943], [10.923236992778513, 3.8067756738011282], [10.966904349300577, 3.80039053721485], [11.008744383922906, 3.754701310743555], [11.04890390740204, 3.7230526702005524], [11.087512719052368, 3.770743346953759], [11.124686137527133, 3.7727131083300214], [11.160527077798756, 3.742232258489631], [11.195127768613824, 3.710999286863825], [11.228571182611121, 3.764198892958588], [11.260932234926955, 3.8034821192199435], [11.292278793854607, 3.7756259001348136], [11.322672537849993, 3.7489008872304197], [11.352169686090834, 3.735609309652313], [11.38082162433689, 3.8168124140905313], [11.40867544359643, 3.7272210915023796], [11.435774405781814, 3.757406669188911], [11.462158347916576, 3.768521220609751], [11.487864034374857, 3.7651580929181914]], "exact_d2": [[6.907755278982137, 6.246202309118461], [8.153349757998892, 5.707945048150377], [8.691146498539675, 6.908012041137593], [9.038958755220563, 6.613344887947039], [9.296518068217235, 6.440514319567897], [9.501142571764207, 6.299682735919802], [9.670924779305427, 6.942538720406403], [9.816021526754852, 7.771991226641891], [9.94270826568941, 7.483396614177307], [10.055135102145268, 7.40375595936939], [10.156189906091882, 6.933009765175069], [10.247963389017864, 6.9994549515477], [10.332017933575289, 6.926292359699715], [10.409551859200409, 6.790480723428883], [10.481504425842441, 7.367089647887911], [10.548625513909712, 6.828525380608862], [10.611523345589823, 6.719277718632148], [10.67069806139613, 6.582176622647902], [10.726565902688105, 7.30377145194569], [10.779476987636757, 6.941922323321572], [10.829728615263452, 6.376600688352431], [10.8775753831365, 6.736236432746516], [10.923236992778513, 7.070907769915837], [10.966904349300577, 6.9359376236312915], [11.008744383922906, 6.868670292821176], [11.04890390740204, 7.027407793802105], [11.087512719052368, 6.819961784355966], [11.124686137527133, 6.446365580215736], [11.160527077798756, 6.803260190343027], [11.195127768613824, 7.165937927248443], [11.228571182611121, 7.3289187498082455], [11.260932234926955, 6.819640119854416], [11.292278793854607, 6.883524140822551], [11.322672537849993, 6.65987512001101], [11.352169686090834, 6.963326399058872], [11.38082162433689, 6.905828320004092], [11.40867544359643, 7.200410841078847], [11.435774405781814, 6.954334856139678], [11.462158347916576, 6.830697439033171], [11.487864034374857, 7.106272141995032]], "over": [[6.907755278982137, 21.196831265609017], [8.153349757998892, 12.303040770385017], [8.691146498539675, 17.65272282575096], [9.038958755220563, 10.568424291857898], [9.296518068217235, 14.02498997595946], [9.501142571764207, 10.158309496830459], [9.670924779305427, 11.094620862243033], [9.816021526754852, 11.320695432874325], [9.94270826568941, 10.322018542344674], [10.055135102145268, 11.132195108051187], [10.156189906091882, 11.474351757838745], [10.247963389017864, 11.81582734853544], [10.332017933575289, 10.908182589877184], [10.409551859200409, 10.330626981440757], [10.481504425842441, 12.185869073332412], [10.548625513909712, 10.752117334201802], [10.611523345589823, 10.507905706911211], [10.67069806139613, 10.544066230348372], [10.726565902688105, 11.679054715226009], [10.779476987636757, 10.786651752920859], [10.829728615263452, 10.214739571138134], [10.8775753831365, 11.175853389882532], [10.923236992778513, 11.941574913420746], [10.966904349300577, 11.660309573159944], [11.008744383922906, 10.82148169414357], [11.04890390740204, 10.74209573129208], [11.087512719052368, 10.509568706352757], [11.124686137527133, 11.290832087240757], [11.160527077798756, 11.561079395728838], [11.195127768613824, 10.938556650769709], [11.228571182611121, 10.697867768501432], [11.260932234926955, 11.417947066016636], [11.292278793854607, 10.419812684401489], [11.322672537849993, 10.996886934539063], [11.352169686090834, 10.60874500277207], [11.38082162433689, 10.515308309280679], [11.40867544359643, 11.21481637405561], [11.435774405781814, 10.592298946236868], [11.462158347916576, 11.341619529638], [11.487864034374857, 12.078269047336718]], "merge_d1": [[6.907755278982137, 4.944932920754095], [8.153349757998892, 4.479572091997827], [8.691146498539675, 5.300139776887131], [9.038958755220563, 4.453183682027723], [9.296518068217235, 3.6511017675678117], [9.501142571764207, 3.8939564576584345], [9.670924779305427, 4.213582300623902], [9.816021526754852, 4.325698259292429], [9.94270826568941, 4.68133698522886], [10.055135102145268, 4.3598001770340735], [10.156189906091882, 3.7694980131616247], [10.247963389017864, 3.8458415798752985], [10.332017933575289, 4.429993202627586], [10.409551859200409, 4.385110962535142], [10.481504425842441, 4.445475679568182], [10.548625513909712, 4.487626109279297], [10.611523345589823, 4.388358116658711], [10.67069806139613, 3.8456691230899973], [10.726565902688105, 4.3463095463075545], [10.779476987636757, 4.464634333287779], [10.829728615263452, 4.3927036526076675], [10.8775753831365, 3.8123867229847757], [10.923236992778513, 4.402291135221644], [10.966904349300577, 3.8810714736867564], [11.008744383922906, 4.455306420908996], [11.04890390740204, 4.362327366379979], [11.087512719052368, 3.8873403588701887], [11.124686137527133, 4.427318515049999], [11.160527077798756, 3.802575957836798], [11.195127768613824, 4.398627510476831], [11.228571182611121, 4.445445017512033], [11.260932234926955, 3.875935438301341], [11.292278793854607, 3.882859564429031], [11.322672537849993, 4.421111870934957], [11.352169686090834, 4.42348501879396], [11.38082162433689, 4.44959192579928], [11.40867544359643, 3.8378622833093528], [11.435774405781814, 4.436557503314763], [11.462158347916576, 3.8490839864010375], [11.487864034374857, 3.8438269744173064]],