{"exact_d1": [[11.512925464970229, 3.868109405915531]], "exact_d2": [[11.512925464970229, 6.699141516980295]], "over": [[11.512925464970229, 8.436436637136763]], "merge_d1": [[11.512925464970229, 4.344758740881464]], "merge_d2": [[11.512925464970229, 5.959490528598201]], "argmin_dic": [[100000, 2]], "time_elapsed": 230.381192445755}