{"exact_d1": [[6.906754778648554, 3.828313975922905], [7.022868086082641, 3.6784025603885295], [7.1372784372603855, 4.28685605865035], [7.252762418053187, 5.046573546144116], [7.367708572374371, 4.016257485453862], [7.48324441607385, 3.4883625510267624], [7.598399329323964, 4.023450735671933], [7.71333788887187, 3.5364995565266457], [7.828436359157585, 3.9663275600941192], [7.943782692458625, 3.9286868571826727], [8.058960017769417, 3.7250967687853276], [8.17413934342947, 3.673312921195914], [8.289288323000317, 3.6890428128387645], [8.404248432400102, 4.774936518454825], [8.519390774959724, 3.9196668618436386], [8.634620608292202, 3.9078951892239058], [8.74973246437081, 3.639285876828298], [8.86488793377419, 3.4858459631573777], [8.980046316633132, 3.841332810660617], [9.095153962167066, 3.6922155782915853], [9.210340371976184, 3.5042463871715435], [9.325453179076687, 3.4680074379724206], [9.44057869576626, 3.7018747007876573], [9.555701556014641, 3.864093128322395], [9.670798588378387, 3.7829893035758793], [9.785941988681085, 3.7635612859396446], [9.901084667919818, 3.7098363828956074], [10.016235712227882, 3.958059520110985], [10.131339999578072, 3.852665445029263], [10.246474238267561, 3.7121015101568164], [10.36160835987009, 3.388896203377711], [10.476752620919227, 3.6417131043212043], [10.591873415994362, 3.5880098626446677], [10.707012640565683, 3.6960007263173957], [10.822135503983962, 3.5914524953195475], [10.937276835160228, 3.769488471500536], [11.05239680608701, 3.813095189574058], [11.167529530327974, 3.8644148495788513], [11.28265658871343, 3.868451874638388], [11.397795157716597, 3.537193147334776]], "exact_d2": [[6.906754778648554, 7.85650976138649], [7.022868086082641, 11.071493727904116], [7.1372784372603855, 12.200751298938268], [7.252762418053187, 15.670113026366415], [7.367708572374371, 6.861227474760735], [7.48324441607385, 10.223001197684594], [7.598399329323964, 16.277832472758742], [7.71333788887187, 7.750012769811601], [7.828436359157585, 6.232157259018222], [7.943782692458625, 8.75755268170567], [8.058960017769417, 8.886824045231142], [8.17413934342947, 9.322085879939776], [8.289288323000317, 13.840985064997662], [8.404248432400102, 20.042379222812382], [8.519390774959724, 8.825280332169642], [8.634620608292202, 7.246185294245111], [8.74973246437081, 6.833504781445369], [8.86488793377419, 11.785472712747822], [8.980046316633132, 7.157734801292126], [9.095153962167066, 6.309505046027711], [9.210340371976184, 10.972609659060907], [9.325453179076687, 9.679423540709031], [9.44057869576626, 6.521463033302418], [9.555701556014641, 8.810510629644744], [9.670798588378387, 7.172963029537219], [9.785941988681085, 7.204732492849561], [9.901084667919818, 5.865044508241666], [10.016235712227882, 7.970414688333161], [10.131339999578072, 6.833539094524806], [10.246474238267561, 5.944421562868917], [10.36160835987009, 8.674642841709037], [10.476752620919227, 5.187019543167142], [10.591873415994362, 10.329872566015357], [10.707012640565683, 6.3363519612144374], [10.822135503983962, 8.798017720070156], [10.937276835160228, 7.340490119414432], [11.05239680608701, 7.269637173947242], [11.167529530327974, 8.001417000823169], [11.28265658871343, 7.24956839382172], [11.397795157716597, 9.855449687612618]], "over": [[6.906754778648554, 28.1199065483439], [7.022868086082641, 26.571492528066816], [7.1372784372603855, 32.869381571039234], [7.252762418053187, 38.0503392465651], [7.367708572374371, 32.0274466629845], [7.48324441607385, 22.163924550557386], [7.598399329323964, 29.477606572304225], [7.71333788887187, 14.812701075996147], [7.828436359157585, 18.07550162746114], [7.943782692458625, 15.399353816865993], [8.058960017769417, 15.038971750876637], [8.17413934342947, 15.232337705138235], [8.289288323000317, 28.776069703663115], [8.404248432400102, 24.072781105071552], [8.519390774959724, 28.869143392316857], [8.634620608292202, 13.744389980599362], [8.74973246437081, 11.931644953386503], [8.86488793377419, 10.736227524259608], [8.980046316633132, 8.743799058251632], [9.095153962167066, 12.47758509599914], [9.210340371976184, 10.5758475389093], [9.325453179076687, 12.278394002072632], [9.44057869576626, 16.100404787330728], [9.555701556014641, 13.392067680276032], [9.670798588378387, 16.767081548952444], [9.785941988681085, 15.004215492561016], [9.901084667919818, 12.689681274524443], [10.016235712227882, 10.089673649123428], [10.131339999578072, 13.73780890187541], [10.246474238267561, 10.94305594951777], [10.36160835987009, 8.776744473727609], [10.476752620919227, 11.419942321978581], [10.591873415994362, 9.636220851023017], [10.707012640565683, 11.815941752578505], [10.822135503983962, 11.587617066434085], [10.937276835160228, 9.101571154371292], [11.05239680608701, 9.42556814512094], [11.167529530327974, 15.110371378045917], [11.28265658871343, 10.925679635943112], [11.397795157716597, 10.205153677093382]], "merge_d1": [[6.906754778648554, 4.827891899040459], [7.022868086082641, 4.879060918376361], [7.1372784372603855, 4.531195943067921], [7.252762418053187, 5.060687574092117], [7.367708572374371, 4.855887579131699], [7.48324441607385, 4.254137984609563], [7.598399329323964, 4.6750758953619425], [7.71333788887187, 4.698756027422538], [7.828436359157585, 4.318628334281296], [7.943782692458625, 4.034912529165834], [8.058960017769417, 4.492046152701949], [8.17413934342947, 4.283878862625172], [8.289288323000317, 4.994337050141367], [8.404248432400102, 4.939552364794755], [8.519390774959724, 4.420499865935907], [8.634620608292202, 4.184959396362925], [8.74973246437081, 4.124003897407299], [8.86488793377419, 3.9560246215188357], [8.980046316633132, 4.349195228868176], [9.095153962167066, 4.1492429668490205], [9.210340371976184, 4.224960176308902], [9.325453179076687, 4.157752756010522], [9.44057869576626, 4.212895897055516], [9.555701556014641, 4.203833213714457], [9.670798588378387, 4.409947923608987], [9.785941988681085, 4.040759613473801], [9.901084667919818, 4.196289909254744], [10.016235712227882, 4.2704915213126755], [10.131339999578072, 4.20958060752721], [10.246474238267561, 3.9005316538779176], [10.36160835987009, 4.218216297339408], [10.476752620919227, 4.201926916442571], [10.591873415994362, 4.313126614906373], [10.707012640565683, 4.2872450529190305], [10.822135503983962, 4.274100585133278], [10.937276835160228, 4.3256054476458585], [11.05239680608701, 4.214022067964388], [11.167529530327974, 4.3541353619730785], [11.28265658871343, 3.980588798755259], [11.397795157716597, 4.248489737192041]],