{"exact_d1": [[11.512925464970229, 3.92027298913624]], "exact_d2": [[11.512925464970229, 7.2960868216370525]], "over": [[11.512925464970229, 12.380012450740935]], "merge_d1": [[11.512925464970229, 4.250698494460963]], "merge_d2": [[11.512925464970229, 6.903427496547777]], "argmin_dic": [[100000, 2]], "time_elapsed": 251.71777439117432}