{"exact_d1": [[11.512925464970229, 3.811859602164038]], "exact_d2": [[11.512925464970229, 7.584887715863141]], "over": [[11.512925464970229, 10.569954111544149]], "merge_d1": [[11.512925464970229, 4.3012490269501695]], "merge_d2": [[11.512925464970229, 6.65043349854095]], "argmin_dic": [[100000, 2]], "time_elapsed": 138.55851316452026}