{"exact_d1": [[6.906754778648554, 5.723779618204978], [7.022868086082641, 4.787276447352003], [7.1372784372603855, 6.619274995619179], [7.252762418053187, 3.5432629375289646], [7.367708572374371, 4.019052073087626], [7.48324441607385, 4.136993356074395], [7.598399329323964, 4.255552311940838], [7.71333788887187, 4.6134020658018295], [7.828436359157585, 3.1601080051383024], [7.943782692458625, 3.5767929680770876], [8.058960017769417, 3.910293591983942], [8.17413934342947, 3.898589411074319], [8.289288323000317, 3.939479359674245], [8.404248432400102, 4.176747335478449], [8.519390774959724, 4.228283901927043], [8.634620608292202, 3.69080460284387], [8.74973246437081, 3.8320332172793368], [8.86488793377419, 3.9442509966318298], [8.980046316633132, 3.7901674809910295], [9.095153962167066, 4.167321438857771], [9.210340371976184, 4.102856980087454], [9.325453179076687, 3.9278886221975284], [9.44057869576626, 3.355478591310662], [9.555701556014641, 4.01062037682764], [9.670798588378387, 3.8058289458744325], [9.785941988681085, 3.525326582666292], [9.901084667919818, 3.5667197605974077], [10.016235712227882, 3.3893409537267503], [10.131339999578072, 3.7477079839325986], [10.246474238267561, 3.7951835791126984], [10.36160835987009, 3.5179748343711426], [10.476752620919227, 3.9860256193088146], [10.591873415994362, 3.7617130612972747], [10.707012640565683, 3.6763684155372585], [10.822135503983962, 3.6342397042092327], [10.937276835160228, 3.8358757007924815], [11.05239680608701, 3.709194742561909], [11.167529530327974, 3.461149580820838], [11.28265658871343, 3.748046615937922], [11.397795157716597, 3.89572962573477]], "exact_d2": [[6.906754778648554, 22.50065196314611], [7.022868086082641, 14.944947236097937], [7.1372784372603855, 35.738834093070174], [7.252762418053187, 11.765453780157783], [7.367708572374371, 11.189798861666178], [7.48324441607385, 11.318473401918675], [7.598399329323964, 7.591372865887595], [7.71333788887187, 16.679294070989087], [7.828436359157585, 5.928122214339018], [7.943782692458625, 5.358394674427458], [8.058960017769417, 15.535775919536764], [8.17413934342947, 7.035119267048934], [8.289288323000317, 7.7842449881011655], [8.404248432400102, 8.894524464935412], [8.519390774959724, 8.462426112436935], [8.634620608292202, 9.446205879134064], [8.74973246437081, 7.099551616388159], [8.86488793377419, 8.001896046016938], [8.980046316633132, 7.852741101746934], [9.095153962167066, 14.698259323594627], [9.210340371976184, 8.602521270124031], [9.325453179076687, 9.650569424917668], [9.44057869576626, 7.38453671465616], [9.555701556014641, 9.89822145817777], [9.670798588378387, 8.50723279137503], [9.785941988681085, 8.43640556076674], [9.901084667919818, 8.196938178491552], [10.016235712227882, 7.9023617485406445], [10.131339999578072, 10.574186109302344], [10.246474238267561, 7.005229872979528], [10.36160835987009, 9.454609385109865], [10.476752620919227, 7.432045227569523], [10.591873415994362, 6.902111730561459], [10.707012640565683, 6.380938249642215], [10.822135503983962, 9.559001264029238], [10.937276835160228, 7.896631553203986], [11.05239680608701, 6.429614617906522], [11.167529530327974, 8.859618646663975], [11.28265658871343, 7.229574152959798], [11.397795157716597, 8.31282461693442]], "over": [[6.906754778648554, 32.99954620604921], [7.022868086082641, 37.8043520681301], [7.1372784372603855, 42.31830290661917], [7.252762418053187, 31.907867504264473], [7.367708572374371, 23.756718950673093], [7.48324441607385, 23.36041317632339], [7.598399329323964, 19.626158097435912], [7.71333788887187, 27.33533031910431], [7.828436359157585, 21.909706869786017], [7.943782692458625, 11.36429792993157], [8.058960017769417, 29.667965191303384], [8.17413934342947, 10.423667617324009], [8.289288323000317, 13.97744071907885], [8.404248432400102, 15.959313858969464], [8.519390774959724, 21.108914386748385], [8.634620608292202, 19.716992792925222], [8.74973246437081, 17.671885546808976], [8.86488793377419, 13.390519819498053], [8.980046316633132, 14.007662129986828], [9.095153962167066, 14.367899960236503], [9.210340371976184, 19.313384496749773], [9.325453179076687, 8.895920510154255], [9.44057869576626, 13.690764879205263], [9.555701556014641, 13.146430039682665], [9.670798588378387, 10.653792365423623], [9.785941988681085, 10.564443773717171], [9.901084667919818, 11.826432790303903], [10.016235712227882, 13.458663906301958], [10.131339999578072, 11.623787171076957], [10.246474238267561, 8.19668967227816], [10.36160835987009, 8.686050962035205], [10.476752620919227, 11.470125646491454], [10.591873415994362, 9.8486419973523], [10.707012640565683, 10.125845007403194], [10.822135503983962, 10.903283467443055], [10.937276835160228, 9.960142282793912], [11.05239680608701, 15.393556674964387], [11.167529530327974, 8.782616311798607], [11.28265658871343, 10.62425146100071], [11.397795157716597, 13.463378803353109]], "merge_d1": [[6.906754778648554, 4.928121530056825], [7.022868086082641, 4.791810672243772], [7.1372784372603855, 5.321728568085377], [7.252762418053187, 4.8781034666382626], [7.367708572374371, 5.089566523437428], [7.48324441607385, 3.7109286584280197], [7.598399329323964, 4.5172253293236615], [7.71333788887187, 4.675642395944915], [7.828436359157585, 4.296723347553491], [7.943782692458625, 4.161172941015978], [8.058960017769417, 4.3879991167355366], [8.17413934342947, 4.417334284847374], [8.289288323000317, 4.414742492921405], [8.404248432400102, 4.065656736605604], [8.519390774959724, 4.56353031365623], [8.634620608292202, 4.4518370954931195], [8.74973246437081, 4.343078058812754], [8.86488793377419, 4.324687448765983], [8.980046316633132, 4.083168199165018], [9.095153962167066, 4.478557749203799], [9.210340371976184, 4.562470275983154], [9.325453179076687, 3.88696481691839], [9.44057869576626, 4.055052830835066], [9.555701556014641, 4.319504725828196], [9.670798588378387, 4.345102855656477], [9.785941988681085, 4.138218563544914], [9.901084667919818, 4.258262913506784], [10.016235712227882, 4.189820516294385], [10.131339999578072, 4.260944026835241], [10.246474238267561, 4.1598711503829096], [10.36160835987009, 4.300187970154065], [10.476752620919227, 4.356810392935648], [10.591873415994362, 4.031578128093908], [10.707012640565683, 4.275666192878876], [10.822135503983962, 4.227599688870617], [10.937276835160228, 4.018098582176449], [11.05239680608701, 4.27803703901723], [11.167529530327974, 4.274582690076476], [11.28265658871343, 4.135171143570119], [11.397795157716597, 4.097791433961313]],