{"exact": [[6.907755278982137, 10.220241075981242], [8.153349757998892, 5.95753484451373], [8.691146498539675, 10.238929477336736], [9.038958755220563, 9.646004266410909], [9.296518068217235, 9.093638014624943], [9.501142571764207, 9.341120965703901], [9.670924779305427, 9.703534171875953], [9.816021526754852, 6.8083939591314095], [9.94270826568941, 6.884452877853362], [10.055135102145268, 7.091247551881316], [10.156189906091882, 9.919887097773032], [10.247963389017864, 9.438041874592646], [10.332017933575289, 9.785549005566716], [10.409551859200409, 6.922605562256388], [10.481504425842441, 9.63417315907053], [10.548625513909712, 9.918854755394994], [10.611523345589823, 6.881430454358201], [10.67069806139613, 9.412369443424142], [10.726565902688105, 9.708251427438247], [10.779476987636757, 6.946396867404624], [10.829728615263452, 6.6094899000176435], [10.8775753831365, 9.377293260196767], [10.923236992778513, 10.160544656664513], [10.966904349300577, 6.811721875254567], [11.008744383922906, 7.086354297859693], [11.04890390740204, 6.638353263014044], [11.087512719052368, 9.292329329421836], [11.124686137527133, 10.085771914869376], [11.160527077798756, 6.957829973934084], [11.195127768613824, 6.967420144004465], [11.228571182611121, 6.9714391293173765], [11.260932234926955, 9.304316235347883], [11.292278793854607, 9.740545168465195], [11.322672537849993, 6.935913313341801], [11.352169686090834, 6.606503094342743], [11.38082162433689, 10.197987040742563], [11.40867544359643, 9.633048639819867], [11.435774405781814, 9.313185347904975], [11.462158347916576, 9.393155081108109], [11.487864034374857, 9.135789129366943]], "over": [[6.907755278982137, 21.93980356366675], [8.153349757998892, 14.502635892325086], [8.691146498539675, 13.39318471053528], [9.038958755220563, 12.622736130269365], [9.296518068217235, 16.36903326787378], [9.501142571764207, 14.292716161234539], [9.670924779305427, 18.92011807269667], [9.816021526754852, 16.243953467052734], [9.94270826568941, 14.901875428936512], [10.055135102145268, 11.731464127126289], [10.156189906091882, 14.890391219805036], [10.247963389017864, 16.3575856475136], [10.332017933575289, 15.459213472154973], [10.409551859200409, 11.653308483743015], [10.481504425842441, 15.078355845879521], [10.548625513909712, 16.335332929722437], [10.611523345589823, 17.84439388661879], [10.67069806139613, 11.54105424186892], [10.726565902688105, 14.699527268942084], [10.779476987636757, 15.52325363139463], [10.829728615263452, 11.620033905191354], [10.8775753831365, 15.277600592147849], [10.923236992778513, 15.232595158015169], [10.966904349300577, 15.173659412171784], [11.008744383922906, 14.555187604509447], [11.04890390740204, 16.211917373995362], [11.087512719052368, 11.473611269699628], [11.124686137527133, 12.339468752189408], [11.160527077798756, 14.587807205993679], [11.195127768613824, 12.179742925606838], [11.228571182611121, 17.299422993423452], [11.260932234926955, 13.795699308381518], [11.292278793854607, 15.920065658792968], [11.322672537849993, 15.070782635995423], [11.352169686090834, 16.018649050077684], [11.38082162433689, 13.420639911767568], [11.40867544359643, 15.514865694867138], [11.435774405781814, 13.255806757368406], [11.462158347916576, 16.08332038309786], [11.487864034374857, 17.291956893074072]], "merge": [[6.907755278982137, 9.549258225027636], [8.153349757998892, 8.771433246957653], [8.691146498539675, 8.8108652092534], [9.038958755220563, 8.421417124458381], [9.296518068217235, 10.140049345775399], [9.501142571764207, 9.023657044915886], [9.670924779305427, 11.618046215490777], [9.816021526754852, 9.743824701189938], [9.94270826568941, 9.557870082248481], [10.055135102145268, 7.156144591140046], [10.156189906091882, 9.735111121600573], [10.247963389017864, 9.556957011866071], [10.332017933575289, 9.813775127691917], [10.409551859200409, 7.003136293702208], [10.481504425842441, 9.114182249674464], [10.548625513909712, 10.263816908620175], [10.611523345589823, 10.59489856507136], [10.67069806139613, 7.8006019527503945], [10.726565902688105, 9.358589472343139], [10.779476987636757, 9.908139531212067], [10.829728615263452, 7.214239713710688], [10.8775753831365, 9.578528380021817], [10.923236992778513, 9.5679117749462], [10.966904349300577, 9.624657759602172], [11.008744383922906, 9.183130667268344], [11.04890390740204, 9.390728868075728], [11.087512719052368, 6.367165543516953], [11.124686137527133, 7.322477766300714], [11.160527077798756, 9.143359266520815], [11.195127768613824, 8.546972639087858], [11.228571182611121, 9.869702421403614], [11.260932234926955, 8.941073117289617], [11.292278793854607, 10.08557652292559], [11.322672537849993, 9.710672789662611], [11.352169686090834, 8.83795609118568], [11.38082162433689, 6.912154561038809], [11.40867544359643, 9.697525258186822], [11.435774405781814, 7.982415323607985], [11.462158347916576, 9.605327428010643], [11.487864034374857, 11.39636028784231]], "argmin_dic": [[1000, 5], [3475, 2], [5950, 2], [8425, 3], [10900, 3], [13375, 3], [15850, 3], [18325, 3], [20800, 3], [23275, 3], [25750, 3], [28225, 3], [30700, 3], [33175, 3], [35650, 3], [38125, 3], [40600, 3], [43075, 2], [45550, 3], [48025, 3], [50500, 3], [52975, 3], [55450, 2], [57925, 3], [60400, 3], [62875, 3], [65350, 3], [67825, 3], [70300, 3], [72775, 2], [75250, 3], [77725, 3], [80200, 3], [82675, 2], [85150, 2], [87625, 3], [90100, 3], [92575, 3], [95050, 3], [97525, 3]], "time_elapsed": 2249.1372814178467}