{"exact": [[6.907755278982137, 11.352589126954944], [8.153349757998892, 8.16429288563029], [8.691146498539675, 6.804073894763792], [9.038958755220563, 6.9507707612434855], [9.296518068217235, 7.288706477689827], [9.501142571764207, 9.935858218931687], [9.670924779305427, 7.270825903640749], [9.816021526754852, 9.1529815725803], [9.94270826568941, 9.470079428249713], [10.055135102145268, 9.36432831912432], [10.156189906091882, 7.149061015659944], [10.247963389017864, 7.034910454937288], [10.332017933575289, 9.155460553967744], [10.409551859200409, 9.774202431764406], [10.481504425842441, 9.3796424473755], [10.548625513909712, 9.51110118643043], [10.611523345589823, 10.137648924783676], [10.67069806139613, 9.46088721214153], [10.726565902688105, 9.371791101320934], [10.779476987636757, 7.496030735524464], [10.829728615263452, 6.908237616072185], [10.8775753831365, 9.550872339045338], [10.923236992778513, 9.705130861266817], [10.966904349300577, 9.423303099845484], [11.008744383922906, 9.318129410969782], [11.04890390740204, 6.630961652929959], [11.087512719052368, 9.700337819935797], [11.124686137527133, 9.387310914954027], [11.160527077798756, 7.282686647037458], [11.195127768613824, 7.1692536925425605], [11.228571182611121, 6.977655248306784], [11.260932234926955, 6.666703615466748], [11.292278793854607, 7.1140716063112075], [11.322672537849993, 6.86705822669083], [11.352169686090834, 9.42399372675288], [11.38082162433689, 9.861993675242479], [11.40867544359643, 9.187948168286454], [11.435774405781814, 9.292611286253727], [11.462158347916576, 9.795167035633304], [11.487864034374857, 7.165673884682779]], "over": [[6.907755278982137, 23.785322753447783], [8.153349757998892, 18.279814390722887], [8.691146498539675, 17.568849377726938], [9.038958755220563, 16.483988736973462], [9.296518068217235, 10.154445010018978], [9.501142571764207, 16.569170167555995], [9.670924779305427, 12.094642763384778], [9.816021526754852, 15.947635959150263], [9.94270826568941, 10.582326449602622], [10.055135102145268, 11.16088548621317], [10.156189906091882, 16.437452880298274], [10.247963389017864, 11.805074677059903], [10.332017933575289, 10.145304648519138], [10.409551859200409, 16.75777837317691], [10.481504425842441, 10.912502206036807], [10.548625513909712, 16.4613504512335], [10.611523345589823, 17.308079246539943], [10.67069806139613, 15.06106316903343], [10.726565902688105, 11.073639517113723], [10.779476987636757, 19.097563058925353], [10.829728615263452, 15.765999142742148], [10.8775753831365, 17.630304776377866], [10.923236992778513, 10.716525381343631], [10.966904349300577, 16.449128562038698], [11.008744383922906, 16.138918218293945], [11.04890390740204, 10.79000612951187], [11.087512719052368, 9.992929288502141], [11.124686137527133, 18.1149630658983], [11.160527077798756, 10.867559434886902], [11.195127768613824, 10.787035205510954], [11.228571182611121, 17.12823901930886], [11.260932234926955, 9.408420470646114], [11.292278793854607, 16.032291327323282], [11.322672537849993, 16.47232142365002], [11.352169686090834, 11.5565342207119], [11.38082162433689, 16.360812250403374], [11.40867544359643, 15.042116727637438], [11.435774405781814, 16.62967131792958], [11.462158347916576, 17.622981120388673], [11.487864034374857, 16.366345361543747]], "merge": [[6.907755278982137, 12.942118020721585], [8.153349757998892, 6.585601284895676], [8.691146498539675, 9.27115456255373], [9.038958755220563, 9.664243873662093], [9.296518068217235, 7.368897186311538], [9.501142571764207, 8.309100593870559], [9.670924779305427, 7.2644640617374545], [9.816021526754852, 10.337318348607404], [9.94270826568941, 7.392056426664861], [10.055135102145268, 7.297250142171031], [10.156189906091882, 10.261874796550499], [10.247963389017864, 7.205029467996984], [10.332017933575289, 6.419683629931578], [10.409551859200409, 11.011501554956242], [10.481504425842441, 7.296699976546574], [10.548625513909712, 10.87504562720262], [10.611523345589823, 9.536305800734967], [10.67069806139613, 9.771560961416004], [10.726565902688105, 7.058691337781756], [10.779476987636757, 10.474769438377303], [10.829728615263452, 10.394817941485819], [10.8775753831365, 9.407581842063578], [10.923236992778513, 6.9134679432118595], [10.966904349300577, 9.473491135299406], [11.008744383922906, 9.39379887833749], [11.04890390740204, 7.2901784791157995], [11.087512719052368, 6.65855292531608], [11.124686137527133, 10.838669815817985], [11.160527077798756, 7.2654824235019415], [11.195127768613824, 6.990085688529723], [11.228571182611121, 11.35736388040364], [11.260932234926955, 6.983482044115133], [11.292278793854607, 9.055581396832935], [11.322672537849993, 10.847428802974749], [11.352169686090834, 7.048417249147638], [11.38082162433689, 10.251001456570334], [11.40867544359643, 9.574642638632463], [11.435774405781814, 9.910538611078023], [11.462158347916576, 10.265544143391379], [11.487864034374857, 10.20480166007861]], "argmin_dic": [[1000, 2], [3475, 3], [5950, 3], [8425, 3], [10900, 2], [13375, 3], [15850, 3], [18325, 3], [20800, 2], [23275, 2], [25750, 3], [28225, 3], [30700, 3], [33175, 3], [35650, 2], [38125, 3], [40600, 3], [43075, 3], [45550, 3], [48025, 3], [50500, 3], [52975, 3], [55450, 3], [57925, 3], [60400, 3], [62875, 3], [65350, 3], [67825, 3], [70300, 3], [72775, 3], [75250, 3], [77725, 3], [80200, 3], [82675, 3], [85150, 3], [87625, 3], [90100, 3], [92575, 3], [95050, 3], [97525, 3]], "time_elapsed": 1811.0538895130157}