{"exact_d1": [[11.512925464970229, 3.775059070871725]], "exact_d2": [[11.512925464970229, 7.562322447226601]], "over": [[11.512925464970229, 12.312973537604902]], "merge_d1": [[11.512925464970229, 4.327020086741048]], "merge_d2": [[11.512925464970229, 7.667281861173132]], "argmin_dic": [[100000, 2]], "time_elapsed": 184.39110207557678}