{"exact_d1": [[11.512925464970229, 3.9465632372936765]], "exact_d2": [[11.512925464970229, 7.3605733330760295]], "over": [[11.512925464970229, 11.537653193407493]], "merge_d1": [[11.512925464970229, 4.1078258423810174]], "merge_d2": [[11.512925464970229, 6.561059004467234]], "argmin_dic": [[100000, 2]], "time_elapsed": 234.66130805015564}