{"exact_d1": [[11.512925464970229, 3.744780831363099]], "exact_d2": [[11.512925464970229, 6.629348875464289]], "over": [[11.512925464970229, 9.271677187988093]], "merge_d1": [[11.512925464970229, 4.185564625702008]], "merge_d2": [[11.512925464970229, 6.225613620162871]], "argmin_dic": [[100000, 2]], "time_elapsed": 334.3902778625488}