{"exact_d1": [[11.512925464970229, 3.7821048216938187]], "exact_d2": [[11.512925464970229, 7.028478040276728]], "over": [[11.512925464970229, 9.087207271137173]], "merge_d1": [[11.512925464970229, 4.32547771359474]], "merge_d2": [[11.512925464970229, 6.2498290997894665]], "argmin_dic": [[100000, 2]], "time_elapsed": 181.5744593143463}