{"exact_d1": [[11.512925464970229, 3.835154912000776]], "exact_d2": [[11.512925464970229, 7.49090103711421]], "over": [[11.512925464970229, 12.38857238480096]], "merge_d1": [[11.512925464970229, 4.178202585979409]], "merge_d2": [[11.512925464970229, 7.29810579163673]], "argmin_dic": [[100000, 2]], "time_elapsed": 142.4364206790924}