{"exact_d1": [[11.512925464970229, 3.818077776791295]], "exact_d2": [[11.512925464970229, 7.47722818562003]], "over": [[11.512925464970229, 9.837039596282132]], "merge_d1": [[11.512925464970229, 4.28030848254198]], "merge_d2": [[11.512925464970229, 6.459121645842113]], "argmin_dic": [[100000, 2]], "time_elapsed": 299.0116996765137}