{"exact_d1": [[11.512925464970229, 3.7952117516502226]], "exact_d2": [[11.512925464970229, 7.234206053097113]], "over": [[11.512925464970229, 9.71181969588846]], "merge_d1": [[11.512925464970229, 4.316390643539428]], "merge_d2": [[11.512925464970229, 6.59571865617886]], "argmin_dic": [[100000, 2]], "time_elapsed": 185.27123618125916}