{"exact_d1": [[11.512925464970229, 3.970685967180811]], "exact_d2": [[11.512925464970229, 7.674553314030457]], "over": [[11.512925464970229, 12.138457591138526]], "merge_d1": [[11.512925464970229, 4.267127011314348]], "merge_d2": [[11.512925464970229, 7.011600809070757]], "argmin_dic": [[100000, 2]], "time_elapsed": 339.2525198459625}