{"exact_d1": [[11.512925464970229, 3.84714302063535]], "exact_d2": [[11.512925464970229, 6.693448485014992]], "over": [[11.512925464970229, 14.645455929568266]], "merge_d1": [[11.512925464970229, 4.148812705562115]], "merge_d2": [[11.512925464970229, 7.7992309560225666]], "argmin_dic": [[100000, 2]], "time_elapsed": 454.5813772678375}