{"exact_d1": [[9.210340371976184, 3.833318487029401], [9.250522161609014, 4.035995447868971], [9.290721483922995, 3.7279452285210426], [9.330963814299922, 3.6235226874461537], [9.371268036082466, 4.071372125785726], [9.411483683010726, 3.8066316670850524], [9.451716691551452, 3.699311547406807], [9.491979220880678, 3.771713879023344], [9.532206456208034, 3.646404843358988], [9.572410734431823, 3.976121725262456], [9.612667227583843, 3.8197259431076866], [9.65290856803585, 3.7465736403501895], [9.693136823020671, 3.81217628556849], [9.733351450605975, 3.8143072160707225], [9.773606631681607, 3.827141901354503], [9.81383633058348, 3.8401685770139915], [9.854087202241, 3.69789734321704], [9.894345894618844, 3.865741734373196], [9.934550077987947, 3.8994929565575185], [9.974784434418162, 3.7984751320118035], [10.015028927269036, 3.905251450844394], [10.055263987501922, 3.8212290687305783], [10.095511884791469, 3.801044204646018], [10.135749405494865, 3.7972474012133297], [10.175992533388062, 4.078938475089053], [10.216215833592425, 4.098674955382952], [10.25646567163057, 3.866271965130721], [10.29667762976868, 3.702508342988584], [10.336924443719042, 3.796603929276885], [10.377171899621436, 3.8546180037692124], [10.417418350255533, 3.775481277404837], [10.457631253015656, 3.7170799383827755], [10.497863570996053, 3.803769842357716], [10.53810479090567, 3.8584700268132934], [10.578343463123822, 3.945757874754053], [10.618591900448115, 3.7935550862523195], [10.658811091522749, 3.779354945015247], [10.699055933195222, 3.9123105698086063], [10.739305484260235, 3.7987359334303985], [10.779539453150608, 3.7665302567448786]], "exact_d2": [[9.210340371976184, 7.692939472970757], [9.250522161609014, 8.03638006704608], [9.290721483922995, 6.526135206377942], [9.330963814299922, 5.9727501608334626], [9.371268036082466, 8.626516577544304], [9.411483683010726, 7.633872817594961], [9.451716691551452, 6.919293544755422], [9.491979220880678, 6.652121114302488], [9.532206456208034, 6.069523313492363], [9.572410734431823, 7.78657814696837], [9.612667227583843, 7.663820616387098], [9.65290856803585, 8.069932706362943], [9.693136823020671, 7.607832413681357], [9.733351450605975, 6.7768740104973375], [9.773606631681607, 6.7285461068259895], [9.81383633058348, 7.146942153846245], [9.854087202241, 5.563499840021469], [9.894345894618844, 7.42229687132614], [9.934550077987947, 6.643800874485649], [9.974784434418162, 7.134019914101274], [10.015028927269036, 6.976111734662807], [10.055263987501922, 6.7574513943555665], [10.095511884791469, 7.283269198841632], [10.135749405494865, 7.435417782079552], [10.175992533388062, 8.583854291584624], [10.216215833592425, 9.605162167095397], [10.25646567163057, 7.669468328125671], [10.29667762976868, 6.096055271580987], [10.336924443719042, 7.082336909893753], [10.377171899621436, 6.481596796923321], [10.417418350255533, 6.826504193801272], [10.457631253015656, 5.972207421583616], [10.497863570996053, 6.837438568460787], [10.53810479090567, 7.073178451247746], [10.578343463123822, 7.775258778601454], [10.618591900448115, 5.9853460989307745], [10.658811091522749, 7.620652308849234], [10.699055933195222, 6.8384969869083845], [10.739305484260235, 7.193216145789842], [10.779539453150608, 7.4576970904197655]], "over": [[9.210340371976184, 12.221657773277824], [9.250522161609014, 16.413954313768503], [9.290721483922995, 10.889201221909973], [9.330963814299922, 11.20817029537155], [9.371268036082466, 13.435738256142786], [9.411483683010726, 11.636907231593353], [9.451716691551452, 10.85608955584761], [9.491979220880678, 9.672019423906708], [9.532206456208034, 14.586290526108831], [9.572410734431823, 13.873294838941021], [9.612667227583843, 21.350770148322354], [9.65290856803585, 10.943251096925804], [9.693136823020671, 17.714961006007066], [9.733351450605975, 12.022840630813109], [9.773606631681607, 8.425252836842859], [9.81383633058348, 9.672173582274096], [9.854087202241, 10.280977625869173], [9.894345894618844, 11.959285312424921], [9.934550077987947, 11.42760473145057], [9.974784434418162, 11.971729753685043], [10.015028927269036, 12.525999223874297], [10.055263987501922, 9.80580916264627], [10.095511884791469, 11.24062663987766], [10.135749405494865, 11.004867207076265], [10.175992533388062, 8.82760084469811], [10.216215833592425, 12.78536401183033], [10.25646567163057, 11.618101257622435], [10.29667762976868, 11.080147556329425], [10.336924443719042, 13.235081141187447], [10.377171899621436, 11.77749571922628], [10.417418350255533, 10.155643963972729], [10.457631253015656, 14.65550749637076], [10.497863570996053, 16.25958611907152], [10.53810479090567, 11.153319699105294], [10.578343463123822, 10.420924166108955], [10.618591900448115, 8.956746858517537], [10.658811091522749, 10.955600595383451], [10.699055933195222, 10.347328250114634], [10.739305484260235, 10.911631598061478], [10.779539453150608, 10.44655031596542]], "merge_d1": [[9.210340371976184, 4.291539593941214], [9.250522161609014, 4.413607874823583], [9.290721483922995, 4.180266757769596], [9.330963814299922, 4.118485506987211], [9.371268036082466, 4.259396269393746], [9.411483683010726, 4.277605934997936], [9.451716691551452, 4.164364406355852], [9.491979220880678, 4.196969039504014], [9.532206456208034, 4.408281237677772], [9.572410734431823, 4.419478382428879], [9.612667227583843, 4.416224581316513], [9.65290856803585, 4.306112955278191], [9.693136823020671, 4.331293602149967], [9.733351450605975, 4.248456357021666], [9.773606631681607, 4.25387662663309], [9.81383633058348, 4.302774086908987], [9.854087202241, 4.215224557150847], [9.894345894618844, 4.099619186734198], [9.934550077987947, 4.132998094654806], [9.974784434418162, 4.298055242022709], [10.015028927269036, 4.277793049416385], [10.055263987501922, 4.184512837996402], [10.095511884791469, 4.179812282546804], [10.135749405494865, 4.359929580511828], [10.175992533388062, 4.266476603083456], [10.216215833592425, 4.408416949982531], [10.25646567163057, 4.3841457211858765], [10.29667762976868, 4.201216798076688], [10.336924443719042, 4.285675714633047], [10.377171899621436, 4.145133536992143], [10.417418350255533, 4.2735794586961715], [10.457631253015656, 4.237721912878146], [10.497863570996053, 4.223356538086524], [10.53810479090567, 4.4009969568454945], [10.578343463123822, 4.067502638863188], [10.618591900448115, 4.1234737735462454], [10.658811091522749, 4.2524747789703365], [10.699055933195222, 4.27908020525984], [10.739305484260235, 4.206873615064814], [10.779539453150608, 4.36680062864048]],