{"exact_d1": [[11.512925464970229, 3.940603125345214]], "exact_d2": [[11.512925464970229, 7.274984908669854]], "over": [[11.512925464970229, 10.126363263324244]], "merge_d1": [[11.512925464970229, 4.195283686873147]], "merge_d2": [[11.512925464970229, 6.249745577954935]], "argmin_dic": [[100000, 2]], "time_elapsed": 247.38145232200623}