{"exact_d1": [[6.906754778648554, 3.7535439715648904], [7.022868086082641, 4.643388668336744], [7.1372784372603855, 5.071705941077481], [7.252762418053187, 3.721901929892501], [7.367708572374371, 4.050236177853349], [7.48324441607385, 3.9096294014055992], [7.598399329323964, 3.8098906659631644], [7.71333788887187, 3.468883293990027], [7.828436359157585, 4.808919334122946], [7.943782692458625, 3.6887976856527755], [8.058960017769417, 4.013241390231403], [8.17413934342947, 4.268789919092077], [8.289288323000317, 3.8343688427197944], [8.404248432400102, 3.796179783491124], [8.519390774959724, 3.85759685128793], [8.634620608292202, 3.6897852817334797], [8.74973246437081, 3.6933190832210068], [8.86488793377419, 3.386460006208549], [8.980046316633132, 3.457587811503393], [9.095153962167066, 3.847716794893265], [9.210340371976184, 4.0113485420301505], [9.325453179076687, 3.8057244376086774], [9.44057869576626, 3.892514884663808], [9.555701556014641, 3.621793498231977], [9.670798588378387, 3.702551116426614], [9.785941988681085, 3.87384981163716], [9.901084667919818, 4.027719711219637], [10.016235712227882, 3.8335970801862613], [10.131339999578072, 3.7635259770851173], [10.246474238267561, 3.63264905638414], [10.36160835987009, 3.958413487244495], [10.476752620919227, 3.7032583965394923], [10.591873415994362, 3.7953509946233956], [10.707012640565683, 3.883780030524038], [10.822135503983962, 3.5609518137647878], [10.937276835160228, 3.767353583901582], [11.05239680608701, 3.913224306703085], [11.167529530327974, 3.92923464857837], [11.28265658871343, 3.841688338095058], [11.397795157716597, 3.4908653016432973]], "exact_d2": [[6.906754778648554, 8.266257472334635], [7.022868086082641, 17.93952668852608], [7.1372784372603855, 24.13312551449487], [7.252762418053187, 5.804981848558599], [7.367708572374371, 9.356543515116163], [7.48324441607385, 15.115990862601576], [7.598399329323964, 5.517064997016852], [7.71333788887187, 9.847357829283904], [7.828436359157585, 14.010681927475488], [7.943782692458625, 9.65443712986207], [8.058960017769417, 7.859018628804412], [8.17413934342947, 10.501393268316141], [8.289288323000317, 9.75544828100649], [8.404248432400102, 6.050843200731553], [8.519390774959724, 10.361205684910052], [8.634620608292202, 5.630297149941758], [8.74973246437081, 10.054015524868088], [8.86488793377419, 9.063327603723003], [8.980046316633132, 9.684867506850747], [9.095153962167066, 7.557135236043186], [9.210340371976184, 8.645277667789907], [9.325453179076687, 7.094171205702022], [9.44057869576626, 9.938245566430345], [9.555701556014641, 10.052996642383015], [9.670798588378387, 6.42934484181425], [9.785941988681085, 7.492061595833737], [9.901084667919818, 7.9321249010987165], [10.016235712227882, 6.720330477031532], [10.131339999578072, 6.0969302304149755], [10.246474238267561, 5.1767392063394], [10.36160835987009, 6.667570547754864], [10.476752620919227, 10.198501278792952], [10.591873415994362, 6.323609825502815], [10.707012640565683, 8.034140870865416], [10.822135503983962, 10.051592876902708], [10.937276835160228, 7.229496872263396], [11.05239680608701, 6.964632156741076], [11.167529530327974, 7.56309731902341], [11.28265658871343, 7.185230436500788], [11.397795157716597, 9.096197673166087]], "over": [[6.906754778648554, 30.883744575854003], [7.022868086082641, 34.92982819657581], [7.1372784372603855, 39.55942004635342], [7.252762418053187, 41.882659696654144], [7.367708572374371, 16.531140687597084], [7.48324441607385, 15.541408154939997], [7.598399329323964, 28.825885723050202], [7.71333788887187, 21.183411716605708], [7.828436359157585, 22.87032143909681], [7.943782692458625, 13.512797305046359], [8.058960017769417, 18.819529571062947], [8.17413934342947, 22.640000410460747], [8.289288323000317, 17.856917426481516], [8.404248432400102, 14.887648535066058], [8.519390774959724, 15.707258022561268], [8.634620608292202, 10.639669784685493], [8.74973246437081, 16.443857656884525], [8.86488793377419, 13.389060915940192], [8.980046316633132, 9.565384059190627], [9.095153962167066, 13.110196235146274], [9.210340371976184, 16.800988675408433], [9.325453179076687, 9.591952583664241], [9.44057869576626, 12.622396306695919], [9.555701556014641, 15.130679476736182], [9.670798588378387, 12.844218697886468], [9.785941988681085, 13.199072251543097], [9.901084667919818, 11.897754880860926], [10.016235712227882, 15.795210917985065], [10.131339999578072, 11.873762768222488], [10.246474238267561, 9.292182850623275], [10.36160835987009, 8.683224832731948], [10.476752620919227, 12.591773893424666], [10.591873415994362, 14.871123392907185], [10.707012640565683, 9.45492849900118], [10.822135503983962, 10.09025100241463], [10.937276835160228, 9.146829996590776], [11.05239680608701, 11.35689987840438], [11.167529530327974, 12.313060089541061], [11.28265658871343, 19.005263127746744], [11.397795157716597, 13.31240372480093]], "merge_d1": [[6.906754778648554, 6.436307548200316], [7.022868086082641, 7.158154356410946], [7.1372784372603855, 5.707873178122593], [7.252762418053187, 5.350952404671202], [7.367708572374371, 4.3824110827106715], [7.48324441607385, 4.153415618791505], [7.598399329323964, 5.383153775488772], [7.71333788887187, 4.2436212803745414], [7.828436359157585, 4.619789013755849], [7.943782692458625, 4.484025507811356], [8.058960017769417, 4.297192146512395], [8.17413934342947, 4.697644480043981], [8.289288323000317, 4.21710085964267], [8.404248432400102, 4.581768017455589], [8.519390774959724, 4.294656525508828], [8.634620608292202, 4.234159143581592], [8.74973246437081, 4.3674279016882505], [8.86488793377419, 3.84562473037058], [8.980046316633132, 4.288349236652331], [9.095153962167066, 4.196854698004583], [9.210340371976184, 4.29033338120603], [9.325453179076687, 3.8760993375239647], [9.44057869576626, 4.027794618448628], [9.555701556014641, 4.237728988320765], [9.670798588378387, 4.008958065808347], [9.785941988681085, 4.456217447059771], [9.901084667919818, 4.2118643088894], [10.016235712227882, 4.105531073799017], [10.131339999578072, 3.9477993063850128], [10.246474238267561, 4.3159771693691065], [10.36160835987009, 4.258975562051777], [10.476752620919227, 4.140844826114717], [10.591873415994362, 4.403135369657873], [10.707012640565683, 4.061402385067359], [10.822135503983962, 4.204891176614965], [10.937276835160228, 4.261980981184371], [11.05239680608701, 4.10446805253933], [11.167529530327974, 4.10145799953618], [11.28265658871343, 4.000450906150518], [11.397795157716597, 4.145826676475359]],