{"exact_d1": [[11.512925464970229, 3.7498456044764095]], "exact_d2": [[11.512925464970229, 7.057512713589934]], "over": [[11.512925464970229, 14.164508426954166]], "merge_d1": [[11.512925464970229, 4.318329120300126]], "merge_d2": [[11.512925464970229, 8.188771452231792]], "argmin_dic": [[100000, 2]], "time_elapsed": 355.7724668979645}