{"exact_d1": [[11.512925464970229, 3.922837252964594]], "exact_d2": [[11.512925464970229, 6.941144481791191]], "over": [[11.512925464970229, 13.847752020175513]], "merge_d1": [[11.512925464970229, 4.151617696220228]], "merge_d2": [[11.512925464970229, 7.395403831496468]], "argmin_dic": [[100000, 2]], "time_elapsed": 421.74905037879944}