{"exact": [[6.907755278982137, 9.30303042893829], [8.153349757998892, 7.325435191191276], [8.691146498539675, 9.708069537586729], [9.038958755220563, 9.791448619749284], [9.296518068217235, 6.66940451350203], [9.501142571764207, 6.2630140463137085], [9.670924779305427, 9.551619145746809], [9.816021526754852, 9.36403808285696], [9.94270826568941, 9.309093491397478], [10.055135102145268, 9.590628717119804], [10.156189906091882, 10.069965646682194], [10.247963389017864, 7.017073757454721], [10.332017933575289, 9.759026800664751], [10.409551859200409, 9.59129066039129], [10.481504425842441, 6.91554898649949], [10.548625513909712, 10.237653079834917], [10.611523345589823, 7.012649615947297], [10.67069806139613, 10.083716685732686], [10.726565902688105, 9.439044493214439], [10.779476987636757, 6.970979104722316], [10.829728615263452, 9.88750326268389], [10.8775753831365, 10.046372010216558], [10.923236992778513, 7.062186587626081], [10.966904349300577, 9.788018663588444], [11.008744383922906, 10.153226348682445], [11.04890390740204, 9.369206172718938], [11.087512719052368, 7.192742137683238], [11.124686137527133, 9.538334096381316], [11.160527077798756, 6.871605653944104], [11.195127768613824, 9.839069856738492], [11.228571182611121, 7.081041937833918], [11.260932234926955, 9.40456851935419], [11.292278793854607, 6.890145439664012], [11.322672537849993, 9.253174322256323], [11.352169686090834, 6.6397331405550775], [11.38082162433689, 9.552838961552096], [11.40867544359643, 7.275261542657977], [11.435774405781814, 9.78904233658889], [11.462158347916576, 9.849324006784785], [11.487864034374857, 9.910087942769817]], "over": [[6.907755278982137, 15.056847061506566], [8.153349757998892, 15.01451160393776], [8.691146498539675, 12.498634265066558], [9.038958755220563, 18.825138137208338], [9.296518068217235, 15.888867265057756], [9.501142571764207, 14.87744574110197], [9.670924779305427, 16.620210462740392], [9.816021526754852, 11.802880027010072], [9.94270826568941, 12.307849649192208], [10.055135102145268, 14.466405527522188], [10.156189906091882, 17.04704374958455], [10.247963389017864, 12.2705435847198], [10.332017933575289, 12.512163265094614], [10.409551859200409, 16.456866967814026], [10.481504425842441, 17.914545740845735], [10.548625513909712, 16.585074897780746], [10.611523345589823, 12.93105009254484], [10.67069806139613, 16.960471791703533], [10.726565902688105, 18.01837065223985], [10.779476987636757, 15.875339140336783], [10.829728615263452, 14.486854218326489], [10.8775753831365, 12.542418246617022], [10.923236992778513, 12.191356043683243], [10.966904349300577, 16.474195835687944], [11.008744383922906, 16.53914407609767], [11.04890390740204, 13.28915560643074], [11.087512719052368, 14.17289070401145], [11.124686137527133, 14.893082901647137], [11.160527077798756, 17.82220619997184], [11.195127768613824, 11.800251371732044], [11.228571182611121, 12.307786278555039], [11.260932234926955, 16.018706121335015], [11.292278793854607, 15.867572733148268], [11.322672537849993, 15.346603459732009], [11.352169686090834, 15.371492712386944], [11.38082162433689, 12.744255186269706], [11.40867544359643, 16.381522482747414], [11.435774405781814, 17.50145655857194], [11.462158347916576, 16.86667390295989], [11.487864034374857, 14.298897803826222]], "merge": [[6.907755278982137, 9.824411648224293], [8.153349757998892, 7.661600590698019], [8.691146498539675, 9.039119021557605], [9.038958755220563, 10.348643659823901], [9.296518068217235, 9.82505101736345], [9.501142571764207, 9.95301025912369], [9.670924779305427, 9.232533520865632], [9.816021526754852, 8.11154447597047], [9.94270826568941, 6.374318128936939], [10.055135102145268, 9.56476971397081], [10.156189906091882, 11.26818445411871], [10.247963389017864, 7.234453819469227], [10.332017933575289, 6.847756579899614], [10.409551859200409, 9.107032804381065], [10.481504425842441, 10.440085566693304], [10.548625513909712, 10.254706933809492], [10.611523345589823, 8.261367360832345], [10.67069806139613, 9.944590727963602], [10.726565902688105, 9.776265422005022], [10.779476987636757, 10.440423199893493], [10.829728615263452, 9.010652648582274], [10.8775753831365, 8.394867513766902], [10.923236992778513, 7.255477318838149], [10.966904349300577, 10.172069795409003], [11.008744383922906, 10.547166602951242], [11.04890390740204, 8.354586574079311], [11.087512719052368, 9.319190470596258], [11.124686137527133, 9.708445402973588], [11.160527077798756, 9.856230606467346], [11.195127768613824, 6.718207412857928], [11.228571182611121, 8.61514743073793], [11.260932234926955, 9.914446264770516], [11.292278793854607, 9.729742493001332], [11.322672537849993, 10.084490950531137], [11.352169686090834, 9.610987957618153], [11.38082162433689, 9.075104807956516], [11.40867544359643, 10.837350039518169], [11.435774405781814, 11.435912532535427], [11.462158347916576, 10.64118933259148], [11.487864034374857, 7.764400883756827]], "argmin_dic": [[1000, 2], [3475, 2], [5950, 2], [8425, 2], [10900, 3], [13375, 2], [15850, 3], [18325, 3], [20800, 3], [23275, 3], [25750, 3], [28225, 3], [30700, 3], [33175, 2], [35650, 3], [38125, 3], [40600, 3], [43075, 3], [45550, 3], [48025, 3], [50500, 3], [52975, 2], [55450, 3], [57925, 3], [60400, 3], [62875, 3], [65350, 3], [67825, 3], [70300, 3], [72775, 3], [75250, 2], [77725, 3], [80200, 3], [82675, 3], [85150, 3], [87625, 3], [90100, 2], [92575, 3], [95050, 3], [97525, 2]], "time_elapsed": 2436.890106678009}