{"exact_d1": [[6.906754778648554, 4.397818198914682], [7.022868086082641, 4.284316226690447], [7.1372784372603855, 3.1619129035455984], [7.252762418053187, 3.4152444311421495], [7.367708572374371, 3.5395173531264064], [7.48324441607385, 3.8222495243189254], [7.598399329323964, 3.839768059153976], [7.71333788887187, 3.674770456376796], [7.828436359157585, 3.464492830011998], [7.943782692458625, 3.9196885066128138], [8.058960017769417, 3.559953325967785], [8.17413934342947, 3.4593492111511193], [8.289288323000317, 4.203804935376109], [8.404248432400102, 3.965090300752457], [8.519390774959724, 3.3049264073236757], [8.634620608292202, 3.518733008819033], [8.74973246437081, 3.9708080505113084], [8.86488793377419, 3.348885987299666], [8.980046316633132, 3.6529365835599434], [9.095153962167066, 3.3457340281909973], [9.210340371976184, 3.745126503840294], [9.325453179076687, 3.4347774809939517], [9.44057869576626, 3.9101951938531143], [9.555701556014641, 3.3234188579943176], [9.670798588378387, 3.7953526047971264], [9.785941988681085, 3.612002109979746], [9.901084667919818, 3.322509908000751], [10.016235712227882, 3.3759892177631117], [10.131339999578072, 3.8954466106563754], [10.246474238267561, 3.72837001001904], [10.36160835987009, 3.5441661056047185], [10.476752620919227, 3.4887755323451928], [10.591873415994362, 3.8636157710135386], [10.707012640565683, 3.704794803606127], [10.822135503983962, 3.611709764317295], [10.937276835160228, 3.7714265229249277], [11.05239680608701, 3.8839746826289634], [11.167529530327974, 3.8819256307411476], [11.28265658871343, 3.595238855495456], [11.397795157716597, 3.6353853673213226]], "exact_d2": [[6.906754778648554, 21.405273149339845], [7.022868086082641, 12.034932501278426], [7.1372784372603855, 8.901280203806527], [7.252762418053187, 8.563989160217318], [7.367708572374371, 12.47138662424585], [7.48324441607385, 5.1959151331961815], [7.598399329323964, 9.94361379815474], [7.71333788887187, 6.658026543533988], [7.828436359157585, 6.542366863687486], [7.943782692458625, 7.255479269741114], [8.058960017769417, 8.598897408019244], [8.17413934342947, 9.3389046115363], [8.289288323000317, 11.06550843322076], [8.404248432400102, 12.522160842303593], [8.519390774959724, 6.111637480349005], [8.634620608292202, 4.822647194328846], [8.74973246437081, 9.88310760427185], [8.86488793377419, 9.433007144851814], [8.980046316633132, 5.202082415048383], [9.095153962167066, 6.813142889359315], [9.210340371976184, 6.3757245870186745], [9.325453179076687, 8.074026771513177], [9.44057869576626, 9.757544776578422], [9.555701556014641, 5.976905949049755], [9.670798588378387, 6.0592167317674575], [9.785941988681085, 9.245991896944194], [9.901084667919818, 6.709576884688121], [10.016235712227882, 8.258728500832495], [10.131339999578072, 6.267787467852491], [10.246474238267561, 5.982428343401731], [10.36160835987009, 9.34367510981397], [10.476752620919227, 7.835855843243626], [10.591873415994362, 6.597054304942311], [10.707012640565683, 6.12832140983809], [10.822135503983962, 9.870313516426663], [10.937276835160228, 7.41218676585268], [11.05239680608701, 8.468864776884796], [11.167529530327974, 6.274463222076347], [11.28265658871343, 9.65825588949065], [11.397795157716597, 9.47580391265702]], "over": [[6.906754778648554, 15.828669438095565], [7.022868086082641, 38.5326320262809], [7.1372784372603855, 28.214050805748904], [7.252762418053187, 23.288378561284823], [7.367708572374371, 31.133239797498653], [7.48324441607385, 17.214453334271283], [7.598399329323964, 30.15886251111283], [7.71333788887187, 17.970748662820313], [7.828436359157585, 21.20075790071628], [7.943782692458625, 13.622624075178447], [8.058960017769417, 23.77370707058035], [8.17413934342947, 10.582430108016517], [8.289288323000317, 13.071319008259445], [8.404248432400102, 15.665222329584736], [8.519390774959724, 27.74355849832753], [8.634620608292202, 13.869580635276087], [8.74973246437081, 17.964185831471777], [8.86488793377419, 17.686830465837062], [8.980046316633132, 9.881351276611483], [9.095153962167066, 14.231114189685076], [9.210340371976184, 8.300784619997154], [9.325453179076687, 9.533852083657614], [9.44057869576626, 12.929392186691054], [9.555701556014641, 10.434318031264949], [9.670798588378387, 14.253097460545229], [9.785941988681085, 11.13384079439471], [9.901084667919818, 8.64948434402361], [10.016235712227882, 9.623740392477162], [10.131339999578072, 10.345935675291573], [10.246474238267561, 11.7289405277655], [10.36160835987009, 12.712645997204447], [10.476752620919227, 11.337941102145459], [10.591873415994362, 10.3849060767352], [10.707012640565683, 10.489386039258084], [10.822135503983962, 8.73117797536166], [10.937276835160228, 14.151744650237175], [11.05239680608701, 15.985836490890092], [11.167529530327974, 12.02274995690381], [11.28265658871343, 8.286610164670222], [11.397795157716597, 9.887229803778194]], "merge_d1": [[6.906754778648554, 3.9357136589270385], [7.022868086082641, 5.05017080782869], [7.1372784372603855, 4.575108496524886], [7.252762418053187, 5.731196922288551], [7.367708572374371, 5.929664714474534], [7.48324441607385, 5.306642234065962], [7.598399329323964, 4.5895449137071305], [7.71333788887187, 4.9695003172586985], [7.828436359157585, 4.4558522208734175], [7.943782692458625, 4.958510210359818], [8.058960017769417, 4.614729517707059], [8.17413934342947, 4.267485800704919], [8.289288323000317, 4.510008855398866], [8.404248432400102, 4.299631772825072], [8.519390774959724, 4.640433491104197], [8.634620608292202, 4.474731709885227], [8.74973246437081, 4.71925935633476], [8.86488793377419, 4.075340435282058], [8.980046316633132, 4.160163881364016], [9.095153962167066, 4.231196753228383], [9.210340371976184, 4.258094279276708], [9.325453179076687, 4.335808520788985], [9.44057869576626, 4.2554177737663705], [9.555701556014641, 4.260102269185056], [9.670798588378387, 4.323819200534549], [9.785941988681085, 4.160677774443302], [9.901084667919818, 4.18263760593756], [10.016235712227882, 4.15217857324695], [10.131339999578072, 4.245518995839105], [10.246474238267561, 4.249708382906625], [10.36160835987009, 4.016595497455699], [10.476752620919227, 4.347178421878908], [10.591873415994362, 3.9800295978357276], [10.707012640565683, 3.928786908047055], [10.822135503983962, 4.209554276128638], [10.937276835160228, 4.203284282808389], [11.05239680608701, 4.325765056158366], [11.167529530327974, 3.9083847504316718], [11.28265658871343, 3.953504840277234], [11.397795157716597, 4.286386414468267]],