{"exact_d1": [[6.907755278982137, 3.6046750309580404], [8.153349757998892, 3.7649733550673172], [8.691146498539675, 3.671392468599872], [9.038958755220563, 3.6887729007314576], [9.296518068217235, 3.5922593365553284], [9.501142571764207, 3.8176943307666042], [9.670924779305427, 3.6245463971902305], [9.816021526754852, 3.8066938041868235], [9.94270826568941, 3.731355774635502], [10.055135102145268, 3.695015667742345], [10.156189906091882, 3.77482176070085], [10.247963389017864, 3.6747480398308285], [10.332017933575289, 3.715191658476062], [10.409551859200409, 3.739488559607231], [10.481504425842441, 3.8178347200428533], [10.548625513909712, 3.7060114239919892], [10.611523345589823, 3.7735865679634415], [10.67069806139613, 3.7143753641148165], [10.726565902688105, 3.7393969472773314], [10.779476987636757, 3.7800016507209313], [10.829728615263452, 3.7330116237177435], [10.8775753831365, 3.710280610421586], [10.923236992778513, 3.7369800865527987], [10.966904349300577, 3.7565068671111406], [11.008744383922906, 3.7225277224341164], [11.04890390740204, 3.7629552366447827], [11.087512719052368, 3.7459695088467475], [11.124686137527133, 3.7149189090190653], [11.160527077798756, 3.755487342695738], [11.195127768613824, 3.7804855114158213], [11.228571182611121, 3.7230186990724983], [11.260932234926955, 3.769347813238909], [11.292278793854607, 3.7404509844788705], [11.322672537849993, 3.789373305157274], [11.352169686090834, 3.745819245237718], [11.38082162433689, 3.7482854892780906], [11.40867544359643, 3.732878905856514], [11.435774405781814, 3.738378976360196], [11.462158347916576, 3.724901195939467], [11.487864034374857, 3.767828004830187]], "exact_d2": [[6.907755278982137, 7.691364231812942], [8.153349757998892, 5.516247952403517], [8.691146498539675, 7.193998955089433], [9.038958755220563, 6.495570687280699], [9.296518068217235, 7.481422896111509], [9.501142571764207, 7.7347892383735015], [9.670924779305427, 6.756693670409981], [9.816021526754852, 6.766841608173043], [9.94270826568941, 6.519949260096927], [10.055135102145268, 6.812416422133515], [10.156189906091882, 6.658295232337705], [10.247963389017864, 6.5419074812405205], [10.332017933575289, 7.280084510104096], [10.409551859200409, 7.292242076024893], [10.481504425842441, 6.58166927914423], [10.548625513909712, 6.625119331633828], [10.611523345589823, 6.92686182510467], [10.67069806139613, 6.724270268195383], [10.726565902688105, 6.551229007132994], [10.779476987636757, 7.102935830368051], [10.829728615263452, 6.92897267110232], [10.8775753831365, 6.719845829399504], [10.923236992778513, 7.326454762832468], [10.966904349300577, 6.73172409809527], [11.008744383922906, 6.654936318849794], [11.04890390740204, 7.256192005757259], [11.087512719052368, 6.921436714114474], [11.124686137527133, 7.085823572522575], [11.160527077798756, 6.847843035073478], [11.195127768613824, 6.57015508586042], [11.228571182611121, 7.514189983685377], [11.260932234926955, 6.823821871393623], [11.292278793854607, 6.971438520252], [11.322672537849993, 6.867405380578159], [11.352169686090834, 6.906960610875702], [11.38082162433689, 7.030988436662848], [11.40867544359643, 6.977690571925795], [11.435774405781814, 6.740579977195753], [11.462158347916576, 6.959751978515918], [11.487864034374857, 6.887672542372337]], "over": [[6.907755278982137, 21.768121700935474], [8.153349757998892, 9.441392502690986], [8.691146498539675, 10.148403411476128], [9.038958755220563, 9.943455297724315], [9.296518068217235, 14.354730410919055], [9.501142571764207, 13.255918315637723], [9.670924779305427, 11.911099097899928], [9.816021526754852, 11.648981108837479], [9.94270826568941, 10.948234617463307], [10.055135102145268, 10.444232125313897], [10.156189906091882, 9.96615680102275], [10.247963389017864, 9.891367230304942], [10.332017933575289, 10.814837410580116], [10.409551859200409, 10.732853111779953], [10.481504425842441, 9.828927740951123], [10.548625513909712, 9.746501010344005], [10.611523345589823, 10.052716081211981], [10.67069806139613, 10.549528498128266], [10.726565902688105, 10.956074904206949], [10.779476987636757, 11.101577359241652], [10.829728615263452, 11.20055875232597], [10.8775753831365, 10.474164763080651], [10.923236992778513, 11.823629032046412], [10.966904349300577, 10.482989208242746], [11.008744383922906, 11.008001939344968], [11.04890390740204, 10.387728722268221], [11.087512719052368, 10.369354543957487], [11.124686137527133, 11.982668157148964], [11.160527077798756, 10.568008777993798], [11.195127768613824, 11.449328672979966], [11.228571182611121, 11.884504192002005], [11.260932234926955, 10.37933345734184], [11.292278793854607, 10.934189918988809], [11.322672537849993, 10.497339044968202], [11.352169686090834, 10.73575141103156], [11.38082162433689, 10.955991523338616], [11.40867544359643, 11.69313924552934], [11.435774405781814, 10.308555492359138], [11.462158347916576, 10.64974167581205], [11.487864034374857, 10.571719056831665]], "merge_d1": [[6.907755278982137, 4.221863013545025], [8.153349757998892, 3.8844718344685316], [8.691146498539675, 4.313910820109456], [9.038958755220563, 3.8909637206752863], [9.296518068217235, 4.176261466822745], [9.501142571764207, 3.9326236430312074], [9.670924779305427, 3.8032648700293064], [9.816021526754852, 4.469205178566159], [9.94270826568941, 3.790770567131761], [10.055135102145268, 4.492253714984353], [10.156189906091882, 3.872966651394877], [10.247963389017864, 4.348511334476447], [10.332017933575289, 4.428169732868182], [10.409551859200409, 4.485256184362633], [10.481504425842441, 3.907662035251377], [10.548625513909712, 4.2978056809450305], [10.611523345589823, 4.441376263371601], [10.67069806139613, 4.402877993663889], [10.726565902688105, 3.8145022343071155], [10.779476987636757, 4.4427159716952875], [10.829728615263452, 4.50293602458185], [10.8775753831365, 4.41812998263652], [10.923236992778513, 3.8347583581315727], [10.966904349300577, 3.8605132004411225], [11.008744383922906, 4.319990465870145], [11.04890390740204, 3.87749037825592], [11.087512719052368, 4.37690353966224], [11.124686137527133, 3.774506163494482], [11.160527077798756, 4.410680444633315], [11.195127768613824, 4.379070115610461], [11.228571182611121, 3.828495792976157], [11.260932234926955, 3.8786351020733316], [11.292278793854607, 3.8539070371659463], [11.322672537849993, 3.895511721938084], [11.352169686090834, 3.8571052275322604], [11.38082162433689, 3.863055633014057], [11.40867544359643, 4.409551660938306], [11.435774405781814, 3.808908030383067], [11.462158347916576, 4.419479986022582], [11.487864034374857, 3.8732322388156426]],