{"exact_d1": [[11.512925464970229, 3.881628712627909]], "exact_d2": [[11.512925464970229, 6.894477858622306]], "over": [[11.512925464970229, 11.201642939367083]], "merge_d1": [[11.512925464970229, 4.237692891100164]], "merge_d2": [[11.512925464970229, 6.811186812050046]], "argmin_dic": [[100000, 2]], "time_elapsed": 270.5387852191925}