{"exact_d1": [[11.512925464970229, 3.7698913850594766]], "exact_d2": [[11.512925464970229, 7.2351400574079205]], "over": [[11.512925464970229, 16.139023733362286]], "merge_d1": [[11.512925464970229, 4.18795831869952]], "merge_d2": [[11.512925464970229, 8.474807547953317]], "argmin_dic": [[100000, 2]], "time_elapsed": 179.81463861465454}