{"exact_d1": [[11.512925464970229, 3.75881538948603]], "exact_d2": [[11.512925464970229, 6.576871715811813]], "over": [[11.512925464970229, 10.045617303678233]], "merge_d1": [[11.512925464970229, 4.284727709655792]], "merge_d2": [[11.512925464970229, 6.325191337519909]], "argmin_dic": [[100000, 2]], "time_elapsed": 288.8711657524109}