{"exact_d1": [[11.512925464970229, 3.863025620443527]], "exact_d2": [[11.512925464970229, 6.883867985063011]], "over": [[11.512925464970229, 10.554533860190196]], "merge_d1": [[11.512925464970229, 4.221360052960894]], "merge_d2": [[11.512925464970229, 6.600421571970679]], "argmin_dic": [[100000, 2]], "time_elapsed": 213.51651906967163}