{"exact_d1": [[6.907755278982137, 4.14932404928457], [8.153349757998892, 3.7190749189749672], [8.691146498539675, 3.6891667774011156], [9.038958755220563, 3.9958519493345372], [9.296518068217235, 3.6193644223916492], [9.501142571764207, 3.7285645903551616], [9.670924779305427, 3.769809585281086], [9.816021526754852, 3.728592186412803], [9.94270826568941, 3.7086993198288467], [10.055135102145268, 3.739638305453644], [10.156189906091882, 3.7003641085868435], [10.247963389017864, 3.758677348657678], [10.332017933575289, 3.7163060651338737], [10.409551859200409, 3.729243458828914], [10.481504425842441, 3.733944293174072], [10.548625513909712, 3.778234164917211], [10.611523345589823, 3.8470352587993406], [10.67069806139613, 3.7789088367291743], [10.726565902688105, 3.820837336687243], [10.779476987636757, 3.809565509494219], [10.829728615263452, 3.728574846812375], [10.8775753831365, 3.7143523009383816], [10.923236992778513, 3.7208176918864897], [10.966904349300577, 3.7345509742775898], [11.008744383922906, 3.778717643440236], [11.04890390740204, 3.7800092458618835], [11.087512719052368, 3.7694458571547846], [11.124686137527133, 3.7715517219471413], [11.160527077798756, 3.7074419482030843], [11.195127768613824, 3.733271132213042], [11.228571182611121, 3.761295568962379], [11.260932234926955, 3.7928205614392474], [11.292278793854607, 3.73786011147688], [11.322672537849993, 3.7945503541991936], [11.352169686090834, 3.716514666132047], [11.38082162433689, 3.70982154605331], [11.40867544359643, 3.7448427010540244], [11.435774405781814, 3.746564599784768], [11.462158347916576, 3.717294114871982], [11.487864034374857, 3.7336542555951504]], "exact_d2": [[6.907755278982137, 8.190089852928134], [8.153349757998892, 7.257754999684369], [8.691146498539675, 6.719384394962056], [9.038958755220563, 7.760677069730008], [9.296518068217235, 7.1678699110265525], [9.501142571764207, 6.321410669480681], [9.670924779305427, 7.167104342032346], [9.816021526754852, 6.622806382868146], [9.94270826568941, 6.986295114944472], [10.055135102145268, 7.418602169313921], [10.156189906091882, 6.622818244351437], [10.247963389017864, 7.188176880093993], [10.332017933575289, 7.191612087288418], [10.409551859200409, 7.537146393862158], [10.481504425842441, 6.64592086642613], [10.548625513909712, 7.042026351212882], [10.611523345589823, 6.98813982646462], [10.67069806139613, 6.891617142913072], [10.726565902688105, 6.771556282964061], [10.779476987636757, 7.226479963537253], [10.829728615263452, 7.287565060924327], [10.8775753831365, 6.994128184084252], [10.923236992778513, 7.144804894300991], [10.966904349300577, 6.85894509352695], [11.008744383922906, 6.900840958645776], [11.04890390740204, 6.365384090108731], [11.087512719052368, 6.7653435504017825], [11.124686137527133, 6.716952924588429], [11.160527077798756, 6.896162687814569], [11.195127768613824, 6.930863027326195], [11.228571182611121, 6.948876606712297], [11.260932234926955, 6.8007930965164665], [11.292278793854607, 6.745308564959896], [11.322672537849993, 6.765121161871503], [11.352169686090834, 6.893686478167778], [11.38082162433689, 6.997839304542118], [11.40867544359643, 7.230033755708097], [11.435774405781814, 7.224460442413177], [11.462158347916576, 6.879280525743221], [11.487864034374857, 6.739861556717769]], "over": [[6.907755278982137, 16.098078886374925], [8.153349757998892, 15.399710844068938], [8.691146498539675, 12.10864214418126], [9.038958755220563, 11.871057225920405], [9.296518068217235, 13.015789849462694], [9.501142571764207, 9.622389556446688], [9.670924779305427, 12.373031691288633], [9.816021526754852, 11.991753702606058], [9.94270826568941, 10.876263835313715], [10.055135102145268, 10.413149033515458], [10.156189906091882, 10.580432191755037], [10.247963389017864, 12.338183402124326], [10.332017933575289, 12.431157735958788], [10.409551859200409, 11.514730376943884], [10.481504425842441, 10.645470302103503], [10.548625513909712, 11.330215155148302], [10.611523345589823, 10.402611527522401], [10.67069806139613, 10.955161086529326], [10.726565902688105, 10.305426036426327], [10.779476987636757, 11.68125560328248], [10.829728615263452, 11.457407784535013], [10.8775753831365, 10.99259362794121], [10.923236992778513, 10.727282748923324], [10.966904349300577, 10.478387875727208], [11.008744383922906, 10.615790446387116], [11.04890390740204, 9.363087127590378], [11.087512719052368, 11.047288088722372], [11.124686137527133, 10.639698104733787], [11.160527077798756, 10.993707284791393], [11.195127768613824, 11.734617115506431], [11.228571182611121, 11.529703549614887], [11.260932234926955, 11.275164818576902], [11.292278793854607, 10.508497324406004], [11.322672537849993, 11.037723452117751], [11.352169686090834, 11.231381472896457], [11.38082162433689, 10.515613651806962], [11.40867544359643, 11.374384644450672], [11.435774405781814, 11.564563011628453], [11.462158347916576, 10.752230952592381], [11.487864034374857, 10.500810642488123]], "merge_d1": [[6.907755278982137, 4.498289750699782], [8.153349757998892, 4.155511969450402], [8.691146498539675, 4.401076940289683], [9.038958755220563, 4.0967091505295326], [9.296518068217235, 4.252385070573787], [9.501142571764207, 4.409056406452206], [9.670924779305427, 3.8154506476694294], [9.816021526754852, 4.704594516426641], [9.94270826568941, 3.8082478647960696], [10.055135102145268, 4.393004077522206], [10.156189906091882, 3.770948940062153], [10.247963389017864, 4.437554078249366], [10.332017933575289, 3.797653235357497], [10.409551859200409, 4.324799119999362], [10.481504425842441, 3.800389192570512], [10.548625513909712, 4.662534377952074], [10.611523345589823, 4.557694796765871], [10.67069806139613, 3.854897261228771], [10.726565902688105, 3.9269265236128676], [10.779476987636757, 4.54892716110033], [10.829728615263452, 3.8305796088176907], [10.8775753831365, 3.80156249728894], [10.923236992778513, 3.8124821771940374], [10.966904349300577, 3.8378109587263314], [11.008744383922906, 3.8759813871571307], [11.04890390740204, 3.880612064162974], [11.087512719052368, 4.463119248833573], [11.124686137527133, 3.9033047580261457], [11.160527077798756, 4.321610537796768], [11.195127768613824, 3.8041000557721243], [11.228571182611121, 3.87674915549293], [11.260932234926955, 3.8659921528382104], [11.292278793854607, 3.846963347024791], [11.322672537849993, 4.407582932175812], [11.352169686090834, 4.412717724496314], [11.38082162433689, 4.4379213312678685], [11.40867544359643, 3.8320992249555075], [11.435774405781814, 3.861545895920129], [11.462158347916576, 4.414191877204716], [11.487864034374857, 3.838208532947585]],