{"exact_d1": [[11.512925464970229, 3.7297381919707004]], "exact_d2": [[11.512925464970229, 6.465352378063804]], "over": [[11.512925464970229, 9.700522312205978]], "merge_d1": [[11.512925464970229, 4.227997331348224]], "merge_d2": [[11.512925464970229, 6.0513623919540835]], "argmin_dic": [[100000, 2]], "time_elapsed": 172.6314024925232}