{"exact_d1": [[11.512925464970229, 3.832417960887404]], "exact_d2": [[11.512925464970229, 7.608101739323401]], "over": [[11.512925464970229, 9.769321742520765]], "merge_d1": [[11.512925464970229, 4.336364169181692]], "merge_d2": [[11.512925464970229, 6.371497292277908]], "argmin_dic": [[100000, 2]], "time_elapsed": 205.7932825088501}