{"exact_d1": [[11.512925464970229, 3.761391870482777]], "exact_d2": [[11.512925464970229, 6.055502374607347]], "over": [[11.512925464970229, 9.117205056911843]], "merge_d1": [[11.512925464970229, 4.359403740491081]], "merge_d2": [[11.512925464970229, 5.936078462326737]], "argmin_dic": [[100000, 2]], "time_elapsed": 351.0190062522888}