{"exact_d1": [[11.512925464970229, 3.749935461531721]], "exact_d2": [[11.512925464970229, 6.852747578536438]], "over": [[11.512925464970229, 9.558007785585978]], "merge_d1": [[11.512925464970229, 4.349840106244488]], "merge_d2": [[11.512925464970229, 6.675129887834426]], "argmin_dic": [[100000, 2]], "time_elapsed": 172.1645164489746}