{"exact_d1": [[11.512925464970229, 3.9152103158327627]], "exact_d2": [[11.512925464970229, 7.271940409491327]], "over": [[11.512925464970229, 9.620218043468656]], "merge_d1": [[11.512925464970229, 4.273727131072079]], "merge_d2": [[11.512925464970229, 6.36891105933852]], "argmin_dic": [[100000, 2]], "time_elapsed": 192.16933059692383}