{"exact_d1": [[11.512925464970229, 3.782230108611536]], "exact_d2": [[11.512925464970229, 7.113940817797859]], "over": [[11.512925464970229, 13.137313142758956]], "merge_d1": [[11.512925464970229, 4.255806374419211]], "merge_d2": [[11.512925464970229, 7.429747524541165]], "argmin_dic": [[100000, 2]], "time_elapsed": 244.4625222682953}