{"exact": [[6.907755278982137, 8.806177441127264], [8.153349757998892, 7.2915963814493505], [8.691146498539675, 7.03881330607293], [9.038958755220563, 10.791191455846961], [9.296518068217235, 7.882905434249428], [9.501142571764207, 9.646674519363033], [9.670924779305427, 10.033620067551803], [9.816021526754852, 9.306966304232315], [9.94270826568941, 10.218749678016701], [10.055135102145268, 9.634293277903504], [10.156189906091882, 6.667813286553518], [10.247963389017864, 9.716737221977962], [10.332017933575289, 9.680733490331152], [10.409551859200409, 6.714680866717777], [10.481504425842441, 9.501221853065944], [10.548625513909712, 9.367270708843442], [10.611523345589823, 10.083572055177493], [10.67069806139613, 9.486941338291492], [10.726565902688105, 7.134617458756229], [10.779476987636757, 9.457238537021803], [10.829728615263452, 9.846574272273566], [10.8775753831365, 9.24831663920623], [10.923236992778513, 6.841902888754913], [10.966904349300577, 7.308500195131126], [11.008744383922906, 6.948680351226744], [11.04890390740204, 9.852622481986545], [11.087512719052368, 9.316201343820214], [11.124686137527133, 7.27887985312917], [11.160527077798756, 9.644045207909857], [11.195127768613824, 9.38761442422788], [11.228571182611121, 9.87433033586923], [11.260932234926955, 10.015128048360241], [11.292278793854607, 7.102166810179163], [11.322672537849993, 9.909202972570288], [11.352169686090834, 9.69639111088796], [11.38082162433689, 10.075595822155375], [11.40867544359643, 10.084877684902116], [11.435774405781814, 9.465886177926365], [11.462158347916576, 9.348358836408611], [11.487864034374857, 9.186564312722213]], "over": [[6.907755278982137, 19.26784683343117], [8.153349757998892, 20.494697324948287], [8.691146498539675, 18.952116263783797], [9.038958755220563, 16.981357624532446], [9.296518068217235, 13.985904964255912], [9.501142571764207, 15.264485560728286], [9.670924779305427, 12.620556244220342], [9.816021526754852, 13.893377639468413], [9.94270826568941, 17.38112218664949], [10.055135102145268, 16.938202255006793], [10.156189906091882, 15.276496552540015], [10.247963389017864, 17.359192478404893], [10.332017933575289, 15.168831853121786], [10.409551859200409, 16.1817695595754], [10.481504425842441, 15.399834874806619], [10.548625513909712, 14.66232890278723], [10.611523345589823, 13.864018987713678], [10.67069806139613, 11.469174371720245], [10.726565902688105, 13.077433489512089], [10.779476987636757, 15.846954665205324], [10.829728615263452, 11.872963438933922], [10.8775753831365, 13.493815974549655], [10.923236992778513, 16.13725964677364], [10.966904349300577, 15.001447798118715], [11.008744383922906, 15.258768900132699], [11.04890390740204, 15.865665819550959], [11.087512719052368, 13.953549503246414], [11.124686137527133, 16.918862279387415], [11.160527077798756, 17.944301885258366], [11.195127768613824, 12.432937982031453], [11.228571182611121, 16.979889708907194], [11.260932234926955, 16.325642450463167], [11.292278793854607, 13.471259423003518], [11.322672537849993, 14.802593684636273], [11.352169686090834, 11.321685584588264], [11.38082162433689, 12.354537258724822], [11.40867544359643, 15.859724482145907], [11.435774405781814, 18.675239215407053], [11.462158347916576, 17.49793022429529], [11.487864034374857, 16.614276065246486]], "merge": [[6.907755278982137, 13.044601345087598], [8.153349757998892, 13.486283052057743], [8.691146498539675, 11.638099142700247], [9.038958755220563, 10.05330278155264], [9.296518068217235, 6.885104864075654], [9.501142571764207, 9.567396051499774], [9.670924779305427, 7.372447831584617], [9.816021526754852, 9.24242437979191], [9.94270826568941, 10.045588601172271], [10.055135102145268, 9.789083066819693], [10.156189906091882, 9.683636622358874], [10.247963389017864, 11.426848759341846], [10.332017933575289, 9.517619532924268], [10.409551859200409, 10.378677803845736], [10.481504425842441, 9.060493733181005], [10.548625513909712, 9.126948484672678], [10.611523345589823, 9.110621039530537], [10.67069806139613, 7.254833871612595], [10.726565902688105, 9.182569462507962], [10.779476987636757, 10.415321093686696], [10.829728615263452, 6.353264098024491], [10.8775753831365, 9.91718950094387], [10.923236992778513, 10.502078023817187], [10.966904349300577, 9.886228551726761], [11.008744383922906, 9.683721754808392], [11.04890390740204, 9.928816513192595], [11.087512719052368, 8.86057626303743], [11.124686137527133, 9.412877938129265], [11.160527077798756, 11.797560568533578], [11.195127768613824, 7.695413037518516], [11.228571182611121, 11.245507397433345], [11.260932234926955, 10.074678418776767], [11.292278793854607, 8.56794392537862], [11.322672537849993, 9.331854848745508], [11.352169686090834, 6.722792346847759], [11.38082162433689, 6.1929112677977685], [11.40867544359643, 10.027060529720153], [11.435774405781814, 10.279342641214363], [11.462158347916576, 11.472425244122375], [11.487864034374857, 9.662755258058896]], "argmin_dic": [[1000, 2], [3475, 3], [5950, 3], [8425, 3], [10900, 3], [13375, 2], [15850, 2], [18325, 3], [20800, 3], [23275, 3], [25750, 2], [28225, 3], [30700, 3], [33175, 3], [35650, 2], [38125, 3], [40600, 2], [43075, 3], [45550, 2], [48025, 3], [50500, 2], [52975, 3], [55450, 3], [57925, 2], [60400, 3], [62875, 2], [65350, 3], [67825, 3], [70300, 3], [72775, 2], [75250, 3], [77725, 3], [80200, 3], [82675, 3], [85150, 3], [87625, 2], [90100, 3], [92575, 3], [95050, 3], [97525, 3]], "time_elapsed": 2370.4701471328735}