{"exact_d1": [[11.512925464970229, 3.965062949300366]], "exact_d2": [[11.512925464970229, 7.938961101634977]], "over": [[11.512925464970229, 9.476097282097346]], "merge_d1": [[11.512925464970229, 4.229496472774264]], "merge_d2": [[11.512925464970229, 6.060277448030833]], "argmin_dic": [[100000, 2]], "time_elapsed": 378.3271791934967}