{"exact_d1": [[11.512925464970229, 3.944321613539171]], "exact_d2": [[11.512925464970229, 6.842472739307097]], "over": [[11.512925464970229, 8.654395601273333]], "merge_d1": [[11.512925464970229, 4.266632395184255]], "merge_d2": [[11.512925464970229, 5.879345352849272]], "argmin_dic": [[100000, 2]], "time_elapsed": 268.97849106788635}