{"exact_d1": [[6.907755278982137, 3.541339659127028], [8.153349757998892, 4.012611173390287], [8.691146498539675, 3.8182761864870742], [9.038958755220563, 3.797686544915813], [9.296518068217235, 3.7547893424960277], [9.501142571764207, 3.7906182168803038], [9.670924779305427, 3.699732585646568], [9.816021526754852, 3.733133300291254], [9.94270826568941, 3.8129800523600985], [10.055135102145268, 3.8114853465321605], [10.156189906091882, 3.686524186669362], [10.247963389017864, 3.6772234433285402], [10.332017933575289, 3.7566845621521154], [10.409551859200409, 3.7196103581380027], [10.481504425842441, 3.711216259084495], [10.548625513909712, 3.708161294557193], [10.611523345589823, 3.7332886149152866], [10.67069806139613, 3.760996945492237], [10.726565902688105, 3.748126463994991], [10.779476987636757, 3.7802061211738276], [10.829728615263452, 3.709321915347087], [10.8775753831365, 3.774477073467102], [10.923236992778513, 3.720696137753649], [10.966904349300577, 3.7743036671074157], [11.008744383922906, 3.7893083841343502], [11.04890390740204, 3.7365666344552637], [11.087512719052368, 3.7203422664289385], [11.124686137527133, 3.7407512877632225], [11.160527077798756, 3.7892731791224397], [11.195127768613824, 3.7248382918919014], [11.228571182611121, 3.7371033453792157], [11.260932234926955, 3.7548123399286624], [11.292278793854607, 3.7290113425424343], [11.322672537849993, 3.7692514614447648], [11.352169686090834, 3.726451100924618], [11.38082162433689, 3.748319975727125], [11.40867544359643, 3.746428535192446], [11.435774405781814, 3.7629753404270745], [11.462158347916576, 3.760293299398224], [11.487864034374857, 3.820387532354341]], "exact_d2": [[6.907755278982137, 7.215294336616356], [8.153349757998892, 7.1597095497796746], [8.691146498539675, 7.136492724638988], [9.038958755220563, 7.053048772552201], [9.296518068217235, 6.697084929984505], [9.501142571764207, 7.532162710581943], [9.670924779305427, 6.913023138327632], [9.816021526754852, 6.836709982234672], [9.94270826568941, 7.998921837357082], [10.055135102145268, 7.240868725852535], [10.156189906091882, 7.435620810322306], [10.247963389017864, 6.835559140583633], [10.332017933575289, 7.0108457533940935], [10.409551859200409, 6.529481416968255], [10.481504425842441, 7.093840348493129], [10.548625513909712, 6.885130878050268], [10.611523345589823, 7.12373870686396], [10.67069806139613, 7.017060367508472], [10.726565902688105, 6.7803249907974665], [10.779476987636757, 7.120237427270186], [10.829728615263452, 7.117377696018299], [10.8775753831365, 7.340702188654755], [10.923236992778513, 6.683076669394499], [10.966904349300577, 6.813449090902656], [11.008744383922906, 6.898946141640883], [11.04890390740204, 6.719545310175745], [11.087512719052368, 6.960333992302418], [11.124686137527133, 6.619904964329231], [11.160527077798756, 6.773293249389593], [11.195127768613824, 6.8905599592497575], [11.228571182611121, 7.014156901768727], [11.260932234926955, 6.706631486004793], [11.292278793854607, 6.8844843268352465], [11.322672537849993, 6.642265633816397], [11.352169686090834, 6.874859156926375], [11.38082162433689, 7.045025850230118], [11.40867544359643, 6.80585957118692], [11.435774405781814, 7.17041558502427], [11.462158347916576, 7.025686026285337], [11.487864034374857, 6.9663205251680775]], "over": [[6.907755278982137, 18.36637641830111], [8.153349757998892, 15.319995036778808], [8.691146498539675, 16.14922238922434], [9.038958755220563, 13.242504542946381], [9.296518068217235, 10.310751976695844], [9.501142571764207, 13.550596769060817], [9.670924779305427, 11.787367107448222], [9.816021526754852, 11.938555750279386], [9.94270826568941, 11.741571705036153], [10.055135102145268, 11.591077358144338], [10.156189906091882, 13.197411206490036], [10.247963389017864, 10.382829117811715], [10.332017933575289, 11.46088593862258], [10.409551859200409, 9.997164891458038], [10.481504425842441, 12.301338156538833], [10.548625513909712, 10.389965994836608], [10.611523345589823, 12.35274532788143], [10.67069806139613, 10.856406290748042], [10.726565902688105, 10.722270440896398], [10.779476987636757, 11.289713679195252], [10.829728615263452, 11.930011010620314], [10.8775753831365, 10.825208085602474], [10.923236992778513, 9.87951233654946], [10.966904349300577, 11.279223335002264], [11.008744383922906, 10.083279100680553], [11.04890390740204, 11.287652235881554], [11.087512719052368, 11.64366424993482], [11.124686137527133, 11.009077589220817], [11.160527077798756, 10.12891819563386], [11.195127768613824, 11.476933395789658], [11.228571182611121, 11.726483056731645], [11.260932234926955, 10.377461921030234], [11.292278793854607, 10.746662947373295], [11.322672537849993, 11.756052985283516], [11.352169686090834, 11.552644545629866], [11.38082162433689, 11.247310302039033], [11.40867544359643, 10.75275039284239], [11.435774405781814, 10.719958348732426], [11.462158347916576, 10.89294018729893], [11.487864034374857, 10.965649683848314]], "merge_d1": [[6.907755278982137, 3.440122052626787], [8.153349757998892, 4.4360982402563405], [8.691146498539675, 5.0133934602650205], [9.038958755220563, 3.8184533061923744], [9.296518068217235, 3.823198618833496], [9.501142571764207, 3.9412651678058137], [9.670924779305427, 3.775255289890518], [9.816021526754852, 4.372188542262101], [9.94270826568941, 4.562340398428949], [10.055135102145268, 4.627740545804352], [10.156189906091882, 3.8023627678005636], [10.247963389017864, 3.748115694507339], [10.332017933575289, 3.8684691050445665], [10.409551859200409, 3.817197351460279], [10.481504425842441, 3.7863001425470566], [10.548625513909712, 4.363710414984378], [10.611523345589823, 4.335798936133484], [10.67069806139613, 3.853810621736633], [10.726565902688105, 4.399103899702853], [10.779476987636757, 4.4197930966879895], [10.829728615263452, 4.405716120120275], [10.8775753831365, 3.8747814285199156], [10.923236992778513, 4.334616876987033], [10.966904349300577, 3.845395459608002], [11.008744383922906, 4.400590352420556], [11.04890390740204, 3.8264099346163025], [11.087512719052368, 4.333432595282417], [11.124686137527133, 3.7956614164990654], [11.160527077798756, 4.431729343468306], [11.195127768613824, 4.399189394941541], [11.228571182611121, 4.380459839704856], [11.260932234926955, 4.442051578676481], [11.292278793854607, 4.352372749601702], [11.322672537849993, 4.422421985560914], [11.352169686090834, 4.428975508590147], [11.38082162433689, 3.822845253259702], [11.40867544359643, 4.456264764721527], [11.435774405781814, 4.556797263658201], [11.462158347916576, 3.860176626583373], [11.487864034374857, 3.9429967584688486]],