{"exact_d1": [[6.907755278982137, 4.041486660305678], [8.153349757998892, 4.0537861500319075], [8.691146498539675, 3.733627101109291], [9.038958755220563, 3.8604970378503594], [9.296518068217235, 3.843462495747436], [9.501142571764207, 3.6840351867298615], [9.670924779305427, 3.822383386862231], [9.816021526754852, 3.8787048528924175], [9.94270826568941, 3.8747863164172816], [10.055135102145268, 3.7616576568164724], [10.156189906091882, 3.694455301651677], [10.247963389017864, 3.682722925018018], [10.332017933575289, 3.7088934633835877], [10.409551859200409, 3.699276078496887], [10.481504425842441, 3.8267062828823515], [10.548625513909712, 3.7454958938317526], [10.611523345589823, 3.7573249641206075], [10.67069806139613, 3.7440716194422543], [10.726565902688105, 3.731443610340024], [10.779476987636757, 3.741706371397016], [10.829728615263452, 3.7609207783547274], [10.8775753831365, 3.7603075993824335], [10.923236992778513, 3.792114695883583], [10.966904349300577, 3.747124702635438], [11.008744383922906, 3.6982878269011543], [11.04890390740204, 3.738690502343819], [11.087512719052368, 3.736231958794726], [11.124686137527133, 3.7828679830697793], [11.160527077798756, 3.819088648530867], [11.195127768613824, 3.76929610878379], [11.228571182611121, 3.7904220070680625], [11.260932234926955, 3.7624203820468294], [11.292278793854607, 3.728053511109024], [11.322672537849993, 3.76257006993509], [11.352169686090834, 3.757526174228861], [11.38082162433689, 3.7132647481948555], [11.40867544359643, 3.7527457625342575], [11.435774405781814, 3.746973929426828], [11.462158347916576, 3.7686035246973684], [11.487864034374857, 3.8168750526332604]], "exact_d2": [[6.907755278982137, 7.354005215152544], [8.153349757998892, 7.138337550093657], [8.691146498539675, 5.606773500041628], [9.038958755220563, 7.132187886115426], [9.296518068217235, 6.827155502211216], [9.501142571764207, 7.179831001271041], [9.670924779305427, 6.988154150509891], [9.816021526754852, 7.38782509372719], [9.94270826568941, 7.245837499190337], [10.055135102145268, 6.145890982843513], [10.156189906091882, 6.92870073914527], [10.247963389017864, 7.2586954070300465], [10.332017933575289, 7.206488024178024], [10.409551859200409, 7.253587735679126], [10.481504425842441, 7.00509487467899], [10.548625513909712, 6.706629649320657], [10.611523345589823, 6.982125364284299], [10.67069806139613, 6.610525312626674], [10.726565902688105, 6.925828701320167], [10.779476987636757, 6.994236108576287], [10.829728615263452, 6.778263318932419], [10.8775753831365, 6.953246164011606], [10.923236992778513, 6.808895043340472], [10.966904349300577, 7.150951232018852], [11.008744383922906, 7.157103822166375], [11.04890390740204, 6.9870165794372445], [11.087512719052368, 7.07571559477449], [11.124686137527133, 6.833779728814828], [11.160527077798756, 6.775170243820524], [11.195127768613824, 6.973578669668486], [11.228571182611121, 6.938988196537462], [11.260932234926955, 6.656674153104711], [11.292278793854607, 7.087643623105644], [11.322672537849993, 6.902440986956858], [11.352169686090834, 6.757340985152816], [11.38082162433689, 6.904014454736177], [11.40867544359643, 6.991062188994165], [11.435774405781814, 6.860305780502254], [11.462158347916576, 7.055397607151727], [11.487864034374857, 7.073024746007253]], "over": [[6.907755278982137, 22.573366770520106], [8.153349757998892, 16.393318024389313], [8.691146498539675, 9.69978360440755], [9.038958755220563, 11.895836159390488], [9.296518068217235, 14.138272243883286], [9.501142571764207, 11.511357034769691], [9.670924779305427, 12.506381062554503], [9.816021526754852, 11.124371312959047], [9.94270826568941, 12.663853548476167], [10.055135102145268, 8.77369358687437], [10.156189906091882, 10.756492662710992], [10.247963389017864, 11.932017441149766], [10.332017933575289, 11.864612217019875], [10.409551859200409, 11.806514581222718], [10.481504425842441, 10.401282505954681], [10.548625513909712, 9.784138120379852], [10.611523345589823, 10.552935500008939], [10.67069806139613, 10.201045920085761], [10.726565902688105, 11.985371645868515], [10.779476987636757, 11.029457008286956], [10.829728615263452, 11.128614216894027], [10.8775753831365, 10.361427969297448], [10.923236992778513, 10.389581922527025], [10.966904349300577, 12.217361935713999], [11.008744383922906, 10.868236971270486], [11.04890390740204, 11.1438462727126], [11.087512719052368, 12.217601551924508], [11.124686137527133, 10.713726931395733], [11.160527077798756, 10.419933227352638], [11.195127768613824, 10.946116449210537], [11.228571182611121, 9.929207310198898], [11.260932234926955, 10.96749953827746], [11.292278793854607, 10.359875929636742], [11.322672537849993, 10.553991011323449], [11.352169686090834, 11.56825282738854], [11.38082162433689, 10.957879788574935], [11.40867544359643, 11.254452826312498], [11.435774405781814, 9.806346600821717], [11.462158347916576, 11.220276629372044], [11.487864034374857, 11.209038732515275]], "merge_d1": [[6.907755278982137, 4.761285517685385], [8.153349757998892, 4.884261805385361], [8.691146498539675, 4.330052528498107], [9.038958755220563, 4.662725800050517], [9.296518068217235, 3.9129230918300695], [9.501142571764207, 4.381088861484071], [9.670924779305427, 4.716638056086969], [9.816021526754852, 3.9756358533360383], [9.94270826568941, 3.9388439824774006], [10.055135102145268, 3.8448475507953934], [10.156189906091882, 4.382488216648279], [10.247963389017864, 3.7351290639098917], [10.332017933575289, 3.7691547006803003], [10.409551859200409, 4.4471122789842985], [10.481504425842441, 4.337228354943188], [10.548625513909712, 4.466110729976349], [10.611523345589823, 4.474591073643886], [10.67069806139613, 4.466481264821946], [10.726565902688105, 3.801269641764667], [10.779476987636757, 4.401463255268883], [10.829728615263452, 4.4245545368983255], [10.8775753831365, 4.697138499687607], [10.923236992778513, 3.8947653751208087], [10.966904349300577, 3.8224086853052626], [11.008744383922906, 3.774155259246879], [11.04890390740204, 4.364383595082815], [11.087512719052368, 3.8166853006140076], [11.124686137527133, 4.458005575912641], [11.160527077798756, 4.506414110807199], [11.195127768613824, 4.4323803285112895], [11.228571182611121, 4.414044754915982], [11.260932234926955, 4.422679054353941], [11.292278793854607, 4.8168332954976245], [11.322672537849993, 3.8555312766052214], [11.352169686090834, 4.434682134619846], [11.38082162433689, 3.814170378906242], [11.40867544359643, 4.373891339413513], [11.435774405781814, 4.42822750947843], [11.462158347916576, 4.396122690356815], [11.487864034374857, 4.649574428354518]],