{"exact_d1": [[11.512925464970229, 3.914897569331812]], "exact_d2": [[11.512925464970229, 7.556272220713659]], "over": [[11.512925464970229, 12.48941563070738]], "merge_d1": [[11.512925464970229, 4.2618882364732675]], "merge_d2": [[11.512925464970229, 7.093508242793341]], "argmin_dic": [[100000, 2]], "time_elapsed": 412.72333335876465}