{"exact_d1": [[11.512925464970229, 3.789404175079741]], "exact_d2": [[11.512925464970229, 7.101326234426028]], "over": [[11.512925464970229, 8.843044474268702]], "merge_d1": [[11.512925464970229, 4.2471974692053305]], "merge_d2": [[11.512925464970229, 6.266726125082159]], "argmin_dic": [[100000, 2]], "time_elapsed": 199.8936357498169}