{"exact_d1": [[11.512925464970229, 3.9358208644481265]], "exact_d2": [[11.512925464970229, 7.3387239801183]], "over": [[11.512925464970229, 12.39129358553614]], "merge_d1": [[11.512925464970229, 4.2992635895309474]], "merge_d2": [[11.512925464970229, 7.666196237086833]], "argmin_dic": [[100000, 2]], "time_elapsed": 229.4385426044464}