{"exact_d1": [[11.512925464970229, 3.799743452054532]], "exact_d2": [[11.512925464970229, 6.973223898154359]], "over": [[11.512925464970229, 9.497508270277537]], "merge_d1": [[11.512925464970229, 4.327818093641172]], "merge_d2": [[11.512925464970229, 6.5705176121902396]], "argmin_dic": [[100000, 2]], "time_elapsed": 209.91067147254944}