{"exact_d1": [[6.907755278982137, 3.580352438286851], [8.153349757998892, 3.6836179477125435], [8.691146498539675, 3.865708698055322], [9.038958755220563, 3.882758612683381], [9.296518068217235, 3.9775999415559875], [9.501142571764207, 3.6918726005451528], [9.670924779305427, 3.7462299074297056], [9.816021526754852, 3.7346084659920864], [9.94270826568941, 3.6571974331359174], [10.055135102145268, 3.743771880287119], [10.156189906091882, 3.7977223793198185], [10.247963389017864, 3.727500960429432], [10.332017933575289, 3.761272504002363], [10.409551859200409, 3.723860720473951], [10.481504425842441, 3.721171630340391], [10.548625513909712, 3.769922331275942], [10.611523345589823, 3.756346046324621], [10.67069806139613, 3.6781402824792555], [10.726565902688105, 3.714636126065925], [10.779476987636757, 3.766952024680181], [10.829728615263452, 3.719366446188586], [10.8775753831365, 3.7434855662845266], [10.923236992778513, 3.7456736909588475], [10.966904349300577, 3.7484681898774457], [11.008744383922906, 3.7485510069851298], [11.04890390740204, 3.7762396208452946], [11.087512719052368, 3.750863757502608], [11.124686137527133, 3.760862426717468], [11.160527077798756, 3.7240571944377927], [11.195127768613824, 3.7740514162935117], [11.228571182611121, 3.722836191683497], [11.260932234926955, 3.757335391889241], [11.292278793854607, 3.7053955942651338], [11.322672537849993, 3.7920939326804177], [11.352169686090834, 3.7511489946901744], [11.38082162433689, 3.7745004917810636], [11.40867544359643, 3.7133843276726104], [11.435774405781814, 3.772891226022681], [11.462158347916576, 3.720214979866221], [11.487864034374857, 3.7457658681461]], "exact_d2": [[6.907755278982137, 6.807575065202833], [8.153349757998892, 8.063303614870124], [8.691146498539675, 6.545729963311882], [9.038958755220563, 7.1664300599051245], [9.296518068217235, 7.155361752077667], [9.501142571764207, 6.684683342319586], [9.670924779305427, 6.819571994826027], [9.816021526754852, 6.953706681301928], [9.94270826568941, 7.295122440500452], [10.055135102145268, 6.979131362769388], [10.156189906091882, 7.08925568079806], [10.247963389017864, 7.148341094626718], [10.332017933575289, 6.781085094107618], [10.409551859200409, 6.800630518039235], [10.481504425842441, 6.948024280970765], [10.548625513909712, 6.728291858111891], [10.611523345589823, 7.188102528137689], [10.67069806139613, 6.619172253498803], [10.726565902688105, 6.7325877965579854], [10.779476987636757, 7.30731870333487], [10.829728615263452, 6.934097784869483], [10.8775753831365, 7.0797878581907625], [10.923236992778513, 7.862186294961876], [10.966904349300577, 6.935721974532324], [11.008744383922906, 7.004243385253165], [11.04890390740204, 7.040502963873958], [11.087512719052368, 6.743241335816027], [11.124686137527133, 7.174548790724117], [11.160527077798756, 6.944401794910757], [11.195127768613824, 6.879661113125744], [11.228571182611121, 6.803319357311925], [11.260932234926955, 6.895526199755914], [11.292278793854607, 6.869150021863651], [11.322672537849993, 6.924937946402869], [11.352169686090834, 6.976629183852374], [11.38082162433689, 7.062890524563202], [11.40867544359643, 6.701464416904524], [11.435774405781814, 6.9856574677470125], [11.462158347916576, 6.677993225306028], [11.487864034374857, 6.749603506786606]], "over": [[6.907755278982137, 15.904697922501446], [8.153349757998892, 23.01907709872256], [8.691146498539675, 11.787862911046556], [9.038958755220563, 11.710204577461674], [9.296518068217235, 13.221269553999306], [9.501142571764207, 11.410339164006636], [9.670924779305427, 11.107615754192171], [9.816021526754852, 10.779351995850936], [9.94270826568941, 11.80845021267991], [10.055135102145268, 12.995184066238842], [10.156189906091882, 11.266409710410251], [10.247963389017864, 11.032476758230917], [10.332017933575289, 10.679996988548286], [10.409551859200409, 11.694707629785567], [10.481504425842441, 10.504913881747562], [10.548625513909712, 10.308601684844492], [10.611523345589823, 11.618934498828915], [10.67069806139613, 10.668535576084876], [10.726565902688105, 10.785234634759739], [10.779476987636757, 11.413265266871687], [10.829728615263452, 11.335545872308982], [10.8775753831365, 10.852650143727505], [10.923236992778513, 12.952175515489541], [10.966904349300577, 11.341538049975766], [11.008744383922906, 10.859861947908692], [11.04890390740204, 12.00807731313512], [11.087512719052368, 10.809467871530657], [11.124686137527133, 11.212632226345058], [11.160527077798756, 11.872342789951297], [11.195127768613824, 10.519327074786226], [11.228571182611121, 11.508880155859607], [11.260932234926955, 10.63021214513719], [11.292278793854607, 11.341474014134015], [11.322672537849993, 10.37344873410475], [11.352169686090834, 10.909438491134257], [11.38082162433689, 10.891554890428077], [11.40867544359643, 11.278343650163926], [11.435774405781814, 11.149403791580108], [11.462158347916576, 10.785247200268234], [11.487864034374857, 11.35127733007892]], "merge_d1": [[6.907755278982137, 4.628088251484869], [8.153349757998892, 4.005275706751182], [8.691146498539675, 3.9521436435005386], [9.038958755220563, 4.475344469883106], [9.296518068217235, 4.738825492783944], [9.501142571764207, 3.763496035386264], [9.670924779305427, 4.523948435575962], [9.816021526754852, 4.475937993456687], [9.94270826568941, 3.7347112239995517], [10.055135102145268, 3.8408641869854385], [10.156189906091882, 4.49748801180566], [10.247963389017864, 4.502981789148752], [10.332017933575289, 4.395395097824963], [10.409551859200409, 3.8002700329191312], [10.481504425842441, 4.448629478394972], [10.548625513909712, 3.8561902955431306], [10.611523345589823, 4.43991529255763], [10.67069806139613, 3.7892855373511387], [10.726565902688105, 4.676311154843086], [10.779476987636757, 3.8768570815733208], [10.829728615263452, 4.356192971951672], [10.8775753831365, 4.440913928162787], [10.923236992778513, 4.37093507047121], [10.966904349300577, 4.409149997695784], [11.008744383922906, 4.440331839209518], [11.04890390740204, 3.847981701601069], [11.087512719052368, 3.849480413120687], [11.124686137527133, 3.8732013345584964], [11.160527077798756, 3.788420656890073], [11.195127768613824, 3.866509958018893], [11.228571182611121, 3.787223790259868], [11.260932234926955, 3.8394306368398463], [11.292278793854607, 4.319708412569229], [11.322672537849993, 4.524167450670715], [11.352169686090834, 4.372387853633265], [11.38082162433689, 3.8636809989759158], [11.40867544359643, 3.783272523587975], [11.435774405781814, 4.4512059944457265], [11.462158347916576, 4.410036771247939], [11.487864034374857, 4.374191054436242]],