{"exact_d1": [[11.512925464970229, 3.9102197659039937]], "exact_d2": [[11.512925464970229, 6.979332757201895]], "over": [[11.512925464970229, 9.81766650150127]], "merge_d1": [[11.512925464970229, 4.375539613321808]], "merge_d2": [[11.512925464970229, 6.422363516119911]], "argmin_dic": [[100000, 2]], "time_elapsed": 474.1278805732727}