{"exact_d1": [[6.907755278982137, 3.6474654616786784], [8.153349757998892, 3.8183159065927206], [8.691146498539675, 3.923415663229361], [9.038958755220563, 3.72638959093778], [9.296518068217235, 3.6701583470148917], [9.501142571764207, 3.6995197568630194], [9.670924779305427, 3.679439057132431], [9.816021526754852, 3.764698832210409], [9.94270826568941, 3.747034723640446], [10.055135102145268, 3.791758868806797], [10.156189906091882, 3.6802832989389906], [10.247963389017864, 3.8064293538752767], [10.332017933575289, 3.7076240955717394], [10.409551859200409, 3.8177587663788164], [10.481504425842441, 3.7048306700071993], [10.548625513909712, 3.763167539012603], [10.611523345589823, 3.798739909562106], [10.67069806139613, 3.7074494859917957], [10.726565902688105, 3.7507671441648105], [10.779476987636757, 3.713483143179835], [10.829728615263452, 3.722610343806442], [10.8775753831365, 3.7887841795119526], [10.923236992778513, 3.716653942051234], [10.966904349300577, 3.7550529565954753], [11.008744383922906, 3.666219536384505], [11.04890390740204, 3.7852740680672343], [11.087512719052368, 3.720568694002197], [11.124686137527133, 3.7773988874061946], [11.160527077798756, 3.786047426126679], [11.195127768613824, 3.698258311286591], [11.228571182611121, 3.7346352875543887], [11.260932234926955, 3.7329153330098954], [11.292278793854607, 3.8157529271705024], [11.322672537849993, 3.7567916105871597], [11.352169686090834, 3.7459661082184263], [11.38082162433689, 3.7480669553074852], [11.40867544359643, 3.7716880579358887], [11.435774405781814, 3.727987483125346], [11.462158347916576, 3.781666751606101], [11.487864034374857, 3.7598113021059407]], "exact_d2": [[6.907755278982137, 6.318968234020458], [8.153349757998892, 7.900527937669552], [8.691146498539675, 6.118915284573481], [9.038958755220563, 6.87830526602342], [9.296518068217235, 6.279147434705592], [9.501142571764207, 6.531364563826402], [9.670924779305427, 7.334077407559693], [9.816021526754852, 7.182855646836071], [9.94270826568941, 7.031533402125448], [10.055135102145268, 6.7941081598470205], [10.156189906091882, 7.714837114635037], [10.247963389017864, 7.626145033391257], [10.332017933575289, 6.62914216094055], [10.409551859200409, 6.724835282230742], [10.481504425842441, 6.833606177472852], [10.548625513909712, 7.537525112178794], [10.611523345589823, 7.2345972338664915], [10.67069806139613, 6.980702163034061], [10.726565902688105, 6.396335619767116], [10.779476987636757, 6.864405575899343], [10.829728615263452, 7.422328600318138], [10.8775753831365, 6.43510626569354], [10.923236992778513, 6.7560821761743535], [10.966904349300577, 6.715250078314967], [11.008744383922906, 6.876081788036417], [11.04890390740204, 7.264253610588959], [11.087512719052368, 7.318924098407083], [11.124686137527133, 7.260331984860112], [11.160527077798756, 7.336500651805102], [11.195127768613824, 7.273655859245048], [11.228571182611121, 6.959678876472831], [11.260932234926955, 7.369043718966697], [11.292278793854607, 7.215652683113142], [11.322672537849993, 6.56167911641343], [11.352169686090834, 6.825532833962983], [11.38082162433689, 6.97387347801502], [11.40867544359643, 7.004786697063163], [11.435774405781814, 6.825191597381905], [11.462158347916576, 6.850071960787577], [11.487864034374857, 7.029865008283452]], "over": [[6.907755278982137, 26.860898671842932], [8.153349757998892, 12.894328867428905], [8.691146498539675, 9.834126885281133], [9.038958755220563, 11.60562711607889], [9.296518068217235, 10.072569808269602], [9.501142571764207, 10.92202002659536], [9.670924779305427, 11.328961715160139], [9.816021526754852, 11.860354385721141], [9.94270826568941, 11.801765736553724], [10.055135102145268, 10.988798537533784], [10.156189906091882, 11.312735204629004], [10.247963389017864, 12.39729371723561], [10.332017933575289, 10.602851863506789], [10.409551859200409, 10.419504919583838], [10.481504425842441, 10.762027542275113], [10.548625513909712, 10.895829267772278], [10.611523345589823, 11.540865982979934], [10.67069806139613, 11.075756114736796], [10.726565902688105, 10.092768307377376], [10.779476987636757, 11.719823803811341], [10.829728615263452, 11.688439164415298], [10.8775753831365, 9.807292106161261], [10.923236992778513, 10.588651758078564], [10.966904349300577, 10.718916365902896], [11.008744383922906, 10.11934494576632], [11.04890390740204, 11.529509772537011], [11.087512719052368, 11.445056652421632], [11.124686137527133, 10.427549132256484], [11.160527077798756, 11.651355111115372], [11.195127768613824, 10.6720874163949], [11.228571182611121, 10.504259178676651], [11.260932234926955, 10.469504259525534], [11.292278793854607, 11.070531509914982], [11.322672537849993, 9.91853995972531], [11.352169686090834, 10.141867193713562], [11.38082162433689, 9.65086215163706], [11.40867544359643, 11.922119231742665], [11.435774405781814, 10.191903113873234], [11.462158347916576, 10.711628669808686], [11.487864034374857, 12.004746991984522]], "merge_d1": [[6.907755278982137, 4.428268408513738], [8.153349757998892, 4.003098704981471], [8.691146498539675, 4.0298366803755865], [9.038958755220563, 3.824624674348781], [9.296518068217235, 3.7288264999357184], [9.501142571764207, 3.733818653224883], [9.670924779305427, 3.7176259340913744], [9.816021526754852, 3.883907984476653], [9.94270826568941, 3.8377784302580373], [10.055135102145268, 3.884322318898998], [10.156189906091882, 4.406974380367598], [10.247963389017864, 3.8584323013262853], [10.332017933575289, 4.389981372284681], [10.409551859200409, 3.9355800951635604], [10.481504425842441, 3.803341033192515], [10.548625513909712, 4.426411363993154], [10.611523345589823, 4.330210449962654], [10.67069806139613, 4.418534692641529], [10.726565902688105, 3.8258708651437967], [10.779476987636757, 3.7765210885095866], [10.829728615263452, 3.813102643580229], [10.8775753831365, 4.350132789696369], [10.923236992778513, 3.7966079297812008], [10.966904349300577, 4.40908181273156], [11.008744383922906, 4.620192211446699], [11.04890390740204, 4.476082180890059], [11.087512719052368, 3.8145860606189244], [11.124686137527133, 4.627050715525357], [11.160527077798756, 4.517762699406306], [11.195127768613824, 4.372997736716845], [11.228571182611121, 4.371031270008727], [11.260932234926955, 4.732005525131075], [11.292278793854607, 3.9632389279650897], [11.322672537849993, 3.8445897598306638], [11.352169686090834, 3.8530606071628153], [11.38082162433689, 4.423809389368657], [11.40867544359643, 3.848233538472434], [11.435774405781814, 4.495627279008458], [11.462158347916576, 3.890439494475307], [11.487864034374857, 3.8384784109755663]],