{"exact": [[6.907755278982137, 9.522739954056044], [8.153349757998892, 8.417048099551385], [8.691146498539675, 9.639161936982763], [9.038958755220563, 9.207339682449028], [9.296518068217235, 9.374977555625733], [9.501142571764207, 10.262133082292928], [9.670924779305427, 9.825975301825784], [9.816021526754852, 6.810583818187479], [9.94270826568941, 9.987137759103847], [10.055135102145268, 7.116739245266085], [10.156189906091882, 6.833533443267456], [10.247963389017864, 9.641950082500657], [10.332017933575289, 6.681734722015782], [10.409551859200409, 7.300893897268305], [10.481504425842441, 9.635747163127242], [10.548625513909712, 9.762244087153238], [10.611523345589823, 9.3864362103368], [10.67069806139613, 9.306407406814165], [10.726565902688105, 9.171645564237002], [10.779476987636757, 6.675048501198715], [10.829728615263452, 6.7483664309817115], [10.8775753831365, 7.269128778577215], [10.923236992778513, 6.64694971101169], [10.966904349300577, 9.485493269530856], [11.008744383922906, 9.327400228256405], [11.04890390740204, 9.314092450156695], [11.087512719052368, 9.214900632525898], [11.124686137527133, 9.495838295723281], [11.160527077798756, 6.914194716289474], [11.195127768613824, 7.299398001659944], [11.228571182611121, 7.2390800392540635], [11.260932234926955, 6.894936667886967], [11.292278793854607, 9.712381701328988], [11.322672537849993, 7.146421808624636], [11.352169686090834, 9.495666633852021], [11.38082162433689, 6.884997321531088], [11.40867544359643, 9.225726346708939], [11.435774405781814, 9.262588895559585], [11.462158347916576, 9.25275352492523], [11.487864034374857, 6.922916180642798]], "over": [[6.907755278982137, 24.7652202350766], [8.153349757998892, 21.53106772446349], [8.691146498539675, 13.60405411709357], [9.038958755220563, 18.767881492376947], [9.296518068217235, 16.204157477864072], [9.501142571764207, 17.343656808511525], [9.670924779305427, 15.077074822725978], [9.816021526754852, 15.97119508811909], [9.94270826568941, 17.108669478685858], [10.055135102145268, 16.489897426857585], [10.156189906091882, 13.28654388750611], [10.247963389017864, 12.046636818402142], [10.332017933575289, 17.999306480846123], [10.409551859200409, 13.056472240127746], [10.481504425842441, 12.621119905344052], [10.548625513909712, 13.121088514727651], [10.611523345589823, 11.43991386255506], [10.67069806139613, 16.195867477781597], [10.726565902688105, 15.308104040148836], [10.779476987636757, 15.151374556440077], [10.829728615263452, 12.757774357400343], [10.8775753831365, 13.492225220406523], [10.923236992778513, 17.012329694051086], [10.966904349300577, 16.03450591986804], [11.008744383922906, 11.573409313588455], [11.04890390740204, 15.05141116244285], [11.087512719052368, 13.121182778342723], [11.124686137527133, 16.475052856641295], [11.160527077798756, 15.853623144368896], [11.195127768613824, 16.45586818926311], [11.228571182611121, 16.768501655502366], [11.260932234926955, 18.917810783989026], [11.292278793854607, 15.643454638483224], [11.322672537849993, 17.309139975951123], [11.352169686090834, 15.193554169707133], [11.38082162433689, 13.708339300089037], [11.40867544359643, 15.113279157980877], [11.435774405781814, 15.364423990718771], [11.462158347916576, 12.942614499894752], [11.487864034374857, 16.697281472429765]], "merge": [[6.907755278982137, 14.427908618656506], [8.153349757998892, 15.943862141871035], [8.691146498539675, 8.72182912261939], [9.038958755220563, 10.961987835421048], [9.296518068217235, 9.491996335371452], [9.501142571764207, 10.678873094730836], [9.670924779305427, 10.375865438847883], [9.816021526754852, 9.878289128653394], [9.94270826568941, 11.478665828166287], [10.055135102145268, 9.247506880307672], [10.156189906091882, 8.789536498016744], [10.247963389017864, 8.508474007311834], [10.332017933575289, 11.794097607364305], [10.409551859200409, 6.896791597909717], [10.481504425842441, 7.466853081977864], [10.548625513909712, 8.793311845579234], [10.611523345589823, 6.316426469587359], [10.67069806139613, 9.721004239053084], [10.726565902688105, 9.99736139515414], [10.779476987636757, 9.558047746114395], [10.829728615263452, 6.318585393090095], [10.8775753831365, 8.144683305281623], [10.923236992778513, 9.031410183494422], [10.966904349300577, 10.072015342441423], [11.008744383922906, 6.49332152028856], [11.04890390740204, 9.523721982770265], [11.087512719052368, 7.936181264378763], [11.124686137527133, 8.730517445239661], [11.160527077798756, 9.990792414824808], [11.195127768613824, 10.563570543052373], [11.228571182611121, 10.334645935638017], [11.260932234926955, 12.359393927573453], [11.292278793854607, 9.78857623370725], [11.322672537849993, 10.186663165819597], [11.352169686090834, 9.972446624851333], [11.38082162433689, 8.757158122623432], [11.40867544359643, 9.714226549996784], [11.435774405781814, 10.068870400596726], [11.462158347916576, 8.300369174111083], [11.487864034374857, 10.233980050703941]], "argmin_dic": [[1000, 4], [3475, 2], [5950, 2], [8425, 3], [10900, 2], [13375, 3], [15850, 3], [18325, 3], [20800, 3], [23275, 2], [25750, 2], [28225, 2], [30700, 3], [33175, 3], [35650, 2], [38125, 3], [40600, 3], [43075, 3], [45550, 3], [48025, 3], [50500, 3], [52975, 2], [55450, 3], [57925, 3], [60400, 3], [62875, 2], [65350, 2], [67825, 3], [70300, 3], [72775, 3], [75250, 3], [77725, 3], [80200, 2], [82675, 3], [85150, 3], [87625, 2], [90100, 2], [92575, 3], [95050, 2], [97525, 3]], "time_elapsed": 2353.555619239807}