{"exact_d1": [[11.512925464970229, 3.7583297520676755]], "exact_d2": [[11.512925464970229, 6.758247736444227]], "over": [[11.512925464970229, 13.694716711284046]], "merge_d1": [[11.512925464970229, 4.203549222658442]], "merge_d2": [[11.512925464970229, 6.940609430817619]], "argmin_dic": [[100000, 2]], "time_elapsed": 328.8753836154938}