{"exact_d1": [[11.512925464970229, 3.7528528573505042]], "exact_d2": [[11.512925464970229, 6.672074172262225]], "over": [[11.512925464970229, 9.97127067339214]], "merge_d1": [[11.512925464970229, 4.322037733418799]], "merge_d2": [[11.512925464970229, 6.4519247663622785]], "argmin_dic": [[100000, 2]], "time_elapsed": 436.2384955883026}