{"exact": [[6.907755278982137, 11.495520443745715], [8.153349757998892, 9.922705673283128], [8.691146498539675, 9.117300280517092], [9.038958755220563, 10.313623549140326], [9.296518068217235, 6.93347004171552], [9.501142571764207, 9.735220392755329], [9.670924779305427, 10.41400964943031], [9.816021526754852, 10.184454572389317], [9.94270826568941, 6.748711901124485], [10.055135102145268, 9.517900500599936], [10.156189906091882, 9.144552822257541], [10.247963389017864, 9.41758775625773], [10.332017933575289, 10.100752222278427], [10.409551859200409, 9.603247421371925], [10.481504425842441, 6.6795700897653765], [10.548625513909712, 6.848870998491839], [10.611523345589823, 6.606984471195126], [10.67069806139613, 6.414664912299533], [10.726565902688105, 9.385577876872146], [10.779476987636757, 9.244424347132394], [10.829728615263452, 7.1811524574928844], [10.8775753831365, 7.164697828115768], [10.923236992778513, 9.725311575232478], [10.966904349300577, 9.829459519508536], [11.008744383922906, 7.29244632815178], [11.04890390740204, 9.395197793220825], [11.087512719052368, 9.46123893667683], [11.124686137527133, 9.614699105906666], [11.160527077798756, 9.629737524109315], [11.195127768613824, 9.991316903128794], [11.228571182611121, 7.351238084211835], [11.260932234926955, 9.315922477553707], [11.292278793854607, 6.986504955010302], [11.322672537849993, 9.519038708341355], [11.352169686090834, 6.825181971201534], [11.38082162433689, 9.565016201092888], [11.40867544359643, 9.323256752646037], [11.435774405781814, 9.738559050165673], [11.462158347916576, 6.94289827675713], [11.487864034374857, 9.745797044214717]], "over": [[6.907755278982137, 20.097014755298517], [8.153349757998892, 19.756522525175033], [8.691146498539675, 14.897916693216168], [9.038958755220563, 11.316037282927331], [9.296518068217235, 17.742496850820487], [9.501142571764207, 16.06773486360948], [9.670924779305427, 16.44637074645739], [9.816021526754852, 17.61064112524114], [9.94270826568941, 17.87549713802913], [10.055135102145268, 13.945483255103966], [10.156189906091882, 17.38541703672689], [10.247963389017864, 18.008394547061005], [10.332017933575289, 17.927604495560548], [10.409551859200409, 14.066618263584573], [10.481504425842441, 17.743292066486447], [10.548625513909712, 16.164370311346307], [10.611523345589823, 15.04507193094599], [10.67069806139613, 13.663797165435943], [10.726565902688105, 18.051468687856765], [10.779476987636757, 12.375600444018664], [10.829728615263452, 18.82932746539076], [10.8775753831365, 18.762682313917473], [10.923236992778513, 10.897386459267652], [10.966904349300577, 15.160465860127141], [11.008744383922906, 16.552702851968565], [11.04890390740204, 12.031891744429828], [11.087512719052368, 10.843276341451036], [11.124686137527133, 10.232329852148379], [11.160527077798756, 10.105979018243149], [11.195127768613824, 17.898172088806497], [11.228571182611121, 10.828417672849136], [11.260932234926955, 18.20847253147903], [11.292278793854607, 15.525721516752471], [11.322672537849993, 16.44299804903777], [11.352169686090834, 10.357886527610662], [11.38082162433689, 11.55262918358211], [11.40867544359643, 16.456113013975443], [11.435774405781814, 17.621861640816018], [11.462158347916576, 16.51865739508492], [11.487864034374857, 17.66134528461918]], "merge": [[6.907755278982137, 10.454768757628546], [8.153349757998892, 11.235830917527895], [8.691146498539675, 9.7526832238622], [9.038958755220563, 7.319816444465833], [9.296518068217235, 9.702332225114644], [9.501142571764207, 10.269374705360319], [9.670924779305427, 9.822686768935531], [9.816021526754852, 8.971188928976073], [9.94270826568941, 11.833947767360604], [10.055135102145268, 8.746382034061432], [10.156189906091882, 9.756342166412683], [10.247963389017864, 10.786068688258368], [10.332017933575289, 9.595265611779684], [10.409551859200409, 9.295621377725487], [10.481504425842441, 9.594133196205002], [10.548625513909712, 10.098277551790776], [10.611523345589823, 9.521782694641738], [10.67069806139613, 7.824297408307586], [10.726565902688105, 10.000110947468482], [10.779476987636757, 7.303510594333294], [10.829728615263452, 10.334122344911227], [10.8775753831365, 10.263570266821354], [10.923236992778513, 7.344408167493821], [10.966904349300577, 9.723909849393857], [11.008744383922906, 10.924826864276584], [11.04890390740204, 7.213923672903524], [11.087512719052368, 7.253447138426183], [11.124686137527133, 6.7736081142562705], [11.160527077798756, 6.664863179036048], [11.195127768613824, 10.725889000101938], [11.228571182611121, 7.576381174164267], [11.260932234926955, 11.95098053353914], [11.292278793854607, 9.703036310801672], [11.322672537849993, 10.731923343996577], [11.352169686090834, 6.631194762793266], [11.38082162433689, 6.957272862231738], [11.40867544359643, 10.864728057541738], [11.435774405781814, 11.185832754959256], [11.462158347916576, 9.659562336268111], [11.487864034374857, 10.120506497422891]], "argmin_dic": [[1000, 2], [3475, 2], [5950, 2], [8425, 3], [10900, 2], [13375, 3], [15850, 3], [18325, 3], [20800, 3], [23275, 3], [25750, 3], [28225, 3], [30700, 3], [33175, 2], [35650, 3], [38125, 3], [40600, 3], [43075, 2], [45550, 3], [48025, 3], [50500, 3], [52975, 3], [55450, 3], [57925, 3], [60400, 3], [62875, 3], [65350, 3], [67825, 3], [70300, 3], [72775, 3], [75250, 2], [77725, 3], [80200, 3], [82675, 3], [85150, 3], [87625, 3], [90100, 3], [92575, 2], [95050, 3], [97525, 3]], "time_elapsed": 2520.7963931560516}