{"exact_d1": [[6.906754778648554, 4.035902231431638], [7.022868086082641, 3.984893707213684], [7.1372784372603855, 3.5325729798901886], [7.252762418053187, 4.166063089334242], [7.367708572374371, 4.039161766361102], [7.48324441607385, 3.8143463655055863], [7.598399329323964, 3.7881640259782587], [7.71333788887187, 3.516989646590455], [7.828436359157585, 4.236793839104657], [7.943782692458625, 3.723206403668604], [8.058960017769417, 4.17147680605792], [8.17413934342947, 3.6369249834562307], [8.289288323000317, 3.820657474125934], [8.404248432400102, 4.05944823490201], [8.519390774959724, 3.7988111347949243], [8.634620608292202, 3.828985269096675], [8.74973246437081, 4.005872268537544], [8.86488793377419, 4.0655034732882385], [8.980046316633132, 3.819799450970724], [9.095153962167066, 3.9515886033832297], [9.210340371976184, 3.7369777615492796], [9.325453179076687, 3.6377965580106064], [9.44057869576626, 3.9241836532395706], [9.555701556014641, 3.714503316394359], [9.670798588378387, 3.6622499580966283], [9.785941988681085, 3.7422684635125814], [9.901084667919818, 3.68452557889762], [10.016235712227882, 3.822148999757514], [10.131339999578072, 3.5690835167818027], [10.246474238267561, 3.8740745804997334], [10.36160835987009, 4.035928131911352], [10.476752620919227, 3.9240087067333795], [10.591873415994362, 3.8569324617745373], [10.707012640565683, 3.8315197983928218], [10.822135503983962, 3.8862675985005195], [10.937276835160228, 3.736336192726768], [11.05239680608701, 3.8423467594993435], [11.167529530327974, 3.7352003880672813], [11.28265658871343, 3.836122847989726], [11.397795157716597, 3.6058357310219353]], "exact_d2": [[6.906754778648554, 12.066607857264547], [7.022868086082641, 15.159690329263382], [7.1372784372603855, 6.327894680493817], [7.252762418053187, 12.355905912821692], [7.367708572374371, 8.33192903080197], [7.48324441607385, 12.19904000027147], [7.598399329323964, 6.924011244008488], [7.71333788887187, 4.556355749289119], [7.828436359157585, 9.958222491969673], [7.943782692458625, 7.97019359068995], [8.058960017769417, 9.088796833444986], [8.17413934342947, 6.917072996633806], [8.289288323000317, 6.111608135137351], [8.404248432400102, 16.67056450195277], [8.519390774959724, 8.426157239081034], [8.634620608292202, 6.228160395541679], [8.74973246437081, 9.270359984600468], [8.86488793377419, 9.007460201909755], [8.980046316633132, 10.50800765970197], [9.095153962167066, 9.379304133559813], [9.210340371976184, 10.188231144236202], [9.325453179076687, 5.082779352472175], [9.44057869576626, 7.965984198977437], [9.555701556014641, 10.782931525486632], [9.670798588378387, 8.302719797436797], [9.785941988681085, 6.9430683968155495], [9.901084667919818, 6.380592923651498], [10.016235712227882, 7.101743272480727], [10.131339999578072, 8.750154581519363], [10.246474238267561, 7.156813861341907], [10.36160835987009, 8.073862765463948], [10.476752620919227, 7.216261229201055], [10.591873415994362, 7.693873177196113], [10.707012640565683, 6.697383118182972], [10.822135503983962, 8.175849552461273], [10.937276835160228, 6.709394134930177], [11.05239680608701, 7.6036346216728585], [11.167529530327974, 7.519006449853966], [11.28265658871343, 8.118921597198149], [11.397795157716597, 6.163460106459983]], "over": [[6.906754778648554, 37.295431118882114], [7.022868086082641, 33.74221235126183], [7.1372784372603855, 36.51744285691758], [7.252762418053187, 19.68779666711828], [7.367708572374371, 31.543456696777664], [7.48324441607385, 23.638124507840853], [7.598399329323964, 31.48093469089939], [7.71333788887187, 18.85307432336868], [7.828436359157585, 29.20984805132452], [7.943782692458625, 40.22639077645781], [8.058960017769417, 32.705273833947146], [8.17413934342947, 20.675275396696286], [8.289288323000317, 13.256874563338187], [8.404248432400102, 16.764361891614364], [8.519390774959724, 19.382960377941167], [8.634620608292202, 15.357670230403041], [8.74973246437081, 14.066269925080059], [8.86488793377419, 14.414766912170222], [8.980046316633132, 13.06060197696063], [9.095153962167066, 17.243926571484742], [9.210340371976184, 21.017799370090458], [9.325453179076687, 16.084476553216735], [9.44057869576626, 12.241510558420478], [9.555701556014641, 12.920856744233074], [9.670798588378387, 10.4826003421757], [9.785941988681085, 11.27633631877745], [9.901084667919818, 16.68812054726193], [10.016235712227882, 14.614877219702805], [10.131339999578072, 16.37635381293017], [10.246474238267561, 9.249413198851075], [10.36160835987009, 15.143015693590865], [10.476752620919227, 8.200145288509887], [10.591873415994362, 9.312615642769984], [10.707012640565683, 8.773439466308286], [10.822135503983962, 11.534348331494616], [10.937276835160228, 8.547958176753772], [11.05239680608701, 8.885366035365792], [11.167529530327974, 12.803974309795612], [11.28265658871343, 9.076292877838224], [11.397795157716597, 11.331854659062849]], "merge_d1": [[6.906754778648554, 5.384220280330972], [7.022868086082641, 4.981374528144461], [7.1372784372603855, 4.713999927684529], [7.252762418053187, 4.570554705533412], [7.367708572374371, 4.970690275480162], [7.48324441607385, 4.822768238788261], [7.598399329323964, 4.676615186504526], [7.71333788887187, 5.101875016815965], [7.828436359157585, 5.83768359412855], [7.943782692458625, 5.852552725978648], [8.058960017769417, 5.156554177000816], [8.17413934342947, 4.032242056566765], [8.289288323000317, 4.279724978202345], [8.404248432400102, 4.415649081444844], [8.519390774959724, 4.061940796982685], [8.634620608292202, 4.411171037815668], [8.74973246437081, 4.424335551643997], [8.86488793377419, 4.4406856326075514], [8.980046316633132, 4.199914033954364], [9.095153962167066, 4.15900163202324], [9.210340371976184, 4.039972385150621], [9.325453179076687, 4.41164490387185], [9.44057869576626, 4.269924989765325], [9.555701556014641, 4.148462845638449], [9.670798588378387, 4.251697772908594], [9.785941988681085, 4.265817804433486], [9.901084667919818, 4.384252995215836], [10.016235712227882, 4.08291670268081], [10.131339999578072, 3.834924482488103], [10.246474238267561, 4.2645084712544366], [10.36160835987009, 4.174094494172799], [10.476752620919227, 4.165497091433328], [10.591873415994362, 4.307767430508371], [10.707012640565683, 4.142607297362599], [10.822135503983962, 3.9933414491999084], [10.937276835160228, 4.125139074257689], [11.05239680608701, 4.268339080471325], [11.167529530327974, 3.9831329710842027], [11.28265658871343, 4.323106460224468], [11.397795157716597, 4.296703215674173]],