{"exact_d1": [[6.907755278982137, 3.6869515929301153], [8.153349757998892, 3.718694652820854], [8.691146498539675, 3.8793570454786845], [9.038958755220563, 3.7841818647395544], [9.296518068217235, 3.7944344314322906], [9.501142571764207, 3.643783577045475], [9.670924779305427, 3.703312625010785], [9.816021526754852, 3.7592856239159156], [9.94270826568941, 3.750369101366093], [10.055135102145268, 3.736779783533346], [10.156189906091882, 3.6645080193404937], [10.247963389017864, 3.7790106672909354], [10.332017933575289, 3.7572335737074627], [10.409551859200409, 3.7020135734053112], [10.481504425842441, 3.75123061875937], [10.548625513909712, 3.711849427815434], [10.611523345589823, 3.7336551365550177], [10.67069806139613, 3.7599597128740254], [10.726565902688105, 3.7897632956349434], [10.779476987636757, 3.7338859609872106], [10.829728615263452, 3.7717445274547075], [10.8775753831365, 3.740184548199321], [10.923236992778513, 3.7670430528639924], [10.966904349300577, 3.7748794798946803], [11.008744383922906, 3.8155297279473595], [11.04890390740204, 3.7643439850931784], [11.087512719052368, 3.820400894152424], [11.124686137527133, 3.709618728081427], [11.160527077798756, 3.7535839934874873], [11.195127768613824, 3.78592700173943], [11.228571182611121, 3.744727383134926], [11.260932234926955, 3.7195923163869264], [11.292278793854607, 3.771614876469271], [11.322672537849993, 3.768901477227885], [11.352169686090834, 3.735874723707215], [11.38082162433689, 3.7888692034587375], [11.40867544359643, 3.695792597036645], [11.435774405781814, 3.7804787303396394], [11.462158347916576, 3.7517205634536674], [11.487864034374857, 3.7560663713018494]], "exact_d2": [[6.907755278982137, 5.943397879053732], [8.153349757998892, 7.683611626269787], [8.691146498539675, 6.650311066430623], [9.038958755220563, 6.782095648968605], [9.296518068217235, 7.499803515214516], [9.501142571764207, 7.214253148608501], [9.670924779305427, 6.922547317301793], [9.816021526754852, 7.130758794401682], [9.94270826568941, 6.27819676633946], [10.055135102145268, 6.8477501883169465], [10.156189906091882, 6.877365193499462], [10.247963389017864, 7.281180040663974], [10.332017933575289, 7.319300088402338], [10.409551859200409, 6.904806280750477], [10.481504425842441, 6.525218940683939], [10.548625513909712, 7.224227586221392], [10.611523345589823, 6.81066385075466], [10.67069806139613, 7.00774566666912], [10.726565902688105, 6.63534116215099], [10.779476987636757, 6.844545104372703], [10.829728615263452, 7.287581943574341], [10.8775753831365, 7.173722878716961], [10.923236992778513, 7.168670505876211], [10.966904349300577, 6.906653464582933], [11.008744383922906, 6.967346322930784], [11.04890390740204, 6.927838766324691], [11.087512719052368, 6.990696293623147], [11.124686137527133, 7.198085790870606], [11.160527077798756, 6.761590202581535], [11.195127768613824, 6.965516047340148], [11.228571182611121, 6.715180543051903], [11.260932234926955, 6.922773192006875], [11.292278793854607, 7.178992660940724], [11.322672537849993, 7.136906340764396], [11.352169686090834, 6.930825611755488], [11.38082162433689, 7.0645288664178585], [11.40867544359643, 6.746243348673126], [11.435774405781814, 7.0156606613009735], [11.462158347916576, 6.875226011804771], [11.487864034374857, 6.705897271806076]], "over": [[6.907755278982137, 14.122787662610277], [8.153349757998892, 13.54677961051174], [8.691146498539675, 13.625713493924273], [9.038958755220563, 11.91705447898635], [9.296518068217235, 13.45226244139835], [9.501142571764207, 15.16770818577257], [9.670924779305427, 10.540037035627947], [9.816021526754852, 11.871722889229968], [9.94270826568941, 10.302294150871452], [10.055135102145268, 13.1230858379043], [10.156189906091882, 10.820542617298932], [10.247963389017864, 10.910030667445543], [10.332017933575289, 10.934622032945578], [10.409551859200409, 10.687128058090225], [10.481504425842441, 11.286711287609954], [10.548625513909712, 10.810767380396236], [10.611523345589823, 10.56241622009527], [10.67069806139613, 10.695784696927797], [10.726565902688105, 10.57183204240401], [10.779476987636757, 10.196139901732701], [10.829728615263452, 11.574899286202072], [10.8775753831365, 11.562865492084299], [10.923236992778513, 11.152696499358361], [10.966904349300577, 10.591505000547297], [11.008744383922906, 10.369038875217395], [11.04890390740204, 11.600085062762155], [11.087512719052368, 12.018427206454005], [11.124686137527133, 10.642005820024211], [11.160527077798756, 11.260315489068793], [11.195127768613824, 9.954808729648716], [11.228571182611121, 10.557693274251037], [11.260932234926955, 10.837279614311534], [11.292278793854607, 11.181865408817874], [11.322672537849993, 11.869709633620866], [11.352169686090834, 10.685535119092675], [11.38082162433689, 10.941923798954832], [11.40867544359643, 10.754271101164457], [11.435774405781814, 10.959903300315375], [11.462158347916576, 11.603597866024993], [11.487864034374857, 10.607362638998973]], "merge_d1": [[6.907755278982137, 3.961128668496669], [8.153349757998892, 3.7561901650327334], [8.691146498539675, 4.811051902426749], [9.038958755220563, 4.409661453151636], [9.296518068217235, 3.840805588480597], [9.501142571764207, 3.6816487776574722], [9.670924779305427, 4.486961410780985], [9.816021526754852, 3.829202400979501], [9.94270826568941, 3.8383234246021836], [10.055135102145268, 4.563176706485359], [10.156189906091882, 4.3050781163217415], [10.247963389017864, 4.4631478177434], [10.332017933575289, 4.35122020371748], [10.409551859200409, 4.32791673388583], [10.481504425842441, 4.445451133847006], [10.548625513909712, 4.740386401507917], [10.611523345589823, 3.81350624486528], [10.67069806139613, 3.850623653542683], [10.726565902688105, 4.324805954175151], [10.779476987636757, 4.5115894181581995], [10.829728615263452, 4.426981896008366], [10.8775753831365, 4.345533831565257], [10.923236992778513, 4.51139438167056], [10.966904349300577, 3.8855782021964265], [11.008744383922906, 4.3623775684770605], [11.04890390740204, 4.3797809131735415], [11.087512719052368, 4.423461790045907], [11.124686137527133, 4.571434653703322], [11.160527077798756, 4.412946384545683], [11.195127768613824, 4.478438068304586], [11.228571182611121, 3.852240281009009], [11.260932234926955, 4.349693028954824], [11.292278793854607, 3.8715252314492337], [11.322672537849993, 4.401101531302467], [11.352169686090834, 3.8571334773784502], [11.38082162433689, 3.899191363524821], [11.40867544359643, 4.3855155930726895], [11.435774405781814, 4.499750789134688], [11.462158347916576, 4.633607238496866], [11.487864034374857, 4.339242901667072]],