{"exact_d1": [[11.512925464970229, 3.718602922879492]], "exact_d2": [[11.512925464970229, 6.3811071713760485]], "over": [[11.512925464970229, 10.363169595739166]], "merge_d1": [[11.512925464970229, 4.214509879643705]], "merge_d2": [[11.512925464970229, 6.700402067837944]], "argmin_dic": [[100000, 2]], "time_elapsed": 347.94994020462036}