{"exact_d1": [[6.907755278982137, 4.301764923856507], [8.153349757998892, 3.845157180395772], [8.691146498539675, 3.784712881804977], [9.038958755220563, 3.719146622936366], [9.296518068217235, 3.6442296710018733], [9.501142571764207, 3.744301754335971], [9.670924779305427, 3.742478057650794], [9.816021526754852, 3.6767461535897707], [9.94270826568941, 3.7263954850051766], [10.055135102145268, 3.7502187574220756], [10.156189906091882, 3.703346190897567], [10.247963389017864, 3.7691575840575924], [10.332017933575289, 3.6907470459969867], [10.409551859200409, 3.7043080465339973], [10.481504425842441, 3.764502119831415], [10.548625513909712, 3.7141024483936347], [10.611523345589823, 3.7253097487257123], [10.67069806139613, 3.741501692498273], [10.726565902688105, 3.81135348657332], [10.779476987636757, 3.8034402324516043], [10.829728615263452, 3.679086831382509], [10.8775753831365, 3.7155408502956866], [10.923236992778513, 3.744260630997455], [10.966904349300577, 3.7955209138310915], [11.008744383922906, 3.7680326796264136], [11.04890390740204, 3.7701620419899267], [11.087512719052368, 3.7348686347552493], [11.124686137527133, 3.758955742038845], [11.160527077798756, 3.708654318274614], [11.195127768613824, 3.702523217791631], [11.228571182611121, 3.729750485828634], [11.260932234926955, 3.750980168193668], [11.292278793854607, 3.7060856331581427], [11.322672537849993, 3.785056773879668], [11.352169686090834, 3.7441045795146564], [11.38082162433689, 3.6987862686088846], [11.40867544359643, 3.745629653462003], [11.435774405781814, 3.71750978832285], [11.462158347916576, 3.6851222598152322], [11.487864034374857, 3.7285648652916903]], "exact_d2": [[6.907755278982137, 10.962224485934772], [8.153349757998892, 7.522183750642805], [8.691146498539675, 8.720918518120806], [9.038958755220563, 6.31738492561882], [9.296518068217235, 7.5972469501979045], [9.501142571764207, 7.755476450481298], [9.670924779305427, 7.24938065054129], [9.816021526754852, 7.138180616174923], [9.94270826568941, 6.818258206946951], [10.055135102145268, 7.122343564629888], [10.156189906091882, 7.229300602474292], [10.247963389017864, 6.7113186720563], [10.332017933575289, 7.166073513301956], [10.409551859200409, 7.077885660209477], [10.481504425842441, 7.367741880210767], [10.548625513909712, 6.960498446989545], [10.611523345589823, 7.2666956767215956], [10.67069806139613, 6.452133909977665], [10.726565902688105, 6.8663407263177065], [10.779476987636757, 7.14901616582396], [10.829728615263452, 7.008082312611473], [10.8775753831365, 6.785679140654373], [10.923236992778513, 7.072850796178086], [10.966904349300577, 7.177998003069525], [11.008744383922906, 7.168123377419102], [11.04890390740204, 6.9042877709185895], [11.087512719052368, 6.724702430848735], [11.124686137527133, 6.67004403159964], [11.160527077798756, 6.777977078885661], [11.195127768613824, 6.744064940182167], [11.228571182611121, 6.935846974356469], [11.260932234926955, 7.390601918277258], [11.292278793854607, 6.95899500715377], [11.322672537849993, 6.797440298773385], [11.352169686090834, 6.993576784546571], [11.38082162433689, 6.8983713073041875], [11.40867544359643, 6.97536594122225], [11.435774405781814, 6.8090104114645005], [11.462158347916576, 7.083570974289261], [11.487864034374857, 6.998102369960012]], "over": [[6.907755278982137, 23.51415518253402], [8.153349757998892, 18.71634140589968], [8.691146498539675, 13.134037520456692], [9.038958755220563, 9.758786961928292], [9.296518068217235, 13.367918925379723], [9.501142571764207, 12.457569670522487], [9.670924779305427, 12.488623476720509], [9.816021526754852, 10.664669652133334], [9.94270826568941, 10.9837580152132], [10.055135102145268, 12.055196496613162], [10.156189906091882, 10.942260815078674], [10.247963389017864, 10.330161464298952], [10.332017933575289, 10.952159199678539], [10.409551859200409, 11.171472517677062], [10.481504425842441, 12.487098163361143], [10.548625513909712, 11.00093018081819], [10.611523345589823, 10.917390968696068], [10.67069806139613, 9.723289602226373], [10.726565902688105, 9.869277349201662], [10.779476987636757, 11.524258395326893], [10.829728615263452, 10.192021001685605], [10.8775753831365, 11.17861517115747], [10.923236992778513, 10.904012447555203], [10.966904349300577, 11.683880134175912], [11.008744383922906, 11.266770477267302], [11.04890390740204, 11.481902902293351], [11.087512719052368, 11.50773277610103], [11.124686137527133, 10.585756983599786], [11.160527077798756, 10.515289843351296], [11.195127768613824, 10.852398340909444], [11.228571182611121, 10.895419594772925], [11.260932234926955, 13.071717634982459], [11.292278793854607, 10.041758388565958], [11.322672537849993, 10.083623456292482], [11.352169686090834, 10.487580719809001], [11.38082162433689, 10.59024310788505], [11.40867544359643, 10.687202992689606], [11.435774405781814, 12.288412924492475], [11.462158347916576, 11.335430863079281], [11.487864034374857, 10.903351253719343]], "merge_d1": [[6.907755278982137, 4.579903448875], [8.153349757998892, 4.310741733235871], [8.691146498539675, 4.466984038398133], [9.038958755220563, 4.561859668369576], [9.296518068217235, 3.704008695873392], [9.501142571764207, 4.543818361946538], [9.670924779305427, 4.4565676896127995], [9.816021526754852, 4.582179434520126], [9.94270826568941, 3.7833319348878702], [10.055135102145268, 3.81475693970279], [10.156189906091882, 4.349575366778336], [10.247963389017864, 3.8790492346912377], [10.332017933575289, 4.374849955858912], [10.409551859200409, 4.359397283599465], [10.481504425842441, 4.338231415129703], [10.548625513909712, 3.800486623688422], [10.611523345589823, 3.801329719528757], [10.67069806139613, 3.8488961118669294], [10.726565902688105, 4.55890078833825], [10.779476987636757, 4.3558293051606904], [10.829728615263452, 4.36446259768785], [10.8775753831365, 4.34095040146626], [10.923236992778513, 4.3378214670046225], [10.966904349300577, 4.3796879187571065], [11.008744383922906, 3.841080952792169], [11.04890390740204, 4.393089221733164], [11.087512719052368, 4.354150514641603], [11.124686137527133, 4.343919857994775], [11.160527077798756, 3.79224675160135], [11.195127768613824, 4.406280011290091], [11.228571182611121, 3.8220113705409395], [11.260932234926955, 3.8278819183217707], [11.292278793854607, 4.391883170097492], [11.322672537849993, 4.379434183290692], [11.352169686090834, 3.8112731463189276], [11.38082162433689, 3.812935434108017], [11.40867544359643, 4.407603256946782], [11.435774405781814, 4.6794458518236235], [11.462158347916576, 4.304523336766933], [11.487864034374857, 4.36811056465458]],