{"exact_d1": [[6.906754778648554, 3.546641322118141], [7.022868086082641, 4.573348492206484], [7.1372784372603855, 4.006726482220369], [7.252762418053187, 4.320922582059557], [7.367708572374371, 3.5686469270088046], [7.48324441607385, 3.428391545174146], [7.598399329323964, 3.594426121280544], [7.71333788887187, 3.851389244650782], [7.828436359157585, 3.4144021427927598], [7.943782692458625, 3.9265417364452047], [8.058960017769417, 3.8801416811057603], [8.17413934342947, 3.8773866011536233], [8.289288323000317, 3.4908857675918705], [8.404248432400102, 3.453379097033586], [8.519390774959724, 3.4375950480421444], [8.634620608292202, 4.108308843795489], [8.74973246437081, 3.9200225224236807], [8.86488793377419, 3.7154560644337358], [8.980046316633132, 3.994366503222415], [9.095153962167066, 3.8762283268775297], [9.210340371976184, 3.650613040023482], [9.325453179076687, 3.743878089937098], [9.44057869576626, 3.864488457458469], [9.555701556014641, 3.3771813059464], [9.670798588378387, 3.603573210515459], [9.785941988681085, 3.50925400484023], [9.901084667919818, 3.3908405753311732], [10.016235712227882, 3.8254239401555834], [10.131339999578072, 3.592238171401654], [10.246474238267561, 3.590592176764282], [10.36160835987009, 3.6081286915024804], [10.476752620919227, 3.766260352549557], [10.591873415994362, 3.6704320697155057], [10.707012640565683, 3.7108996598187103], [10.822135503983962, 3.486021591949555], [10.937276835160228, 3.39930960799051], [11.05239680608701, 3.6959097111769457], [11.167529530327974, 3.7226257037333825], [11.28265658871343, 3.4831531292358764], [11.397795157716597, 3.4108767498001327]], "exact_d2": [[6.906754778648554, 14.040575877275625], [7.022868086082641, 13.349280073147005], [7.1372784372603855, 16.840433861613107], [7.252762418053187, 15.436255387342948], [7.367708572374371, 9.015110650230671], [7.48324441607385, 9.694926291762547], [7.598399329323964, 5.02924695862248], [7.71333788887187, 4.900865539052329], [7.828436359157585, 7.675216471473199], [7.943782692458625, 6.9074675178264915], [8.058960017769417, 7.100124489811091], [8.17413934342947, 7.988975094291025], [8.289288323000317, 8.99759339069399], [8.404248432400102, 8.684476343619615], [8.519390774959724, 10.220299985149168], [8.634620608292202, 8.50516037833904], [8.74973246437081, 11.539941223516683], [8.86488793377419, 6.623855589440067], [8.980046316633132, 8.168989670377252], [9.095153962167066, 7.686096538184073], [9.210340371976184, 5.030963414801945], [9.325453179076687, 10.333332625042999], [9.44057869576626, 9.00074145850498], [9.555701556014641, 7.3386099734939405], [9.670798588378387, 9.034624933554442], [9.785941988681085, 8.480044057482402], [9.901084667919818, 7.489738589042788], [10.016235712227882, 7.332279553664425], [10.131339999578072, 8.446270883445843], [10.246474238267561, 6.055281063813417], [10.36160835987009, 11.102680097612865], [10.476752620919227, 6.722998635059054], [10.591873415994362, 5.703212150215421], [10.707012640565683, 6.056037623105083], [10.822135503983962, 8.47727950571626], [10.937276835160228, 8.310326420068808], [11.05239680608701, 5.906417616573295], [11.167529530327974, 6.714238400914639], [11.28265658871343, 8.734483107446328], [11.397795157716597, 7.7896742505565255]], "over": [[6.906754778648554, 26.910712558198636], [7.022868086082641, 24.997052832682375], [7.1372784372603855, 33.48052507549204], [7.252762418053187, 32.72056539089896], [7.367708572374371, 19.39600516080726], [7.48324441607385, 10.660258287102968], [7.598399329323964, 16.264680466582412], [7.71333788887187, 24.03226126572102], [7.828436359157585, 14.136793281721049], [7.943782692458625, 36.00881743552084], [8.058960017769417, 15.49946655665909], [8.17413934342947, 10.00959171564372], [8.289288323000317, 16.412314629126623], [8.404248432400102, 22.07643077018978], [8.519390774959724, 9.056008134129842], [8.634620608292202, 10.632161574840914], [8.74973246437081, 19.834091165736684], [8.86488793377419, 22.38792712284129], [8.980046316633132, 11.89517866493863], [9.095153962167066, 16.153880012690866], [9.210340371976184, 15.060715640488876], [9.325453179076687, 10.27718723308297], [9.44057869576626, 15.043120509187391], [9.555701556014641, 11.17979565742561], [9.670798588378387, 16.180800718667243], [9.785941988681085, 14.071281232192135], [9.901084667919818, 8.896999412710187], [10.016235712227882, 11.522141103437905], [10.131339999578072, 12.10121851226005], [10.246474238267561, 13.835448798227967], [10.36160835987009, 10.780939472846253], [10.476752620919227, 9.823220591975803], [10.591873415994362, 16.565278011082505], [10.707012640565683, 9.642263886003878], [10.822135503983962, 11.223571584468448], [10.937276835160228, 11.364793435143314], [11.05239680608701, 10.754509211596723], [11.167529530327974, 11.953270029586305], [11.28265658871343, 9.438814148262747], [11.397795157716597, 10.46707623927154]], "merge_d1": [[6.906754778648554, 5.201248977114194], [7.022868086082641, 5.031241285347731], [7.1372784372603855, 4.831230283041182], [7.252762418053187, 4.941274060925892], [7.367708572374371, 4.479111070717049], [7.48324441607385, 4.355583064082542], [7.598399329323964, 5.175826791247821], [7.71333788887187, 4.712730204932579], [7.828436359157585, 4.095877793240586], [7.943782692458625, 5.099940273356295], [8.058960017769417, 3.940751809183177], [8.17413934342947, 4.294431718635409], [8.289288323000317, 4.369054118706167], [8.404248432400102, 4.7263738966355415], [8.519390774959724, 4.296755525788283], [8.634620608292202, 4.396267998609837], [8.74973246437081, 4.560863146182976], [8.86488793377419, 4.419228461508559], [8.980046316633132, 4.354457403026557], [9.095153962167066, 4.144065624082769], [9.210340371976184, 3.873322276224368], [9.325453179076687, 4.180299614016327], [9.44057869576626, 4.33698553569935], [9.555701556014641, 4.02386074328982], [9.670798588378387, 4.075035246192558], [9.785941988681085, 4.227120975926444], [9.901084667919818, 4.232744708215859], [10.016235712227882, 4.314028109950537], [10.131339999578072, 4.275597099049726], [10.246474238267561, 4.224282535813029], [10.36160835987009, 4.305142675985786], [10.476752620919227, 4.018715468080495], [10.591873415994362, 4.394860129831998], [10.707012640565683, 4.20501703237076], [10.822135503983962, 4.115329499224693], [10.937276835160228, 4.341408666144894], [11.05239680608701, 3.992951991171194], [11.167529530327974, 4.3979645074130636], [11.28265658871343, 4.337155332600842], [11.397795157716597, 4.320097267592443]],