{"exact_d1": [[11.512925464970229, 3.7888807127309954]], "exact_d2": [[11.512925464970229, 7.326511039770647]], "over": [[11.512925464970229, 12.293336263210605]], "merge_d1": [[11.512925464970229, 4.2062967302272245]], "merge_d2": [[11.512925464970229, 6.7474701230589735]], "argmin_dic": [[100000, 2]], "time_elapsed": 168.30648064613342}