{"exact": [[6.907755278982137, 6.085824611911792], [8.153349757998892, 10.46418119426303], [8.691146498539675, 8.568729164018714], [9.038958755220563, 8.899676660690233], [9.296518068217235, 9.72017470416659], [9.501142571764207, 9.283261163680278], [9.670924779305427, 9.458910233218875], [9.816021526754852, 9.804141858873441], [9.94270826568941, 9.38119377836945], [10.055135102145268, 9.522352224044898], [10.156189906091882, 8.84728011476405], [10.247963389017864, 6.953458016203109], [10.332017933575289, 6.931892787232018], [10.409551859200409, 9.724069519663344], [10.481504425842441, 9.572850681873359], [10.548625513909712, 9.391608664278095], [10.611523345589823, 9.82516021236374], [10.67069806139613, 9.833269826694842], [10.726565902688105, 7.37573316803195], [10.779476987636757, 7.005526658027721], [10.829728615263452, 7.008053882484479], [10.8775753831365, 7.187380881932762], [10.923236992778513, 9.779402919563696], [10.966904349300577, 9.187583241194785], [11.008744383922906, 6.784912161737397], [11.04890390740204, 7.12438373128089], [11.087512719052368, 9.386166932952877], [11.124686137527133, 9.182876936629125], [11.160527077798756, 7.118921109683576], [11.195127768613824, 9.661429951402098], [11.228571182611121, 6.842227316226406], [11.260932234926955, 9.340061454402857], [11.292278793854607, 9.347683732617927], [11.322672537849993, 9.381734245192263], [11.352169686090834, 6.582460448553852], [11.38082162433689, 6.707894174124871], [11.40867544359643, 9.717014407092412], [11.435774405781814, 7.227027684501663], [11.462158347916576, 9.48716979517644], [11.487864034374857, 9.270225131687049]], "over": [[6.907755278982137, 15.688115728894214], [8.153349757998892, 11.140885904622834], [8.691146498539675, 16.915584314918885], [9.038958755220563, 16.4550415952358], [9.296518068217235, 16.683592906391365], [9.501142571764207, 17.034461225550526], [9.670924779305427, 12.39982956827865], [9.816021526754852, 17.016545623525406], [9.94270826568941, 11.424698840109029], [10.055135102145268, 10.3713218532599], [10.156189906091882, 16.03499679980312], [10.247963389017864, 10.87212082002698], [10.332017933575289, 11.762917415844752], [10.409551859200409, 16.934939929573314], [10.481504425842441, 16.727266312812226], [10.548625513909712, 16.615268348724147], [10.611523345589823, 16.52349258192793], [10.67069806139613, 16.25604801635094], [10.726565902688105, 17.8137351885328], [10.779476987636757, 17.376479107525252], [10.829728615263452, 11.435697920527643], [10.8775753831365, 16.26441390273617], [10.923236992778513, 17.91162413802649], [10.966904349300577, 15.9342095136122], [11.008744383922906, 15.53375107290874], [11.04890390740204, 15.994505307185689], [11.087512719052368, 15.407553631406781], [11.124686137527133, 15.660763880794365], [11.160527077798756, 11.227455347695797], [11.195127768613824, 10.077936191923941], [11.228571182611121, 17.431108094739503], [11.260932234926955, 20.00542262542494], [11.292278793854607, 19.99200227076318], [11.322672537849993, 16.563377428173037], [11.352169686090834, 15.189763839746988], [11.38082162433689, 16.213960202783284], [11.40867544359643, 16.278025325699712], [11.435774405781814, 11.533141947517286], [11.462158347916576, 10.724792595337775], [11.487864034374857, 15.31160051886223]], "merge": [[6.907755278982137, 9.530708871406514], [8.153349757998892, 6.875330084495045], [8.691146498539675, 9.918948268950448], [9.038958755220563, 9.449936913627534], [9.296518068217235, 10.977483539358929], [9.501142571764207, 9.851925873431256], [9.670924779305427, 8.006670625160963], [9.816021526754852, 10.022419035992248], [9.94270826568941, 7.612599704433791], [10.055135102145268, 7.593392399215166], [10.156189906091882, 10.603877353930464], [10.247963389017864, 6.88988676528049], [10.332017933575289, 7.057273665594427], [10.409551859200409, 11.070668448005394], [10.481504425842441, 11.808358570233557], [10.548625513909712, 10.92385522963427], [10.611523345589823, 10.29153395837648], [10.67069806139613, 10.165404489886624], [10.726565902688105, 10.674585117236157], [10.779476987636757, 9.96486806292158], [10.829728615263452, 7.887844018633095], [10.8775753831365, 9.300004235317173], [10.923236992778513, 9.522086968575964], [10.966904349300577, 9.18361041233275], [11.008744383922906, 9.744197394073888], [11.04890390740204, 9.257795252558816], [11.087512719052368, 9.878657988856387], [11.124686137527133, 9.819311445379991], [11.160527077798756, 7.173452134515169], [11.195127768613824, 7.083813953994872], [11.228571182611121, 10.123445164253408], [11.260932234926955, 10.9199242441923], [11.292278793854607, 10.885918795208397], [11.322672537849993, 10.949150880489132], [11.352169686090834, 9.243839087775017], [11.38082162433689, 9.794435765031372], [11.40867544359643, 9.372373025529933], [11.435774405781814, 7.161852056931102], [11.462158347916576, 7.689860644487253], [11.487864034374857, 9.704533987764565]], "argmin_dic": [[1000, 2], [3475, 3], [5950, 2], [8425, 2], [10900, 3], [13375, 3], [15850, 2], [18325, 3], [20800, 2], [23275, 2], [25750, 3], [28225, 2], [30700, 3], [33175, 2], [35650, 3], [38125, 3], [40600, 3], [43075, 3], [45550, 3], [48025, 3], [50500, 2], [52975, 3], [55450, 3], [57925, 3], [60400, 3], [62875, 3], [65350, 3], [67825, 3], [70300, 3], [72775, 3], [75250, 3], [77725, 3], [80200, 2], [82675, 3], [85150, 3], [87625, 3], [90100, 3], [92575, 3], [95050, 2], [97525, 3]], "time_elapsed": 1805.813913822174}