{"exact_d1": [[9.210340371976184, 3.8559694743975523], [9.250522161609014, 3.8735284196807083], [9.290721483922995, 4.079669278431432], [9.330963814299922, 3.8238674965566966], [9.371268036082466, 3.979664883735788], [9.411483683010726, 3.989484008815892], [9.451716691551452, 3.8742715869838737], [9.491979220880678, 3.9734650591132956], [9.532206456208034, 3.804091027015502], [9.572410734431823, 4.056464807305547], [9.612667227583843, 3.9017978217360048], [9.65290856803585, 3.8708936105922587], [9.693136823020671, 3.8617290433669007], [9.733351450605975, 3.912371956785717], [9.773606631681607, 3.900141222598785], [9.81383633058348, 4.147031536851384], [9.854087202241, 3.6530256638393572], [9.894345894618844, 3.864423056141685], [9.934550077987947, 3.983687713457331], [9.974784434418162, 3.9422951725563857], [10.015028927269036, 3.872276711184002], [10.055263987501922, 3.8860016216939144], [10.095511884791469, 3.8901014859794807], [10.135749405494865, 3.91109746959717], [10.175992533388062, 3.812508308354254], [10.216215833592425, 3.759789250347422], [10.25646567163057, 3.9522098825209193], [10.29667762976868, 3.9729397615928086], [10.336924443719042, 3.949180666584048], [10.377171899621436, 3.809722818433654], [10.417418350255533, 3.8691903024477408], [10.457631253015656, 3.902886484322029], [10.497863570996053, 3.8789320912691663], [10.53810479090567, 3.8010839474445723], [10.578343463123822, 3.8549740412589792], [10.618591900448115, 3.9101751520288697], [10.658811091522749, 3.7828400525043135], [10.699055933195222, 3.8873641479588708], [10.739305484260235, 3.886067603018583], [10.779539453150608, 3.9336735629793615]], "exact_d2": [[9.210340371976184, 6.8187300739649315], [9.250522161609014, 5.870831668517678], [9.290721483922995, 8.855343248837501], [9.330963814299922, 7.498877222402492], [9.371268036082466, 7.231541977150741], [9.411483683010726, 8.899628389645766], [9.451716691551452, 7.972359664773927], [9.491979220880678, 6.838470313443801], [9.532206456208034, 5.982302844163316], [9.572410734431823, 8.633484796911711], [9.612667227583843, 8.10501584771098], [9.65290856803585, 6.962602035636611], [9.693136823020671, 6.8892143910084584], [9.733351450605975, 6.551930705911381], [9.773606631681607, 8.256495143485138], [9.81383633058348, 8.447252603406698], [9.854087202241, 5.312163566056666], [9.894345894618844, 7.317838768867362], [9.934550077987947, 6.673735894849353], [9.974784434418162, 7.103107302808971], [10.015028927269036, 6.083939603021936], [10.055263987501922, 7.23330944811962], [10.095511884791469, 6.540740359151331], [10.135749405494865, 6.520400090023438], [10.175992533388062, 6.536710210728181], [10.216215833592425, 6.514211247944292], [10.25646567163057, 7.524210175067064], [10.29667762976868, 7.49342623469605], [10.336924443719042, 7.610125537767604], [10.377171899621436, 7.90204801414666], [10.417418350255533, 7.721556349875248], [10.457631253015656, 6.962482353122547], [10.497863570996053, 6.983735633928321], [10.53810479090567, 7.44736034671617], [10.578343463123822, 6.788975898999006], [10.618591900448115, 7.265447440110201], [10.658811091522749, 7.0171717348792155], [10.699055933195222, 7.282851539269443], [10.739305484260235, 6.922615254116996], [10.779539453150608, 7.9971985820487745]], "over": [[9.210340371976184, 11.713210764050734], [9.250522161609014, 14.480086694264694], [9.290721483922995, 16.679818317898448], [9.330963814299922, 19.11973062547435], [9.371268036082466, 9.460806124465684], [9.411483683010726, 9.416800516954126], [9.451716691551452, 11.907200110588146], [9.491979220880678, 12.011032511409725], [9.532206456208034, 9.5339054662291], [9.572410734431823, 12.74962705381588], [9.612667227583843, 9.472266171405618], [9.65290856803585, 10.496622758976056], [9.693136823020671, 11.722990837922605], [9.733351450605975, 9.871863711511594], [9.773606631681607, 15.170252827140985], [9.81383633058348, 13.710560185821235], [9.854087202241, 13.174269961423896], [9.894345894618844, 11.966218477856714], [9.934550077987947, 12.084932512769928], [9.974784434418162, 12.14889424670729], [10.015028927269036, 10.166572038763741], [10.055263987501922, 9.428739314377085], [10.095511884791469, 10.279742796447758], [10.135749405494865, 11.159845505623254], [10.175992533388062, 9.820478267347907], [10.216215833592425, 10.839639021137451], [10.25646567163057, 10.250004795671247], [10.29667762976868, 9.464147151073416], [10.336924443719042, 9.657757925796014], [10.377171899621436, 11.250465750227683], [10.417418350255533, 13.348238591243001], [10.457631253015656, 9.302162233787287], [10.497863570996053, 12.201927732403034], [10.53810479090567, 10.60657381697929], [10.578343463123822, 13.57600841477562], [10.618591900448115, 15.033640441686822], [10.658811091522749, 9.362954445161748], [10.699055933195222, 12.939489301384144], [10.739305484260235, 12.724452248637697], [10.779539453150608, 10.833069717912299]], "merge_d1": [[9.210340371976184, 4.448535721058089], [9.250522161609014, 4.540173508652741], [9.290721483922995, 4.368558749571098], [9.330963814299922, 4.342109304720419], [9.371268036082466, 4.073068569400651], [9.411483683010726, 4.1984493916398975], [9.451716691551452, 4.234134379394564], [9.491979220880678, 4.351335887368581], [9.532206456208034, 4.1162937095952294], [9.572410734431823, 4.313840173650179], [9.612667227583843, 4.058418902165336], [9.65290856803585, 4.048362366586278], [9.693136823020671, 4.256718281472978], [9.733351450605975, 4.13256162833137], [9.773606631681607, 4.407017520875483], [9.81383633058348, 4.188923999109185], [9.854087202241, 4.04199184942776], [9.894345894618844, 4.224028071621215], [9.934550077987947, 4.2702535920986655], [9.974784434418162, 4.18962321859218], [10.015028927269036, 4.333185479411664], [10.055263987501922, 4.0588370602995845], [10.095511884791469, 4.222499212411879], [10.135749405494865, 4.284714542465048], [10.175992533388062, 4.091054295365593], [10.216215833592425, 4.207507024752738], [10.25646567163057, 4.2515285079940295], [10.29667762976868, 4.342131311992988], [10.336924443719042, 4.103705745483811], [10.377171899621436, 4.2888772835231155], [10.417418350255533, 4.310182616769413], [10.457631253015656, 4.0950156831984135], [10.497863570996053, 4.297363231820135], [10.53810479090567, 4.277941802188022], [10.578343463123822, 4.221026840801049], [10.618591900448115, 4.0284345056269775], [10.658811091522749, 4.311135641830484], [10.699055933195222, 4.236017667052115], [10.739305484260235, 4.26518374109257], [10.779539453150608, 4.298061875602932]],