{"exact_d1": [[11.512925464970229, 3.9398089963965717]], "exact_d2": [[11.512925464970229, 7.381421033824376]], "over": [[11.512925464970229, 9.870671761367685]], "merge_d1": [[11.512925464970229, 4.25539870386017]], "merge_d2": [[11.512925464970229, 6.52006325896932]], "argmin_dic": [[100000, 2]], "time_elapsed": 382.8944501876831}