{"exact_d1": [[11.512925464970229, 3.913260550387612]], "exact_d2": [[11.512925464970229, 7.480041366959199]], "over": [[11.512925464970229, 9.989855246921744]], "merge_d1": [[11.512925464970229, 4.150507931169833]], "merge_d2": [[11.512925464970229, 6.364361228548308]], "argmin_dic": [[100000, 2]], "time_elapsed": 333.9941375255585}