{"exact_d1": [[6.907755278982137, 2.9681783364145033], [8.153349757998892, 3.6291953559253063], [8.691146498539675, 3.7606161353407166], [9.038958755220563, 3.7256560571504784], [9.296518068217235, 3.773699797464102], [9.501142571764207, 3.7622102201785306], [9.670924779305427, 3.7608543568181125], [9.816021526754852, 3.761811932023709], [9.94270826568941, 3.8025851890343296], [10.055135102145268, 3.803079327733675], [10.156189906091882, 3.765196046194976], [10.247963389017864, 3.7457989979155855], [10.332017933575289, 3.730377085186166], [10.409551859200409, 3.7439082445067635], [10.481504425842441, 3.750355732797047], [10.548625513909712, 3.8169209579912686], [10.611523345589823, 3.8175425111388583], [10.67069806139613, 3.772530951101727], [10.726565902688105, 3.747524938866324], [10.779476987636757, 3.7034496204368192], [10.829728615263452, 3.7726121269161874], [10.8775753831365, 3.7640182875561354], [10.923236992778513, 3.7959332154778918], [10.966904349300577, 3.791571313271948], [11.008744383922906, 3.7658229235815663], [11.04890390740204, 3.7242921913410796], [11.087512719052368, 3.7972697589923157], [11.124686137527133, 3.731640133433143], [11.160527077798756, 3.7556829459939127], [11.195127768613824, 3.7297547092409884], [11.228571182611121, 3.7416426340527704], [11.260932234926955, 3.7755429601902417], [11.292278793854607, 3.7607556268016333], [11.322672537849993, 3.774718157876765], [11.352169686090834, 3.7367847412364115], [11.38082162433689, 3.7426399401817756], [11.40867544359643, 3.7815448958079347], [11.435774405781814, 3.7749199389528423], [11.462158347916576, 3.7156224577039785], [11.487864034374857, 3.7611791940146597]], "exact_d2": [[6.907755278982137, 8.062950985116645], [8.153349757998892, 6.220715720846232], [8.691146498539675, 7.153351808852298], [9.038958755220563, 6.288281917096503], [9.296518068217235, 6.7722548702537955], [9.501142571764207, 6.628475523810996], [9.670924779305427, 6.3270468986943], [9.816021526754852, 7.758322746633395], [9.94270826568941, 6.322127768210491], [10.055135102145268, 7.075587394756675], [10.156189906091882, 7.4528219464980285], [10.247963389017864, 6.992209619072451], [10.332017933575289, 6.601380670324647], [10.409551859200409, 7.158998079947906], [10.481504425842441, 7.141433088166162], [10.548625513909712, 6.5676578126054705], [10.611523345589823, 6.814987198236853], [10.67069806139613, 6.751945914718419], [10.726565902688105, 6.954805157774058], [10.779476987636757, 6.784041493438866], [10.829728615263452, 7.25132514039336], [10.8775753831365, 6.912811282398881], [10.923236992778513, 6.991644707036795], [10.966904349300577, 6.688405786522499], [11.008744383922906, 6.790448476172873], [11.04890390740204, 6.849236508458759], [11.087512719052368, 7.271945721990634], [11.124686137527133, 6.958011418179485], [11.160527077798756, 6.564371392839022], [11.195127768613824, 6.777092577951262], [11.228571182611121, 6.617139757767385], [11.260932234926955, 6.847199990458256], [11.292278793854607, 6.95504956530179], [11.322672537849993, 7.139259611635792], [11.352169686090834, 6.868367659571509], [11.38082162433689, 6.903457965722045], [11.40867544359643, 7.16294278418633], [11.435774405781814, 6.7080610040346], [11.462158347916576, 6.899671619644714], [11.487864034374857, 7.04286104594037]], "over": [[6.907755278982137, 13.582320482779256], [8.153349757998892, 14.312915410724825], [8.691146498539675, 16.452710257260982], [9.038958755220563, 10.359821984514552], [9.296518068217235, 11.297752193655265], [9.501142571764207, 11.035165289375765], [9.670924779305427, 10.04335438454042], [9.816021526754852, 13.018878944438251], [9.94270826568941, 9.39863567380286], [10.055135102145268, 12.208797725240068], [10.156189906091882, 12.746900563049234], [10.247963389017864, 10.435848393566344], [10.332017933575289, 9.77168323175486], [10.409551859200409, 11.443545270901595], [10.481504425842441, 12.288654519520467], [10.548625513909712, 10.393230986271906], [10.611523345589823, 11.049456750700148], [10.67069806139613, 11.595704237632978], [10.726565902688105, 10.693423163210921], [10.779476987636757, 10.808191303791295], [10.829728615263452, 10.144935394531945], [10.8775753831365, 9.948607796258244], [10.923236992778513, 10.751484479505772], [10.966904349300577, 10.414111900478376], [11.008744383922906, 9.914947348543356], [11.04890390740204, 10.866034761302723], [11.087512719052368, 10.422615895616168], [11.124686137527133, 10.068817188713533], [11.160527077798756, 10.05139950054149], [11.195127768613824, 11.424984834433303], [11.228571182611121, 10.292060745725367], [11.260932234926955, 10.41715372655951], [11.292278793854607, 11.65595070357089], [11.322672537849993, 10.899457736005914], [11.352169686090834, 11.602454857227999], [11.38082162433689, 10.033534603618458], [11.40867544359643, 11.392294234460119], [11.435774405781814, 10.253152471998005], [11.462158347916576, 10.634681578607546], [11.487864034374857, 10.638616612975362]], "merge_d1": [[6.907755278982137, 4.1988773036229325], [8.153349757998892, 4.383895660177686], [8.691146498539675, 3.862472353417816], [9.038958755220563, 4.349787820717498], [9.296518068217235, 3.868621590399198], [9.501142571764207, 4.437001967135398], [9.670924779305427, 3.8253315383326725], [9.816021526754852, 4.3767731082388215], [9.94270826568941, 4.536049726926136], [10.055135102145268, 4.318366565767601], [10.156189906091882, 3.831712976588459], [10.247963389017864, 4.48129021081236], [10.332017933575289, 4.686150334560746], [10.409551859200409, 4.379021146534777], [10.481504425842441, 3.8244763483682163], [10.548625513909712, 4.459206225783571], [10.611523345589823, 3.9158405120738324], [10.67069806139613, 4.460603842864969], [10.726565902688105, 4.425381198587034], [10.779476987636757, 3.7951036341112854], [10.829728615263452, 4.3508091049004305], [10.8775753831365, 4.3088172167367915], [10.923236992778513, 4.478478605377008], [10.966904349300577, 4.432083590315933], [11.008744383922906, 4.837929223528305], [11.04890390740204, 4.4307198309955185], [11.087512719052368, 4.345672624620712], [11.124686137527133, 4.382428326095753], [11.160527077798756, 4.397789744673792], [11.195127768613824, 4.371661613683776], [11.228571182611121, 4.3625109535439615], [11.260932234926955, 3.87270742562189], [11.292278793854607, 4.4229464324936485], [11.322672537849993, 3.87333575547512], [11.352169686090834, 3.819357200638291], [11.38082162433689, 4.465170185601718], [11.40867544359643, 4.549138123094485], [11.435774405781814, 3.858919307435699], [11.462158347916576, 3.8120033453586295], [11.487864034374857, 4.474768878146925]],