{"exact_d1": [[6.907755278982137, 3.915088091046975], [8.153349757998892, 3.8252931387662024], [8.691146498539675, 3.678625894973638], [9.038958755220563, 3.663354408461724], [9.296518068217235, 3.8508727324379173], [9.501142571764207, 3.667167365138013], [9.670924779305427, 3.668364328976502], [9.816021526754852, 3.748708314716587], [9.94270826568941, 3.792650606274156], [10.055135102145268, 3.7422898694531113], [10.156189906091882, 3.7064426102051278], [10.247963389017864, 3.7672834210691843], [10.332017933575289, 3.7847245877187214], [10.409551859200409, 3.7124693364247023], [10.481504425842441, 3.726740271608389], [10.548625513909712, 3.6485225924863727], [10.611523345589823, 3.7627424268302003], [10.67069806139613, 3.785044211749696], [10.726565902688105, 3.751762399702125], [10.779476987636757, 3.730474966184468], [10.829728615263452, 3.775952814213341], [10.8775753831365, 3.7366533465882315], [10.923236992778513, 3.728145493918431], [10.966904349300577, 3.791165456205499], [11.008744383922906, 3.795158599471152], [11.04890390740204, 3.7694303890475895], [11.087512719052368, 3.7135098841565135], [11.124686137527133, 3.778545143518433], [11.160527077798756, 3.7825594918749177], [11.195127768613824, 3.763000834026788], [11.228571182611121, 3.7256738505648586], [11.260932234926955, 3.7353769120723443], [11.292278793854607, 3.7162968613553806], [11.322672537849993, 3.7713248685582412], [11.352169686090834, 3.7646494269848203], [11.38082162433689, 3.741988689228402], [11.40867544359643, 3.7869166376253607], [11.435774405781814, 3.7301041006616287], [11.462158347916576, 3.7608503898936165], [11.487864034374857, 3.810128974439102]], "exact_d2": [[6.907755278982137, 8.842056564446379], [8.153349757998892, 7.414434200822613], [8.691146498539675, 6.6946102151337055], [9.038958755220563, 6.875684728325764], [9.296518068217235, 7.6334453520792405], [9.501142571764207, 6.368933724381761], [9.670924779305427, 6.376294125311782], [9.816021526754852, 6.516944980365905], [9.94270826568941, 7.017454057545142], [10.055135102145268, 6.733886518928265], [10.156189906091882, 6.779582636264341], [10.247963389017864, 6.539434252016027], [10.332017933575289, 6.765026675988885], [10.409551859200409, 6.740469214700355], [10.481504425842441, 6.699634074558603], [10.548625513909712, 6.884634274054049], [10.611523345589823, 7.2300027310302735], [10.67069806139613, 6.670396616171533], [10.726565902688105, 7.06501722063167], [10.779476987636757, 6.762511935875599], [10.829728615263452, 7.076721401415218], [10.8775753831365, 6.974875612616624], [10.923236992778513, 6.811451385523773], [10.966904349300577, 7.0133029894843455], [11.008744383922906, 6.5733677316657015], [11.04890390740204, 7.024532487492742], [11.087512719052368, 6.931921005827671], [11.124686137527133, 6.611809320221872], [11.160527077798756, 6.962621571678102], [11.195127768613824, 6.946784686251926], [11.228571182611121, 6.853515750260806], [11.260932234926955, 7.029712359631959], [11.292278793854607, 6.7092583896176015], [11.322672537849993, 6.683872348407455], [11.352169686090834, 6.788997409808124], [11.38082162433689, 6.691171667028111], [11.40867544359643, 6.828375800029113], [11.435774405781814, 7.015110388328402], [11.462158347916576, 7.07439292452956], [11.487864034374857, 6.895841964659664]], "over": [[6.907755278982137, 20.934421277878872], [8.153349757998892, 13.306378836192428], [8.691146498539675, 12.598633731244492], [9.038958755220563, 12.003446023085786], [9.296518068217235, 12.44345263243267], [9.501142571764207, 10.81879337779724], [9.670924779305427, 11.018933234659524], [9.816021526754852, 10.56902182241766], [9.94270826568941, 10.749643574350198], [10.055135102145268, 10.288195002892442], [10.156189906091882, 11.04280059136506], [10.247963389017864, 9.938813678562953], [10.332017933575289, 10.419709750348408], [10.409551859200409, 11.296809349866962], [10.481504425842441, 10.793183072060653], [10.548625513909712, 10.991366829321645], [10.611523345589823, 11.297482687259341], [10.67069806139613, 10.06633500740028], [10.726565902688105, 10.051694115438131], [10.779476987636757, 11.08127869656812], [10.829728615263452, 12.028803129040247], [10.8775753831365, 11.317334121376264], [10.923236992778513, 10.643864510586509], [10.966904349300577, 10.780490848542172], [11.008744383922906, 10.05928312202341], [11.04890390740204, 10.932279217175655], [11.087512719052368, 11.408469992068873], [11.124686137527133, 10.111527101756087], [11.160527077798756, 10.97220390236401], [11.195127768613824, 10.562880785609652], [11.228571182611121, 10.918942846727163], [11.260932234926955, 10.765128413656923], [11.292278793854607, 10.326946728496845], [11.322672537849993, 10.735067013352088], [11.352169686090834, 10.810261586443438], [11.38082162433689, 10.868950325021238], [11.40867544359643, 10.455561761956705], [11.435774405781814, 11.018929191378625], [11.462158347916576, 10.893179355523612], [11.487864034374857, 11.127489967986737]], "merge_d1": [[6.907755278982137, 5.334164946530593], [8.153349757998892, 3.9899233730138937], [8.691146498539675, 3.943533292725778], [9.038958755220563, 3.7504082672729595], [9.296518068217235, 3.933211872238698], [9.501142571764207, 3.7676940697192385], [9.670924779305427, 4.437200392918191], [9.816021526754852, 3.8623019968127656], [9.94270826568941, 3.871204561329167], [10.055135102145268, 4.424280884733464], [10.156189906091882, 4.373836390467528], [10.247963389017864, 4.496359209405334], [10.332017933575289, 4.4866323559898875], [10.409551859200409, 4.391601624910056], [10.481504425842441, 4.405992009150666], [10.548625513909712, 3.711206414898476], [10.611523345589823, 4.404799183426741], [10.67069806139613, 4.586299560020315], [10.726565902688105, 4.307870059242137], [10.779476987636757, 4.385097600082669], [10.829728615263452, 3.854825481140303], [10.8775753831365, 3.836799512904819], [10.923236992778513, 4.7075882388897865], [10.966904349300577, 3.8956725882146475], [11.008744383922906, 3.900804807924907], [11.04890390740204, 4.455221971732769], [11.087512719052368, 4.452784130095515], [11.124686137527133, 3.8803441348852488], [11.160527077798756, 4.462548106243776], [11.195127768613824, 4.470515797444662], [11.228571182611121, 4.520745046072491], [11.260932234926955, 4.362028603542079], [11.292278793854607, 3.811945725847445], [11.322672537849993, 3.8816463836895516], [11.352169686090834, 4.405407151249176], [11.38082162433689, 4.365892749055502], [11.40867544359643, 4.6649954654390795], [11.435774405781814, 3.8403492603446723], [11.462158347916576, 3.8670844343661197], [11.487864034374857, 4.40525204898906]],