{"exact_d1": [[11.512925464970229, 3.7511668859229026]], "exact_d2": [[11.512925464970229, 6.850169989422689]], "over": [[11.512925464970229, 7.955459553551974]], "merge_d1": [[11.512925464970229, 4.305971853033669]], "merge_d2": [[11.512925464970229, 5.812319439476395]], "argmin_dic": [[100000, 2]], "time_elapsed": 260.13702940940857}