{"exact_d1": [[11.512925464970229, 3.8673960555317524]], "exact_d2": [[11.512925464970229, 6.660162683309354]], "over": [[11.512925464970229, 9.988583769522625]], "merge_d1": [[11.512925464970229, 4.229673450567655]], "merge_d2": [[11.512925464970229, 5.846582669531411]], "argmin_dic": [[100000, 2]], "time_elapsed": 366.54348158836365}