{"exact_d1": [[11.512925464970229, 3.7320058387740396]], "exact_d2": [[11.512925464970229, 6.744539221883245]], "over": [[11.512925464970229, 12.763138975729868]], "merge_d1": [[11.512925464970229, 4.281981888204808]], "merge_d2": [[11.512925464970229, 6.441627380855278]], "argmin_dic": [[100000, 2]], "time_elapsed": 224.6354899406433}