{"exact_d1": [[6.906754778648554, 3.9882240637782918], [7.022868086082641, 3.7482864463292875], [7.1372784372603855, 5.2719698544357785], [7.252762418053187, 3.8434080948580536], [7.367708572374371, 3.1777789607841838], [7.48324441607385, 3.9520300522320064], [7.598399329323964, 4.084509436242759], [7.71333788887187, 3.485670695290957], [7.828436359157585, 4.149587051197039], [7.943782692458625, 4.073531885774121], [8.058960017769417, 3.684551230504751], [8.17413934342947, 3.7821243052566103], [8.289288323000317, 3.853431508831812], [8.404248432400102, 3.738482613049473], [8.519390774959724, 3.7398461307382718], [8.634620608292202, 3.7734044235228135], [8.74973246437081, 3.5404298603337727], [8.86488793377419, 3.9054735923891397], [8.980046316633132, 3.673996159115309], [9.095153962167066, 3.9730292798431566], [9.210340371976184, 3.6284048744360318], [9.325453179076687, 3.4902773903581115], [9.44057869576626, 3.8726764719914755], [9.555701556014641, 3.4490909547696327], [9.670798588378387, 3.4629093157406166], [9.785941988681085, 3.6199106947699797], [9.901084667919818, 3.816082405355565], [10.016235712227882, 3.810561537284781], [10.131339999578072, 3.539128622183399], [10.246474238267561, 3.8928692726892535], [10.36160835987009, 3.5388634777513617], [10.476752620919227, 3.7121867041021956], [10.591873415994362, 3.66334171321208], [10.707012640565683, 3.727048780030824], [10.822135503983962, 3.60260609384516], [10.937276835160228, 3.8529620519640573], [11.05239680608701, 3.4542233865782843], [11.167529530327974, 3.617229811434043], [11.28265658871343, 3.8455541309158057], [11.397795157716597, 3.639672263270989]], "exact_d2": [[6.906754778648554, 18.25740251483797], [7.022868086082641, 9.381480394675865], [7.1372784372603855, 28.601428622178723], [7.252762418053187, 6.6573009612570075], [7.367708572374371, 15.530456911479805], [7.48324441607385, 11.775118655435943], [7.598399329323964, 18.30918119627398], [7.71333788887187, 5.528311785568182], [7.828436359157585, 13.732020112114675], [7.943782692458625, 16.135001555851936], [8.058960017769417, 8.700554112696096], [8.17413934342947, 9.682888817265566], [8.289288323000317, 6.250799973836423], [8.404248432400102, 6.687480193809122], [8.519390774959724, 9.443536886334192], [8.634620608292202, 8.920556377247294], [8.74973246437081, 7.796534610955155], [8.86488793377419, 7.690388264848621], [8.980046316633132, 6.668099482975389], [9.095153962167066, 6.946219728251754], [9.210340371976184, 5.857518629125765], [9.325453179076687, 8.249961161167592], [9.44057869576626, 6.634118776018245], [9.555701556014641, 9.263154375138809], [9.670798588378387, 7.727758256665735], [9.785941988681085, 6.228503091750695], [9.901084667919818, 6.4727395594115995], [10.016235712227882, 6.8014583241669735], [10.131339999578072, 8.009370290068318], [10.246474238267561, 7.066839824468595], [10.36160835987009, 9.720838726821682], [10.476752620919227, 6.884243195859298], [10.591873415994362, 6.867592980954117], [10.707012640565683, 6.585222552779949], [10.822135503983962, 6.1915506546843915], [10.937276835160228, 7.051076343001298], [11.05239680608701, 9.733192705175782], [11.167529530327974, 9.264823518592449], [11.28265658871343, 7.935374256710986], [11.397795157716597, 9.135330030445802]], "over": [[6.906754778648554, 17.490202058835855], [7.022868086082641, 23.077775777422183], [7.1372784372603855, 42.39387753432958], [7.252762418053187, 31.809928886500803], [7.367708572374371, 38.97050381577577], [7.48324441607385, 16.91549676192627], [7.598399329323964, 27.504826076615988], [7.71333788887187, 33.248927358394674], [7.828436359157585, 27.729783958901326], [7.943782692458625, 21.809599640231237], [8.058960017769417, 14.011871139923489], [8.17413934342947, 19.934691643490346], [8.289288323000317, 13.143855680851825], [8.404248432400102, 20.431960014382298], [8.519390774959724, 12.59623528549856], [8.634620608292202, 7.929687489692557], [8.74973246437081, 17.33319453928306], [8.86488793377419, 14.347930990606326], [8.980046316633132, 12.633947598564404], [9.095153962167066, 17.83237327198145], [9.210340371976184, 13.244226522616238], [9.325453179076687, 12.1001648945413], [9.44057869576626, 14.56117214380813], [9.555701556014641, 12.833888587935483], [9.670798588378387, 11.87637373248812], [9.785941988681085, 15.612384516109278], [9.901084667919818, 9.41544627533385], [10.016235712227882, 13.37282799542129], [10.131339999578072, 9.182708999789558], [10.246474238267561, 9.694410986816877], [10.36160835987009, 13.571092888248556], [10.476752620919227, 10.114897718628132], [10.591873415994362, 16.68522882037426], [10.707012640565683, 15.139594635229223], [10.822135503983962, 16.058783926111317], [10.937276835160228, 7.954282481172747], [11.05239680608701, 10.329337173486104], [11.167529530327974, 12.181555058108644], [11.28265658871343, 9.581864162294515], [11.397795157716597, 11.906132771133832]], "merge_d1": [[6.906754778648554, 4.693959189635957], [7.022868086082641, 5.756745198228721], [7.1372784372603855, 4.974763794338503], [7.252762418053187, 5.05561793427338], [7.367708572374371, 4.365601395425992], [7.48324441607385, 4.422100662291995], [7.598399329323964, 4.448729095031928], [7.71333788887187, 5.167354881193995], [7.828436359157585, 4.721368358059526], [7.943782692458625, 4.4795020111250246], [8.058960017769417, 4.536589714523412], [8.17413934342947, 4.5751862410009885], [8.289288323000317, 4.2790458810112275], [8.404248432400102, 4.357082088471205], [8.519390774959724, 4.2447298234538735], [8.634620608292202, 4.154865436078313], [8.74973246437081, 4.1134576544862576], [8.86488793377419, 4.443589564757666], [8.980046316633132, 3.9964283028010774], [9.095153962167066, 4.254564945486926], [9.210340371976184, 4.3560430631646385], [9.325453179076687, 4.396592690185905], [9.44057869576626, 4.274000142229973], [9.555701556014641, 4.057492574725066], [9.670798588378387, 3.9535973952475603], [9.785941988681085, 4.36908962057895], [9.901084667919818, 4.118795563360556], [10.016235712227882, 4.165328589420097], [10.131339999578072, 4.219646346403657], [10.246474238267561, 4.1634037303380795], [10.36160835987009, 4.283306110648032], [10.476752620919227, 4.201514853554559], [10.591873415994362, 4.088804657683537], [10.707012640565683, 4.304074168697461], [10.822135503983962, 4.408416036853153], [10.937276835160228, 4.030294729108046], [11.05239680608701, 4.052487828182649], [11.167529530327974, 3.9805345795306386], [11.28265658871343, 4.180905425917749], [11.397795157716597, 4.212195978836883]],