{"exact": [[6.907755278982137, 8.19842973861679], [8.153349757998892, 8.963156105362746], [8.691146498539675, 10.354091394113839], [9.038958755220563, 9.143260198173454], [9.296518068217235, 6.3245872232155325], [9.501142571764207, 9.024173836420452], [9.670924779305427, 6.976630380916837], [9.816021526754852, 9.572937359779871], [9.94270826568941, 7.214752082304637], [10.055135102145268, 9.26050605160705], [10.156189906091882, 9.126317989777815], [10.247963389017864, 9.539569704305404], [10.332017933575289, 9.25037014685643], [10.409551859200409, 6.873647454450377], [10.481504425842441, 9.985694890476056], [10.548625513909712, 9.837707637111523], [10.611523345589823, 9.394142365627381], [10.67069806139613, 6.5855119407117035], [10.726565902688105, 6.643148646888187], [10.779476987636757, 9.429183165587196], [10.829728615263452, 9.736649107027056], [10.8775753831365, 9.074081334595359], [10.923236992778513, 9.352835000586971], [10.966904349300577, 6.848947667855215], [11.008744383922906, 9.667588990726495], [11.04890390740204, 9.280094976218377], [11.087512719052368, 6.943802086732966], [11.124686137527133, 9.53536107520779], [11.160527077798756, 6.68559983504721], [11.195127768613824, 9.442525845016965], [11.228571182611121, 6.734056998511129], [11.260932234926955, 9.902491993019979], [11.292278793854607, 6.846071900752572], [11.322672537849993, 9.85198846573743], [11.352169686090834, 9.741380710815376], [11.38082162433689, 9.435408341929836], [11.40867544359643, 9.72245532360756], [11.435774405781814, 6.943680172452077], [11.462158347916576, 9.3411782242121], [11.487864034374857, 7.146475173334318]], "over": [[6.907755278982137, 19.42042695618982], [8.153349757998892, 21.164467335751453], [8.691146498539675, 18.654196125027457], [9.038958755220563, 11.797881419069046], [9.296518068217235, 15.778803411989937], [9.501142571764207, 17.92238692138897], [9.670924779305427, 15.114408464948534], [9.816021526754852, 17.221689378905573], [9.94270826568941, 18.179212825811508], [10.055135102145268, 19.23317648247641], [10.156189906091882, 11.525178449176588], [10.247963389017864, 15.936400803514823], [10.332017933575289, 16.213218666029196], [10.409551859200409, 10.624449421290489], [10.481504425842441, 17.647080883807163], [10.548625513909712, 15.266786494735943], [10.611523345589823, 17.42393086051581], [10.67069806139613, 16.80454027174634], [10.726565902688105, 16.96399958194464], [10.779476987636757, 10.861041433305514], [10.829728615263452, 11.439160765039949], [10.8775753831365, 15.70306070482447], [10.923236992778513, 17.67101716978492], [10.966904349300577, 16.332675243455412], [11.008744383922906, 19.96086368741361], [11.04890390740204, 18.06262333168086], [11.087512719052368, 15.111380852990111], [11.124686137527133, 11.17368464826757], [11.160527077798756, 16.301688279471485], [11.195127768613824, 11.112834444995903], [11.228571182611121, 10.721370968035059], [11.260932234926955, 17.024142001513336], [11.292278793854607, 11.209626088134538], [11.322672537849993, 15.17537001579189], [11.352169686090834, 16.23429983948172], [11.38082162433689, 15.992456651934729], [11.40867544359643, 15.741649518688861], [11.435774405781814, 10.864083936427345], [11.462158347916576, 11.91177763282816], [11.487864034374857, 16.738615236357514]], "merge": [[6.907755278982137, 10.285651999922889], [8.153349757998892, 10.113486047962537], [8.691146498539675, 9.948856309630761], [9.038958755220563, 6.419137505717808], [9.296518068217235, 9.20851638767884], [9.501142571764207, 10.075851415424895], [9.670924779305427, 9.629889259091469], [9.816021526754852, 10.70918009515927], [9.94270826568941, 9.92580119112661], [10.055135102145268, 10.479161257297116], [10.156189906091882, 6.880055624977649], [10.247963389017864, 9.647283597296319], [10.332017933575289, 9.6728842740497], [10.409551859200409, 7.312967918255158], [10.481504425842441, 10.158038928293491], [10.548625513909712, 9.737806276138409], [10.611523345589823, 10.335929062657815], [10.67069806139613, 9.96904761324186], [10.726565902688105, 9.844787863747898], [10.779476987636757, 7.075926414122291], [10.829728615263452, 7.638166267911342], [10.8775753831365, 9.1430835760005], [10.923236992778513, 10.038980853395275], [10.966904349300577, 10.766310363259011], [11.008744383922906, 10.889618727262146], [11.04890390740204, 9.890269194225876], [11.087512719052368, 9.703848140331036], [11.124686137527133, 6.852760148566875], [11.160527077798756, 10.73039989136542], [11.195127768613824, 7.412537725197688], [11.228571182611121, 7.245340192333737], [11.260932234926955, 9.911235378174833], [11.292278793854607, 7.524968201791051], [11.322672537849993, 9.81360569683084], [11.352169686090834, 9.22571678493362], [11.38082162433689, 9.999950711961482], [11.40867544359643, 9.008135019361724], [11.435774405781814, 7.013876364478542], [11.462158347916576, 7.771858480547264], [11.487864034374857, 11.031721167027921]], "argmin_dic": [[1000, 2], [3475, 3], [5950, 2], [8425, 3], [10900, 3], [13375, 2], [15850, 3], [18325, 2], [20800, 3], [23275, 2], [25750, 3], [28225, 3], [30700, 3], [33175, 3], [35650, 3], [38125, 3], [40600, 2], [43075, 3], [45550, 3], [48025, 3], [50500, 2], [52975, 3], [55450, 3], [57925, 3], [60400, 3], [62875, 3], [65350, 3], [67825, 3], [70300, 3], [72775, 3], [75250, 3], [77725, 3], [80200, 3], [82675, 3], [85150, 3], [87625, 3], [90100, 3], [92575, 3], [95050, 3], [97525, 3]], "time_elapsed": 1744.984602689743}