{"exact_d1": [[11.512925464970229, 3.7586832181013063]], "exact_d2": [[11.512925464970229, 6.275230777396823]], "over": [[11.512925464970229, 13.80303488479833]], "merge_d1": [[11.512925464970229, 4.149633686229496]], "merge_d2": [[11.512925464970229, 7.3692043922917065]], "argmin_dic": [[100000, 2]], "time_elapsed": 200.82346296310425}