{"exact_d1": [[11.512925464970229, 3.9036301300531373]], "exact_d2": [[11.512925464970229, 6.644377371814159]], "over": [[11.512925464970229, 12.96490266839212]], "merge_d1": [[11.512925464970229, 4.2134626260467725]], "merge_d2": [[11.512925464970229, 6.851905382790924]], "argmin_dic": [[100000, 2]], "time_elapsed": 187.38576650619507}