{"exact_d1": [[11.512925464970229, 3.746258676001105]], "exact_d2": [[11.512925464970229, 6.7520862687105625]], "over": [[11.512925464970229, 10.14468493468459]], "merge_d1": [[11.512925464970229, 4.265881941692047]], "merge_d2": [[11.512925464970229, 6.39631109196375]], "argmin_dic": [[100000, 2]], "time_elapsed": 160.9423885345459}