{"exact_d1": [[6.907755278982137, 3.589002747962945], [8.153349757998892, 3.6432333090939153], [8.691146498539675, 3.7847835149045923], [9.038958755220563, 3.6068620787178847], [9.296518068217235, 3.926671405998578], [9.501142571764207, 3.7300745619697224], [9.670924779305427, 3.7252436918083522], [9.816021526754852, 3.7280377338484736], [9.94270826568941, 3.7613444437762547], [10.055135102145268, 3.7990886266250503], [10.156189906091882, 3.8191590325142664], [10.247963389017864, 3.761018954446654], [10.332017933575289, 3.79670612524832], [10.409551859200409, 3.698242833457282], [10.481504425842441, 3.77932078458516], [10.548625513909712, 3.7035298389923854], [10.611523345589823, 3.8456837675836586], [10.67069806139613, 3.670868137984781], [10.726565902688105, 3.7254018861253937], [10.779476987636757, 3.7330955734011098], [10.829728615263452, 3.6799225011392283], [10.8775753831365, 3.7588310991586575], [10.923236992778513, 3.7771256404660165], [10.966904349300577, 3.7136334331515397], [11.008744383922906, 3.730395330814045], [11.04890390740204, 3.748088485623845], [11.087512719052368, 3.846543312428377], [11.124686137527133, 3.7508909712229066], [11.160527077798756, 3.765028874647688], [11.195127768613824, 3.7474599752205813], [11.228571182611121, 3.774742876002733], [11.260932234926955, 3.749164222432566], [11.292278793854607, 3.7460144034809466], [11.322672537849993, 3.7819955761960116], [11.352169686090834, 3.75921301003113], [11.38082162433689, 3.76019133005195], [11.40867544359643, 3.7238492630413114], [11.435774405781814, 3.7430238210224482], [11.462158347916576, 3.7565390558257588], [11.487864034374857, 3.746388683609488]], "exact_d2": [[6.907755278982137, 5.658068632871529], [8.153349757998892, 9.355855647462231], [8.691146498539675, 6.445404914882392], [9.038958755220563, 6.459854312879199], [9.296518068217235, 6.6385387819950195], [9.501142571764207, 7.481425791622819], [9.670924779305427, 6.850757348431275], [9.816021526754852, 7.102354779255367], [9.94270826568941, 6.817659779722099], [10.055135102145268, 6.843878348562828], [10.156189906091882, 6.331473065359868], [10.247963389017864, 7.136704543743019], [10.332017933575289, 6.617303080480262], [10.409551859200409, 6.723730463353332], [10.481504425842441, 6.9844879326431375], [10.548625513909712, 6.993918540075833], [10.611523345589823, 7.06115508194113], [10.67069806139613, 7.022807517276308], [10.726565902688105, 6.9647006203095], [10.779476987636757, 7.004815027866348], [10.829728615263452, 6.981638078970839], [10.8775753831365, 7.143167399822805], [10.923236992778513, 6.920097705780464], [10.966904349300577, 6.775997653475505], [11.008744383922906, 7.165529934261439], [11.04890390740204, 7.233372431444808], [11.087512719052368, 6.873281739382179], [11.124686137527133, 6.721158771524629], [11.160527077798756, 6.972362462008661], [11.195127768613824, 6.918908668045174], [11.228571182611121, 6.951090201013497], [11.260932234926955, 7.021257444972507], [11.292278793854607, 6.989484366572661], [11.322672537849993, 6.592262620473676], [11.352169686090834, 6.93001239890874], [11.38082162433689, 7.003534797327528], [11.40867544359643, 6.945215642634722], [11.435774405781814, 6.579210916738629], [11.462158347916576, 6.680238321549996], [11.487864034374857, 6.863237173844629]], "over": [[6.907755278982137, 16.903279796073704], [8.153349757998892, 15.776800109206926], [8.691146498539675, 12.061591444769308], [9.038958755220563, 12.58713583819559], [9.296518068217235, 10.230275146187996], [9.501142571764207, 12.318885577041872], [9.670924779305427, 11.094953066886262], [9.816021526754852, 12.13022687438372], [9.94270826568941, 11.174759931490547], [10.055135102145268, 10.50554112682727], [10.156189906091882, 10.628483965214539], [10.247963389017864, 11.01357387104999], [10.332017933575289, 9.681138894998051], [10.409551859200409, 11.37081115643459], [10.481504425842441, 9.700325578819639], [10.548625513909712, 11.214480185808938], [10.611523345589823, 10.63141409502612], [10.67069806139613, 11.634229524301379], [10.726565902688105, 10.3787453791537], [10.779476987636757, 11.666175569776318], [10.829728615263452, 10.91335916425074], [10.8775753831365, 12.216624780401077], [10.923236992778513, 11.989437739588807], [10.966904349300577, 11.007305172689888], [11.008744383922906, 12.416127305050958], [11.04890390740204, 11.326064618780595], [11.087512719052368, 10.390004736561403], [11.124686137527133, 11.587551450976061], [11.160527077798756, 11.063821018108007], [11.195127768613824, 11.19319540450977], [11.228571182611121, 10.435585880479909], [11.260932234926955, 10.992392619676783], [11.292278793854607, 10.284519315455103], [11.322672537849993, 10.571871296886677], [11.352169686090834, 10.609350672696767], [11.38082162433689, 10.843163138875612], [11.40867544359643, 10.588198731633396], [11.435774405781814, 10.006898560540423], [11.462158347916576, 10.809572413112605], [11.487864034374857, 10.528543834552094]], "merge_d1": [[6.907755278982137, 4.117543718060346], [8.153349757998892, 4.506178178430614], [8.691146498539675, 4.478158356232686], [9.038958755220563, 3.562290615315448], [9.296518068217235, 4.014934336708408], [9.501142571764207, 4.222979031022886], [9.670924779305427, 3.7830976820081808], [9.816021526754852, 4.344788935126857], [9.94270826568941, 3.8345457755133605], [10.055135102145268, 3.91673694874558], [10.156189906091882, 4.631216000580264], [10.247963389017864, 3.8534750868955534], [10.332017933575289, 4.420806722173251], [10.409551859200409, 3.756413817556497], [10.481504425842441, 4.563061324141518], [10.548625513909712, 3.7942625301844055], [10.611523345589823, 3.936727306742849], [10.67069806139613, 4.3970039941542485], [10.726565902688105, 3.8056358293140007], [10.779476987636757, 4.450697124658243], [10.829728615263452, 3.7814177069762973], [10.8775753831365, 4.46269481190208], [10.923236992778513, 4.754378719238851], [10.966904349300577, 4.3757400797333394], [11.008744383922906, 3.810574851310446], [11.04890390740204, 3.833092352176248], [11.087512719052368, 4.59468996045425], [11.124686137527133, 4.452602383608863], [11.160527077798756, 4.361451804048398], [11.195127768613824, 4.334145915224459], [11.228571182611121, 4.350565721769576], [11.260932234926955, 4.377368110417959], [11.292278793854607, 4.487877087703103], [11.322672537849993, 4.416582447830091], [11.352169686090834, 3.8714753768340326], [11.38082162433689, 3.8875995968577866], [11.40867544359643, 4.708629476342062], [11.435774405781814, 3.83549453300741], [11.462158347916576, 4.496843074025451], [11.487864034374857, 3.839406582335043]],