{"exact_d1": [[11.512925464970229, 3.9269711229424797]], "exact_d2": [[11.512925464970229, 7.1102533685090075]], "over": [[11.512925464970229, 8.724495381065399]], "merge_d1": [[11.512925464970229, 4.146869283963755]], "merge_d2": [[11.512925464970229, 5.842707868489044]], "argmin_dic": [[100000, 2]], "time_elapsed": 167.56064867973328}