{"exact_d1": [[11.512925464970229, 3.936044744151527]], "exact_d2": [[11.512925464970229, 7.27628624228237]], "over": [[11.512925464970229, 11.048150465517717]], "merge_d1": [[11.512925464970229, 4.184096349311578]], "merge_d2": [[11.512925464970229, 6.573535958494484]], "argmin_dic": [[100000, 2]], "time_elapsed": 412.2881569862366}