{"exact_d1": [[9.210340371976184, 3.9541227770177687], [9.250522161609014, 3.9001061004611453], [9.290721483922995, 4.082810526274811], [9.330963814299922, 3.9844335014655377], [9.371268036082466, 3.7797572603743417], [9.411483683010726, 3.6839959546706353], [9.451716691551452, 3.6926616387901614], [9.491979220880678, 3.921410256558127], [9.532206456208034, 3.8781573529324174], [9.572410734431823, 3.694003009392649], [9.612667227583843, 3.918699568515766], [9.65290856803585, 3.7598396211969662], [9.693136823020671, 3.8375507534457416], [9.733351450605975, 3.982040663714138], [9.773606631681607, 3.7754770114760134], [9.81383633058348, 3.874734071390068], [9.854087202241, 3.871046677080504], [9.894345894618844, 3.7354298178545617], [9.934550077987947, 3.7807610133122993], [9.974784434418162, 3.8688226553565053], [10.015028927269036, 3.7193419698509333], [10.055263987501922, 3.686391000744066], [10.095511884791469, 3.92877062973142], [10.135749405494865, 3.731395192893239], [10.175992533388062, 3.850460447451781], [10.216215833592425, 3.916649749688128], [10.25646567163057, 3.696351623398906], [10.29667762976868, 3.7928375441321927], [10.336924443719042, 3.6615746045262387], [10.377171899621436, 3.712777719533251], [10.417418350255533, 3.7939565027180895], [10.457631253015656, 3.913540859152058], [10.497863570996053, 3.7155504008437963], [10.53810479090567, 3.866246872694721], [10.578343463123822, 3.740996584601597], [10.618591900448115, 3.7135847969999363], [10.658811091522749, 3.877097805359857], [10.699055933195222, 3.6609298453869377], [10.739305484260235, 3.8808982765754725], [10.779539453150608, 3.83177849300953]], "exact_d2": [[9.210340371976184, 7.100365642918571], [9.250522161609014, 6.913852665219861], [9.290721483922995, 9.100085944853772], [9.330963814299922, 7.5930207956981794], [9.371268036082466, 5.640821490895143], [9.411483683010726, 5.441760355384689], [9.451716691551452, 5.831539739879785], [9.491979220880678, 8.316876205028429], [9.532206456208034, 6.241994617721045], [9.572410734431823, 5.951694615277927], [9.612667227583843, 6.048867287497185], [9.65290856803585, 7.208600621952107], [9.693136823020671, 7.9333414431685805], [9.733351450605975, 7.569999286354225], [9.773606631681607, 7.343363913839667], [9.81383633058348, 8.487396286658422], [9.854087202241, 7.714453357643172], [9.894345894618844, 6.75820227287635], [9.934550077987947, 7.878407376921626], [9.974784434418162, 7.220162660251539], [10.015028927269036, 7.164832171968454], [10.055263987501922, 6.3275729288320495], [10.095511884791469, 6.9553920413535435], [10.135749405494865, 5.95301512502996], [10.175992533388062, 6.946322382583728], [10.216215833592425, 6.905738399847266], [10.25646567163057, 5.323702700933448], [10.29667762976868, 6.585133732183305], [10.336924443719042, 5.642065750724035], [10.377171899621436, 6.780597370945014], [10.417418350255533, 7.4333957008905385], [10.457631253015656, 6.686669645978815], [10.497863570996053, 6.985116889151777], [10.53810479090567, 6.912789451471537], [10.578343463123822, 6.893520236910174], [10.618591900448115, 6.807028837902513], [10.658811091522749, 7.757538368375293], [10.699055933195222, 5.994359060746968], [10.739305484260235, 7.596230566575007], [10.779539453150608, 6.730767369579734]], "over": [[9.210340371976184, 10.36543064483475], [9.250522161609014, 10.190015550958158], [9.290721483922995, 12.955012817169251], [9.330963814299922, 14.919800836510154], [9.371268036082466, 9.066724054713402], [9.411483683010726, 10.582273224697529], [9.451716691551452, 9.365290982495312], [9.491979220880678, 16.846024515009237], [9.532206456208034, 14.404574463652168], [9.572410734431823, 13.484933202496293], [9.612667227583843, 8.886689935588732], [9.65290856803585, 9.945711332025331], [9.693136823020671, 17.73581917604893], [9.733351450605975, 13.291944280389055], [9.773606631681607, 9.750061810227011], [9.81383633058348, 12.26600602134622], [9.854087202241, 12.471607308459273], [9.894345894618844, 10.72191502770468], [9.934550077987947, 15.045945827985122], [9.974784434418162, 14.007130550986007], [10.015028927269036, 13.41221410161323], [10.055263987501922, 11.716497123902176], [10.095511884791469, 12.304731378496655], [10.135749405494865, 11.636399088850695], [10.175992533388062, 9.100951110720786], [10.216215833592425, 13.512809744109058], [10.25646567163057, 7.992087779676084], [10.29667762976868, 15.679491555114124], [10.336924443719042, 10.308769125916161], [10.377171899621436, 10.303177030766506], [10.417418350255533, 12.685533567834353], [10.457631253015656, 8.586577387370172], [10.497863570996053, 10.782473463791543], [10.53810479090567, 10.138306841811758], [10.578343463123822, 17.80455593220218], [10.618591900448115, 10.117405294314116], [10.658811091522749, 11.760840266573656], [10.699055933195222, 12.536940518545139], [10.739305484260235, 10.955018641394071], [10.779539453150608, 11.925400778937641]], "merge_d1": [[9.210340371976184, 4.303118524805076], [9.250522161609014, 4.210381112619189], [9.290721483922995, 4.386600902387731], [9.330963814299922, 4.234706318228419], [9.371268036082466, 4.289980526282429], [9.411483683010726, 4.214736239020709], [9.451716691551452, 4.199784604862009], [9.491979220880678, 4.284556021421629], [9.532206456208034, 4.380559434396576], [9.572410734431823, 4.15275800412351], [9.612667227583843, 4.379387263215411], [9.65290856803585, 4.186063532559681], [9.693136823020671, 4.313540683704173], [9.733351450605975, 4.2933528324556915], [9.773606631681607, 4.253379754672264], [9.81383633058348, 4.32090805984702], [9.854087202241, 4.177953325150747], [9.894345894618844, 4.220288650821162], [9.934550077987947, 4.310737153970699], [9.974784434418162, 4.383310008613291], [10.015028927269036, 4.105855095692535], [10.055263987501922, 4.194584261097745], [10.095511884791469, 4.291119010715623], [10.135749405494865, 4.175810948411797], [10.175992533388062, 4.268659916706889], [10.216215833592425, 4.232388234862569], [10.25646567163057, 4.3809061712435655], [10.29667762976868, 4.244222319258015], [10.336924443719042, 4.249007285185891], [10.377171899621436, 4.272203084928247], [10.417418350255533, 4.250572357653807], [10.457631253015656, 4.12342108559049], [10.497863570996053, 4.280676822754436], [10.53810479090567, 4.172844909724604], [10.578343463123822, 4.225972101162447], [10.618591900448115, 4.292356237318658], [10.658811091522749, 4.260417908716667], [10.699055933195222, 4.39030930024938], [10.739305484260235, 4.189297891374376], [10.779539453150608, 4.224971844237922]],