{"exact_d1": [[11.512925464970229, 3.852066436357341]], "exact_d2": [[11.512925464970229, 6.86310122567594]], "over": [[11.512925464970229, 13.557226785714132]], "merge_d1": [[11.512925464970229, 4.267003595157847]], "merge_d2": [[11.512925464970229, 7.415977555603935]], "argmin_dic": [[100000, 2]], "time_elapsed": 418.3671758174896}