{"exact": [[6.907755278982137, 9.533987808209204], [8.153349757998892, 10.228825984980656], [8.691146498539675, 7.7812099320333195], [9.038958755220563, 9.048326210534228], [9.296518068217235, 9.86815051842935], [9.501142571764207, 9.41210385347673], [9.670924779305427, 9.417055029941363], [9.816021526754852, 9.63401299583938], [9.94270826568941, 7.164976799009684], [10.055135102145268, 7.318589938721252], [10.156189906091882, 9.501613517666309], [10.247963389017864, 9.394940192478321], [10.332017933575289, 6.844667255124043], [10.409551859200409, 6.9063303735418415], [10.481504425842441, 9.524852158682261], [10.548625513909712, 7.523385656289128], [10.611523345589823, 7.315486778345304], [10.67069806139613, 6.808294625227039], [10.726565902688105, 7.026433795474695], [10.779476987636757, 9.323816093121925], [10.829728615263452, 9.86106570764921], [10.8775753831365, 9.277330692867935], [10.923236992778513, 9.34460215586883], [10.966904349300577, 9.353257837823485], [11.008744383922906, 9.288855457463894], [11.04890390740204, 9.430242073220251], [11.087512719052368, 6.899101513425742], [11.124686137527133, 7.146374856260453], [11.160527077798756, 9.542118895912328], [11.195127768613824, 9.320853586272541], [11.228571182611121, 9.762667388455647], [11.260932234926955, 9.354130012414807], [11.292278793854607, 9.624126355238847], [11.322672537849993, 9.83706565023699], [11.352169686090834, 7.033274787360116], [11.38082162433689, 9.486968903196592], [11.40867544359643, 7.019198703618307], [11.435774405781814, 10.050763978330679], [11.462158347916576, 9.287861791287511], [11.487864034374857, 9.544860408645135]], "over": [[6.907755278982137, 17.8881523931378], [8.153349757998892, 15.79988739033914], [8.691146498539675, 19.022850982053864], [9.038958755220563, 17.2912417720498], [9.296518068217235, 13.581498695712465], [9.501142571764207, 20.761686887964657], [9.670924779305427, 13.721920119880334], [9.816021526754852, 10.512868697775705], [9.94270826568941, 13.237565322026775], [10.055135102145268, 12.96283822848413], [10.156189906091882, 16.058609681674827], [10.247963389017864, 12.8370532086238], [10.332017933575289, 11.661024712140955], [10.409551859200409, 10.73471397872063], [10.481504425842441, 16.60215942257228], [10.548625513909712, 14.903864716374905], [10.611523345589823, 16.51510118100988], [10.67069806139613, 12.742500404062858], [10.726565902688105, 16.59709485241481], [10.779476987636757, 13.062558391700152], [10.829728615263452, 19.094855317672444], [10.8775753831365, 17.576042535099766], [10.923236992778513, 12.85649140675784], [10.966904349300577, 17.847131866449537], [11.008744383922906, 13.862337870075066], [11.04890390740204, 17.10525424615325], [11.087512719052368, 16.593979710614256], [11.124686137527133, 13.720803811353544], [11.160527077798756, 18.15112592000441], [11.195127768613824, 14.654653870157157], [11.228571182611121, 15.886386463936228], [11.260932234926955, 11.880138565376928], [11.292278793854607, 11.600977867157546], [11.322672537849993, 14.958668448916942], [11.352169686090834, 15.61616881165728], [11.38082162433689, 17.455238419108788], [11.40867544359643, 16.84169661279929], [11.435774405781814, 17.17944570478975], [11.462158347916576, 15.435148498579775], [11.487864034374857, 13.17540899301492]], "merge": [[6.907755278982137, 9.57123714092204], [8.153349757998892, 11.0088514358624], [8.691146498539675, 12.693566461355132], [9.038958755220563, 10.195506443210737], [9.296518068217235, 8.933574387514197], [9.501142571764207, 12.95180017202474], [9.670924779305427, 9.039539827172176], [9.816021526754852, 7.2187556476260815], [9.94270826568941, 9.014974748955146], [10.055135102145268, 7.17323527879001], [10.156189906091882, 9.948063936762928], [10.247963389017864, 8.532720574035068], [10.332017933575289, 6.423027131919126], [10.409551859200409, 7.637464529336365], [10.481504425842441, 10.869415497200842], [10.548625513909712, 9.143777976324236], [10.611523345589823, 10.830679712434687], [10.67069806139613, 9.275839497056044], [10.726565902688105, 10.86814155799095], [10.779476987636757, 5.904173459761289], [10.829728615263452, 10.274878097388436], [10.8775753831365, 11.554294234257567], [10.923236992778513, 8.292740861872174], [10.966904349300577, 11.669299863355484], [11.008744383922906, 10.096410485822444], [11.04890390740204, 10.142465105518005], [11.087512719052368, 10.246089166384074], [11.124686137527133, 9.533400741529071], [11.160527077798756, 9.882468097550483], [11.195127768613824, 9.523059594892391], [11.228571182611121, 10.218716077326615], [11.260932234926955, 6.220033418626336], [11.292278793854607, 5.878937040606125], [11.322672537849993, 9.744565362081753], [11.352169686090834, 10.152699696041353], [11.38082162433689, 11.39097558795165], [11.40867544359643, 10.952441778965799], [11.435774405781814, 10.254977276020345], [11.462158347916576, 9.978939689384545], [11.487864034374857, 6.138541340088959]], "argmin_dic": [[1000, 2], [3475, 2], [5950, 2], [8425, 3], [10900, 3], [13375, 2], [15850, 2], [18325, 3], [20800, 3], [23275, 3], [25750, 2], [28225, 2], [30700, 2], [33175, 2], [35650, 3], [38125, 3], [40600, 3], [43075, 2], [45550, 3], [48025, 2], [50500, 3], [52975, 3], [55450, 3], [57925, 3], [60400, 3], [62875, 3], [65350, 3], [67825, 3], [70300, 3], [72775, 3], [75250, 3], [77725, 3], [80200, 2], [82675, 3], [85150, 3], [87625, 3], [90100, 3], [92575, 3], [95050, 3], [97525, 3]], "time_elapsed": 2336.866060733795}