{"exact_d1": [[11.512925464970229, 3.76867270591922]], "exact_d2": [[11.512925464970229, 7.174303218382171]], "over": [[11.512925464970229, 9.084451529134665]], "merge_d1": [[11.512925464970229, 4.1083898497609965]], "merge_d2": [[11.512925464970229, 5.930677289957565]], "argmin_dic": [[100000, 2]], "time_elapsed": 153.06825709342957}