{"exact_d1": [[6.906754778648554, 4.470787106838421], [7.022868086082641, 3.7476065849504434], [7.1372784372603855, 4.732822033573953], [7.252762418053187, 3.9262496854674547], [7.367708572374371, 3.9944464762185374], [7.48324441607385, 3.2000909721754938], [7.598399329323964, 4.060215399214379], [7.71333788887187, 3.576185627428834], [7.828436359157585, 3.875656904611122], [7.943782692458625, 3.7777171019855773], [8.058960017769417, 3.68584140880535], [8.17413934342947, 3.6764888589902056], [8.289288323000317, 3.725653337396418], [8.404248432400102, 3.6773789247045436], [8.519390774959724, 3.8845792248035544], [8.634620608292202, 3.940242350452011], [8.74973246437081, 4.052819726287477], [8.86488793377419, 3.4144274480007057], [8.980046316633132, 3.6619711555263263], [9.095153962167066, 3.4294921818172486], [9.210340371976184, 3.890072512432901], [9.325453179076687, 3.630061281080345], [9.44057869576626, 3.9524154994141742], [9.555701556014641, 3.710466706129308], [9.670798588378387, 3.6476063908309073], [9.785941988681085, 3.2535653275903678], [9.901084667919818, 3.7450145063543725], [10.016235712227882, 3.4692297522157483], [10.131339999578072, 3.3419724121412124], [10.246474238267561, 3.9273413664137355], [10.36160835987009, 3.6763976700039205], [10.476752620919227, 3.6792045477333004], [10.591873415994362, 3.4702994440166233], [10.707012640565683, 3.4535066096140548], [10.822135503983962, 3.9304067715949214], [10.937276835160228, 3.661196812804738], [11.05239680608701, 3.737666789001463], [11.167529530327974, 3.8899053945395257], [11.28265658871343, 3.8730903109151633], [11.397795157716597, 3.6914935013481913]], "exact_d2": [[6.906754778648554, 12.763363222029533], [7.022868086082641, 12.98012962897313], [7.1372784372603855, 13.751510779047454], [7.252762418053187, 14.438627095624081], [7.367708572374371, 13.36652659913022], [7.48324441607385, 6.80800229503366], [7.598399329323964, 9.971555714765358], [7.71333788887187, 10.56686464800182], [7.828436359157585, 10.320308623822546], [7.943782692458625, 6.553381522858708], [8.058960017769417, 6.739498560558663], [8.17413934342947, 7.942460131467189], [8.289288323000317, 12.94596799833109], [8.404248432400102, 9.184132162836386], [8.519390774959724, 14.01864932701609], [8.634620608292202, 6.2037541782730035], [8.74973246437081, 12.674995465475765], [8.86488793377419, 5.8755222737643225], [8.980046316633132, 8.047153202043607], [9.095153962167066, 8.631059002833664], [9.210340371976184, 6.790528530610199], [9.325453179076687, 12.866954407619787], [9.44057869576626, 7.686049378176309], [9.555701556014641, 6.070347562754301], [9.670798588378387, 5.349373541052341], [9.785941988681085, 6.217438677749511], [9.901084667919818, 7.032774747633726], [10.016235712227882, 9.687108048295542], [10.131339999578072, 8.289186323152775], [10.246474238267561, 8.144656432052596], [10.36160835987009, 6.23987510518506], [10.476752620919227, 5.365050272030453], [10.591873415994362, 9.90049942698779], [10.707012640565683, 8.308343126872584], [10.822135503983962, 7.1527986813426825], [10.937276835160228, 9.316828643835898], [11.05239680608701, 6.824849657885437], [11.167529530327974, 7.4192791226351975], [11.28265658871343, 7.466351269108682], [11.397795157716597, 9.643981261957105]], "over": [[6.906754778648554, 39.495151979861674], [7.022868086082641, 30.73225849649772], [7.1372784372603855, 26.652236336109564], [7.252762418053187, 30.486417615671623], [7.367708572374371, 27.277686755503264], [7.48324441607385, 23.562792434311213], [7.598399329323964, 25.25013271043468], [7.71333788887187, 31.452269834874095], [7.828436359157585, 16.23079886536738], [7.943782692458625, 18.423133534194942], [8.058960017769417, 17.37461669824718], [8.17413934342947, 15.624934442718072], [8.289288323000317, 21.834679856718722], [8.404248432400102, 13.979029195786119], [8.519390774959724, 15.362321307024596], [8.634620608292202, 14.972275831061918], [8.74973246437081, 18.86143858322731], [8.86488793377419, 11.269652489700642], [8.980046316633132, 18.631417231224333], [9.095153962167066, 12.227746372285836], [9.210340371976184, 11.73328576982162], [9.325453179076687, 17.20111382327956], [9.44057869576626, 9.159998056121223], [9.555701556014641, 10.25348154508865], [9.670798588378387, 10.328572010222883], [9.785941988681085, 8.244916253382895], [9.901084667919818, 14.77301479210822], [10.016235712227882, 8.878456125922435], [10.131339999578072, 11.689175036769461], [10.246474238267561, 8.899239775252006], [10.36160835987009, 8.602742367025504], [10.476752620919227, 12.810482077662023], [10.591873415994362, 9.820552046854257], [10.707012640565683, 11.135537252039546], [10.822135503983962, 12.989642015704032], [10.937276835160228, 10.058554919933119], [11.05239680608701, 8.45249769266827], [11.167529530327974, 9.106612072276851], [11.28265658871343, 10.431400386935808], [11.397795157716597, 12.06405868573736]], "merge_d1": [[6.906754778648554, 6.59771377267054], [7.022868086082641, 4.386907540303095], [7.1372784372603855, 5.066435387069481], [7.252762418053187, 4.930964841832698], [7.367708572374371, 4.890997197065231], [7.48324441607385, 5.480979366201517], [7.598399329323964, 5.2003596310400315], [7.71333788887187, 4.986068301801363], [7.828436359157585, 4.273658461829199], [7.943782692458625, 4.489382477718656], [8.058960017769417, 4.3493401455746605], [8.17413934342947, 4.243057308002541], [8.289288323000317, 4.270975516176333], [8.404248432400102, 4.427216934219682], [8.519390774959724, 4.195402505245656], [8.634620608292202, 4.53077104345877], [8.74973246437081, 4.048219743328424], [8.86488793377419, 4.283570137614527], [8.980046316633132, 4.125305131755107], [9.095153962167066, 4.3027973019747], [9.210340371976184, 4.015395708156434], [9.325453179076687, 4.299160855083629], [9.44057869576626, 4.079841555152952], [9.555701556014641, 4.387090096034883], [9.670798588378387, 4.286186138410725], [9.785941988681085, 4.138021096195843], [9.901084667919818, 4.242773994666963], [10.016235712227882, 4.100836070429282], [10.131339999578072, 4.0656594965173065], [10.246474238267561, 4.232625729348908], [10.36160835987009, 4.143687828853417], [10.476752620919227, 4.154286179531467], [10.591873415994362, 4.254008842884768], [10.707012640565683, 4.1975356415921885], [10.822135503983962, 3.953230116197232], [10.937276835160228, 4.147014604032494], [11.05239680608701, 4.18265132179281], [11.167529530327974, 4.343004841025523], [11.28265658871343, 4.11279854063134], [11.397795157716597, 3.9419006725035306]],