{"exact_d1": [[9.210340371976184, 3.7666007577298077], [9.250522161609014, 3.835591324623554], [9.290721483922995, 3.8918288103692738], [9.330963814299922, 3.8413187410788288], [9.371268036082466, 3.8808315555673865], [9.411483683010726, 3.857698820038061], [9.451716691551452, 3.893826176803824], [9.491979220880678, 3.725273970198429], [9.532206456208034, 3.9907834549269605], [9.572410734431823, 3.8392127080983682], [9.612667227583843, 3.915265240734353], [9.65290856803585, 3.8952620464403145], [9.693136823020671, 3.652213616402435], [9.733351450605975, 3.8697662557041332], [9.773606631681607, 3.9200080913217112], [9.81383633058348, 3.803505852893402], [9.854087202241, 3.8347520012945493], [9.894345894618844, 3.712771565262916], [9.934550077987947, 4.090186997284659], [9.974784434418162, 3.721532305459065], [10.015028927269036, 3.927880845809089], [10.055263987501922, 3.7285489388461412], [10.095511884791469, 3.916840281921021], [10.135749405494865, 3.926098518649245], [10.175992533388062, 3.942571875143338], [10.216215833592425, 3.86049437152251], [10.25646567163057, 3.8236007003242314], [10.29667762976868, 3.8635641430103314], [10.336924443719042, 3.771898015587243], [10.377171899621436, 3.888102255057991], [10.417418350255533, 4.073571556625663], [10.457631253015656, 3.7533407835777357], [10.497863570996053, 3.774543028704627], [10.53810479090567, 3.8403983801081036], [10.578343463123822, 3.7755267206698475], [10.618591900448115, 3.881516005106107], [10.658811091522749, 3.8524674061723094], [10.699055933195222, 3.8108213676614633], [10.739305484260235, 3.8684948120456353], [10.779539453150608, 3.9143488055638653]], "exact_d2": [[9.210340371976184, 6.475136206177466], [9.250522161609014, 7.761112898654992], [9.290721483922995, 7.433879689535619], [9.330963814299922, 7.255265067471513], [9.371268036082466, 7.719376561844478], [9.411483683010726, 9.461525675227646], [9.451716691551452, 7.360946969673441], [9.491979220880678, 6.0898059823792385], [9.532206456208034, 6.281584639469], [9.572410734431823, 6.4520204116574], [9.612667227583843, 7.009998752088737], [9.65290856803585, 8.690406839096248], [9.693136823020671, 6.423142342084637], [9.733351450605975, 7.5583958740089905], [9.773606631681607, 7.712712981099679], [9.81383633058348, 6.96901716088665], [9.854087202241, 7.4985836643522195], [9.894345894618844, 6.736540123354852], [9.934550077987947, 8.419280631504366], [9.974784434418162, 5.798024702033292], [10.015028927269036, 6.797475253395699], [10.055263987501922, 6.416311975791196], [10.095511884791469, 8.482068006045216], [10.135749405494865, 6.902225897161643], [10.175992533388062, 6.8145899891257535], [10.216215833592425, 7.940500027944736], [10.25646567163057, 6.470962328720042], [10.29667762976868, 6.838882640757019], [10.336924443719042, 5.824326428753886], [10.377171899621436, 7.734771580917884], [10.417418350255533, 8.542202970596005], [10.457631253015656, 6.520313763594469], [10.497863570996053, 7.351856090140919], [10.53810479090567, 6.4432579445739115], [10.578343463123822, 7.213053767402991], [10.618591900448115, 6.691618108764562], [10.658811091522749, 7.7581766375309], [10.699055933195222, 6.570388162479001], [10.739305484260235, 8.531593080440752], [10.779539453150608, 7.639341135387781]], "over": [[9.210340371976184, 16.256232075906393], [9.250522161609014, 13.988441389094435], [9.290721483922995, 15.320220887527626], [9.330963814299922, 12.702335063638838], [9.371268036082466, 13.505908027939515], [9.411483683010726, 11.341799653384879], [9.451716691551452, 12.063184640887904], [9.491979220880678, 10.233555720888521], [9.532206456208034, 11.631753719564003], [9.572410734431823, 8.856562939318781], [9.612667227583843, 10.704532863301905], [9.65290856803585, 15.446120406932389], [9.693136823020671, 16.197073972566812], [9.733351450605975, 15.221975345994657], [9.773606631681607, 12.713641484895945], [9.81383633058348, 15.76006730076512], [9.854087202241, 12.019806734076582], [9.894345894618844, 10.724430294694308], [9.934550077987947, 11.272523768137246], [9.974784434418162, 13.99514515482804], [10.015028927269036, 10.473681379388282], [10.055263987501922, 10.695292307627676], [10.095511884791469, 19.381215543743405], [10.135749405494865, 9.82091916598925], [10.175992533388062, 12.340152410766763], [10.216215833592425, 9.79469917848687], [10.25646567163057, 10.913105304550692], [10.29667762976868, 9.074178270887764], [10.336924443719042, 9.525695935405825], [10.377171899621436, 14.70174213974458], [10.417418350255533, 11.786210721077989], [10.457631253015656, 9.949954001863942], [10.497863570996053, 12.765009139526356], [10.53810479090567, 12.711310982890872], [10.578343463123822, 14.866926030555023], [10.618591900448115, 10.80254624588365], [10.658811091522749, 10.063715385073364], [10.699055933195222, 13.115731506540369], [10.739305484260235, 10.600877440102945], [10.779539453150608, 15.853722588239874]], "merge_d1": [[9.210340371976184, 4.235513275877055], [9.250522161609014, 4.2279313417638615], [9.290721483922995, 4.580478771080264], [9.330963814299922, 4.278620862770918], [9.371268036082466, 4.3698660433594885], [9.411483683010726, 4.213066737536051], [9.451716691551452, 4.3537729749486545], [9.491979220880678, 4.309255064078717], [9.532206456208034, 4.373052334944771], [9.572410734431823, 4.219639028843396], [9.612667227583843, 4.233310593593815], [9.65290856803585, 4.63284111873455], [9.693136823020671, 4.132812366693268], [9.733351450605975, 4.364724235734521], [9.773606631681607, 4.151124365019791], [9.81383633058348, 4.206481642065006], [9.854087202241, 4.288107001190408], [9.894345894618844, 4.335146464259885], [9.934550077987947, 4.1816726415578875], [9.974784434418162, 4.420738459271751], [10.015028927269036, 4.2500927991088755], [10.055263987501922, 4.172453358312543], [10.095511884791469, 4.083679323889145], [10.135749405494865, 4.279449378890151], [10.175992533388062, 4.029049543880226], [10.216215833592425, 4.147402666355374], [10.25646567163057, 4.325522284185985], [10.29667762976868, 4.115319624670315], [10.336924443719042, 4.36729641072112], [10.377171899621436, 4.153638641060782], [10.417418350255533, 4.3851103825501125], [10.457631253015656, 4.274874457677965], [10.497863570996053, 4.282866268665783], [10.53810479090567, 4.210539140593482], [10.578343463123822, 4.2810570887161985], [10.618591900448115, 4.355721305987939], [10.658811091522749, 4.329240654580142], [10.699055933195222, 4.21411669678025], [10.739305484260235, 4.389662356405476], [10.779539453150608, 4.178117830628312]],