{"exact_d1": [[11.512925464970229, 3.921947718643016]], "exact_d2": [[11.512925464970229, 7.912275402343495]], "over": [[11.512925464970229, 10.886505960804765]], "merge_d1": [[11.512925464970229, 4.364118367085926]], "merge_d2": [[11.512925464970229, 7.6033914833924605]], "argmin_dic": [[100000, 2]], "time_elapsed": 570.3220102787018}