{"exact_d1": [[11.512925464970229, 3.7471969562455376]], "exact_d2": [[11.512925464970229, 6.781009388547657]], "over": [[11.512925464970229, 11.066167316506728]], "merge_d1": [[11.512925464970229, 4.380902095792418]], "merge_d2": [[11.512925464970229, 7.276587176053644]], "argmin_dic": [[100000, 2]], "time_elapsed": 205.42983293533325}