{"exact_d1": [[6.907755278982137, 3.6997392688785866], [8.153349757998892, 3.6121912931023155], [8.691146498539675, 3.6838880117872113], [9.038958755220563, 3.7481678251391077], [9.296518068217235, 3.7220630532308827], [9.501142571764207, 3.7440585598335954], [9.670924779305427, 3.6559789909043063], [9.816021526754852, 3.8637920004952853], [9.94270826568941, 3.646829117415402], [10.055135102145268, 3.8098262761792743], [10.156189906091882, 3.7732597524764553], [10.247963389017864, 3.792572771232117], [10.332017933575289, 3.807945660973024], [10.409551859200409, 3.7843086119144886], [10.481504425842441, 3.733273968780284], [10.548625513909712, 3.7140264563036403], [10.611523345589823, 3.8072114530099856], [10.67069806139613, 3.7196736124996694], [10.726565902688105, 3.7177251632213975], [10.779476987636757, 3.72901420201705], [10.829728615263452, 3.650920118610013], [10.8775753831365, 3.7406348710466033], [10.923236992778513, 3.830217124967754], [10.966904349300577, 3.7143046611255173], [11.008744383922906, 3.757797510327712], [11.04890390740204, 3.7155695515547094], [11.087512719052368, 3.716196545371518], [11.124686137527133, 3.727917549758417], [11.160527077798756, 3.737660910952092], [11.195127768613824, 3.7709689968590725], [11.228571182611121, 3.718886201316541], [11.260932234926955, 3.7620965408823963], [11.292278793854607, 3.760668647935132], [11.322672537849993, 3.7799114095958513], [11.352169686090834, 3.7761134632806295], [11.38082162433689, 3.728654059800167], [11.40867544359643, 3.710271220727581], [11.435774405781814, 3.7573712292005883], [11.462158347916576, 3.757509429944992], [11.487864034374857, 3.7479276155862316]], "exact_d2": [[6.907755278982137, 6.233850067506963], [8.153349757998892, 7.407745427422815], [8.691146498539675, 6.46541710396158], [9.038958755220563, 7.465588243964142], [9.296518068217235, 7.013586584977496], [9.501142571764207, 7.10100734611796], [9.670924779305427, 6.508291396207858], [9.816021526754852, 7.00656853787523], [9.94270826568941, 6.940939527484957], [10.055135102145268, 7.022307344428806], [10.156189906091882, 6.567774300262866], [10.247963389017864, 7.676952129821876], [10.332017933575289, 6.933324431627387], [10.409551859200409, 7.408900428862106], [10.481504425842441, 6.645815796252388], [10.548625513909712, 6.81684026646547], [10.611523345589823, 7.092835211850145], [10.67069806139613, 6.9012640985799525], [10.726565902688105, 7.229896208785637], [10.779476987636757, 7.021141469852942], [10.829728615263452, 6.833772749283685], [10.8775753831365, 7.305879274986608], [10.923236992778513, 6.757973283200924], [10.966904349300577, 6.997636732751037], [11.008744383922906, 6.682357645194718], [11.04890390740204, 7.087488196716971], [11.087512719052368, 6.655697017118015], [11.124686137527133, 6.862967013829338], [11.160527077798756, 7.381537918602189], [11.195127768613824, 7.03127478249413], [11.228571182611121, 6.806106136570384], [11.260932234926955, 6.9819202231891975], [11.292278793854607, 6.904617611743701], [11.322672537849993, 6.9767644656676895], [11.352169686090834, 6.946638048913681], [11.38082162433689, 6.96714579505429], [11.40867544359643, 6.835963286188593], [11.435774405781814, 7.246885393469195], [11.462158347916576, 7.090894494964483], [11.487864034374857, 6.9883348269989165]], "over": [[6.907755278982137, 19.792137685679823], [8.153349757998892, 14.373790838358484], [8.691146498539675, 11.482830209282668], [9.038958755220563, 11.412824002420288], [9.296518068217235, 12.278354804306936], [9.501142571764207, 10.610240259016836], [9.670924779305427, 10.37012680126195], [9.816021526754852, 10.593168317036701], [9.94270826568941, 10.860843446586696], [10.055135102145268, 9.703876722248255], [10.156189906091882, 10.654874754285041], [10.247963389017864, 13.178680329017633], [10.332017933575289, 10.979316696345167], [10.409551859200409, 10.872806034595268], [10.481504425842441, 10.817229457943052], [10.548625513909712, 10.06803527965368], [10.611523345589823, 11.130710015595275], [10.67069806139613, 10.481525345475182], [10.726565902688105, 12.475282275757241], [10.779476987636757, 11.192962633555837], [10.829728615263452, 10.955270417726311], [10.8775753831365, 11.577167898239185], [10.923236992778513, 10.047739422535484], [10.966904349300577, 10.957395743015192], [11.008744383922906, 11.212724839184219], [11.04890390740204, 12.716948232031624], [11.087512719052368, 11.013976793190915], [11.124686137527133, 10.873673790829045], [11.160527077798756, 10.763672954251865], [11.195127768613824, 10.788824320850964], [11.228571182611121, 10.932059864805918], [11.260932234926955, 10.627356809866129], [11.292278793854607, 10.762804239948073], [11.322672537849993, 9.996442990650147], [11.352169686090834, 10.211270889079342], [11.38082162433689, 11.094477800832077], [11.40867544359643, 10.559407416275844], [11.435774405781814, 11.24160554957782], [11.462158347916576, 11.244897203004895], [11.487864034374857, 11.139026758173554]], "merge_d1": [[6.907755278982137, 3.6370555846941293], [8.153349757998892, 3.578696594123486], [8.691146498539675, 3.9419895671873184], [9.038958755220563, 4.641378003996575], [9.296518068217235, 4.373140942270751], [9.501142571764207, 3.7971285227264375], [9.670924779305427, 4.367723366044359], [9.816021526754852, 4.829854836676438], [9.94270826568941, 4.567386027866121], [10.055135102145268, 4.5614422877958285], [10.156189906091882, 3.8836295329585653], [10.247963389017864, 3.8733581496297327], [10.332017933575289, 3.901726431423322], [10.409551859200409, 3.9456848123528228], [10.481504425842441, 3.8061884426207113], [10.548625513909712, 4.408701244144269], [10.611523345589823, 4.32125485631431], [10.67069806139613, 4.661399288682026], [10.726565902688105, 3.7852668317212186], [10.779476987636757, 4.402920418978277], [10.829728615263452, 3.726881110678022], [10.8775753831365, 3.845359202055223], [10.923236992778513, 3.91672082856574], [10.966904349300577, 4.407611738838069], [11.008744383922906, 3.8323573880587416], [11.04890390740204, 4.614146690202852], [11.087512719052368, 3.8371776412589567], [11.124686137527133, 4.370274335923339], [11.160527077798756, 4.4242938916411925], [11.195127768613824, 4.390920780981621], [11.228571182611121, 4.387722376003824], [11.260932234926955, 4.455951464755804], [11.292278793854607, 4.393083519276978], [11.322672537849993, 4.489053148103947], [11.352169686090834, 4.461455846350404], [11.38082162433689, 4.5613519431860015], [11.40867544359643, 3.8082023115535493], [11.435774405781814, 3.8568646062423553], [11.462158347916576, 3.8803769595369157], [11.487864034374857, 3.8516764837073802]],