{"exact_d1": [[11.512925464970229, 3.893612150190657]], "exact_d2": [[11.512925464970229, 7.3375613495702785]], "over": [[11.512925464970229, 9.875887202114841]], "merge_d1": [[11.512925464970229, 4.303299317439269]], "merge_d2": [[11.512925464970229, 6.915479995818541]], "argmin_dic": [[100000, 2]], "time_elapsed": 222.757746219635}