{"exact_d1": [[9.210340371976184, 3.9476047543849466], [9.250522161609014, 4.031575009198333], [9.290721483922995, 3.968756600837873], [9.330963814299922, 4.043880110938911], [9.371268036082466, 3.7911546722960745], [9.411483683010726, 3.96420611262745], [9.451716691551452, 3.8454835587166105], [9.491979220880678, 3.730589122822756], [9.532206456208034, 3.7319310405656028], [9.572410734431823, 3.7416177615234036], [9.612667227583843, 3.717900479225673], [9.65290856803585, 3.8958595492654675], [9.693136823020671, 3.9065219086517615], [9.733351450605975, 3.72271550229443], [9.773606631681607, 3.923748613828062], [9.81383633058348, 3.809293602511752], [9.854087202241, 4.034187266388368], [9.894345894618844, 3.935032989361668], [9.934550077987947, 3.7478643554688262], [9.974784434418162, 3.8830017231414535], [10.015028927269036, 3.8815729304798836], [10.055263987501922, 3.7158786885953736], [10.095511884791469, 3.881879751651428], [10.135749405494865, 3.8065837403790206], [10.175992533388062, 3.9568447075054696], [10.216215833592425, 3.721437192686748], [10.25646567163057, 3.8311079168591706], [10.29667762976868, 3.77916603554714], [10.336924443719042, 3.8617901342741106], [10.377171899621436, 3.7697496462892754], [10.417418350255533, 3.772993801043841], [10.457631253015656, 3.7869841445632497], [10.497863570996053, 3.9338888428644414], [10.53810479090567, 3.7935587558235424], [10.578343463123822, 3.7598598609934895], [10.618591900448115, 3.9352118437868713], [10.658811091522749, 3.7143139114938304], [10.699055933195222, 3.6901501711596096], [10.739305484260235, 3.9082580489435115], [10.779539453150608, 3.934543355536872]], "exact_d2": [[9.210340371976184, 8.44775757721631], [9.250522161609014, 6.5113951264141825], [9.290721483922995, 7.801457889996252], [9.330963814299922, 7.226588409561438], [9.371268036082466, 7.337905747763991], [9.411483683010726, 7.72831838113791], [9.451716691551452, 7.667248472430229], [9.491979220880678, 5.858375554069477], [9.532206456208034, 6.12535432696971], [9.572410734431823, 7.168391461311172], [9.612667227583843, 6.194372279540588], [9.65290856803585, 7.324873281243579], [9.693136823020671, 7.828029201778574], [9.733351450605975, 6.288818294973248], [9.773606631681607, 7.421258820432149], [9.81383633058348, 6.431705014331531], [9.854087202241, 8.658815145190443], [9.894345894618844, 7.148164746474768], [9.934550077987947, 5.798479982102909], [9.974784434418162, 6.627728013677566], [10.015028927269036, 6.518018641118103], [10.055263987501922, 6.103641816327304], [10.095511884791469, 6.604308010425325], [10.135749405494865, 5.561927003114381], [10.175992533388062, 6.807000739356721], [10.216215833592425, 5.807355646114054], [10.25646567163057, 6.939094769114654], [10.29667762976868, 6.846276489924705], [10.336924443719042, 6.650774562878346], [10.377171899621436, 6.817444910592262], [10.417418350255533, 7.011950983656993], [10.457631253015656, 6.68395519715773], [10.497863570996053, 7.30648633227648], [10.53810479090567, 6.345529524335005], [10.578343463123822, 6.23873297471386], [10.618591900448115, 7.740792482172931], [10.658811091522749, 6.300553298949932], [10.699055933195222, 6.4425413394562225], [10.739305484260235, 6.734580359485018], [10.779539453150608, 7.425982074600163]], "over": [[9.210340371976184, 11.275968142723528], [9.250522161609014, 8.3485837655135], [9.290721483922995, 15.04454063498848], [9.330963814299922, 17.950227109043567], [9.371268036082466, 12.894656417986086], [9.411483683010726, 10.971362152554939], [9.451716691551452, 11.131331799760211], [9.491979220880678, 9.846466092197199], [9.532206456208034, 11.181509485408712], [9.572410734431823, 12.306194298612654], [9.612667227583843, 10.046211701787179], [9.65290856803585, 16.36058554791781], [9.693136823020671, 10.258138765000806], [9.733351450605975, 15.992668230508134], [9.773606631681607, 15.672795930746098], [9.81383633058348, 16.677758482492724], [9.854087202241, 12.118366812302492], [9.894345894618844, 10.316323209832245], [9.934550077987947, 13.141323597658284], [9.974784434418162, 11.819143134360266], [10.015028927269036, 9.2138660734625], [10.055263987501922, 8.449839680677847], [10.095511884791469, 9.66202659496764], [10.135749405494865, 11.142683720129503], [10.175992533388062, 11.553760755979011], [10.216215833592425, 8.469862963575759], [10.25646567163057, 10.923658470286757], [10.29667762976868, 8.910215111856367], [10.336924443719042, 10.793513991481719], [10.377171899621436, 8.686140907848605], [10.417418350255533, 10.23101466344585], [10.457631253015656, 10.820652462135435], [10.497863570996053, 12.147080644472052], [10.53810479090567, 7.7551462169747305], [10.578343463123822, 8.557419294759603], [10.618591900448115, 15.635169395402784], [10.658811091522749, 11.391193645863439], [10.699055933195222, 11.001627960787369], [10.739305484260235, 9.888463657391835], [10.779539453150608, 11.739898789071463]], "merge_d1": [[9.210340371976184, 4.382110029065915], [9.250522161609014, 4.219026886591378], [9.290721483922995, 4.404871493933922], [9.330963814299922, 4.379156950199439], [9.371268036082466, 4.289786122416], [9.411483683010726, 4.474799881086724], [9.451716691551452, 4.188021105687763], [9.491979220880678, 4.228605108192201], [9.532206456208034, 4.179295896869169], [9.572410734431823, 4.185534037111777], [9.612667227583843, 4.145070664260213], [9.65290856803585, 4.20849860387739], [9.693136823020671, 4.259397256173384], [9.733351450605975, 4.193165558007952], [9.773606631681607, 4.31230827424834], [9.81383633058348, 4.372263969756705], [9.854087202241, 4.177612690227885], [9.894345894618844, 4.221417976856914], [9.934550077987947, 4.164689035344686], [9.974784434418162, 4.233612049661901], [10.015028927269036, 4.146114502468833], [10.055263987501922, 4.29255121953648], [10.095511884791469, 4.21652345853267], [10.135749405494865, 4.2806731503531985], [10.175992533388062, 4.250339260244774], [10.216215833592425, 4.16101876396653], [10.25646567163057, 4.252892640937103], [10.29667762976868, 4.103173281976557], [10.336924443719042, 4.259131782925983], [10.377171899621436, 4.3519879239851935], [10.417418350255533, 4.260008368541815], [10.457631253015656, 4.206410714009194], [10.497863570996053, 4.201324110840121], [10.53810479090567, 4.109837299610636], [10.578343463123822, 4.31200743238113], [10.618591900448115, 4.2395832688846395], [10.658811091522749, 4.244630265601572], [10.699055933195222, 4.212271347089399], [10.739305484260235, 4.244143379975589], [10.779539453150608, 4.227955561648356]],