{"exact": [[6.907755278982137, 10.167776363293013], [8.153349757998892, 7.235524716861616], [8.691146498539675, 8.76446446002691], [9.038958755220563, 6.777262907837795], [9.296518068217235, 10.226417162439411], [9.501142571764207, 9.9363210649816], [9.670924779305427, 9.317496867347932], [9.816021526754852, 9.461893228446831], [9.94270826568941, 9.728679044277518], [10.055135102145268, 6.518686829772945], [10.156189906091882, 9.214396490193268], [10.247963389017864, 9.475475658929737], [10.332017933575289, 9.273145354866573], [10.409551859200409, 8.995534206273328], [10.481504425842441, 6.8713268405861525], [10.548625513909712, 9.329363208406145], [10.611523345589823, 7.257360393259673], [10.67069806139613, 6.693551749232571], [10.726565902688105, 9.201360593191584], [10.779476987636757, 9.903169097381443], [10.829728615263452, 9.573795257720358], [10.8775753831365, 9.121006304396932], [10.923236992778513, 9.354491835964579], [10.966904349300577, 9.993767616525046], [11.008744383922906, 9.82123150563405], [11.04890390740204, 9.414279785580321], [11.087512719052368, 9.63983630732612], [11.124686137527133, 7.0420494462749055], [11.160527077798756, 7.27651876570978], [11.195127768613824, 6.983559600530945], [11.228571182611121, 9.23186874793064], [11.260932234926955, 9.560993863144075], [11.292278793854607, 9.712242166691066], [11.322672537849993, 9.792111181180195], [11.352169686090834, 9.425907191730316], [11.38082162433689, 18.25863490941324], [11.40867544359643, 6.887224902012327], [11.435774405781814, 9.81082532938961], [11.462158347916576, 9.808914279160254], [11.487864034374857, 6.929933974491639]], "over": [[6.907755278982137, 17.16308038895433], [8.153349757998892, 15.608990691536086], [8.691146498539675, 16.30301675860688], [9.038958755220563, 14.348759093578218], [9.296518068217235, 13.945796056647396], [9.501142571764207, 17.6434591557061], [9.670924779305427, 17.6462177012893], [9.816021526754852, 16.246899650970455], [9.94270826568941, 10.469162349839358], [10.055135102145268, 10.994124624828535], [10.156189906091882, 18.26119221246279], [10.247963389017864, 12.459909273538699], [10.332017933575289, 12.116499989004875], [10.409551859200409, 10.975982703188658], [10.481504425842441, 12.264533748680636], [10.548625513909712, 16.025194510385738], [10.611523345589823, 16.07758324672748], [10.67069806139613, 11.332752083285358], [10.726565902688105, 17.163501729700165], [10.779476987636757, 16.44000115767898], [10.829728615263452, 15.909732719286051], [10.8775753831365, 15.721862897468979], [10.923236992778513, 10.725802444520212], [10.966904349300577, 16.38893935345307], [11.008744383922906, 15.726596660681787], [11.04890390740204, 17.755952562139385], [11.087512719052368, 10.86751521030853], [11.124686137527133, 15.784971736586517], [11.160527077798756, 13.19630324514321], [11.195127768613824, 18.20167856880236], [11.228571182611121, 15.014818697457255], [11.260932234926955, 12.752133284358706], [11.292278793854607, 13.76424307431578], [11.322672537849993, 17.964141397264775], [11.352169686090834, 17.979925263464796], [11.38082162433689, 15.70977111366236], [11.40867544359643, 12.733467862342534], [11.435774405781814, 10.31452275046551], [11.462158347916576, 15.918261983861413], [11.487864034374857, 11.862236351374964]], "merge": [[6.907755278982137, 9.509720114706882], [8.153349757998892, 9.522681636777184], [8.691146498539675, 10.68043080723382], [9.038958755220563, 8.304013802091035], [9.296518068217235, 9.184827197661274], [9.501142571764207, 12.118193147226666], [9.670924779305427, 10.214129844200878], [9.816021526754852, 10.13612887622297], [9.94270826568941, 6.676089346719867], [10.055135102145268, 7.350870289900086], [10.156189906091882, 11.973935086905286], [10.247963389017864, 6.008813609080508], [10.332017933575289, 7.293552145264481], [10.409551859200409, 6.554334771544677], [10.481504425842441, 8.76912778825537], [10.548625513909712, 10.331163787058665], [10.611523345589823, 9.916676519487016], [10.67069806139613, 6.77211511855952], [10.726565902688105, 11.250850906482096], [10.779476987636757, 10.758072854393358], [10.829728615263452, 10.092412580834342], [10.8775753831365, 9.720144040834779], [10.923236992778513, 6.7733785015595], [10.966904349300577, 9.367961346806144], [11.008744383922906, 9.813419034515121], [11.04890390740204, 11.629955477937107], [11.087512719052368, 6.58171168259497], [11.124686137527133, 9.600544480115156], [11.160527077798756, 8.750290281849983], [11.195127768613824, 11.899034124674813], [11.228571182611121, 9.482873225121633], [11.260932234926955, 6.676277647601382], [11.292278793854607, 9.042794140805132], [11.322672537849993, 11.754065267069892], [11.352169686090834, 11.782334759157507], [11.38082162433689, 10.022803670173092], [11.40867544359643, 7.331473914110162], [11.435774405781814, 7.3459255983978995], [11.462158347916576, 10.089602843729077], [11.487864034374857, 6.7550415410614395]], "argmin_dic": [[1000, 3], [3475, 3], [5950, 3], [8425, 3], [10900, 2], [13375, 3], [15850, 3], [18325, 3], [20800, 3], [23275, 3], [25750, 3], [28225, 2], [30700, 3], [33175, 3], [35650, 2], [38125, 3], [40600, 3], [43075, 3], [45550, 3], [48025, 3], [50500, 3], [52975, 3], [55450, 3], [57925, 3], [60400, 2], [62875, 3], [65350, 3], [67825, 3], [70300, 2], [72775, 2], [75250, 3], [77725, 2], [80200, 2], [82675, 3], [85150, 2], [87625, 3], [90100, 3], [92575, 2], [95050, 3], [97525, 3]], "time_elapsed": 2858.1856710910797}