{"exact_d1": [[11.512925464970229, 3.7609225673843487]], "exact_d2": [[11.512925464970229, 7.127772817121129]], "over": [[11.512925464970229, 12.1965840880141]], "merge_d1": [[11.512925464970229, 4.212009689761861]], "merge_d2": [[11.512925464970229, 6.835441368901065]], "argmin_dic": [[100000, 2]], "time_elapsed": 274.6222229003906}