{"exact_d1": [[11.512925464970229, 3.7723091218338447]], "exact_d2": [[11.512925464970229, 7.193014511370721]], "over": [[11.512925464970229, 10.224419569800425]], "merge_d1": [[11.512925464970229, 4.270803701906059]], "merge_d2": [[11.512925464970229, 6.908824896256041]], "argmin_dic": [[100000, 2]], "time_elapsed": 256.95515060424805}