{"exact_d1": [[11.512925464970229, 3.830571959264595]], "exact_d2": [[11.512925464970229, 6.543209584968813]], "over": [[11.512925464970229, 10.561972047612771]], "merge_d1": [[11.512925464970229, 4.12127003911844]], "merge_d2": [[11.512925464970229, 5.884146183157029]], "argmin_dic": [[100000, 2]], "time_elapsed": 445.2483744621277}