{"exact_d1": [[6.906754778648554, 4.001820398426303], [7.022868086082641, 4.096193777689518], [7.1372784372603855, 3.9688309949405194], [7.252762418053187, 4.231632315326038], [7.367708572374371, 3.827248469512568], [7.48324441607385, 3.515116776875436], [7.598399329323964, 3.9737749594485385], [7.71333788887187, 4.305165593797646], [7.828436359157585, 3.903518571544812], [7.943782692458625, 4.073116212325726], [8.058960017769417, 3.6370637049888668], [8.17413934342947, 3.58357167034292], [8.289288323000317, 3.8478752611747242], [8.404248432400102, 3.9062713283253423], [8.519390774959724, 4.2308170484234715], [8.634620608292202, 3.660721387925129], [8.74973246437081, 4.112019892475727], [8.86488793377419, 3.732883563538987], [8.980046316633132, 3.7344631963640005], [9.095153962167066, 3.995662242287491], [9.210340371976184, 3.786576076506212], [9.325453179076687, 3.623863211625988], [9.44057869576626, 4.1602811861647435], [9.555701556014641, 4.123567471446407], [9.670798588378387, 3.970200701040289], [9.785941988681085, 3.761894249861255], [9.901084667919818, 3.3088207455413703], [10.016235712227882, 3.876215050419715], [10.131339999578072, 3.5181350522238755], [10.246474238267561, 3.923764946568439], [10.36160835987009, 3.7830439271811005], [10.476752620919227, 3.659692781711275], [10.591873415994362, 3.8834472004781078], [10.707012640565683, 3.622294947161121], [10.822135503983962, 3.67034094909497], [10.937276835160228, 3.979290698336718], [11.05239680608701, 3.595309032950685], [11.167529530327974, 3.668339227450935], [11.28265658871343, 3.915461534060099], [11.397795157716597, 3.4701010059633544]], "exact_d2": [[6.906754778648554, 9.141485295198493], [7.022868086082641, 10.808465071700878], [7.1372784372603855, 9.2272902275536], [7.252762418053187, 9.389158329556913], [7.367708572374371, 6.0278440621474285], [7.48324441607385, 8.410147452449076], [7.598399329323964, 11.42445026307783], [7.71333788887187, 15.285164850109481], [7.828436359157585, 7.1801893577667775], [7.943782692458625, 9.457541316726074], [8.058960017769417, 6.34099486019344], [8.17413934342947, 6.645572450006054], [8.289288323000317, 6.503074184945638], [8.404248432400102, 8.066693696806754], [8.519390774959724, 8.882856947071403], [8.634620608292202, 6.097340587889354], [8.74973246437081, 9.855446092466387], [8.86488793377419, 7.4880853483636995], [8.980046316633132, 6.781693276096314], [9.095153962167066, 8.1908481321839], [9.210340371976184, 8.173846223233943], [9.325453179076687, 9.814004795406214], [9.44057869576626, 13.415865801691808], [9.555701556014641, 9.612799392058486], [9.670798588378387, 6.636381240857418], [9.785941988681085, 8.24903058613961], [9.901084667919818, 7.330150227097418], [10.016235712227882, 8.655544642033542], [10.131339999578072, 9.021069839080779], [10.246474238267561, 8.435939595446747], [10.36160835987009, 6.819658814859148], [10.476752620919227, 5.455384790050314], [10.591873415994362, 7.456257491050139], [10.707012640565683, 9.216418645855295], [10.822135503983962, 9.105864627177384], [10.937276835160228, 7.716005577495421], [11.05239680608701, 9.094726607806766], [11.167529530327974, 10.4047087143199], [11.28265658871343, 7.184793048342545], [11.397795157716597, 9.653153401827202]], "over": [[6.906754778648554, 33.26957527014174], [7.022868086082641, 13.42537739445316], [7.1372784372603855, 25.17569001079529], [7.252762418053187, 15.584346267811174], [7.367708572374371, 23.269265439616035], [7.48324441607385, 23.906661988638014], [7.598399329323964, 13.263415365379018], [7.71333788887187, 30.083778287250723], [7.828436359157585, 28.36251589451484], [7.943782692458625, 13.734217110973846], [8.058960017769417, 8.898265693009574], [8.17413934342947, 18.377611886539142], [8.289288323000317, 19.744663999217778], [8.404248432400102, 23.380389846310393], [8.519390774959724, 10.237876847914775], [8.634620608292202, 15.137048907592614], [8.74973246437081, 18.14747402961418], [8.86488793377419, 14.170468714010305], [8.980046316633132, 17.95860339854363], [9.095153962167066, 13.108431447035608], [9.210340371976184, 14.603861119604487], [9.325453179076687, 16.105071871896335], [9.44057869576626, 19.741575520941215], [9.555701556014641, 14.857458947295445], [9.670798588378387, 9.768804110794287], [9.785941988681085, 15.80203561848722], [9.901084667919818, 9.348266588622653], [10.016235712227882, 16.05637354320305], [10.131339999578072, 8.126939832659742], [10.246474238267561, 14.061591728511702], [10.36160835987009, 12.91111985912425], [10.476752620919227, 14.319225155844231], [10.591873415994362, 12.219869236350926], [10.707012640565683, 10.404397425033075], [10.822135503983962, 10.881513622122599], [10.937276835160228, 12.326133828110649], [11.05239680608701, 8.470475076473424], [11.167529530327974, 10.872366729472343], [11.28265658871343, 8.306352669886953], [11.397795157716597, 16.38365390423764]], "merge_d1": [[6.906754778648554, 5.152005560606884], [7.022868086082641, 4.432894605688032], [7.1372784372603855, 4.546675623590701], [7.252762418053187, 4.8997951603491785], [7.367708572374371, 4.321352778968898], [7.48324441607385, 4.922260331289883], [7.598399329323964, 4.271781288323199], [7.71333788887187, 4.690074144234132], [7.828436359157585, 4.826562057792937], [7.943782692458625, 4.544960176342241], [8.058960017769417, 4.319266466980006], [8.17413934342947, 4.619760577429261], [8.289288323000317, 4.5698728881306385], [8.404248432400102, 4.243062215408531], [8.519390774959724, 4.256615669189844], [8.634620608292202, 4.361478510082576], [8.74973246437081, 4.501725280547381], [8.86488793377419, 4.311556539375393], [8.980046316633132, 4.717647162566895], [9.095153962167066, 4.390940276474858], [9.210340371976184, 4.304494352204305], [9.325453179076687, 4.448185545616953], [9.44057869576626, 4.457055775335097], [9.555701556014641, 4.161968366902057], [9.670798588378387, 4.234714626523789], [9.785941988681085, 4.421547588815772], [9.901084667919818, 4.155559665577171], [10.016235712227882, 4.100047382862287], [10.131339999578072, 4.1043026296092195], [10.246474238267561, 4.231029426477081], [10.36160835987009, 3.9127474668692734], [10.476752620919227, 3.9129300814336756], [10.591873415994362, 3.8941908608118125], [10.707012640565683, 4.138638130191516], [10.822135503983962, 4.2417361576610055], [10.937276835160228, 4.13193704048274], [11.05239680608701, 4.12561480356299], [11.167529530327974, 4.253514153191938], [11.28265658871343, 4.28130805079493], [11.397795157716597, 4.18132817903249]],