{"exact_d1": [[11.512925464970229, 3.9622526927694164]], "exact_d2": [[11.512925464970229, 7.456822654875776]], "over": [[11.512925464970229, 10.246975763477332]], "merge_d1": [[11.512925464970229, 4.243021981969157]], "merge_d2": [[11.512925464970229, 6.330519798725245]], "argmin_dic": [[100000, 2]], "time_elapsed": 237.8153359889984}