{"exact_d1": [[11.512925464970229, 3.890363352503396]], "exact_d2": [[11.512925464970229, 7.289271534736516]], "over": [[11.512925464970229, 8.876449932425327]], "merge_d1": [[11.512925464970229, 4.221660184839574]], "merge_d2": [[11.512925464970229, 6.201183798598667]], "argmin_dic": [[100000, 2]], "time_elapsed": 426.8230986595154}