{"exact_d1": [[6.906754778648554, 3.7295562685335093], [7.022868086082641, 3.7891753402960395], [7.1372784372603855, 5.133841798328995], [7.252762418053187, 4.572490650274111], [7.367708572374371, 3.5793886901096537], [7.48324441607385, 3.6686467468801482], [7.598399329323964, 3.7517154798111796], [7.71333788887187, 4.132228228100505], [7.828436359157585, 4.141299138372884], [7.943782692458625, 4.04800923991377], [8.058960017769417, 3.5921483440906425], [8.17413934342947, 3.949799330797845], [8.289288323000317, 4.0066696962796735], [8.404248432400102, 3.3781828875588547], [8.519390774959724, 3.5429367966798155], [8.634620608292202, 4.001969822397437], [8.74973246437081, 4.244077646686915], [8.86488793377419, 4.061374792699653], [8.980046316633132, 3.8863425231024302], [9.095153962167066, 3.8335247294140142], [9.210340371976184, 3.795052729003443], [9.325453179076687, 3.720840171342712], [9.44057869576626, 3.6032145246392315], [9.555701556014641, 3.7499181675461752], [9.670798588378387, 3.4513375975972735], [9.785941988681085, 3.587984874415026], [9.901084667919818, 3.8855367839755224], [10.016235712227882, 3.5374062816404983], [10.131339999578072, 3.458511989193884], [10.246474238267561, 3.442539722261104], [10.36160835987009, 3.6343401453888022], [10.476752620919227, 3.7340432583788226], [10.591873415994362, 3.7597967992872494], [10.707012640565683, 3.3749050479766582], [10.822135503983962, 3.7470523218353975], [10.937276835160228, 3.9164884266083577], [11.05239680608701, 3.499708633678179], [11.167529530327974, 3.8398560301880353], [11.28265658871343, 3.8531398604529588], [11.397795157716597, 3.926647688963404]], "exact_d2": [[6.906754778648554, 9.754124200119799], [7.022868086082641, 7.375412108790501], [7.1372784372603855, 15.21313442785826], [7.252762418053187, 21.860846931639983], [7.367708572374371, 11.537344847179881], [7.48324441607385, 7.3152332177979495], [7.598399329323964, 10.109184582229666], [7.71333788887187, 6.9688243296704195], [7.828436359157585, 17.895796696830953], [7.943782692458625, 17.895045001473004], [8.058960017769417, 11.516246352275292], [8.17413934342947, 16.26140687503343], [8.289288323000317, 9.673583165057812], [8.404248432400102, 8.902422821672257], [8.519390774959724, 10.174278915306], [8.634620608292202, 8.487509103099116], [8.74973246437081, 14.007946905504037], [8.86488793377419, 9.125689786578468], [8.980046316633132, 9.149576115696906], [9.095153962167066, 7.610951528110193], [9.210340371976184, 7.853369378217317], [9.325453179076687, 6.947963948714399], [9.44057869576626, 9.130957873453292], [9.555701556014641, 6.587782616054102], [9.670798588378387, 7.308506394814181], [9.785941988681085, 5.05123455366906], [9.901084667919818, 8.381505610077575], [10.016235712227882, 10.615052671351599], [10.131339999578072, 8.885706131200171], [10.246474238267561, 8.94672222100576], [10.36160835987009, 5.4261437787885285], [10.476752620919227, 10.28642344394664], [10.591873415994362, 6.974287952184466], [10.707012640565683, 7.940898762492217], [10.822135503983962, 6.9550446911667345], [10.937276835160228, 7.134505973115529], [11.05239680608701, 8.873036959708926], [11.167529530327974, 7.0384388595475444], [11.28265658871343, 6.673512703780669], [11.397795157716597, 7.1292132214678725]], "over": [[6.906754778648554, 35.40965489634098], [7.022868086082641, 28.463963527841393], [7.1372784372603855, 24.032051508708495], [7.252762418053187, 28.87907538506259], [7.367708572374371, 26.34845124373976], [7.48324441607385, 20.77874209458997], [7.598399329323964, 24.745558288282705], [7.71333788887187, 28.943950548056627], [7.828436359157585, 20.61527081363158], [7.943782692458625, 31.629888836682852], [8.058960017769417, 19.515334977343514], [8.17413934342947, 15.08224873407539], [8.289288323000317, 26.136305758423262], [8.404248432400102, 21.07126239755923], [8.519390774959724, 25.129616406828475], [8.634620608292202, 13.42337847387285], [8.74973246437081, 13.92642101710803], [8.86488793377419, 11.151533695310702], [8.980046316633132, 16.423709838265566], [9.095153962167066, 10.791951494447835], [9.210340371976184, 18.655051138012873], [9.325453179076687, 13.84681681859421], [9.44057869576626, 9.969554923783852], [9.555701556014641, 9.954759541552232], [9.670798588378387, 13.4291961611447], [9.785941988681085, 8.982066449168538], [9.901084667919818, 11.990750455789922], [10.016235712227882, 10.546267152124083], [10.131339999578072, 12.019212976905367], [10.246474238267561, 10.04718156181564], [10.36160835987009, 15.44644999216994], [10.476752620919227, 14.9578713866108], [10.591873415994362, 10.67011973075643], [10.707012640565683, 11.731147525185825], [10.822135503983962, 11.298810868653172], [10.937276835160228, 9.605105349010339], [11.05239680608701, 10.748500991039615], [11.167529530327974, 15.798946359607527], [11.28265658871343, 15.813864267788762], [11.397795157716597, 14.459327334214613]], "merge_d1": [[6.906754778648554, 5.637850261333201], [7.022868086082641, 4.7138343863215155], [7.1372784372603855, 4.235821060170431], [7.252762418053187, 5.3606053639832885], [7.367708572374371, 4.505784147542087], [7.48324441607385, 5.112264293977306], [7.598399329323964, 4.462994171887631], [7.71333788887187, 5.1438094244336385], [7.828436359157585, 4.76241503066635], [7.943782692458625, 5.903373551280314], [8.058960017769417, 4.629525268450156], [8.17413934342947, 3.992960031951383], [8.289288323000317, 4.961925214617145], [8.404248432400102, 4.3190106683660945], [8.519390774959724, 4.53140360971872], [8.634620608292202, 4.398155329059287], [8.74973246437081, 4.440916669961831], [8.86488793377419, 4.29445599521361], [8.980046316633132, 4.015441626822915], [9.095153962167066, 4.145712812040409], [9.210340371976184, 4.168738612433481], [9.325453179076687, 4.338563686360304], [9.44057869576626, 4.242760849096476], [9.555701556014641, 4.237487164966266], [9.670798588378387, 4.086385118319948], [9.785941988681085, 4.078669836608478], [9.901084667919818, 4.16733994316843], [10.016235712227882, 4.324857352630847], [10.131339999578072, 3.9996862413621486], [10.246474238267561, 4.088315663893627], [10.36160835987009, 4.285148525828252], [10.476752620919227, 4.024264138210841], [10.591873415994362, 4.246956321095057], [10.707012640565683, 4.268932427402988], [10.822135503983962, 4.185746108839038], [10.937276835160228, 4.204368177890585], [11.05239680608701, 4.191000083340711], [11.167529530327974, 4.062699942799532], [11.28265658871343, 4.312159413035851], [11.397795157716597, 4.206824909674998]],