{"exact_d1": [[6.907755278982137, 3.2905590581265334], [8.153349757998892, 3.6483472223060986], [8.691146498539675, 3.6766555104191974], [9.038958755220563, 3.86511671124686], [9.296518068217235, 3.6349515404226915], [9.501142571764207, 3.7832480386629124], [9.670924779305427, 3.634436066691159], [9.816021526754852, 3.716168439369486], [9.94270826568941, 3.622537176407735], [10.055135102145268, 3.7849774662106075], [10.156189906091882, 3.767903768236803], [10.247963389017864, 3.788278652293801], [10.332017933575289, 3.743281364677841], [10.409551859200409, 3.7936836832298746], [10.481504425842441, 3.7741395257031463], [10.548625513909712, 3.713097963926015], [10.611523345589823, 3.7594644577104233], [10.67069806139613, 3.714987433850709], [10.726565902688105, 3.7935125546148396], [10.779476987636757, 3.7404256936946245], [10.829728615263452, 3.7490979148963697], [10.8775753831365, 3.756937999433077], [10.923236992778513, 3.7559135194636126], [10.966904349300577, 3.711031323715819], [11.008744383922906, 3.696443487330403], [11.04890390740204, 3.7285888949369252], [11.087512719052368, 3.7486971043244917], [11.124686137527133, 3.783627608116248], [11.160527077798756, 3.7394581113601957], [11.195127768613824, 3.772585058015674], [11.228571182611121, 3.7706069392300745], [11.260932234926955, 3.738422691740412], [11.292278793854607, 3.7345144183130192], [11.322672537849993, 3.7366100053156948], [11.352169686090834, 3.7488225866718787], [11.38082162433689, 3.7770161762208576], [11.40867544359643, 3.7469987599308094], [11.435774405781814, 3.7340667406521675], [11.462158347916576, 3.790477831400469], [11.487864034374857, 3.70835282122477]], "exact_d2": [[6.907755278982137, 7.844783454935231], [8.153349757998892, 7.8360705328230535], [8.691146498539675, 6.198010627861712], [9.038958755220563, 8.22160397407165], [9.296518068217235, 6.78259414974758], [9.501142571764207, 6.876955446541416], [9.670924779305427, 6.817082675229797], [9.816021526754852, 7.22925580850641], [9.94270826568941, 7.211953293478874], [10.055135102145268, 7.085907765928471], [10.156189906091882, 6.982108150417151], [10.247963389017864, 6.887548094245274], [10.332017933575289, 6.858830640997084], [10.409551859200409, 6.78153502385844], [10.481504425842441, 7.386662303112316], [10.548625513909712, 7.13041518551769], [10.611523345589823, 7.018945229659032], [10.67069806139613, 7.116903674833989], [10.726565902688105, 6.837333769002497], [10.779476987636757, 7.117398359652881], [10.829728615263452, 6.897491603261392], [10.8775753831365, 6.678812673798476], [10.923236992778513, 6.553716123577645], [10.966904349300577, 6.772607795723645], [11.008744383922906, 6.703054870559032], [11.04890390740204, 6.880532748407725], [11.087512719052368, 7.18042058122927], [11.124686137527133, 6.828397995763712], [11.160527077798756, 6.955411307585647], [11.195127768613824, 6.624907768215525], [11.228571182611121, 7.019477168232827], [11.260932234926955, 6.603019234225148], [11.292278793854607, 6.842498599975226], [11.322672537849993, 7.019359710096052], [11.352169686090834, 7.049830768283964], [11.38082162433689, 7.40405387538924], [11.40867544359643, 7.251122441997778], [11.435774405781814, 6.844446762057162], [11.462158347916576, 7.379211313332108], [11.487864034374857, 6.752015824321749]], "over": [[6.907755278982137, 16.294803478162336], [8.153349757998892, 11.344518937930568], [8.691146498539675, 10.943237775066072], [9.038958755220563, 15.456180315744163], [9.296518068217235, 10.757927749620261], [9.501142571764207, 11.56106339676716], [9.670924779305427, 11.69847285492801], [9.816021526754852, 12.181920655618939], [9.94270826568941, 10.190806029341509], [10.055135102145268, 11.182344200276754], [10.156189906091882, 10.640206374905842], [10.247963389017864, 11.46077176055381], [10.332017933575289, 10.632907596979441], [10.409551859200409, 9.44895307001034], [10.481504425842441, 11.314935815650504], [10.548625513909712, 11.921951107993516], [10.611523345589823, 10.847931449589842], [10.67069806139613, 11.365419494596404], [10.726565902688105, 10.898294901042862], [10.779476987636757, 11.56876832635091], [10.829728615263452, 10.656081910665698], [10.8775753831365, 11.548936199406493], [10.923236992778513, 11.98634515488075], [10.966904349300577, 11.469752101011554], [11.008744383922906, 10.002109676021956], [11.04890390740204, 11.674354035764933], [11.087512719052368, 10.406690433336566], [11.124686137527133, 10.241517979942698], [11.160527077798756, 11.713951201024674], [11.195127768613824, 10.448111092324211], [11.228571182611121, 11.218987413625431], [11.260932234926955, 10.456035126476038], [11.292278793854607, 11.492828848984454], [11.322672537849993, 11.060463341699295], [11.352169686090834, 10.79529309044381], [11.38082162433689, 11.501128159964791], [11.40867544359643, 11.133533479369158], [11.435774405781814, 11.604368720970427], [11.462158347916576, 12.235048782035806], [11.487864034374857, 9.90017869250336]], "merge_d1": [[6.907755278982137, 4.3180295791780745], [8.153349757998892, 3.7271392633328375], [8.691146498539675, 4.4160628171475516], [9.038958755220563, 4.100448812408848], [9.296518068217235, 4.282479517379771], [9.501142571764207, 3.8169757082588123], [9.670924779305427, 3.7052567215249366], [9.816021526754852, 4.4741559830582025], [9.94270826568941, 4.3154969552177835], [10.055135102145268, 4.366890111506681], [10.156189906091882, 3.8394347095508734], [10.247963389017864, 3.8633063797946017], [10.332017933575289, 4.452912831012337], [10.409551859200409, 4.583818424575864], [10.481504425842441, 4.392400037773736], [10.548625513909712, 3.808026170876667], [10.611523345589823, 4.426889638414762], [10.67069806139613, 3.7940135744745245], [10.726565902688105, 4.696801257915063], [10.779476987636757, 3.794897412944436], [10.829728615263452, 3.8380297837050947], [10.8775753831365, 4.38028757035352], [10.923236992778513, 4.428616312192401], [10.966904349300577, 3.774158023601582], [11.008744383922906, 4.676071688576867], [11.04890390740204, 3.8058401955198775], [11.087512719052368, 4.338044602448365], [11.124686137527133, 4.484673527021348], [11.160527077798756, 3.8214843430671714], [11.195127768613824, 4.333506699328268], [11.228571182611121, 3.888501010409642], [11.260932234926955, 4.474485585239082], [11.292278793854607, 3.8171411591269204], [11.322672537849993, 4.393200379731777], [11.352169686090834, 3.8401383025640086], [11.38082162433689, 3.8799090785350043], [11.40867544359643, 4.395505592286399], [11.435774405781814, 3.8123576822163243], [11.462158347916576, 4.4440257160285785], [11.487864034374857, 4.370468007716264]],