{"exact_d1": [[11.512925464970229, 3.7192892526812082]], "exact_d2": [[11.512925464970229, 6.810843665542544]], "over": [[11.512925464970229, 12.377558460945151]], "merge_d1": [[11.512925464970229, 4.224359508041065]], "merge_d2": [[11.512925464970229, 7.285672769879331]], "argmin_dic": [[100000, 2]], "time_elapsed": 154.36244440078735}