{"exact_d1": [[11.512925464970229, 3.8124969847538983]], "exact_d2": [[11.512925464970229, 7.461234418173801]], "over": [[11.512925464970229, 11.474427038360217]], "merge_d1": [[11.512925464970229, 4.213991210829627]], "merge_d2": [[11.512925464970229, 6.849119896755594]], "argmin_dic": [[100000, 2]], "time_elapsed": 249.1169397830963}