{"exact_d1": [[6.907755278982137, 3.793673912542557], [8.153349757998892, 3.7588220668994055], [8.691146498539675, 3.912674700271946], [9.038958755220563, 3.8312346835307047], [9.296518068217235, 3.6469425309651027], [9.501142571764207, 3.719519647327641], [9.670924779305427, 3.729002500570397], [9.816021526754852, 3.6787162654255], [9.94270826568941, 3.6715759470399423], [10.055135102145268, 3.6777078909167025], [10.156189906091882, 3.6416000436079887], [10.247963389017864, 3.712607669484368], [10.332017933575289, 3.7643146100257625], [10.409551859200409, 3.6903166940458423], [10.481504425842441, 3.7306753121867007], [10.548625513909712, 3.7757637756381386], [10.611523345589823, 3.741423394356191], [10.67069806139613, 3.7201606904461166], [10.726565902688105, 3.7531053862429724], [10.779476987636757, 3.784723323783079], [10.829728615263452, 3.776740996960737], [10.8775753831365, 3.747149883241921], [10.923236992778513, 3.758804843145404], [10.966904349300577, 3.7197808313663345], [11.008744383922906, 3.68648881858668], [11.04890390740204, 3.7821317583042724], [11.087512719052368, 3.784088318523104], [11.124686137527133, 3.7627858690981393], [11.160527077798756, 3.753209479533721], [11.195127768613824, 3.771826978051407], [11.228571182611121, 3.7771966144555655], [11.260932234926955, 3.7570969684496034], [11.292278793854607, 3.7722597685660793], [11.322672537849993, 3.7468118411275904], [11.352169686090834, 3.7872837513747357], [11.38082162433689, 3.7503009754996808], [11.40867544359643, 3.7392274833330967], [11.435774405781814, 3.7716481746504495], [11.462158347916576, 3.7831701780364297], [11.487864034374857, 3.7326564649351983]], "exact_d2": [[6.907755278982137, 9.738851779628652], [8.153349757998892, 6.532610415835762], [8.691146498539675, 7.598467564695901], [9.038958755220563, 6.414005135973173], [9.296518068217235, 7.491601386699644], [9.501142571764207, 7.107052405436384], [9.670924779305427, 6.803506644890476], [9.816021526754852, 7.081210002258722], [9.94270826568941, 6.635846176789519], [10.055135102145268, 7.096747114093754], [10.156189906091882, 6.717119848954723], [10.247963389017864, 7.2342008725130516], [10.332017933575289, 6.888966758761714], [10.409551859200409, 6.534766251281811], [10.481504425842441, 7.229127480104121], [10.548625513909712, 6.715110649662055], [10.611523345589823, 6.725123574783504], [10.67069806139613, 7.024914471104942], [10.726565902688105, 7.155017792820649], [10.779476987636757, 6.602074990530812], [10.829728615263452, 6.786526491146571], [10.8775753831365, 6.77375225605168], [10.923236992778513, 7.066200117518372], [10.966904349300577, 7.005543481560184], [11.008744383922906, 7.090574352864691], [11.04890390740204, 6.711822418897546], [11.087512719052368, 7.215491262730403], [11.124686137527133, 6.850416439833854], [11.160527077798756, 6.872478914969099], [11.195127768613824, 6.932118422767059], [11.228571182611121, 7.1277522433570635], [11.260932234926955, 6.860283195661574], [11.292278793854607, 6.5848280830942585], [11.322672537849993, 6.968497567437664], [11.352169686090834, 6.818264002272709], [11.38082162433689, 6.728589220325923], [11.40867544359643, 6.845792662928335], [11.435774405781814, 6.843999333282373], [11.462158347916576, 6.93277311859232], [11.487864034374857, 6.891244665014852]], "over": [[6.907755278982137, 17.44317128358022], [8.153349757998892, 9.261034234705079], [8.691146498539675, 13.45673541289393], [9.038958755220563, 10.98158497780156], [9.296518068217235, 11.245617572386427], [9.501142571764207, 11.062296302453714], [9.670924779305427, 10.064220450752364], [9.816021526754852, 11.129114307262215], [9.94270826568941, 10.921538144533194], [10.055135102145268, 12.061235168628885], [10.156189906091882, 11.160700827529963], [10.247963389017864, 11.397288355743893], [10.332017933575289, 11.662625554335479], [10.409551859200409, 10.445296471092115], [10.481504425842441, 11.798019799004505], [10.548625513909712, 10.858264398046005], [10.611523345589823, 10.249794227372902], [10.67069806139613, 10.912599806413361], [10.726565902688105, 11.082663269099358], [10.779476987636757, 10.032744787539533], [10.829728615263452, 10.380053274541558], [10.8775753831365, 11.80416498889164], [10.923236992778513, 11.02712974893371], [10.966904349300577, 11.245717253911153], [11.008744383922906, 11.318582437208285], [11.04890390740204, 10.325796773131472], [11.087512719052368, 11.025673824839403], [11.124686137527133, 10.351605074281135], [11.160527077798756, 11.29607956409392], [11.195127768613824, 10.772872698906223], [11.228571182611121, 10.971578225338098], [11.260932234926955, 11.165968395617474], [11.292278793854607, 9.675905172823226], [11.322672537849993, 10.521139246866165], [11.352169686090834, 10.612557321937212], [11.38082162433689, 10.483125413469367], [11.40867544359643, 11.647706148213162], [11.435774405781814, 10.378779744891418], [11.462158347916576, 10.73429341544228], [11.487864034374857, 10.822402714813038]], "merge_d1": [[6.907755278982137, 4.376321994591486], [8.153349757998892, 4.492222696147164], [8.691146498539675, 4.036292184199076], [9.038958755220563, 4.718542763654338], [9.296518068217235, 4.304623416925479], [9.501142571764207, 3.7882330337804446], [9.670924779305427, 3.8411557686360753], [9.816021526754852, 4.57971125474819], [9.94270826568941, 4.325884249850955], [10.055135102145268, 3.734929724646149], [10.156189906091882, 3.725033820953098], [10.247963389017864, 3.8178453841183573], [10.332017933575289, 3.8458703989446366], [10.409551859200409, 4.344055185293426], [10.481504425842441, 4.631347579646817], [10.548625513909712, 4.456270153381922], [10.611523345589823, 4.441941107943545], [10.67069806139613, 3.8243514845739854], [10.726565902688105, 3.8526161841469913], [10.779476987636757, 3.8877298273977976], [10.829728615263452, 4.413202371903959], [10.8775753831365, 4.376706787391129], [10.923236992778513, 4.440530090502704], [10.966904349300577, 4.400404194248472], [11.008744383922906, 4.299846125845975], [11.04890390740204, 3.876627878169675], [11.087512719052368, 3.8716171199663973], [11.124686137527133, 4.414236720912132], [11.160527077798756, 4.44448569128252], [11.195127768613824, 3.8961611423879616], [11.228571182611121, 3.8883123188963], [11.260932234926955, 4.408768170981401], [11.292278793854607, 4.389691828960991], [11.322672537849993, 4.435345537941133], [11.352169686090834, 3.9089459036925853], [11.38082162433689, 3.835539992383284], [11.40867544359643, 3.809189403498641], [11.435774405781814, 3.866409668939826], [11.462158347916576, 4.444889951131926], [11.487864034374857, 4.400507325675508]],