{"exact_d1": [[11.512925464970229, 3.8476449940585185]], "exact_d2": [[11.512925464970229, 7.0884216769533035]], "over": [[11.512925464970229, 10.04764406839352]], "merge_d1": [[11.512925464970229, 4.147845490636831]], "merge_d2": [[11.512925464970229, 6.250055753291378]], "argmin_dic": [[100000, 2]], "time_elapsed": 261.69036078453064}