{"exact_d1": [[9.210340371976184, 3.703589577823526], [9.250522161609014, 3.9416209349645475], [9.290721483922995, 3.9328608952738886], [9.330963814299922, 3.7933788762912095], [9.371268036082466, 3.966290835063642], [9.411483683010726, 3.9859671032512107], [9.451716691551452, 3.850717095380833], [9.491979220880678, 3.9931172352249193], [9.532206456208034, 3.8473620653582277], [9.572410734431823, 3.986385568741012], [9.612667227583843, 3.8084280954634866], [9.65290856803585, 3.750866562563452], [9.693136823020671, 3.9898310496433824], [9.733351450605975, 3.6930495546637525], [9.773606631681607, 3.8502354449036247], [9.81383633058348, 3.8172418290325534], [9.854087202241, 3.836396950345077], [9.894345894618844, 3.774212475409677], [9.934550077987947, 3.7585250699774626], [9.974784434418162, 3.81813554435598], [10.015028927269036, 3.95837496472605], [10.055263987501922, 3.998321752455245], [10.095511884791469, 3.7491642911655583], [10.135749405494865, 3.8909335073698568], [10.175992533388062, 3.961630975184861], [10.216215833592425, 3.889149135955673], [10.25646567163057, 3.7654134904543626], [10.29667762976868, 3.9079790518393636], [10.336924443719042, 3.9498922082157923], [10.377171899621436, 3.8987282983042415], [10.417418350255533, 3.8920844969771515], [10.457631253015656, 3.8499978707881235], [10.497863570996053, 3.8979970716011327], [10.53810479090567, 3.902413974147497], [10.578343463123822, 3.8231503125002226], [10.618591900448115, 3.9214109444816687], [10.658811091522749, 3.7741518683545663], [10.699055933195222, 3.797353431302108], [10.739305484260235, 3.845690275847412], [10.779539453150608, 3.757895157484968]], "exact_d2": [[9.210340371976184, 5.2600035633473965], [9.250522161609014, 7.02094171553853], [9.290721483922995, 8.44006467782407], [9.330963814299922, 7.0809421956006], [9.371268036082466, 7.879366602166827], [9.411483683010726, 8.084540287086433], [9.451716691551452, 8.044527120534655], [9.491979220880678, 7.374605495619928], [9.532206456208034, 7.708485397526594], [9.572410734431823, 6.635418039378894], [9.612667227583843, 7.960958331398676], [9.65290856803585, 9.280548403192897], [9.693136823020671, 6.711536804813903], [9.733351450605975, 6.338442851911506], [9.773606631681607, 7.886197997354174], [9.81383633058348, 6.496925795193553], [9.854087202241, 7.8047654718968795], [9.894345894618844, 9.071601746014942], [9.934550077987947, 6.141007001850102], [9.974784434418162, 7.492739501412856], [10.015028927269036, 6.94321015692863], [10.055263987501922, 7.638579131832557], [10.095511884791469, 6.560923174437213], [10.135749405494865, 7.512268729513771], [10.175992533388062, 8.300998521531868], [10.216215833592425, 7.159470793507231], [10.25646567163057, 6.012102036923848], [10.29667762976868, 7.239275270910134], [10.336924443719042, 7.1797828937048935], [10.377171899621436, 6.899838230014427], [10.417418350255533, 7.430905356274585], [10.457631253015656, 7.0542753482680505], [10.497863570996053, 6.999114483699791], [10.53810479090567, 6.926617984316156], [10.578343463123822, 7.414060405208549], [10.618591900448115, 7.227031511225489], [10.658811091522749, 7.293238667339071], [10.699055933195222, 6.3421340324042506], [10.739305484260235, 8.026951143498062], [10.779539453150608, 6.946968078779736]], "over": [[9.210340371976184, 15.559356489673789], [9.250522161609014, 12.735464924862848], [9.290721483922995, 17.193424865290073], [9.330963814299922, 13.971819992095352], [9.371268036082466, 13.91269629223786], [9.411483683010726, 16.240145420896127], [9.451716691551452, 11.118538325170066], [9.491979220880678, 11.934161293478539], [9.532206456208034, 14.460715445753005], [9.572410734431823, 7.922902854457544], [9.612667227583843, 13.324070038691843], [9.65290856803585, 14.495199122184001], [9.693136823020671, 9.121844275003154], [9.733351450605975, 12.229881723985878], [9.773606631681607, 11.507627223955204], [9.81383633058348, 14.506353777397015], [9.854087202241, 12.691563562244264], [9.894345894618844, 12.286455405668299], [9.934550077987947, 10.093644298314203], [9.974784434418162, 13.864037716955682], [10.015028927269036, 10.772916865557892], [10.055263987501922, 16.20718840235452], [10.095511884791469, 10.263060280194354], [10.135749405494865, 17.52158190578843], [10.175992533388062, 14.181646185212848], [10.216215833592425, 13.402944372563825], [10.25646567163057, 10.315222346265296], [10.29667762976868, 13.575537803136779], [10.336924443719042, 13.807465151564823], [10.377171899621436, 17.591113323011488], [10.417418350255533, 11.256921050656974], [10.457631253015656, 10.319667319292426], [10.497863570996053, 11.263400604522504], [10.53810479090567, 13.976498285014136], [10.578343463123822, 12.10477352736311], [10.618591900448115, 10.095870085221902], [10.658811091522749, 9.843966360898765], [10.699055933195222, 13.085155952637587], [10.739305484260235, 10.936141256825556], [10.779539453150608, 11.93433586302218]], "merge_d1": [[9.210340371976184, 4.266987471235604], [9.250522161609014, 4.323626216231261], [9.290721483922995, 4.411120827805769], [9.330963814299922, 4.228352072255449], [9.371268036082466, 4.295381050834901], [9.411483683010726, 4.401654640425401], [9.451716691551452, 4.365815171658218], [9.491979220880678, 4.1686379764050665], [9.532206456208034, 4.325070956153198], [9.572410734431823, 4.175424869299632], [9.612667227583843, 4.021834328666215], [9.65290856803585, 4.294352536317664], [9.693136823020671, 4.1665711910342305], [9.733351450605975, 4.181794830643859], [9.773606631681607, 4.379047459994859], [9.81383633058348, 4.289461923513879], [9.854087202241, 4.299427457492839], [9.894345894618844, 4.344179823859011], [9.934550077987947, 4.153530865972638], [9.974784434418162, 4.2248931975044846], [10.015028927269036, 4.389510544457213], [10.055263987501922, 4.21367117231136], [10.095511884791469, 4.397813791731715], [10.135749405494865, 4.086458960462105], [10.175992533388062, 4.03126075772707], [10.216215833592425, 4.30837092403354], [10.25646567163057, 4.252100387550403], [10.29667762976868, 4.254594669803293], [10.336924443719042, 4.270796920672337], [10.377171899621436, 4.410315425725856], [10.417418350255533, 4.043327178377788], [10.457631253015656, 4.161751850699244], [10.497863570996053, 4.148335386937596], [10.53810479090567, 4.345467274901519], [10.578343463123822, 4.2464627845263445], [10.618591900448115, 4.263785488233335], [10.658811091522749, 4.2740785297023605], [10.699055933195222, 4.2303566277837605], [10.739305484260235, 4.296172577216737], [10.779539453150608, 4.230732749941103]],