{"exact_d1": [[11.512925464970229, 3.8864691691242337]], "exact_d2": [[11.512925464970229, 6.753583729570955]], "over": [[11.512925464970229, 9.001660686233492]], "merge_d1": [[11.512925464970229, 4.285641956325422]], "merge_d2": [[11.512925464970229, 6.4309779282368025]], "argmin_dic": [[100000, 2]], "time_elapsed": 254.88214778900146}