{"exact_d1": [[6.906754778648554, 3.494425376074822], [7.022868086082641, 3.4552437437700307], [7.1372784372603855, 3.821157243078461], [7.252762418053187, 4.104589795452585], [7.367708572374371, 4.606069596358538], [7.48324441607385, 3.6782549351718075], [7.598399329323964, 3.4278034609791153], [7.71333788887187, 3.7668668438434914], [7.828436359157585, 3.6797145586333797], [7.943782692458625, 4.500082870058602], [8.058960017769417, 3.6562343190970843], [8.17413934342947, 4.366589693048128], [8.289288323000317, 3.2939901470436928], [8.404248432400102, 3.673827900040651], [8.519390774959724, 3.5001250016596512], [8.634620608292202, 3.7348626963648313], [8.74973246437081, 3.9770944278815548], [8.86488793377419, 3.933517303811936], [8.980046316633132, 3.6757744350169657], [9.095153962167066, 4.0992198081737925], [9.210340371976184, 3.4826126199244904], [9.325453179076687, 3.4933470297437914], [9.44057869576626, 3.8908722474935185], [9.555701556014641, 3.470666982475276], [9.670798588378387, 3.760135831091449], [9.785941988681085, 3.6496212043082297], [9.901084667919818, 3.6459588381531955], [10.016235712227882, 3.6624523099356976], [10.131339999578072, 3.6291452575234473], [10.246474238267561, 3.830814617864331], [10.36160835987009, 3.7787764225723848], [10.476752620919227, 3.7813619779782504], [10.591873415994362, 3.7412872657234977], [10.707012640565683, 3.7110471388476984], [10.822135503983962, 3.672096529857644], [10.937276835160228, 3.877032530796289], [11.05239680608701, 3.8522818532470615], [11.167529530327974, 3.465982728849452], [11.28265658871343, 3.866569408797065], [11.397795157716597, 3.621243889883841]], "exact_d2": [[6.906754778648554, 5.8232458199809], [7.022868086082641, 16.36570784829035], [7.1372784372603855, 7.772324794165247], [7.252762418053187, 12.589827120742441], [7.367708572374371, 11.45468169764513], [7.48324441607385, 8.909848226417076], [7.598399329323964, 10.436875044972068], [7.71333788887187, 7.221811151476227], [7.828436359157585, 9.945864112289305], [7.943782692458625, 14.17393398723202], [8.058960017769417, 10.473515660403633], [8.17413934342947, 11.55839276062377], [8.289288323000317, 10.444097063666733], [8.404248432400102, 6.150996668946227], [8.519390774959724, 10.056785226133899], [8.634620608292202, 5.573921711771074], [8.74973246437081, 7.096984816506379], [8.86488793377419, 11.28242718847458], [8.980046316633132, 8.756895864490179], [9.095153962167066, 7.2526635651553555], [9.210340371976184, 7.485781309913287], [9.325453179076687, 9.07493490760626], [9.44057869576626, 9.198396749963154], [9.555701556014641, 8.496220870363555], [9.670798588378387, 9.101584628105702], [9.785941988681085, 11.912052047958253], [9.901084667919818, 10.178139478440379], [10.016235712227882, 11.5963643424859], [10.131339999578072, 5.370236173784664], [10.246474238267561, 6.2661705987053375], [10.36160835987009, 6.483390114237341], [10.476752620919227, 7.335265282285854], [10.591873415994362, 12.073854188220029], [10.707012640565683, 5.6472926177724725], [10.822135503983962, 10.196817133424947], [10.937276835160228, 7.847844959050215], [11.05239680608701, 6.678095670218194], [11.167529530327974, 9.443471588541373], [11.28265658871343, 7.679582698840368], [11.397795157716597, 9.31595824051379]], "over": [[6.906754778648554, 35.30639989502119], [7.022868086082641, 26.629661378194527], [7.1372784372603855, 24.318459871945358], [7.252762418053187, 13.29153621103885], [7.367708572374371, 24.861330185878703], [7.48324441607385, 36.96136601485765], [7.598399329323964, 16.175659262082362], [7.71333788887187, 33.01863166169583], [7.828436359157585, 11.449323077841882], [7.943782692458625, 20.16174742975421], [8.058960017769417, 22.15371814647646], [8.17413934342947, 20.96312834110289], [8.289288323000317, 22.19018182251629], [8.404248432400102, 9.666071673290027], [8.519390774959724, 19.660642049514966], [8.634620608292202, 14.931736367545733], [8.74973246437081, 11.191554832134386], [8.86488793377419, 15.228939380299668], [8.980046316633132, 17.905684809982198], [9.095153962167066, 15.840457894899767], [9.210340371976184, 16.761885571514526], [9.325453179076687, 13.657599898360933], [9.44057869576626, 11.330070782285766], [9.555701556014641, 9.176399749767942], [9.670798588378387, 9.968574592552669], [9.785941988681085, 15.29321595798764], [9.901084667919818, 17.8330354695148], [10.016235712227882, 13.184642857911058], [10.131339999578072, 11.018313628953655], [10.246474238267561, 10.162597037446748], [10.36160835987009, 9.976477327738417], [10.476752620919227, 11.581570097217444], [10.591873415994362, 12.051823171683974], [10.707012640565683, 8.9857737191083], [10.822135503983962, 18.16030219328986], [10.937276835160228, 12.683626300908868], [11.05239680608701, 13.429610574932763], [11.167529530327974, 13.227512855295881], [11.28265658871343, 13.951503800640275], [11.397795157716597, 9.969861178080684]], "merge_d1": [[6.906754778648554, 4.899294930293428], [7.022868086082641, 5.145818315559019], [7.1372784372603855, 4.768413294280526], [7.252762418053187, 4.690046606283899], [7.367708572374371, 4.820061298936278], [7.48324441607385, 6.270743169481607], [7.598399329323964, 4.114539789676426], [7.71333788887187, 6.05936668227121], [7.828436359157585, 4.485781168231108], [7.943782692458625, 4.394845699495546], [8.058960017769417, 4.641657647838114], [8.17413934342947, 4.782256649917415], [8.289288323000317, 4.167594032053044], [8.404248432400102, 4.318614360916692], [8.519390774959724, 4.46910064170934], [8.634620608292202, 4.518429549048721], [8.74973246437081, 4.391629415590995], [8.86488793377419, 4.121426040184121], [8.980046316633132, 4.353830473647433], [9.095153962167066, 4.155037816648582], [9.210340371976184, 4.314268921827931], [9.325453179076687, 4.32613730875812], [9.44057869576626, 4.048551041713324], [9.555701556014641, 4.106307928026265], [9.670798588378387, 4.182923252197379], [9.785941988681085, 4.103526971375348], [9.901084667919818, 4.118352651965817], [10.016235712227882, 4.2724356884331165], [10.131339999578072, 4.20605163092782], [10.246474238267561, 4.20345098815701], [10.36160835987009, 3.989785837326291], [10.476752620919227, 4.248100852869659], [10.591873415994362, 4.254465468156839], [10.707012640565683, 4.1296678945499705], [10.822135503983962, 4.049968839117352], [10.937276835160228, 4.289130551065821], [11.05239680608701, 4.284510407300702], [11.167529530327974, 3.884948576804183], [11.28265658871343, 3.978625850228856], [11.397795157716597, 4.142075111607081]],