{"exact_d1": [[11.512925464970229, 3.803616330593564]], "exact_d2": [[11.512925464970229, 7.5351101920088475]], "over": [[11.512925464970229, 13.069751109293025]], "merge_d1": [[11.512925464970229, 4.20322167578907]], "merge_d2": [[11.512925464970229, 7.241127517446902]], "argmin_dic": [[100000, 2]], "time_elapsed": 157.5341763496399}