{"exact": [[6.907755278982137, 9.49369041088126], [8.153349757998892, 9.712039726234124], [8.691146498539675, 9.518650740214156], [9.038958755220563, 9.615376290913341], [9.296518068217235, 5.875548163445193], [9.501142571764207, 9.518621124510814], [9.670924779305427, 10.132304939385525], [9.816021526754852, 9.253686169928491], [9.94270826568941, 7.232367225279861], [10.055135102145268, 7.353420196102175], [10.156189906091882, 9.58888988261986], [10.247963389017864, 9.41757070571079], [10.332017933575289, 6.931846567870673], [10.409551859200409, 9.941903200271714], [10.481504425842441, 7.2407566699258545], [10.548625513909712, 6.8107955807539895], [10.611523345589823, 6.870402499086039], [10.67069806139613, 9.731454135100485], [10.726565902688105, 9.996371926285613], [10.779476987636757, 9.2444361371023], [10.829728615263452, 6.767195604779674], [10.8775753831365, 6.592830563400242], [10.923236992778513, 9.813181632129982], [10.966904349300577, 9.823651078070919], [11.008744383922906, 7.885689977648172], [11.04890390740204, 6.692321720163288], [11.087512719052368, 9.576681942129323], [11.124686137527133, 6.892414102578684], [11.160527077798756, 10.071100264855309], [11.195127768613824, 9.28068355903443], [11.228571182611121, 6.886579687931008], [11.260932234926955, 9.850230130961235], [11.292278793854607, 9.439593667022134], [11.322672537849993, 6.6967964939619575], [11.352169686090834, 9.914454564970477], [11.38082162433689, 9.718223392763882], [11.40867544359643, 7.051138496969838], [11.435774405781814, 9.901420768452816], [11.462158347916576, 9.545083704922353], [11.487864034374857, 9.229017930301016]], "over": [[6.907755278982137, 18.19571251847438], [8.153349757998892, 18.539814754845022], [8.691146498539675, 15.980866842505062], [9.038958755220563, 14.309955053705794], [9.296518068217235, 16.32819623623415], [9.501142571764207, 13.898198998514118], [9.670924779305427, 16.686314505575343], [9.816021526754852, 15.526572040283796], [9.94270826568941, 14.649661090756139], [10.055135102145268, 16.945763310821004], [10.156189906091882, 12.614529686937516], [10.247963389017864, 12.894439207756442], [10.332017933575289, 16.43589103349848], [10.409551859200409, 16.47973883663644], [10.481504425842441, 15.851773355983344], [10.548625513909712, 11.34038143614715], [10.611523345589823, 12.199081031688618], [10.67069806139613, 18.384521100746017], [10.726565902688105, 16.12966267416599], [10.779476987636757, 11.932065867779462], [10.829728615263452, 15.928786516982733], [10.8775753831365, 15.93904422067005], [10.923236992778513, 12.676991052169438], [10.966904349300577, 13.08130994855714], [11.008744383922906, 11.458881203072554], [11.04890390740204, 17.007551798738877], [11.087512719052368, 11.07500982514362], [11.124686137527133, 12.257837095351922], [11.160527077798756, 11.256106649580262], [11.195127768613824, 17.973952785540398], [11.228571182611121, 18.540831752363204], [11.260932234926955, 18.205600273808578], [11.292278793854607, 10.271528428503455], [11.322672537849993, 16.35016343991856], [11.352169686090834, 14.842995154065054], [11.38082162433689, 15.326547797683155], [11.40867544359643, 12.133807219451535], [11.435774405781814, 13.417841705054364], [11.462158347916576, 13.896409946457876], [11.487864034374857, 14.356486276646352]], "merge": [[6.907755278982137, 11.38413751738805], [8.153349757998892, 12.509309776891193], [8.691146498539675, 10.70728786803064], [9.038958755220563, 9.66299716460409], [9.296518068217235, 10.150799678293609], [9.501142571764207, 9.443522703797626], [9.670924779305427, 9.314163802679394], [9.816021526754852, 9.608023425095949], [9.94270826568941, 9.523302692559982], [10.055135102145268, 9.678327824769758], [10.156189906091882, 8.250210864288622], [10.247963389017864, 7.5999023813931945], [10.332017933575289, 10.286476226023064], [10.409551859200409, 8.893820053232323], [10.481504425842441, 9.115984101810925], [10.548625513909712, 7.6318238664827645], [10.611523345589823, 7.2832774699074605], [10.67069806139613, 12.072937522849498], [10.726565902688105, 9.925998166623621], [10.779476987636757, 8.62059493425125], [10.829728615263452, 10.461090921795618], [10.8775753831365, 9.542468074865381], [10.923236992778513, 8.474075947598143], [10.966904349300577, 8.29104163801041], [11.008744383922906, 7.579876650844738], [11.04890390740204, 9.970488160535993], [11.087512719052368, 6.534800743574378], [11.124686137527133, 6.398966477537254], [11.160527077798756, 7.000616449151053], [11.195127768613824, 11.833362127752645], [11.228571182611121, 12.178230025659785], [11.260932234926955, 11.994547382110664], [11.292278793854607, 7.054407836914613], [11.322672537849993, 10.13071612007891], [11.352169686090834, 9.787143417927041], [11.38082162433689, 9.642267312379264], [11.40867544359643, 8.63599073321402], [11.435774405781814, 9.1961342717475], [11.462158347916576, 8.736104280148497], [11.487864034374857, 9.03332194775962]], "argmin_dic": [[1000, 2], [3475, 3], [5950, 2], [8425, 3], [10900, 3], [13375, 3], [15850, 2], [18325, 3], [20800, 3], [23275, 3], [25750, 2], [28225, 3], [30700, 3], [33175, 2], [35650, 3], [38125, 3], [40600, 2], [43075, 3], [45550, 3], [48025, 2], [50500, 2], [52975, 3], [55450, 2], [57925, 3], [60400, 2], [62875, 3], [65350, 3], [67825, 3], [70300, 3], [72775, 3], [75250, 3], [77725, 3], [80200, 3], [82675, 3], [85150, 3], [87625, 3], [90100, 2], [92575, 3], [95050, 2], [97525, 3]], "time_elapsed": 2885.8440186977386}