{"exact_d1": [[11.512925464970229, 3.720760232534759]], "exact_d2": [[11.512925464970229, 6.550734729561583]], "over": [[11.512925464970229, 8.77637861924133]], "merge_d1": [[11.512925464970229, 4.343350050279929]], "merge_d2": [[11.512925464970229, 6.246713862620825]], "argmin_dic": [[100000, 2]], "time_elapsed": 197.48222661018372}