{"exact_d1": [[11.512925464970229, 3.8771411523587416]], "exact_d2": [[11.512925464970229, 7.025766593777619]], "over": [[11.512925464970229, 9.276164562938007]], "merge_d1": [[11.512925464970229, 4.367464481629188]], "merge_d2": [[11.512925464970229, 6.993432288439054]], "argmin_dic": [[100000, 2]], "time_elapsed": 274.4306516647339}