{"exact_d1": [[6.906754778648554, 3.9391676133282303], [7.022868086082641, 4.052681163508706], [7.1372784372603855, 4.025821222308555], [7.252762418053187, 3.523981956988492], [7.367708572374371, 3.692771373537532], [7.48324441607385, 3.527133553630785], [7.598399329323964, 3.668857547347674], [7.71333788887187, 3.6175440596126704], [7.828436359157585, 4.047255083543162], [7.943782692458625, 4.278935828740835], [8.058960017769417, 4.2360026595918185], [8.17413934342947, 3.6780388289001267], [8.289288323000317, 3.73479953353806], [8.404248432400102, 3.976320274072169], [8.519390774959724, 3.572414090630449], [8.634620608292202, 3.8099688309164037], [8.74973246437081, 3.787586846085478], [8.86488793377419, 3.5243315679604055], [8.980046316633132, 3.601919896196832], [9.095153962167066, 3.5842074075204517], [9.210340371976184, 3.480694591192663], [9.325453179076687, 3.8385187295057106], [9.44057869576626, 3.6527754655303957], [9.555701556014641, 3.804508887320657], [9.670798588378387, 3.7771021889589274], [9.785941988681085, 3.8363073836356882], [9.901084667919818, 3.7688071181474467], [10.016235712227882, 3.9520508967046375], [10.131339999578072, 3.780833276256462], [10.246474238267561, 3.63620611648817], [10.36160835987009, 3.7423932423970974], [10.476752620919227, 3.8270815639090427], [10.591873415994362, 3.7854706583446687], [10.707012640565683, 3.669592712655509], [10.822135503983962, 3.4221177606749817], [10.937276835160228, 3.654047683945162], [11.05239680608701, 3.876213953357287], [11.167529530327974, 3.485431970790014], [11.28265658871343, 3.732853973027042], [11.397795157716597, 3.873931090108787]], "exact_d2": [[6.906754778648554, 9.186256832535843], [7.022868086082641, 10.291184440356703], [7.1372784372603855, 6.434910591187129], [7.252762418053187, 9.816174759828497], [7.367708572374371, 7.434000298632819], [7.48324441607385, 9.49592412117451], [7.598399329323964, 10.643378385870278], [7.71333788887187, 10.999813020455475], [7.828436359157585, 11.339108606360666], [7.943782692458625, 12.148399279080838], [8.058960017769417, 9.472846473075684], [8.17413934342947, 10.875060549247856], [8.289288323000317, 8.052793502447681], [8.404248432400102, 8.675389859338543], [8.519390774959724, 5.275220667119403], [8.634620608292202, 6.769830429113411], [8.74973246437081, 8.34497507156692], [8.86488793377419, 5.3185384449753474], [8.980046316633132, 8.750417394948672], [9.095153962167066, 11.347307901866053], [9.210340371976184, 8.764277761918429], [9.325453179076687, 7.839847443038432], [9.44057869576626, 5.6584703971317], [9.555701556014641, 7.375429442751212], [9.670798588378387, 6.72765313449503], [9.785941988681085, 6.8915276859700985], [9.901084667919818, 10.24212448208569], [10.016235712227882, 7.3618152046258665], [10.131339999578072, 6.556278713863528], [10.246474238267561, 4.873505096773952], [10.36160835987009, 6.948132551847432], [10.476752620919227, 6.422621353161362], [10.591873415994362, 7.1723892855332485], [10.707012640565683, 5.315164457699443], [10.822135503983962, 9.020506230356512], [10.937276835160228, 5.466148344729026], [11.05239680608701, 7.146968399884632], [11.167529530327974, 9.410109199155627], [11.28265658871343, 5.628824303206205], [11.397795157716597, 6.644549458397519]], "over": [[6.906754778648554, 31.855622346528918], [7.022868086082641, 24.695281041651587], [7.1372784372603855, 29.45413265808443], [7.252762418053187, 26.700010513913362], [7.367708572374371, 21.509461160969884], [7.48324441607385, 38.355857965832776], [7.598399329323964, 21.21186591095939], [7.71333788887187, 14.991231985603022], [7.828436359157585, 28.777065603302912], [7.943782692458625, 26.675528445900067], [8.058960017769417, 19.65579634944822], [8.17413934342947, 15.331282441306083], [8.289288323000317, 21.60297711254348], [8.404248432400102, 19.80199169477343], [8.519390774959724, 15.333468036599596], [8.634620608292202, 15.375389110957721], [8.74973246437081, 18.075121960383974], [8.86488793377419, 9.471888972212223], [8.980046316633132, 9.509865463588532], [9.095153962167066, 12.644609362932625], [9.210340371976184, 12.439119977143742], [9.325453179076687, 18.309217978788094], [9.44057869576626, 7.349120794546126], [9.555701556014641, 17.33540705578623], [9.670798588378387, 11.134841115766811], [9.785941988681085, 13.02119036614549], [9.901084667919818, 10.45463515365197], [10.016235712227882, 10.84198070729795], [10.131339999578072, 16.70207669077358], [10.246474238267561, 12.029258089075388], [10.36160835987009, 11.333580893058388], [10.476752620919227, 11.82122044610586], [10.591873415994362, 9.413313360550445], [10.707012640565683, 16.536020719728494], [10.822135503983962, 9.964215712829937], [10.937276835160228, 11.933012028742553], [11.05239680608701, 8.328343648247076], [11.167529530327974, 11.28321398842169], [11.28265658871343, 9.384474862113771], [11.397795157716597, 15.584768697588]], "merge_d1": [[6.906754778648554, 6.356133696252503], [7.022868086082641, 4.718583046562418], [7.1372784372603855, 4.942755360825567], [7.252762418053187, 4.699677557811695], [7.367708572374371, 5.1295714993255785], [7.48324441607385, 6.052993209883389], [7.598399329323964, 4.62810083846837], [7.71333788887187, 4.110059999822333], [7.828436359157585, 5.151953122518698], [7.943782692458625, 4.883354509487691], [8.058960017769417, 4.535762696513529], [8.17413934342947, 4.04588490444388], [8.289288323000317, 4.615708590026938], [8.404248432400102, 4.300403162895273], [8.519390774959724, 4.578343587545131], [8.634620608292202, 4.068787761215911], [8.74973246437081, 4.0372529034336315], [8.86488793377419, 4.17768267703608], [8.980046316633132, 4.280413018735457], [9.095153962167066, 4.443158171386795], [9.210340371976184, 3.876243092783629], [9.325453179076687, 4.048461759690373], [9.44057869576626, 3.951901178598305], [9.555701556014641, 4.119651719938556], [9.670798588378387, 4.409506562521603], [9.785941988681085, 3.958525715904405], [9.901084667919818, 4.157182034450965], [10.016235712227882, 4.068955726381521], [10.131339999578072, 4.316881168418279], [10.246474238267561, 3.947777137158531], [10.36160835987009, 4.196561711837984], [10.476752620919227, 4.366343030102705], [10.591873415994362, 4.055715788936997], [10.707012640565683, 3.991146196857447], [10.822135503983962, 4.39698724974565], [10.937276835160228, 4.300456675187815], [11.05239680608701, 4.1608955173765745], [11.167529530327974, 4.039196453405412], [11.28265658871343, 3.996069418791633], [11.397795157716597, 4.350771752667336]],