{"exact_d1": [[11.512925464970229, 3.759396601924636]], "exact_d2": [[11.512925464970229, 6.880324779288002]], "over": [[11.512925464970229, 10.854908412491898]], "merge_d1": [[11.512925464970229, 4.212638182318686]], "merge_d2": [[11.512925464970229, 6.915260112383575]], "argmin_dic": [[100000, 2]], "time_elapsed": 259.6841251850128}