{"exact_d1": [[6.906754778648554, 3.8242069848504596], [7.022868086082641, 3.6829452541615266], [7.1372784372603855, 3.823917209764283], [7.252762418053187, 3.5045515884130825], [7.367708572374371, 4.261409808941796], [7.48324441607385, 4.107322128108608], [7.598399329323964, 3.5191778142942622], [7.71333788887187, 3.5495563343602057], [7.828436359157585, 3.7863921582457802], [7.943782692458625, 4.026069090031257], [8.058960017769417, 4.014821754505163], [8.17413934342947, 3.773504621970229], [8.289288323000317, 4.008685419314085], [8.404248432400102, 3.733899006234768], [8.519390774959724, 3.2704608497495413], [8.634620608292202, 3.7927630379750172], [8.74973246437081, 3.7327195942908564], [8.86488793377419, 3.8767932435792107], [8.980046316633132, 3.9136003629337273], [9.095153962167066, 3.60238228159471], [9.210340371976184, 3.5712365919596785], [9.325453179076687, 3.922443734133837], [9.44057869576626, 3.427623316992774], [9.555701556014641, 3.6714599601782116], [9.670798588378387, 3.6917291316747147], [9.785941988681085, 3.4900637595090616], [9.901084667919818, 3.6380882478662073], [10.016235712227882, 4.041451604862914], [10.131339999578072, 3.59079221710776], [10.246474238267561, 3.935670988975204], [10.36160835987009, 3.783116745405293], [10.476752620919227, 3.6682921653559397], [10.591873415994362, 3.586898958184823], [10.707012640565683, 3.8764703288204956], [10.822135503983962, 3.648206147212061], [10.937276835160228, 3.9258772206372163], [11.05239680608701, 3.4602299749815146], [11.167529530327974, 3.893694544195209], [11.28265658871343, 3.6726248703895457], [11.397795157716597, 3.4205848214498125]], "exact_d2": [[6.906754778648554, 16.072008426198764], [7.022868086082641, 14.822596322548426], [7.1372784372603855, 7.6625000717661385], [7.252762418053187, 8.700117005719425], [7.367708572374371, 8.956550159558041], [7.48324441607385, 8.665404563354988], [7.598399329323964, 7.273146565238858], [7.71333788887187, 9.262011935436124], [7.828436359157585, 9.054940020419949], [7.943782692458625, 6.799360776626768], [8.058960017769417, 14.498788186171803], [8.17413934342947, 9.031992325155203], [8.289288323000317, 7.24287403329902], [8.404248432400102, 11.70906738417322], [8.519390774959724, 7.765464403273223], [8.634620608292202, 6.15959920711534], [8.74973246437081, 7.010839847830122], [8.86488793377419, 7.167251846520326], [8.980046316633132, 8.837962041802975], [9.095153962167066, 10.29400271862672], [9.210340371976184, 4.730009351362378], [9.325453179076687, 7.0794826337951475], [9.44057869576626, 9.302474891260884], [9.555701556014641, 5.805838441727452], [9.670798588378387, 5.655613107962224], [9.785941988681085, 9.046640079300257], [9.901084667919818, 9.019085328934779], [10.016235712227882, 10.610536203396704], [10.131339999578072, 5.999205956153799], [10.246474238267561, 8.20745098920759], [10.36160835987009, 5.926955048824301], [10.476752620919227, 9.973848989367214], [10.591873415994362, 5.131308532346284], [10.707012640565683, 8.118833798502079], [10.822135503983962, 5.337082114368447], [10.937276835160228, 7.021407148108159], [11.05239680608701, 8.99364471280271], [11.167529530327974, 7.373586446560003], [11.28265658871343, 10.165377515928853], [11.397795157716597, 8.519401599370324]], "over": [[6.906754778648554, 36.77324836695756], [7.022868086082641, 19.69071947644768], [7.1372784372603855, 36.39705437820169], [7.252762418053187, 28.730308958626964], [7.367708572374371, 27.36229004526875], [7.48324441607385, 18.380992809660302], [7.598399329323964, 14.759249981520087], [7.71333788887187, 25.308051996849905], [7.828436359157585, 13.903094501134374], [7.943782692458625, 16.086631155493077], [8.058960017769417, 19.212626483639962], [8.17413934342947, 36.10336889120762], [8.289288323000317, 23.49070595104076], [8.404248432400102, 23.72686098715983], [8.519390774959724, 13.473820417979786], [8.634620608292202, 9.551122745640866], [8.74973246437081, 16.643502133159203], [8.86488793377419, 10.58222350177786], [8.980046316633132, 16.225746313460924], [9.095153962167066, 9.068487528970898], [9.210340371976184, 11.417882305583802], [9.325453179076687, 12.969968825734043], [9.44057869576626, 10.4586645732693], [9.555701556014641, 14.668502861567717], [9.670798588378387, 8.552944239963438], [9.785941988681085, 15.944255781768778], [9.901084667919818, 11.492960303307292], [10.016235712227882, 10.150389225147485], [10.131339999578072, 12.222190882397843], [10.246474238267561, 11.038288891702134], [10.36160835987009, 8.199457000284411], [10.476752620919227, 9.298536514608868], [10.591873415994362, 10.106706875963088], [10.707012640565683, 12.65197488880602], [10.822135503983962, 11.892785437765822], [10.937276835160228, 10.4329503931705], [11.05239680608701, 14.661511278055375], [11.167529530327974, 11.871945272370343], [11.28265658871343, 10.71607236202258], [11.397795157716597, 8.40504374649303]], "merge_d1": [[6.906754778648554, 5.049616556185693], [7.022868086082641, 4.973484692718658], [7.1372784372603855, 5.85401816053194], [7.252762418053187, 4.986277171018488], [7.367708572374371, 4.820216238826002], [7.48324441607385, 4.829520189844147], [7.598399329323964, 4.091993835083165], [7.71333788887187, 3.7100468904362804], [7.828436359157585, 4.280989244899315], [7.943782692458625, 4.198123184811797], [8.058960017769417, 4.395308157559764], [8.17413934342947, 4.599149551755304], [8.289288323000317, 4.179356603389347], [8.404248432400102, 4.819068040288269], [8.519390774959724, 4.456273597869644], [8.634620608292202, 4.322508180333532], [8.74973246437081, 4.480419021298018], [8.86488793377419, 4.1244499787089515], [8.980046316633132, 4.3525297430988585], [9.095153962167066, 4.247468321682106], [9.210340371976184, 4.432929509800253], [9.325453179076687, 4.461542525717877], [9.44057869576626, 4.2919666680823], [9.555701556014641, 4.1945636560695485], [9.670798588378387, 4.200535986537418], [9.785941988681085, 4.085521120058007], [9.901084667919818, 4.225680780775544], [10.016235712227882, 4.278632375055099], [10.131339999578072, 4.127574981352632], [10.246474238267561, 4.163156061120969], [10.36160835987009, 4.215178675839484], [10.476752620919227, 4.164590213820919], [10.591873415994362, 3.9567871840852713], [10.707012640565683, 4.293349302968697], [10.822135503983962, 4.085639731864696], [10.937276835160228, 4.228823234121518], [11.05239680608701, 3.958155853301081], [11.167529530327974, 4.237234696482548], [11.28265658871343, 4.332024053218173], [11.397795157716597, 4.238703526548028]],