{"exact_d1": [[11.512925464970229, 3.817041021335475]], "exact_d2": [[11.512925464970229, 7.039396958939419]], "over": [[11.512925464970229, 9.689717812952205]], "merge_d1": [[11.512925464970229, 4.155328312225718]], "merge_d2": [[11.512925464970229, 6.354504087771788]], "argmin_dic": [[100000, 2]], "time_elapsed": 194.96267199516296}