{"exact_d1": [[11.512925464970229, 3.823793434683346]], "exact_d2": [[11.512925464970229, 7.357943586624525]], "over": [[11.512925464970229, 11.956153517529104]], "merge_d1": [[11.512925464970229, 4.23214630354845]], "merge_d2": [[11.512925464970229, 6.476566010931444]], "argmin_dic": [[100000, 2]], "time_elapsed": 415.535382270813}