{"exact": [[6.907755278982137, 9.419584523800946], [8.153349757998892, 5.823426280676868], [8.691146498539675, 10.185709017167623], [9.038958755220563, 8.95024543008398], [9.296518068217235, 6.958530660546144], [9.501142571764207, 9.105744768989865], [9.670924779305427, 9.498335765045477], [9.816021526754852, 10.07035276685169], [9.94270826568941, 9.093279827804473], [10.055135102145268, 6.677045193016205], [10.156189906091882, 6.941114472422161], [10.247963389017864, 9.371982912334992], [10.332017933575289, 6.473937732086028], [10.409551859200409, 9.342995843123596], [10.481504425842441, 9.3883901532055], [10.548625513909712, 9.52964631963153], [10.611523345589823, 9.629170225576317], [10.67069806139613, 10.091469454508141], [10.726565902688105, 6.811723008606824], [10.779476987636757, 6.705547787140059], [10.829728615263452, 9.459611184592465], [10.8775753831365, 6.59415040771463], [10.923236992778513, 7.239306053369499], [10.966904349300577, 9.87898932579503], [11.008744383922906, 6.765100413399463], [11.04890390740204, 10.074163927079859], [11.087512719052368, 9.709404098245264], [11.124686137527133, 6.859299662462646], [11.160527077798756, 9.795303745277206], [11.195127768613824, 9.332599030145404], [11.228571182611121, 9.388493421733562], [11.260932234926955, 9.30518026029831], [11.292278793854607, 6.971073030169497], [11.322672537849993, 9.87544998627884], [11.352169686090834, 6.793223843907611], [11.38082162433689, 6.665102639072182], [11.40867544359643, 9.393947866123009], [11.435774405781814, 9.705698319622705], [11.462158347916576, 7.055400909978568], [11.487864034374857, 7.387831318002045]], "over": [[6.907755278982137, 21.511063751642343], [8.153349757998892, 11.190142294582172], [8.691146498539675, 11.32379200534729], [9.038958755220563, 16.55171741437211], [9.296518068217235, 16.236988746712935], [9.501142571764207, 17.71402255182717], [9.670924779305427, 18.966802310637735], [9.816021526754852, 13.558026209958085], [9.94270826568941, 15.387613757820137], [10.055135102145268, 11.461182973831871], [10.156189906091882, 11.829234774447007], [10.247963389017864, 15.409191912851535], [10.332017933575289, 16.885699561887687], [10.409551859200409, 11.671465443831018], [10.481504425842441, 14.933132106596918], [10.548625513909712, 11.00231555970632], [10.611523345589823, 17.383981750501324], [10.67069806139613, 17.09470640400052], [10.726565902688105, 14.092059234776258], [10.779476987636757, 15.892750241833406], [10.829728615263452, 16.581079584425567], [10.8775753831365, 16.12293164449114], [10.923236992778513, 17.807444929797423], [10.966904349300577, 17.778828431428277], [11.008744383922906, 15.404676897949573], [11.04890390740204, 14.547091337931194], [11.087512719052368, 16.628144634486816], [11.124686137527133, 17.686028661409225], [11.160527077798756, 11.600165739051032], [11.195127768613824, 16.646786803512416], [11.228571182611121, 10.525363842933396], [11.260932234926955, 10.812669687241117], [11.292278793854607, 13.04248530645407], [11.322672537849993, 17.21928743746519], [11.352169686090834, 16.169052136850034], [11.38082162433689, 18.5473832329522], [11.40867544359643, 11.332514900702662], [11.435774405781814, 11.422077906920089], [11.462158347916576, 16.96885406647939], [11.487864034374857, 17.464355174005654]], "merge": [[6.907755278982137, 12.14274879802352], [8.153349757998892, 7.194482518948581], [8.691146498539675, 7.740690431890515], [9.038958755220563, 9.326029320683936], [9.296518068217235, 10.401685369984076], [9.501142571764207, 10.454647871392659], [9.670924779305427, 11.265917677410057], [9.816021526754852, 9.110458678110989], [9.94270826568941, 9.79617494518111], [10.055135102145268, 5.900454122622234], [10.156189906091882, 7.0412867150577725], [10.247963389017864, 9.110753016495565], [10.332017933575289, 10.169534261621898], [10.409551859200409, 7.700114001526627], [10.481504425842441, 9.572932524010023], [10.548625513909712, 6.791426970513059], [10.611523345589823, 10.536246163876479], [10.67069806139613, 10.629314108762369], [10.726565902688105, 8.491521845787945], [10.779476987636757, 10.078023181151764], [10.829728615263452, 10.881723143301562], [10.8775753831365, 9.391558679457313], [10.923236992778513, 10.08710118603962], [10.966904349300577, 10.348517649677985], [11.008744383922906, 10.001880294308787], [11.04890390740204, 9.27867903967099], [11.087512719052368, 9.620152014659677], [11.124686137527133, 9.84298844844591], [11.160527077798756, 7.0231323031532895], [11.195127768613824, 10.976864741599048], [11.228571182611121, 6.686261858189545], [11.260932234926955, 7.566243131775299], [11.292278793854607, 7.683356813996656], [11.322672537849993, 10.230617073532693], [11.352169686090834, 10.67383558779213], [11.38082162433689, 11.275130325751462], [11.40867544359643, 7.56385862938292], [11.435774405781814, 6.919099010511952], [11.462158347916576, 9.419723540334703], [11.487864034374857, 9.910424577380038]], "argmin_dic": [[1000, 2], [3475, 2], [5950, 3], [8425, 3], [10900, 3], [13375, 3], [15850, 3], [18325, 3], [20800, 3], [23275, 2], [25750, 3], [28225, 3], [30700, 3], [33175, 3], [35650, 3], [38125, 3], [40600, 3], [43075, 3], [45550, 3], [48025, 3], [50500, 3], [52975, 3], [55450, 3], [57925, 3], [60400, 2], [62875, 3], [65350, 3], [67825, 3], [70300, 3], [72775, 3], [75250, 3], [77725, 3], [80200, 3], [82675, 2], [85150, 3], [87625, 2], [90100, 3], [92575, 3], [95050, 3], [97525, 3]], "time_elapsed": 2495.9848515987396}