{"exact_d1": [[6.907755278982137, 4.672929421048757], [8.153349757998892, 3.6629449494225343], [8.691146498539675, 3.9247113933226423], [9.038958755220563, 3.7723805383538633], [9.296518068217235, 3.7556842623807194], [9.501142571764207, 3.685670414288565], [9.670924779305427, 3.7346790589309227], [9.816021526754852, 3.8030500351730248], [9.94270826568941, 3.650505246142531], [10.055135102145268, 3.7080992505061126], [10.156189906091882, 3.735226098709971], [10.247963389017864, 3.773821027588885], [10.332017933575289, 3.797985159097827], [10.409551859200409, 3.755296015806059], [10.481504425842441, 3.7811781446115194], [10.548625513909712, 3.7806492668663902], [10.611523345589823, 3.7165004721862216], [10.67069806139613, 3.820557958631822], [10.726565902688105, 3.698969247883708], [10.779476987636757, 3.7356803539301997], [10.829728615263452, 3.7332083769000035], [10.8775753831365, 3.7931660112363654], [10.923236992778513, 3.7258640701568857], [10.966904349300577, 3.8200099228268813], [11.008744383922906, 3.73178740333822], [11.04890390740204, 3.7391136814316095], [11.087512719052368, 3.7541847046576606], [11.124686137527133, 3.758404750464349], [11.160527077798756, 3.7023697345717674], [11.195127768613824, 3.7739587708552174], [11.228571182611121, 3.7398817725621583], [11.260932234926955, 3.7760070030366832], [11.292278793854607, 3.745434087332149], [11.322672537849993, 3.771444027459035], [11.352169686090834, 3.7651790912585796], [11.38082162433689, 3.7647993582383785], [11.40867544359643, 3.7707010065808224], [11.435774405781814, 3.8050250046558154], [11.462158347916576, 3.7392376944261527], [11.487864034374857, 3.683366612469208]], "exact_d2": [[6.907755278982137, 12.641608151694154], [8.153349757998892, 6.361680625483647], [8.691146498539675, 7.107907548184043], [9.038958755220563, 7.442841115837107], [9.296518068217235, 6.160853499116418], [9.501142571764207, 6.090641254501612], [9.670924779305427, 6.5431551984083915], [9.816021526754852, 7.372627319612736], [9.94270826568941, 6.96002154257188], [10.055135102145268, 6.440591245202754], [10.156189906091882, 7.5451242698551875], [10.247963389017864, 7.0256140983193855], [10.332017933575289, 6.792765449569776], [10.409551859200409, 7.079759206255776], [10.481504425842441, 7.08982485220817], [10.548625513909712, 6.904216388047071], [10.611523345589823, 7.159730085537782], [10.67069806139613, 6.831485328869272], [10.726565902688105, 7.164701512768613], [10.779476987636757, 7.4778091354202525], [10.829728615263452, 6.957874535660028], [10.8775753831365, 6.648066474247386], [10.923236992778513, 7.093261515284018], [10.966904349300577, 6.534756895894026], [11.008744383922906, 6.885000472813904], [11.04890390740204, 7.038994724305478], [11.087512719052368, 7.146986535813287], [11.124686137527133, 7.0004758530921505], [11.160527077798756, 7.116085093201444], [11.195127768613824, 6.99341898864017], [11.228571182611121, 6.698946237784359], [11.260932234926955, 6.940677390127822], [11.292278793854607, 6.996681213531513], [11.322672537849993, 7.024314031819966], [11.352169686090834, 6.714426735401946], [11.38082162433689, 7.24006623838944], [11.40867544359643, 7.3163418969843725], [11.435774405781814, 7.098318195977461], [11.462158347916576, 6.76386977143368], [11.487864034374857, 7.283059447919443]], "over": [[6.907755278982137, 23.53471904385015], [8.153349757998892, 19.06806852378924], [8.691146498539675, 11.78468019914937], [9.038958755220563, 17.83511035313522], [9.296518068217235, 11.094170247046968], [9.501142571764207, 9.112973014602176], [9.670924779305427, 12.926988103820568], [9.816021526754852, 11.565368987442879], [9.94270826568941, 11.752159109733128], [10.055135102145268, 12.529382939812782], [10.156189906091882, 13.23588006603927], [10.247963389017864, 9.963365363674576], [10.332017933575289, 11.449331965085316], [10.409551859200409, 12.118140958637573], [10.481504425842441, 10.708003872226836], [10.548625513909712, 11.509509320367718], [10.611523345589823, 11.687483548521318], [10.67069806139613, 10.383921030787212], [10.726565902688105, 10.439744250656588], [10.779476987636757, 13.055008831245994], [10.829728615263452, 10.55046081696619], [10.8775753831365, 9.935520271847277], [10.923236992778513, 12.21731061109921], [10.966904349300577, 10.349290916589988], [11.008744383922906, 9.921506294859562], [11.04890390740204, 10.921959322912555], [11.087512719052368, 11.133885711343494], [11.124686137527133, 11.099970975403735], [11.160527077798756, 10.886499539009884], [11.195127768613824, 10.565117174875677], [11.228571182611121, 10.515614160563624], [11.260932234926955, 10.77245586493991], [11.292278793854607, 10.895866511219133], [11.322672537849993, 10.763651003972011], [11.352169686090834, 10.234964899161504], [11.38082162433689, 12.516286725061766], [11.40867544359643, 10.752042434685588], [11.435774405781814, 11.958840959599751], [11.462158347916576, 10.306652582501675], [11.487864034374857, 12.284805208756541]], "merge_d1": [[6.907755278982137, 5.094192739562035], [8.153349757998892, 4.2135938108964], [8.691146498539675, 4.011268100196915], [9.038958755220563, 3.7655725164734064], [9.296518068217235, 4.433973893298402], [9.501142571764207, 3.7551805091684485], [9.670924779305427, 3.7823036975783206], [9.816021526754852, 4.419359937782059], [9.94270826568941, 4.366711481444967], [10.055135102145268, 4.455157905740123], [10.156189906091882, 3.7959397724434467], [10.247963389017864, 4.378781833782682], [10.332017933575289, 3.8954992237065795], [10.409551859200409, 3.822735316361346], [10.481504425842441, 4.5330482979844335], [10.548625513909712, 4.43079194421789], [10.611523345589823, 4.317881840241941], [10.67069806139613, 3.9277379067981135], [10.726565902688105, 4.401441180426826], [10.779476987636757, 3.8078481704340224], [10.829728615263452, 3.821990378556266], [10.8775753831365, 3.8873222732840653], [10.923236992778513, 3.7937439407284916], [10.966904349300577, 3.890405248881024], [11.008744383922906, 4.469775211553402], [11.04890390740204, 3.828504283440792], [11.087512719052368, 4.355821705306893], [11.124686137527133, 4.337795451188546], [11.160527077798756, 4.41460727713504], [11.195127768613824, 4.500845852895105], [11.228571182611121, 3.8469316450786253], [11.260932234926955, 4.445598692389917], [11.292278793854607, 4.448763162513966], [11.322672537849993, 4.457274434112807], [11.352169686090834, 3.8625439117235874], [11.38082162433689, 3.838334339962487], [11.40867544359643, 4.473238630151538], [11.435774405781814, 3.8779331302870648], [11.462158347916576, 3.833745639651938], [11.487864034374857, 4.347062170726795]],