{"exact_d1": [[11.512925464970229, 3.933651496216171]], "exact_d2": [[11.512925464970229, 7.36688899951754]], "over": [[11.512925464970229, 9.361507691740393]], "merge_d1": [[11.512925464970229, 4.26257229174346]], "merge_d2": [[11.512925464970229, 6.237424546512702]], "argmin_dic": [[100000, 2]], "time_elapsed": 245.32136845588684}