{"exact_d1": [[11.512925464970229, 3.7855172017047374]], "exact_d2": [[11.512925464970229, 6.274524775472333]], "over": [[11.512925464970229, 11.015126950588792]], "merge_d1": [[11.512925464970229, 4.201033184910179]], "merge_d2": [[11.512925464970229, 6.609561986927671]], "argmin_dic": [[100000, 2]], "time_elapsed": 264.4671597480774}