{"exact_d1": [[11.512925464970229, 3.938177817205425]], "exact_d2": [[11.512925464970229, 6.6733240496727495]], "over": [[11.512925464970229, 14.1828727526214]], "merge_d1": [[11.512925464970229, 4.302124164657162]], "merge_d2": [[11.512925464970229, 8.189542586509202]], "argmin_dic": [[100000, 2]], "time_elapsed": 393.5874078273773}