{"exact_d1": [[11.512925464970229, 3.9242415540799507]], "exact_d2": [[11.512925464970229, 7.280664981586452]], "over": [[11.512925464970229, 10.45755620726489]], "merge_d1": [[11.512925464970229, 4.218528229261144]], "merge_d2": [[11.512925464970229, 6.977439969411213]], "argmin_dic": [[100000, 2]], "time_elapsed": 283.31292819976807}