{"exact": [[6.907755278982137, 9.427010075409465], [8.153349757998892, 9.501656546937348], [8.691146498539675, 9.930073413222008], [9.038958755220563, 9.04763746714419], [9.296518068217235, 9.708608873182879], [9.501142571764207, 9.351530857862654], [9.670924779305427, 7.148949246061932], [9.816021526754852, 8.01218907507824], [9.94270826568941, 9.761852701071401], [10.055135102145268, 9.127038459627169], [10.156189906091882, 10.053705683674634], [10.247963389017864, 6.722646000546872], [10.332017933575289, 7.041808964233451], [10.409551859200409, 9.857316419141902], [10.481504425842441, 7.04818264261675], [10.548625513909712, 7.040935031897976], [10.611523345589823, 9.207073553661173], [10.67069806139613, 9.48027458281834], [10.726565902688105, 6.586363911912879], [10.779476987636757, 6.8890182148211005], [10.829728615263452, 6.821150933562822], [10.8775753831365, 6.635545696004273], [10.923236992778513, 7.072937940431974], [10.966904349300577, 9.450225217342446], [11.008744383922906, 6.732096657976342], [11.04890390740204, 9.688866688979823], [11.087512719052368, 9.36029235234337], [11.124686137527133, 6.8614276357453114], [11.160527077798756, 9.762013158874858], [11.195127768613824, 7.255784664844237], [11.228571182611121, 9.753684159291318], [11.260932234926955, 9.257804856923014], [11.292278793854607, 9.928407224647946], [11.322672537849993, 9.312779748662654], [11.352169686090834, 9.733335317572863], [11.38082162433689, 6.681183211517572], [11.40867544359643, 10.088912569927968], [11.435774405781814, 7.210518097687763], [11.462158347916576, 9.837139731756073], [11.487864034374857, 7.010048642969357]], "over": [[6.907755278982137, 30.45880401733337], [8.153349757998892, 13.88598451936877], [8.691146498539675, 16.51826007793425], [9.038958755220563, 16.39410358864221], [9.296518068217235, 14.286902074323402], [9.501142571764207, 16.80194842711111], [9.670924779305427, 16.738406893400693], [9.816021526754852, 21.24305072605788], [9.94270826568941, 11.927077761521266], [10.055135102145268, 18.252619420366543], [10.156189906091882, 17.44704811941186], [10.247963389017864, 16.731776349723464], [10.332017933575289, 16.761073485258564], [10.409551859200409, 11.067884484083521], [10.481504425842441, 15.334594204092001], [10.548625513909712, 16.915699443028572], [10.611523345589823, 15.621005272498484], [10.67069806139613, 16.188374304504013], [10.726565902688105, 16.132500720277346], [10.779476987636757, 17.4474688275858], [10.829728615263452, 16.344559034031192], [10.8775753831365, 15.824419755690297], [10.923236992778513, 16.882021414606047], [10.966904349300577, 17.171177267791922], [11.008744383922906, 10.099014382888855], [11.04890390740204, 17.89564802413046], [11.087512719052368, 16.92478063159916], [11.124686137527133, 18.138094091098445], [11.160527077798756, 11.745653457289604], [11.195127768613824, 10.51056345485333], [11.228571182611121, 17.72545782761851], [11.260932234926955, 10.615383444225014], [11.292278793854607, 16.110063330390446], [11.322672537849993, 10.047398963595057], [11.352169686090834, 16.572611324522097], [11.38082162433689, 10.185510278184365], [11.40867544359643, 16.572684803013306], [11.435774405781814, 11.623087890222267], [11.462158347916576, 15.26054599660383], [11.487864034374857, 15.284181996362692]], "merge": [[6.907755278982137, 14.71376393360282], [8.153349757998892, 9.121255962807805], [8.691146498539675, 9.829863640051203], [9.038958755220563, 10.819054012031762], [9.296518068217235, 8.182201972059573], [9.501142571764207, 9.400598640450811], [9.670924779305427, 10.963531823023082], [9.816021526754852, 11.610281143630226], [9.94270826568941, 7.025813035729208], [10.055135102145268, 10.063200650300624], [10.156189906091882, 10.362065853365884], [10.247963389017864, 9.793779747830042], [10.332017933575289, 10.412515609483004], [10.409551859200409, 7.421178659334035], [10.481504425842441, 9.876422823642224], [10.548625513909712, 10.251703805106583], [10.611523345589823, 9.7902993606674], [10.67069806139613, 10.147790256374627], [10.726565902688105, 10.091210066768221], [10.779476987636757, 9.293615060983216], [10.829728615263452, 9.479037844395332], [10.8775753831365, 9.321145588174268], [10.923236992778513, 11.092325928918328], [10.966904349300577, 10.007423488659295], [11.008744383922906, 6.680771431222419], [11.04890390740204, 10.274797882802991], [11.087512719052368, 11.146090320882827], [11.124686137527133, 9.53745424034021], [11.160527077798756, 7.037400579983187], [11.195127768613824, 7.338095617545165], [11.228571182611121, 9.847706885892398], [11.260932234926955, 6.955476068411114], [11.292278793854607, 9.279236701650396], [11.322672537849993, 7.153273784554717], [11.352169686090834, 10.951094581960355], [11.38082162433689, 7.550898110973723], [11.40867544359643, 10.318155665842776], [11.435774405781814, 7.139532974609833], [11.462158347916576, 9.728396183216296], [11.487864034374857, 9.759925506362089]], "argmin_dic": [[1000, 2], [3475, 2], [5950, 2], [8425, 3], [10900, 2], [13375, 3], [15850, 2], [18325, 2], [20800, 3], [23275, 3], [25750, 3], [28225, 3], [30700, 3], [33175, 2], [35650, 3], [38125, 3], [40600, 3], [43075, 3], [45550, 3], [48025, 3], [50500, 3], [52975, 3], [55450, 3], [57925, 3], [60400, 3], [62875, 3], [65350, 3], [67825, 3], [70300, 3], [72775, 2], [75250, 3], [77725, 3], [80200, 3], [82675, 3], [85150, 3], [87625, 2], [90100, 3], [92575, 3], [95050, 3], [97525, 3]], "time_elapsed": 1870.9415936470032}