{"exact_d1": [[11.512925464970229, 3.906591308779838]], "exact_d2": [[11.512925464970229, 7.043091099047295]], "over": [[11.512925464970229, 9.316101309664337]], "merge_d1": [[11.512925464970229, 4.321163030131123]], "merge_d2": [[11.512925464970229, 6.236121539375956]], "argmin_dic": [[100000, 2]], "time_elapsed": 237.24537587165833}