{"exact": [[6.907755278982137, 10.162617067842147], [8.153349757998892, 10.144801001793292], [8.691146498539675, 10.193050305746503], [9.038958755220563, 9.611767057021696], [9.296518068217235, 9.949698683218543], [9.501142571764207, 9.93182412138296], [9.670924779305427, 9.918276631151594], [9.816021526754852, 9.501721564222054], [9.94270826568941, 9.53244323630338], [10.055135102145268, 9.397636550108162], [10.156189906091882, 9.45998231836506], [10.247963389017864, 7.0237368693705], [10.332017933575289, 6.9146402564325005], [10.409551859200409, 9.24764778153573], [10.481504425842441, 6.924421220157298], [10.548625513909712, 9.36563625179857], [10.611523345589823, 7.081395871497448], [10.67069806139613, 9.292223384574806], [10.726565902688105, 7.134676048811344], [10.779476987636757, 9.903844719014627], [10.829728615263452, 9.469997757432008], [10.8775753831365, 6.832164301714319], [10.923236992778513, 9.843659487946159], [10.966904349300577, 6.698034357432868], [11.008744383922906, 9.252069628884755], [11.04890390740204, 9.828046841628076], [11.087512719052368, 9.721855411510955], [11.124686137527133, 6.5460000192314665], [11.160527077798756, 9.38085544810094], [11.195127768613824, 9.991856911319172], [11.228571182611121, 9.398900766845799], [11.260932234926955, 9.459782608750242], [11.292278793854607, 9.827056420455746], [11.322672537849993, 9.129888504546978], [11.352169686090834, 6.8807389084529476], [11.38082162433689, 6.740191338554975], [11.40867544359643, 6.6372268514391415], [11.435774405781814, 9.468837494408621], [11.462158347916576, 9.215260613643414], [11.487864034374857, 9.220061694106942]], "over": [[6.907755278982137, 21.660886077206328], [8.153349757998892, 14.091728713446367], [8.691146498539675, 13.035425292415656], [9.038958755220563, 15.306275669863993], [9.296518068217235, 16.02764273736445], [9.501142571764207, 17.62408968258006], [9.670924779305427, 10.892844290979728], [9.816021526754852, 11.697897557959385], [9.94270826568941, 18.613313113733447], [10.055135102145268, 9.928803029930776], [10.156189906091882, 19.538737809577217], [10.247963389017864, 17.492102599353803], [10.332017933575289, 16.74776291822638], [10.409551859200409, 9.675242163726413], [10.481504425842441, 17.662723751875397], [10.548625513909712, 16.04256305795775], [10.611523345589823, 10.375772683776674], [10.67069806139613, 10.254316719021215], [10.726565902688105, 15.65143880840228], [10.779476987636757, 10.36464875942211], [10.829728615263452, 17.540790264133822], [10.8775753831365, 11.04596631499164], [10.923236992778513, 16.360770573266066], [10.966904349300577, 17.529819604640917], [11.008744383922906, 11.989815761757335], [11.04890390740204, 10.959182891259557], [11.087512719052368, 15.821410956540669], [11.124686137527133, 15.938417017943705], [11.160527077798756, 10.374958954797554], [11.195127768613824, 16.123800420599288], [11.228571182611121, 15.972437663385742], [11.260932234926955, 15.90488217193902], [11.292278793854607, 10.948723159736089], [11.322672537849993, 10.426748002033456], [11.352169686090834, 16.12280036342018], [11.38082162433689, 11.054373305390502], [11.40867544359643, 9.938358110838635], [11.435774405781814, 17.1129582908705], [11.462158347916576, 14.844819253706465], [11.487864034374857, 15.30963035615679]], "merge": [[6.907755278982137, 12.816029648586408], [8.153349757998892, 8.20699186272086], [8.691146498539675, 6.836761849155393], [9.038958755220563, 9.746002377782865], [9.296518068217235, 10.077677094510115], [9.501142571764207, 9.759269835622172], [9.670924779305427, 7.629095926455099], [9.816021526754852, 7.7494610432916], [9.94270826568941, 10.144091841163293], [10.055135102145268, 7.008790066755916], [10.156189906091882, 10.59560950743399], [10.247963389017864, 10.014694173450824], [10.332017933575289, 11.026013828754307], [10.409551859200409, 6.855332259067383], [10.481504425842441, 10.16808769130304], [10.548625513909712, 9.996476316615913], [10.611523345589823, 7.58952726340107], [10.67069806139613, 7.118048934491461], [10.726565902688105, 9.979927045199894], [10.779476987636757, 7.185735668464223], [10.829728615263452, 10.38290801385166], [10.8775753831365, 7.444704386561248], [10.923236992778513, 9.609506184685781], [10.966904349300577, 9.849675063676855], [11.008744383922906, 7.819103403577209], [11.04890390740204, 7.324295612523154], [11.087512719052368, 9.912733585878907], [11.124686137527133, 9.98281647426549], [11.160527077798756, 7.25095708577168], [11.195127768613824, 10.09576211989411], [11.228571182611121, 9.993862562923104], [11.260932234926955, 9.947643422546655], [11.292278793854607, 7.167291218047125], [11.322672537849993, 7.584079380087751], [11.352169686090834, 10.6276024759002], [11.38082162433689, 7.360216819239533], [11.40867544359643, 7.424843210540286], [11.435774405781814, 10.071066761928687], [11.462158347916576, 9.61305896217462], [11.487864034374857, 9.615576842950714]], "argmin_dic": [[1000, 3], [3475, 2], [5950, 2], [8425, 3], [10900, 3], [13375, 3], [15850, 2], [18325, 2], [20800, 3], [23275, 2], [25750, 2], [28225, 3], [30700, 3], [33175, 2], [35650, 3], [38125, 3], [40600, 2], [43075, 3], [45550, 3], [48025, 3], [50500, 3], [52975, 3], [55450, 3], [57925, 3], [60400, 3], [62875, 3], [65350, 3], [67825, 3], [70300, 3], [72775, 3], [75250, 3], [77725, 3], [80200, 3], [82675, 2], [85150, 3], [87625, 3], [90100, 3], [92575, 3], [95050, 3], [97525, 3]], "time_elapsed": 1853.1807532310486}