{"exact_d1": [[6.907755278982137, 3.6828557480246973], [8.153349757998892, 3.8049343855677007], [8.691146498539675, 3.6378312804607145], [9.038958755220563, 3.701828389018574], [9.296518068217235, 3.7394800232929044], [9.501142571764207, 3.7765197086472], [9.670924779305427, 3.7104384624822444], [9.816021526754852, 3.7305254313146783], [9.94270826568941, 3.737335841756893], [10.055135102145268, 3.7003625711646686], [10.156189906091882, 3.719740850701217], [10.247963389017864, 3.8529465036263817], [10.332017933575289, 3.767885975295033], [10.409551859200409, 3.729192208023393], [10.481504425842441, 3.726040650568434], [10.548625513909712, 3.7100383363667837], [10.611523345589823, 3.7636506209738636], [10.67069806139613, 3.725955652898569], [10.726565902688105, 3.7463539453594623], [10.779476987636757, 3.762946894465102], [10.829728615263452, 3.774940482715234], [10.8775753831365, 3.7928146689037114], [10.923236992778513, 3.7807822381804206], [10.966904349300577, 3.788060358265774], [11.008744383922906, 3.726569451131442], [11.04890390740204, 3.758834395301838], [11.087512719052368, 3.7319306333716513], [11.124686137527133, 3.730352147316385], [11.160527077798756, 3.7170281483750895], [11.195127768613824, 3.781913446637805], [11.228571182611121, 3.738673150086627], [11.260932234926955, 3.751821557533234], [11.292278793854607, 3.732787943715491], [11.322672537849993, 3.7267718804455146], [11.352169686090834, 3.7431523411764647], [11.38082162433689, 3.808751176207621], [11.40867544359643, 3.741661166318428], [11.435774405781814, 3.7284688686783904], [11.462158347916576, 3.8047839931324345], [11.487864034374857, 3.7577702036210456]], "exact_d2": [[6.907755278982137, 6.457099807132783], [8.153349757998892, 7.086979475897214], [8.691146498539675, 6.937804126698578], [9.038958755220563, 7.879601842076858], [9.296518068217235, 6.709982778752243], [9.501142571764207, 6.680814424753635], [9.670924779305427, 6.647826958640768], [9.816021526754852, 6.939173242184474], [9.94270826568941, 7.109348916422581], [10.055135102145268, 7.009012241851058], [10.156189906091882, 7.185317545474969], [10.247963389017864, 7.144410072069781], [10.332017933575289, 6.867302079372554], [10.409551859200409, 7.003881452147047], [10.481504425842441, 6.8269096558029725], [10.548625513909712, 6.736584335938232], [10.611523345589823, 6.645016847425835], [10.67069806139613, 6.591573101982036], [10.726565902688105, 6.683600598628609], [10.779476987636757, 6.614582904685985], [10.829728615263452, 6.963667201425587], [10.8775753831365, 6.9039466574597155], [10.923236992778513, 6.996070523237821], [10.966904349300577, 6.81903591665997], [11.008744383922906, 6.91019403652068], [11.04890390740204, 6.952284734331388], [11.087512719052368, 7.0383079413254706], [11.124686137527133, 6.837624318759874], [11.160527077798756, 6.856641507326394], [11.195127768613824, 6.815860817132645], [11.228571182611121, 6.924408143227972], [11.260932234926955, 6.915971177487374], [11.292278793854607, 6.96429835784587], [11.322672537849993, 6.8619800132510615], [11.352169686090834, 7.102547751145422], [11.38082162433689, 6.967375406882379], [11.40867544359643, 7.05376339030504], [11.435774405781814, 6.702756088151342], [11.462158347916576, 7.363811406664532], [11.487864034374857, 6.96162310746668]], "over": [[6.907755278982137, 24.556925071164088], [8.153349757998892, 15.739873633801958], [8.691146498539675, 11.859751507899434], [9.038958755220563, 13.880548736320188], [9.296518068217235, 11.303403857909288], [9.501142571764207, 10.458261205182385], [9.670924779305427, 10.660028051841179], [9.816021526754852, 10.570257882026018], [9.94270826568941, 12.821182463311015], [10.055135102145268, 11.815684679346406], [10.156189906091882, 11.35584448715868], [10.247963389017864, 10.730044112995866], [10.332017933575289, 10.75067289507007], [10.409551859200409, 11.977419732301998], [10.481504425842441, 10.908929071639959], [10.548625513909712, 9.570030113472928], [10.611523345589823, 11.097567286486475], [10.67069806139613, 10.993054216410986], [10.726565902688105, 10.939698817643798], [10.779476987636757, 10.830429205846034], [10.829728615263452, 11.252697617192384], [10.8775753831365, 11.605996112678037], [10.923236992778513, 12.294934146252485], [10.966904349300577, 11.161216814306767], [11.008744383922906, 11.025681362044613], [11.04890390740204, 11.211355171459976], [11.087512719052368, 12.658966586416803], [11.124686137527133, 10.273134779783854], [11.160527077798756, 11.233884006392454], [11.195127768613824, 11.43407970269003], [11.228571182611121, 10.932524599561209], [11.260932234926955, 11.629061868353089], [11.292278793854607, 9.883814383224145], [11.322672537849993, 11.135408422268023], [11.352169686090834, 9.893472621810126], [11.38082162433689, 10.388232258943336], [11.40867544359643, 10.982647257700886], [11.435774405781814, 10.357089011388913], [11.462158347916576, 11.6207222186134], [11.487864034374857, 10.81581073270575]], "merge_d1": [[6.907755278982137, 3.861913722079668], [8.153349757998892, 3.7538133994355842], [8.691146498539675, 4.389695336834316], [9.038958755220563, 3.7729028484866807], [9.296518068217235, 4.394654224494851], [9.501142571764207, 3.845226244467231], [9.670924779305427, 4.473893512797143], [9.816021526754852, 4.39541664887923], [9.94270826568941, 3.777843417405995], [10.055135102145268, 3.7406363427450984], [10.156189906091882, 4.610143375502773], [10.247963389017864, 4.517366735932379], [10.332017933575289, 4.48044385130407], [10.409551859200409, 3.7989266993708593], [10.481504425842441, 4.350024892568328], [10.548625513909712, 4.474118811598947], [10.611523345589823, 3.8450684746311574], [10.67069806139613, 4.438155993024346], [10.726565902688105, 4.40408111642796], [10.779476987636757, 3.844516690321406], [10.829728615263452, 4.4774682461619575], [10.8775753831365, 3.8674509868220195], [10.923236992778513, 4.65979256744878], [10.966904349300577, 4.463441009344117], [11.008744383922906, 4.45249650065088], [11.04890390740204, 4.405630929631945], [11.087512719052368, 4.358359181103443], [11.124686137527133, 4.455421951377292], [11.160527077798756, 4.348156867001327], [11.195127768613824, 3.8434068777741714], [11.228571182611121, 3.8440161828569512], [11.260932234926955, 3.8267689904619466], [11.292278793854607, 4.3330567007027145], [11.322672537849993, 4.338697323939827], [11.352169686090834, 4.799003030973678], [11.38082162433689, 4.4771495328728355], [11.40867544359643, 3.838975248760451], [11.435774405781814, 3.836345058520356], [11.462158347916576, 4.397577792075199], [11.487864034374857, 3.8609043750027383]],