{"exact": [[6.907755278982137, 6.962741674636828], [8.153349757998892, 9.902109750732732], [8.691146498539675, 9.227508618184018], [9.038958755220563, 9.388567778432641], [9.296518068217235, 9.586468975137029], [9.501142571764207, 6.7248481731417815], [9.670924779305427, 10.31532676479714], [9.816021526754852, 9.45956752221028], [9.94270826568941, 9.65560212378008], [10.055135102145268, 7.3393233981505634], [10.156189906091882, 9.792188572987468], [10.247963389017864, 9.49424204045719], [10.332017933575289, 9.433203885299596], [10.409551859200409, 6.707466155472528], [10.481504425842441, 9.416601569539742], [10.548625513909712, 10.147334137845585], [10.611523345589823, 9.176852284341749], [10.67069806139613, 6.729762033541402], [10.726565902688105, 9.586114333123998], [10.779476987636757, 9.715003236456434], [10.829728615263452, 9.65161339179053], [10.8775753831365, 9.393641540124714], [10.923236992778513, 9.22179842411851], [10.966904349300577, 10.120506666887467], [11.008744383922906, 6.650601709615585], [11.04890390740204, 7.39455981902201], [11.087512719052368, 9.799882249742533], [11.124686137527133, 6.89212179158046], [11.160527077798756, 6.775846173036268], [11.195127768613824, 9.898585482252631], [11.228571182611121, 9.674385362681722], [11.260932234926955, 9.32886052488437], [11.292278793854607, 9.60345225419028], [11.322672537849993, 9.303826167248905], [11.352169686090834, 9.82227147938233], [11.38082162433689, 6.72994936384137], [11.40867544359643, 9.39116353149918], [11.435774405781814, 6.554380821805342], [11.462158347916576, 9.590591656400036], [11.487864034374857, 9.416816941666129]], "over": [[6.907755278982137, 24.458036869131607], [8.153349757998892, 16.336410574084596], [8.691146498539675, 11.323007592872896], [9.038958755220563, 19.203370806185625], [9.296518068217235, 19.75820044071836], [9.501142571764207, 10.752314397227615], [9.670924779305427, 20.057409892819297], [9.816021526754852, 13.28247713675549], [9.94270826568941, 11.741338701515685], [10.055135102145268, 15.660602991172057], [10.156189906091882, 13.850144252805164], [10.247963389017864, 13.676179485482338], [10.332017933575289, 15.18865849585925], [10.409551859200409, 17.63650406600923], [10.481504425842441, 13.259630046531145], [10.548625513909712, 13.041675756802062], [10.611523345589823, 16.348605769593746], [10.67069806139613, 14.865490062997662], [10.726565902688105, 17.472084738116997], [10.779476987636757, 13.402135972663807], [10.829728615263452, 15.625406221004194], [10.8775753831365, 15.95012908407172], [10.923236992778513, 15.60405384505484], [10.966904349300577, 14.108387516664775], [11.008744383922906, 15.843517772940917], [11.04890390740204, 12.539207871583363], [11.087512719052368, 16.05325592852753], [11.124686137527133, 12.376687472651069], [11.160527077798756, 15.504152353105274], [11.195127768613824, 11.73286305347504], [11.228571182611121, 15.985880427999112], [11.260932234926955, 15.682226301253804], [11.292278793854607, 11.221712832843414], [11.322672537849993, 11.93264497796817], [11.352169686090834, 14.445670975971659], [11.38082162433689, 12.964193197065866], [11.40867544359643, 13.672295309410723], [11.435774405781814, 15.702019351702887], [11.462158347916576, 12.726482502427945], [11.487864034374857, 17.536151462874564]], "merge": [[6.907755278982137, 14.857434080183825], [8.153349757998892, 10.319831837267126], [8.691146498539675, 6.046271989010717], [9.038958755220563, 11.35352187916477], [9.296518068217235, 12.975832981790173], [9.501142571764207, 7.1936148102554975], [9.670924779305427, 12.704296309153781], [9.816021526754852, 6.48647010755418], [9.94270826568941, 6.050436099492907], [10.055135102145268, 10.028672352064719], [10.156189906091882, 8.804597409266025], [10.247963389017864, 8.852995099799585], [10.332017933575289, 9.603616540969485], [10.409551859200409, 11.555917985163411], [10.481504425842441, 7.70839057016094], [10.548625513909712, 7.745043632625904], [10.611523345589823, 9.989580283984788], [10.67069806139613, 9.505119963864226], [10.726565902688105, 11.370228196755585], [10.779476987636757, 9.460054547207308], [10.829728615263452, 10.098544245120186], [10.8775753831365, 9.80033203527766], [10.923236992778513, 9.80253984917731], [10.966904349300577, 6.168822055994029], [11.008744383922906, 10.009446917688395], [11.04890390740204, 8.155331051514942], [11.087512719052368, 10.131234918144111], [11.124686137527133, 6.649955580634605], [11.160527077798756, 10.27380097206132], [11.195127768613824, 6.898887956814819], [11.228571182611121, 9.723933312927667], [11.260932234926955, 10.14196532291793], [11.292278793854607, 6.9703615430701475], [11.322672537849993, 6.494650498257822], [11.352169686090834, 10.485924943440386], [11.38082162433689, 9.156531824630889], [11.40867544359643, 8.443377526617176], [11.435774405781814, 10.00508252353307], [11.462158347916576, 8.035164629813556], [11.487864034374857, 9.788804647039514]], "argmin_dic": [[1000, 2], [3475, 2], [5950, 2], [8425, 3], [10900, 3], [13375, 3], [15850, 3], [18325, 2], [20800, 2], [23275, 3], [25750, 2], [28225, 3], [30700, 3], [33175, 3], [35650, 3], [38125, 3], [40600, 2], [43075, 3], [45550, 3], [48025, 2], [50500, 3], [52975, 3], [55450, 3], [57925, 3], [60400, 3], [62875, 2], [65350, 3], [67825, 3], [70300, 3], [72775, 3], [75250, 3], [77725, 3], [80200, 3], [82675, 3], [85150, 3], [87625, 2], [90100, 3], [92575, 3], [95050, 3], [97525, 3]], "time_elapsed": 2691.723125934601}