{"exact_d1": [[11.512925464970229, 3.8178640043321157]], "exact_d2": [[11.512925464970229, 7.5177164687192874]], "over": [[11.512925464970229, 13.072486777490791]], "merge_d1": [[11.512925464970229, 4.341133687490192]], "merge_d2": [[11.512925464970229, 7.069000688194055]], "argmin_dic": [[100000, 2]], "time_elapsed": 202.79190611839294}