{"exact_d1": [[6.907755278982137, 3.0188434437275444], [8.153349757998892, 3.8831576527201155], [8.691146498539675, 3.768562589156963], [9.038958755220563, 3.745183323032197], [9.296518068217235, 3.7954755519437557], [9.501142571764207, 3.7996503931288483], [9.670924779305427, 3.7339334299872142], [9.816021526754852, 3.7774899553580354], [9.94270826568941, 3.76950458657489], [10.055135102145268, 3.6756640938941776], [10.156189906091882, 3.7227967961952486], [10.247963389017864, 3.8244155132342668], [10.332017933575289, 3.7335535322420674], [10.409551859200409, 3.796079178580193], [10.481504425842441, 3.810397630346371], [10.548625513909712, 3.704758999217456], [10.611523345589823, 3.698817038669323], [10.67069806139613, 3.7583435944961585], [10.726565902688105, 3.7478701660124676], [10.779476987636757, 3.8296440784464503], [10.829728615263452, 3.740995919262461], [10.8775753831365, 3.6294004711922727], [10.923236992778513, 3.745387756813935], [10.966904349300577, 3.7669313913902704], [11.008744383922906, 3.7460783361754713], [11.04890390740204, 3.788450822752557], [11.087512719052368, 3.728267248397366], [11.124686137527133, 3.7573601806613977], [11.160527077798756, 3.7639504006201836], [11.195127768613824, 3.7245754508213986], [11.228571182611121, 3.688061977308693], [11.260932234926955, 3.702936554965291], [11.292278793854607, 3.7584979759486457], [11.322672537849993, 3.710001063302929], [11.352169686090834, 3.703857381153687], [11.38082162433689, 3.7643691965307866], [11.40867544359643, 3.7095242565845195], [11.435774405781814, 3.7543713563686145], [11.462158347916576, 3.762132673566787], [11.487864034374857, 3.7242023237226447]], "exact_d2": [[6.907755278982137, 19.810820669109937], [8.153349757998892, 6.3476660178005675], [8.691146498539675, 5.781834150422123], [9.038958755220563, 7.048216309379928], [9.296518068217235, 6.530191354817592], [9.501142571764207, 7.038471473176987], [9.670924779305427, 7.18197815349374], [9.816021526754852, 7.4497377580657425], [9.94270826568941, 7.14957722693674], [10.055135102145268, 7.407549985628835], [10.156189906091882, 6.82678680433629], [10.247963389017864, 7.050094415906517], [10.332017933575289, 7.012608926468095], [10.409551859200409, 6.9753126113988415], [10.481504425842441, 7.210601669569267], [10.548625513909712, 6.636150834040431], [10.611523345589823, 7.1530404349839944], [10.67069806139613, 7.008243405723885], [10.726565902688105, 7.097235802778901], [10.779476987636757, 6.891318624103864], [10.829728615263452, 6.95544952144086], [10.8775753831365, 6.769555370623987], [10.923236992778513, 6.771124731501175], [10.966904349300577, 7.118672231305252], [11.008744383922906, 7.182911527321825], [11.04890390740204, 7.086139914488173], [11.087512719052368, 6.671276210076001], [11.124686137527133, 7.218976828397454], [11.160527077798756, 7.050912950192951], [11.195127768613824, 7.105824758416337], [11.228571182611121, 6.873930009675542], [11.260932234926955, 6.721596329257584], [11.292278793854607, 7.100486685640264], [11.322672537849993, 6.986621224538019], [11.352169686090834, 6.903615227386311], [11.38082162433689, 6.897267341379246], [11.40867544359643, 6.622259665057708], [11.435774405781814, 6.930130249806408], [11.462158347916576, 7.093221573259723], [11.487864034374857, 6.974000261635624]], "over": [[6.907755278982137, 33.70481568765076], [8.153349757998892, 9.087391186469779], [8.691146498539675, 11.055183410574983], [9.038958755220563, 9.882116750818627], [9.296518068217235, 13.097653059854185], [9.501142571764207, 10.717059014629102], [9.670924779305427, 11.11351810503669], [9.816021526754852, 12.496699741686013], [9.94270826568941, 13.33947852577534], [10.055135102145268, 11.363125515096183], [10.156189906091882, 12.167732381873016], [10.247963389017864, 10.420244510384775], [10.332017933575289, 11.82974999480767], [10.409551859200409, 10.213490374551126], [10.481504425842441, 10.885734168404136], [10.548625513909712, 11.402341095839683], [10.611523345589823, 11.104924227335477], [10.67069806139613, 10.63914848478888], [10.726565902688105, 10.935779819762239], [10.779476987636757, 9.659337685348918], [10.829728615263452, 10.156775128098598], [10.8775753831365, 11.512892290171362], [10.923236992778513, 10.320214118751087], [10.966904349300577, 10.674222448156975], [11.008744383922906, 11.292786702010117], [11.04890390740204, 10.267027720929924], [11.087512719052368, 10.42678705153851], [11.124686137527133, 10.846049408263646], [11.160527077798756, 10.9032551270847], [11.195127768613824, 11.302167315707946], [11.228571182611121, 11.318925397572206], [11.260932234926955, 10.9628580486552], [11.292278793854607, 10.70771816447252], [11.322672537849993, 10.826346898505419], [11.352169686090834, 11.681637423594863], [11.38082162433689, 10.490188030098846], [11.40867544359643, 10.657515750307482], [11.435774405781814, 10.434267131733288], [11.462158347916576, 10.741119524400418], [11.487864034374857, 11.701956583660293]], "merge_d1": [[6.907755278982137, 4.321685132060673], [8.153349757998892, 4.531046083489349], [8.691146498539675, 3.6815759093110416], [9.038958755220563, 3.8337811855096096], [9.296518068217235, 4.516789379289421], [9.501142571764207, 4.512043607745098], [9.670924779305427, 3.7751503051982875], [9.816021526754852, 3.8550156129338653], [9.94270826568941, 3.756432441389588], [10.055135102145268, 4.306652452029381], [10.156189906091882, 4.357611342311494], [10.247963389017864, 4.520942202121838], [10.332017933575289, 3.801582320283022], [10.409551859200409, 3.8910200540471824], [10.481504425842441, 4.417409167453228], [10.548625513909712, 3.7494215986318458], [10.611523345589823, 4.655793725789774], [10.67069806139613, 4.475934946296325], [10.726565902688105, 4.3565929475437875], [10.779476987636757, 4.544886017189947], [10.829728615263452, 4.7205760195847635], [10.8775753831365, 4.3090082438018635], [10.923236992778513, 3.862126492325588], [10.966904349300577, 3.8895350363069667], [11.008744383922906, 3.8484117455231193], [11.04890390740204, 4.696582263054806], [11.087512719052368, 3.8270436419625815], [11.124686137527133, 4.3786324340863905], [11.160527077798756, 3.8769360854720043], [11.195127768613824, 4.587533202506205], [11.228571182611121, 4.3379851923587545], [11.260932234926955, 4.372380640103605], [11.292278793854607, 3.8572605425480537], [11.322672537849993, 4.379084549324347], [11.352169686090834, 3.770546356942647], [11.38082162433689, 3.855627406106917], [11.40867544359643, 4.406679124287234], [11.435774405781814, 3.8718645151594515], [11.462158347916576, 4.464394505523638], [11.487864034374857, 4.387146092444244]],