{"exact_d1": [[11.512925464970229, 3.960863968975876]], "exact_d2": [[11.512925464970229, 7.341478581358941]], "over": [[11.512925464970229, 8.938474838833011]], "merge_d1": [[11.512925464970229, 4.3358574465953525]], "merge_d2": [[11.512925464970229, 6.173561091174109]], "argmin_dic": [[100000, 2]], "time_elapsed": 422.20103216171265}