{"exact_d1": [[11.512925464970229, 3.8814847189226263]], "exact_d2": [[11.512925464970229, 7.317318142334286]], "over": [[11.512925464970229, 10.617380732914276]], "merge_d1": [[11.512925464970229, 4.306540362517501]], "merge_d2": [[11.512925464970229, 6.483686414050395]], "argmin_dic": [[100000, 2]], "time_elapsed": 260.2151691913605}