{"exact_d1": [[11.512925464970229, 3.9582446666494677]], "exact_d2": [[11.512925464970229, 7.45784284220705]], "over": [[11.512925464970229, 11.848526724988112]], "merge_d1": [[11.512925464970229, 4.250185060527951]], "merge_d2": [[11.512925464970229, 6.677398913670389]], "argmin_dic": [[100000, 2]], "time_elapsed": 365.30526471138}