{"exact_d1": [[11.512925464970229, 3.8872796392564135]], "exact_d2": [[11.512925464970229, 7.261698751211454]], "over": [[11.512925464970229, 12.716077046066044]], "merge_d1": [[11.512925464970229, 4.247917639444886]], "merge_d2": [[11.512925464970229, 7.3125546841003155]], "argmin_dic": [[100000, 2]], "time_elapsed": 178.8187553882599}