{"exact_d1": [[11.512925464970229, 3.749520055760725]], "exact_d2": [[11.512925464970229, 7.130907475532401]], "over": [[11.512925464970229, 13.2510178584524]], "merge_d1": [[11.512925464970229, 4.224434663026021]], "merge_d2": [[11.512925464970229, 7.378464458719443]], "argmin_dic": [[100000, 2]], "time_elapsed": 196.46777534484863}