{"exact_d1": [[6.906754778648554, 4.407527430398625], [7.004881989712859, 4.564158221139239], [7.103322062526113, 4.187490848581137], [7.200424892944957, 4.763760994312283], [7.298445101508147, 3.6947955787593822], [7.396335293800808, 4.198172719493325], [7.494430215031565, 4.749852180805329], [7.591861714889934, 3.853959739823751], [7.689828668736484, 4.530778231555056], [7.787796878181171, 3.7472793920388963], [7.88570539124302, 3.8488337164733024], [7.983440063006542, 4.07264532828732], [8.081165777725433, 3.747472998380558], [8.178919332848396, 3.828306411198947], [8.276903481267057, 4.138805850504722], [8.374707543119483, 3.884547574273008], [8.472405008626103, 3.9218713841733086], [8.57035473953047, 3.6374599098300204], [8.668024081118821, 3.7163352450456215], [8.765926513729443, 3.832189697750873], [8.863757191604241, 4.164883658536289], [8.9614943233096, 3.74271624906718], [9.059284897056227, 3.8640371505982936], [9.157150543462064, 3.9628519267629523], [9.254931255304058, 3.8663636837687148], [9.352707613263105, 3.7124557924171775], [9.45053767785622, 3.7681339952165964], [9.54831148472113, 3.8043161286733485], [9.64614067988042, 3.68636558743106], [9.743964132018151, 3.693135646031614], [9.841771710555475, 3.7921864418438958], [9.939530143883058, 3.756399595986533], [10.037362636092155, 4.004225620075771], [10.135154674791215, 3.7948275773251687], [10.232971139621664, 3.9054224644517066], [10.330746767679962, 3.8290723031075307], [10.428571048048818, 3.6987767460428547], [10.526373200055406, 3.931503403305126], [10.624176940269097, 3.857354509635235], [10.721966979398362, 3.9303649722335634]], "exact_d2": [[6.906754778648554, 20.439720851110383], [7.004881989712859, 8.254380453065023], [7.103322062526113, 13.641021356186942], [7.200424892944957, 10.91603444229049], [7.298445101508147, 11.287170668540126], [7.396335293800808, 14.392783168881094], [7.494430215031565, 10.552535857263397], [7.591861714889934, 5.262163223363931], [7.689828668736484, 13.791782242435167], [7.787796878181171, 7.286554023178973], [7.88570539124302, 9.434088459797485], [7.983440063006542, 8.821552003967804], [8.081165777725433, 6.241073777700891], [8.178919332848396, 6.578124221118666], [8.276903481267057, 14.432248743774451], [8.374707543119483, 5.449231533047115], [8.472405008626103, 7.967664660892321], [8.57035473953047, 5.618333969733159], [8.668024081118821, 5.565194430474753], [8.765926513729443, 7.2479919243434], [8.863757191604241, 8.071706679163574], [8.9614943233096, 5.146865066682025], [9.059284897056227, 8.034104470771949], [9.157150543462064, 7.618333068937794], [9.254931255304058, 8.562006073307064], [9.352707613263105, 9.345641300579135], [9.45053767785622, 7.836547046119575], [9.54831148472113, 6.280946785577545], [9.64614067988042, 4.959628321305191], [9.743964132018151, 5.748253868256993], [9.841771710555475, 7.012312688803027], [9.939530143883058, 7.671097149868734], [10.037362636092155, 8.006364290528865], [10.135154674791215, 7.095825326054073], [10.232971139621664, 7.333256064530271], [10.330746767679962, 7.894711677161709], [10.428571048048818, 6.707537507979246], [10.526373200055406, 7.077190734487366], [10.624176940269097, 6.256204606341421], [10.721966979398362, 8.403700242922918]], "over": [[6.906754778648554, 48.18405238849653], [7.004881989712859, 28.179260162544207], [7.103322062526113, 32.31034535246329], [7.200424892944957, 30.546587751451806], [7.298445101508147, 19.756445869098904], [7.396335293800808, 24.158379503415976], [7.494430215031565, 25.989953903825132], [7.591861714889934, 13.240796931319206], [7.689828668736484, 32.234271535407714], [7.787796878181171, 18.316080670076932], [7.88570539124302, 30.589029490042453], [7.983440063006542, 15.920207790873008], [8.081165777725433, 28.6361002252547], [8.178919332848396, 16.79364506869023], [8.276903481267057, 26.60723422720123], [8.374707543119483, 15.172956331432596], [8.472405008626103, 16.926304457198295], [8.57035473953047, 17.82466190289178], [8.668024081118821, 15.642804495386043], [8.765926513729443, 18.761317803386053], [8.863757191604241, 12.940378417815763], [8.9614943233096, 11.296038854954183], [9.059284897056227, 14.007248267906608], [9.157150543462064, 11.92342698098685], [9.254931255304058, 15.658226897822372], [9.352707613263105, 17.375646310317595], [9.45053767785622, 10.837067069827627], [9.54831148472113, 13.31668510831016], [9.64614067988042, 11.208566372923885], [9.743964132018151, 10.085582462954122], [9.841771710555475, 14.478347447553675], [9.939530143883058, 10.115067967747844], [10.037362636092155, 18.772569228845818], [10.135154674791215, 12.163795054379241], [10.232971139621664, 13.861271316819893], [10.330746767679962, 9.358741526045185], [10.428571048048818, 9.42684369851964], [10.526373200055406, 10.279809957706968], [10.624176940269097, 11.794061376674376], [10.721966979398362, 11.655349827799999]], "merge_d1": [[6.906754778648554, 5.18867031988908], [7.004881989712859, 4.670850035844243], [7.103322062526113, 5.856750135648365], [7.200424892944957, 5.855687794554877], [7.298445101508147, 4.525375414076824], [7.396335293800808, 5.040798983862957], [7.494430215031565, 5.232100242623129], [7.591861714889934, 4.560260451065866], [7.689828668736484, 5.076724193297794], [7.787796878181171, 5.294928955544558], [7.88570539124302, 4.239807097427833], [7.983440063006542, 4.893909824364973], [8.081165777725433, 4.431003557977965], [8.178919332848396, 4.3965201794916], [8.276903481267057, 4.984840997574656], [8.374707543119483, 4.446733776302712], [8.472405008626103, 4.478572632850919], [8.57035473953047, 4.289635999950867], [8.668024081118821, 4.618742527736761], [8.765926513729443, 4.120879502762671], [8.863757191604241, 4.3626752388314465], [8.9614943233096, 4.444115240488645], [9.059284897056227, 4.3059479561397405], [9.157150543462064, 4.388942427430638], [9.254931255304058, 4.466990052481835], [9.352707613263105, 4.401575140718295], [9.45053767785622, 4.2307406843686834], [9.54831148472113, 4.498893289929792], [9.64614067988042, 4.163164759007091], [9.743964132018151, 4.169873277535721], [9.841771710555475, 4.417528539164831], [9.939530143883058, 4.298396272174727], [10.037362636092155, 4.273070058704589], [10.135154674791215, 4.2678271185039875], [10.232971139621664, 4.350819460574088], [10.330746767679962, 4.3727140712992005], [10.428571048048818, 4.207640435353077], [10.526373200055406, 4.12846958574512], [10.624176940269097, 4.251745761256618], [10.721966979398362, 4.157117747433286]],