{"exact_d1": [[6.907755278982137, 3.742954607904935], [8.153349757998892, 4.2234601508760194], [8.691146498539675, 3.613986386322043], [9.038958755220563, 3.7095117360241106], [9.296518068217235, 3.848708803413084], [9.501142571764207, 3.709078680163129], [9.670924779305427, 3.7748691621656727], [9.816021526754852, 3.871213716027935], [9.94270826568941, 3.868667303703014], [10.055135102145268, 3.6261730185980325], [10.156189906091882, 3.806581241665653], [10.247963389017864, 3.7440095149640067], [10.332017933575289, 3.7079082244577077], [10.409551859200409, 3.7997422902397004], [10.481504425842441, 3.731812326519489], [10.548625513909712, 3.7449231302513124], [10.611523345589823, 3.708112091232756], [10.67069806139613, 3.7732516393643127], [10.726565902688105, 3.7930893293325316], [10.779476987636757, 3.7816871130455154], [10.829728615263452, 3.6925726164339543], [10.8775753831365, 3.7417413383500877], [10.923236992778513, 3.82784625420771], [10.966904349300577, 3.749731252282829], [11.008744383922906, 3.739419676136825], [11.04890390740204, 3.690417304907606], [11.087512719052368, 3.7352939441084634], [11.124686137527133, 3.802268532144929], [11.160527077798756, 3.73230789134831], [11.195127768613824, 3.741638474506794], [11.228571182611121, 3.7621427659173423], [11.260932234926955, 3.7794947893212476], [11.292278793854607, 3.7513309348406696], [11.322672537849993, 3.7593689900384706], [11.352169686090834, 3.7265558555037375], [11.38082162433689, 3.7465685586534936], [11.40867544359643, 3.721924799131761], [11.435774405781814, 3.7802307922427896], [11.462158347916576, 3.768067968183596], [11.487864034374857, 3.716275162951344]], "exact_d2": [[6.907755278982137, 5.849875134008926], [8.153349757998892, 7.484747933682566], [8.691146498539675, 6.714663452523734], [9.038958755220563, 6.367583014097113], [9.296518068217235, 6.739078930889107], [9.501142571764207, 6.683637239545069], [9.670924779305427, 6.762416055372274], [9.816021526754852, 6.6286309248876085], [9.94270826568941, 6.793644661407555], [10.055135102145268, 7.705650665670213], [10.156189906091882, 6.83529872276505], [10.247963389017864, 6.8946574621524155], [10.332017933575289, 6.846478425656537], [10.409551859200409, 7.12112582995801], [10.481504425842441, 6.152268999912106], [10.548625513909712, 7.113635146481424], [10.611523345589823, 6.562433220253772], [10.67069806139613, 7.043672020294583], [10.726565902688105, 7.242781655124911], [10.779476987636757, 6.881781485992514], [10.829728615263452, 6.973472282008193], [10.8775753831365, 7.125046517294033], [10.923236992778513, 7.024145287703013], [10.966904349300577, 6.72970080729983], [11.008744383922906, 7.3261029303638825], [11.04890390740204, 7.152272715820528], [11.087512719052368, 6.796248293280073], [11.124686137527133, 6.878756225418245], [11.160527077798756, 6.838420614268015], [11.195127768613824, 6.665868189431232], [11.228571182611121, 7.262995210148482], [11.260932234926955, 7.288976661435908], [11.292278793854607, 7.063504101001417], [11.322672537849993, 7.019162343178407], [11.352169686090834, 6.879513291178038], [11.38082162433689, 6.9556053272278975], [11.40867544359643, 6.752787880088706], [11.435774405781814, 7.000034137628925], [11.462158347916576, 7.241030437435413], [11.487864034374857, 6.964725083931064]], "over": [[6.907755278982137, 25.781223619454668], [8.153349757998892, 15.662013466247485], [8.691146498539675, 12.125532343331766], [9.038958755220563, 10.60892157687911], [9.296518068217235, 10.699194170522519], [9.501142571764207, 11.213910570972864], [9.670924779305427, 11.822881210459418], [9.816021526754852, 9.939886588178679], [9.94270826568941, 11.13001132632323], [10.055135102145268, 13.877010449515224], [10.156189906091882, 11.1934581383396], [10.247963389017864, 11.698350307230628], [10.332017933575289, 11.734038848133038], [10.409551859200409, 10.27022700491498], [10.481504425842441, 9.579472143956805], [10.548625513909712, 11.259232788606514], [10.611523345589823, 10.296008566420959], [10.67069806139613, 11.424281961304002], [10.726565902688105, 12.44661263871066], [10.779476987636757, 11.566246998316434], [10.829728615263452, 10.777500014955223], [10.8775753831365, 11.335733179913928], [10.923236992778513, 11.02903959686746], [10.966904349300577, 10.871658662782046], [11.008744383922906, 11.459539104903778], [11.04890390740204, 11.618898648682896], [11.087512719052368, 10.02819203019025], [11.124686137527133, 11.665274022793099], [11.160527077798756, 10.095286522926079], [11.195127768613824, 10.610600243458983], [11.228571182611121, 11.567474405593797], [11.260932234926955, 11.326821801238516], [11.292278793854607, 11.46009178022714], [11.322672537849993, 11.816505642576315], [11.352169686090834, 10.582906675598847], [11.38082162433689, 10.152453661870867], [11.40867544359643, 10.318496035520985], [11.435774405781814, 11.466219315430742], [11.462158347916576, 11.201805498227694], [11.487864034374857, 10.842362597163957]], "merge_d1": [[6.907755278982137, 3.804249762958876], [8.153349757998892, 4.679338008146757], [8.691146498539675, 3.5820824378747123], [9.038958755220563, 4.300001095348683], [9.296518068217235, 3.927119613832661], [9.501142571764207, 3.89582296741292], [9.670924779305427, 4.596821550712802], [9.816021526754852, 3.9551835740519814], [9.94270826568941, 3.9349841827534258], [10.055135102145268, 3.6800524731831836], [10.156189906091882, 4.595933036485907], [10.247963389017864, 4.359347490756018], [10.332017933575289, 4.4018605006262135], [10.409551859200409, 4.357834315164539], [10.481504425842441, 3.8027357779131585], [10.548625513909712, 4.445092392916856], [10.611523345589823, 4.3677214511609215], [10.67069806139613, 4.396817746047847], [10.726565902688105, 3.8813090567518684], [10.779476987636757, 4.501343721976732], [10.829728615263452, 3.8004185030741686], [10.8775753831365, 3.8412233348828226], [10.923236992778513, 4.397970495639557], [10.966904349300577, 3.8504755174177787], [11.008744383922906, 3.8381142434140414], [11.04890390740204, 3.804262418946363], [11.087512719052368, 4.36977703683436], [11.124686137527133, 4.373978078842439], [11.160527077798756, 4.4004985194107595], [11.195127768613824, 4.455603581002382], [11.228571182611121, 3.8366667702835002], [11.260932234926955, 3.886866841556794], [11.292278793854607, 3.8555643558960586], [11.322672537849993, 3.833054209804224], [11.352169686090834, 3.8244047269702492], [11.38082162433689, 4.6594304595899505], [11.40867544359643, 3.815932047239238], [11.435774405781814, 4.38716428993272], [11.462158347916576, 4.358255047297153], [11.487864034374857, 3.7981315096905974]],