{"exact_d1": [[11.512925464970229, 3.899104710338313]], "exact_d2": [[11.512925464970229, 7.129494104394717]], "over": [[11.512925464970229, 10.622023289872123]], "merge_d1": [[11.512925464970229, 4.245178762052928]], "merge_d2": [[11.512925464970229, 6.653043935887856]], "argmin_dic": [[100000, 2]], "time_elapsed": 451.7741222381592}