{"exact_d1": [[6.907755278982137, 3.3607899723718564], [8.153349757998892, 3.8620239885350043], [8.691146498539675, 3.567180159457421], [9.038958755220563, 3.8669727494559307], [9.296518068217235, 3.7943898463127543], [9.501142571764207, 3.7787225589456024], [9.670924779305427, 3.6948972380672016], [9.816021526754852, 3.7198936793949735], [9.94270826568941, 3.8238225543573403], [10.055135102145268, 3.710973937067887], [10.156189906091882, 3.799540871460199], [10.247963389017864, 3.722343067504148], [10.332017933575289, 3.758680147150553], [10.409551859200409, 3.7235464450709252], [10.481504425842441, 3.7157637023169636], [10.548625513909712, 3.7952179395764425], [10.611523345589823, 3.811829932591291], [10.67069806139613, 3.702338734096799], [10.726565902688105, 3.8175049462594544], [10.779476987636757, 3.787465500349374], [10.829728615263452, 3.7922465960350804], [10.8775753831365, 3.7764401185143144], [10.923236992778513, 3.769320988944968], [10.966904349300577, 3.7384279877056037], [11.008744383922906, 3.744108841687513], [11.04890390740204, 3.7168086853594726], [11.087512719052368, 3.7403236299999874], [11.124686137527133, 3.729961343019377], [11.160527077798756, 3.757800557745451], [11.195127768613824, 3.7505898137433493], [11.228571182611121, 3.7566586286856563], [11.260932234926955, 3.7375103124553104], [11.292278793854607, 3.805884667674806], [11.322672537849993, 3.754945490445745], [11.352169686090834, 3.7847219902279234], [11.38082162433689, 3.743550319352539], [11.40867544359643, 3.74469333114061], [11.435774405781814, 3.728946588115624], [11.462158347916576, 3.7479409252041958], [11.487864034374857, 3.76458577085395]], "exact_d2": [[6.907755278982137, 7.417253210682288], [8.153349757998892, 8.625845511546858], [8.691146498539675, 9.131479849778158], [9.038958755220563, 6.696494379745287], [9.296518068217235, 6.172078751153879], [9.501142571764207, 6.45401295666726], [9.670924779305427, 6.737678083535352], [9.816021526754852, 6.889584298515929], [9.94270826568941, 7.007922828114655], [10.055135102145268, 6.453987896079795], [10.156189906091882, 6.739753372347899], [10.247963389017864, 7.394789528071848], [10.332017933575289, 6.896321882406918], [10.409551859200409, 6.9660420456339365], [10.481504425842441, 6.751904769081419], [10.548625513909712, 7.0837822464348825], [10.611523345589823, 7.281071716153641], [10.67069806139613, 6.8781546238658695], [10.726565902688105, 6.60698269456536], [10.779476987636757, 6.723754790637574], [10.829728615263452, 7.189719284722414], [10.8775753831365, 7.241164345960031], [10.923236992778513, 7.151140850283493], [10.966904349300577, 7.2067056399024], [11.008744383922906, 6.759423992217139], [11.04890390740204, 6.8395234174479125], [11.087512719052368, 6.862065843288273], [11.124686137527133, 7.066563051973269], [11.160527077798756, 6.728854479287346], [11.195127768613824, 6.821992748947214], [11.228571182611121, 6.843107927542517], [11.260932234926955, 7.053468730712127], [11.292278793854607, 7.02073977621459], [11.322672537849993, 6.848616748504292], [11.352169686090834, 6.813720495086702], [11.38082162433689, 6.986880171610387], [11.40867544359643, 6.912314746042244], [11.435774405781814, 6.881392916810549], [11.462158347916576, 6.970920566177541], [11.487864034374857, 7.048468536629477]], "over": [[6.907755278982137, 15.759892772704346], [8.153349757998892, 12.65082831949592], [8.691146498539675, 15.215907319276095], [9.038958755220563, 10.342826417412722], [9.296518068217235, 10.025681409045076], [9.501142571764207, 12.363788527454888], [9.670924779305427, 12.488924656972854], [9.816021526754852, 11.406242592059833], [9.94270826568941, 11.342385538379268], [10.055135102145268, 9.926949701107585], [10.156189906091882, 10.813344315609562], [10.247963389017864, 12.072584728582104], [10.332017933575289, 11.352339768620768], [10.409551859200409, 11.224977421926377], [10.481504425842441, 10.420557222253525], [10.548625513909712, 10.143481811505808], [10.611523345589823, 11.34009212150219], [10.67069806139613, 10.723863419290767], [10.726565902688105, 10.524697143433412], [10.779476987636757, 11.343294553872305], [10.829728615263452, 11.299214254226221], [10.8775753831365, 11.250053956978455], [10.923236992778513, 11.473564806772337], [10.966904349300577, 11.714459719158125], [11.008744383922906, 10.432285363784674], [11.04890390740204, 10.74870736685424], [11.087512719052368, 11.09320448409131], [11.124686137527133, 11.377903514979074], [11.160527077798756, 10.226644630487266], [11.195127768613824, 11.565087403795719], [11.228571182611121, 10.506635401073567], [11.260932234926955, 11.148082454012044], [11.292278793854607, 10.968889469052788], [11.322672537849993, 10.225417718715205], [11.352169686090834, 10.315560505686005], [11.38082162433689, 11.241196388862422], [11.40867544359643, 10.688483680656528], [11.435774405781814, 10.344496266421562], [11.462158347916576, 11.868785587546538], [11.487864034374857, 11.565661816480365]], "merge_d1": [[6.907755278982137, 3.5225654452729307], [8.153349757998892, 4.113839489018164], [8.691146498539675, 3.6056239376001873], [9.038958755220563, 3.950378368483934], [9.296518068217235, 4.461937667355885], [9.501142571764207, 4.380847708452247], [9.670924779305427, 4.645806869078055], [9.816021526754852, 4.78121122119538], [9.94270826568941, 4.448608579716269], [10.055135102145268, 4.344539042833152], [10.156189906091882, 3.836235488228455], [10.247963389017864, 3.8478429040788753], [10.332017933575289, 4.3983793764586006], [10.409551859200409, 4.394267826168986], [10.481504425842441, 3.818331955475407], [10.548625513909712, 4.378547488179893], [10.611523345589823, 3.916610520962418], [10.67069806139613, 3.775970830592882], [10.726565902688105, 4.563758210543228], [10.779476987636757, 4.348865189261046], [10.829728615263452, 3.8903272955294925], [10.8775753831365, 4.397802235912195], [10.923236992778513, 4.326958959544761], [10.966904349300577, 4.329937039588212], [11.008744383922906, 3.847110170117716], [11.04890390740204, 3.8149162810675947], [11.087512719052368, 4.448893241478661], [11.124686137527133, 3.8063537134782046], [11.160527077798756, 3.862687413100868], [11.195127768613824, 4.458552850410751], [11.228571182611121, 3.8483800043198877], [11.260932234926955, 3.8252337909410756], [11.292278793854607, 4.418003909247009], [11.322672537849993, 3.8416602965645663], [11.352169686090834, 4.449589840144739], [11.38082162433689, 4.426995953604783], [11.40867544359643, 3.839469539363875], [11.435774405781814, 3.8123429711138117], [11.462158347916576, 3.8329257199523705], [11.487864034374857, 4.4875280215023166]],