{"exact_d1": [[11.512925464970229, 3.8193498295113897]], "exact_d2": [[11.512925464970229, 6.527818165273459]], "over": [[11.512925464970229, 9.709799426534156]], "merge_d1": [[11.512925464970229, 4.322127037277556]], "merge_d2": [[11.512925464970229, 6.5841577103947]], "argmin_dic": [[100000, 2]], "time_elapsed": 193.23215794563293}