{"exact": [[6.907755278982137, 16.659035777152344], [8.153349757998892, 8.879863249085147], [8.691146498539675, 8.718652145852678], [9.038958755220563, 6.362039470532739], [9.296518068217235, 9.777460200886777], [9.501142571764207, 8.979369487552125], [9.670924779305427, 7.934932372405282], [9.816021526754852, 10.174912489189653], [9.94270826568941, 7.147060007634665], [10.055135102145268, 9.898096747602787], [10.156189906091882, 7.076587592929913], [10.247963389017864, 9.49268404066339], [10.332017933575289, 9.181497383174376], [10.409551859200409, 9.422920580334416], [10.481504425842441, 6.798776718152757], [10.548625513909712, 6.971949180956657], [10.611523345589823, 9.430357878390359], [10.67069806139613, 6.945751373848241], [10.726565902688105, 9.753618021188194], [10.779476987636757, 6.706222158835444], [10.829728615263452, 4.557975917871299], [10.8775753831365, 9.62658752131967], [10.923236992778513, 7.200937074939208], [10.966904349300577, 9.552669835408896], [11.008744383922906, 9.734181116978423], [11.04890390740204, 9.303194742168698], [11.087512719052368, 9.714439207196177], [11.124686137527133, 9.63154281899485], [11.160527077798756, 7.098701336489378], [11.195127768613824, 9.947170306840128], [11.228571182611121, 9.885916935353759], [11.260932234926955, 7.093053315615362], [11.292278793854607, 9.707297749240476], [11.322672537849993, 7.013650811684654], [11.352169686090834, 7.058967016505604], [11.38082162433689, 9.3068385722777], [11.40867544359643, 9.854182966843291], [11.435774405781814, 7.063108068047133], [11.462158347916576, 9.90992537890924], [11.487864034374857, 9.809022596529733]], "over": [[6.907755278982137, 13.97552907914821], [8.153349757998892, 17.6904133496389], [8.691146498539675, 16.37525714597211], [9.038958755220563, 9.576041611462871], [9.296518068217235, 16.998837965932818], [9.501142571764207, 16.54190516843165], [9.670924779305427, 16.068885812670594], [9.816021526754852, 11.607528431660981], [9.94270826568941, 17.38305030590578], [10.055135102145268, 16.66454096047567], [10.156189906091882, 17.82131733344402], [10.247963389017864, 12.204960890428964], [10.332017933575289, 18.22135695457067], [10.409551859200409, 13.808622282427011], [10.481504425842441, 17.3827924233585], [10.548625513909712, 17.792993898059347], [10.611523345589823, 11.667789472128412], [10.67069806139613, 16.264206470288], [10.726565902688105, 16.811193041591224], [10.779476987636757, 17.65976354018819], [10.829728615263452, 15.455193224052872], [10.8775753831365, 10.617041396081893], [10.923236992778513, 10.693883679603108], [10.966904349300577, 16.617986751512827], [11.008744383922906, 11.99808706933359], [11.04890390740204, 16.83215774041279], [11.087512719052368, 13.182846470203048], [11.124686137527133, 16.795216073649954], [11.160527077798756, 10.384641136811563], [11.195127768613824, 16.78641893749592], [11.228571182611121, 15.407986408457383], [11.260932234926955, 11.546086957090552], [11.292278793854607, 10.907374737556422], [11.322672537849993, 15.979723999668778], [11.352169686090834, 16.758528945649985], [11.38082162433689, 10.617916593833016], [11.40867544359643, 18.046267823334073], [11.435774405781814, 17.37674931255809], [11.462158347916576, 16.094272146529878], [11.487864034374857, 16.749836952768018]], "merge": [[6.907755278982137, 7.753257710925652], [8.153349757998892, 11.241270887499322], [8.691146498539675, 10.22758314259056], [9.038958755220563, 6.236200417335421], [9.296518068217235, 10.451027665003965], [9.501142571764207, 10.27875455636569], [9.670924779305427, 10.075887404557276], [9.816021526754852, 6.915150174314204], [9.94270826568941, 9.515541704302754], [10.055135102145268, 10.88934606741], [10.156189906091882, 10.154094484569258], [10.247963389017864, 8.69302076427227], [10.332017933575289, 10.924695168022257], [10.409551859200409, 9.864548574183171], [10.481504425842441, 9.454609081318145], [10.548625513909712, 9.586273450179865], [10.611523345589823, 7.4015699019440735], [10.67069806139613, 9.732628346911598], [10.726565902688105, 9.304350547055352], [10.779476987636757, 10.673306908443616], [10.829728615263452, 9.706693525289642], [10.8775753831365, 6.949051440273851], [10.923236992778513, 7.037689966448112], [10.966904349300577, 9.978833458497315], [11.008744383922906, 6.017123706578085], [11.04890390740204, 11.085251820998185], [11.087512719052368, 8.708297892779568], [11.124686137527133, 9.204214036180778], [11.160527077798756, 7.048999152021085], [11.195127768613824, 11.041622036250534], [11.228571182611121, 9.680368750446776], [11.260932234926955, 6.504260377644877], [11.292278793854607, 7.354666147997299], [11.322672537849993, 10.021571606931916], [11.352169686090834, 8.563558065232101], [11.38082162433689, 7.081848388057704], [11.40867544359643, 9.92312875781956], [11.435774405781814, 10.013459021311013], [11.462158347916576, 10.047405703215464], [11.487864034374857, 10.056352155303307]], "argmin_dic": [[1000, 3], [3475, 3], [5950, 3], [8425, 3], [10900, 3], [13375, 3], [15850, 3], [18325, 3], [20800, 3], [23275, 3], [25750, 2], [28225, 3], [30700, 2], [33175, 2], [35650, 3], [38125, 3], [40600, 3], [43075, 3], [45550, 3], [48025, 3], [50500, 3], [52975, 3], [55450, 3], [57925, 3], [60400, 2], [62875, 3], [65350, 2], [67825, 3], [70300, 3], [72775, 3], [75250, 3], [77725, 3], [80200, 3], [82675, 3], [85150, 3], [87625, 3], [90100, 3], [92575, 3], [95050, 3], [97525, 3]], "time_elapsed": 2579.4152162075043}