{"exact_d1": [[11.512925464970229, 3.7620970452183604]], "exact_d2": [[11.512925464970229, 6.726681851423634]], "over": [[11.512925464970229, 14.758141934636965]], "merge_d1": [[11.512925464970229, 4.1553535759533204]], "merge_d2": [[11.512925464970229, 7.883869548059403]], "argmin_dic": [[100000, 2]], "time_elapsed": 213.6954321861267}