{"exact_d1": [], "exact_d2": [], "over": [[10.819778284410283, 10.731871414661613], [10.844470897000654, 11.201535352100057], [10.868568448579715, 12.481330967343577], [10.89209894598991, 11.069319635817003], [10.915088464214607, 10.704973967804618], [10.937561320066667, 10.262306719073756], [10.959540226785442, 11.066132069743315], [10.981046432006405, 10.262132976560023], [11.002099841204238, 10.281454886067353], [11.022719128406973, 10.888385430397369], [11.042921835724492, 12.512871282077048], [11.062724463020672, 10.351542857983102], [11.082142548877775, 10.432031223204492], [11.101190743848468, 10.62812235595795], [11.119882876860622, 10.506201305830322], [11.138232015528818, 12.805260306350933], [11.156250521031495, 10.636550223249225], [11.173950098130897, 13.556729987091574], [11.191341840842766, 10.800121274111834], [11.208436274202066, 10.85245300614276], [11.225243392518447, 11.440378368336122], [11.241772694469658, 10.008336290944566], [11.258033215341438, 11.678616704354212], [11.274033556687879, 10.804672003424654], [11.289781913656018, 12.157671333782151], [11.305286100191983, 10.486393181605882], [11.320553572322773, 11.096961130508584], [11.335591449687312, 10.021291809837958], [11.350406535472453, 11.019599338569495], [11.365005334893606, 10.8512768261609], [11.379394072345706, 10.696981352167699], [11.393578707337662, 10.377394961493323], [11.407564949312402, 10.620095772588737], [11.421358271444738, 10.571586601629228], [11.434963923500517, 10.140470902312458], [11.448386943832658, 9.541141675798443], [11.461632170582678, 10.206019622475061], [11.474704252150032, 11.399508635463459], [11.487607656985938, 10.634304346061347], [11.500346682763368, 10.581851088050255]], "merge_d1": [[10.819778284410283, 3.810368030904081], [10.844470897000654, 3.8048392469865004], [10.868568448579715, 4.453207293111556], [10.89209894598991, 4.474675912872609], [10.915088464214607, 3.817501469452112], [10.937561320066667, 4.396660489348534], [10.959540226785442, 4.432836208499561], [10.981046432006405, 3.8555129450430963], [11.002099841204238, 3.8318550934149043], [11.022719128406973, 4.402151184624668], [11.042921835724492, 3.8198942852099], [11.062724463020672, 3.802821169677985], [11.082142548877775, 4.459228723126635], [11.101190743848468, 4.594203707977037], [11.119882876860622, 4.477300289087461], [11.138232015528818, 4.400024966492798], [11.156250521031495, 4.4855171842624815], [11.173950098130897, 4.588630674540856], [11.191341840842766, 3.848902911654096], [11.208436274202066, 4.3491179740546055], [11.225243392518447, 4.365416460920635], [11.241772694469658, 4.413185511824286], [11.258033215341438, 4.427679550004705], [11.274033556687879, 4.43318503333275], [11.289781913656018, 4.6533812078428065], [11.305286100191983, 3.8771158154837044], [11.320553572322773, 3.869000104041154], [11.335591449687312, 4.6226474926085785], [11.350406535472453, 3.848166713317875], [11.365005334893606, 4.467502667006721], [11.379394072345706, 4.54159195249626], [11.393578707337662, 4.461846394579444], [11.407564949312402, 3.8657302896774657], [11.421358271444738, 4.53559981549553], [11.434963923500517, 4.634193434001158], [11.448386943832658, 4.467037034834398], [11.461632170582678, 3.836493274231952], [11.474704252150032, 3.8950813459701084], [11.487607656985938, 3.8884743260724277], [11.500346682763368, 3.8605114737474073]], "merge_d2": [[10.819778284410283, 6.927499327283848], [10.844470897000654, 7.292551194425603], [10.868568448579715, 7.474965988031128], [10.89209894598991, 7.080450147768695], [10.915088464214607, 6.939986035135996], [10.937561320066667, 7.1797258890254465], [10.959540226785442, 7.170702128748368], [10.981046432006405, 6.8043583757370865], [11.002099841204238, 6.71256894726853], [11.022719128406973, 7.416559330435982], [11.042921835724492, 7.483114058748466], [11.062724463020672, 6.745133040548149], [11.082142548877775, 7.319658890542253], [11.101190743848468, 7.37887720466411], [11.119882876860622, 7.353521331662355], [11.138232015528818, 8.230967950380327], [11.156250521031495, 7.12869213618939], [11.173950098130897, 8.667897736254094], [11.191341840842766, 7.025191644205189], [11.208436274202066, 7.325944401106045], [11.225243392518447, 7.220232158469522], [11.241772694469658, 7.147592950963176], [11.258033215341438, 7.723256946152784], [11.274033556687879, 7.438626602324144], [11.289781913656018, 8.128414766081113], [11.305286100191983, 6.898038725618882], [11.320553572322773, 7.080643035582772], [11.335591449687312, 7.490011742870112], [11.350406535472453, 7.076651003493288], [11.365005334893606, 7.501259406449156], [11.379394072345706, 7.441984165903966], [11.393578707337662, 7.0489505126433905], [11.407564949312402, 6.941797243330919], [11.421358271444738, 7.356787375183248], [11.434963923500517, 7.536638721253729], [11.448386943832658, 7.098078804313647], [11.461632170582678, 6.716791431073223], [11.474704252150032, 6.983327408285563], [11.487607656985938, 6.934033221689248], [11.500346682763368, 6.9207944558015235]], "argmin_dic": [[50000, 3], [51250, 3], [52500, 2], [53750, 2], [55000, 3], [56250, 3], [57500, 2], [58750, 3], [60000, 3], [61250, 3], [62500, 3], [63750, 3], [65000, 2], [66250, 3], [67500, 2], [68750, 2], [70000, 2], [71250, 2], [72500, 3], [73750, 3], [75000, 2], [76250, 2], [77500, 2], [78750, 2], [80000, 2], [81250, 3], [82500, 3], [83750, 3], [85000, 3], [86250, 2], [87500, 3], [88750, 2], [90000, 3], [91250, 3], [92500, 3], [93750, 2], [95000, 3], [96250, 3], [97500, 3], [98750, 3]], "time_elapsed": 3147.95561170578}