{"exact_d1": [[11.512925464970229, 3.728926839806954]], "exact_d2": [[11.512925464970229, 6.692248726210078]], "over": [[11.512925464970229, 10.009883431802082]], "merge_d1": [[11.512925464970229, 4.213200818947262]], "merge_d2": [[11.512925464970229, 6.256297183461176]], "argmin_dic": [[100000, 2]], "time_elapsed": 283.8470301628113}