{"exact_d1": [[11.512925464970229, 3.9202751721005966]], "exact_d2": [[11.512925464970229, 7.773699676318878]], "over": [[11.512925464970229, 12.534147166429282]], "merge_d1": [[11.512925464970229, 4.242727821614697]], "merge_d2": [[11.512925464970229, 7.303980521009939]], "argmin_dic": [[100000, 2]], "time_elapsed": 310.56725883483887}