{"exact_d1": [[11.512925464970229, 3.8672388553440844]], "exact_d2": [[11.512925464970229, 7.164084205733289]], "over": [[11.512925464970229, 8.573488646771667]], "merge_d1": [[11.512925464970229, 4.1603712417055805]], "merge_d2": [[11.512925464970229, 5.825304046850875]], "argmin_dic": [[100000, 2]], "time_elapsed": 237.93996286392212}