{"exact_d1": [[11.512925464970229, 3.846854801225777]], "exact_d2": [[11.512925464970229, 7.701632581367518]], "over": [[11.512925464970229, 10.915797734260606]], "merge_d1": [[11.512925464970229, 4.260163316836892]], "merge_d2": [[11.512925464970229, 6.5259724290980134]], "argmin_dic": [[100000, 2]], "time_elapsed": 195.48334980010986}