{"exact_d1": [[11.512925464970229, 3.735711351184842]], "exact_d2": [[11.512925464970229, 6.6276690295722895]], "over": [[11.512925464970229, 10.811876565381825]], "merge_d1": [[11.512925464970229, 4.283243805348708]], "merge_d2": [[11.512925464970229, 6.481061979953949]], "argmin_dic": [[100000, 2]], "time_elapsed": 167.56974482536316}