{"exact_d1": [[11.512925464970229, 3.7649180843906502]], "exact_d2": [[11.512925464970229, 6.917017899593862]], "over": [[11.512925464970229, 12.265237940727518]], "merge_d1": [[11.512925464970229, 4.245218134497469]], "merge_d2": [[11.512925464970229, 7.1834361599180365]], "argmin_dic": [[100000, 2]], "time_elapsed": 279.04065346717834}