{"exact": [[6.907755278982137, 6.237096715774538], [8.153349757998892, 8.598464626194906], [8.691146498539675, 9.045066178719784], [9.038958755220563, 7.037541058528973], [9.296518068217235, 9.076139473459186], [9.501142571764207, 7.608789194623582], [9.670924779305427, 9.2104157901771], [9.816021526754852, 9.061640246554969], [9.94270826568941, 7.08697330081492], [10.055135102145268, 9.87720858450455], [10.156189906091882, 9.785116022272138], [10.247963389017864, 9.922192462446562], [10.332017933575289, 9.517744199033972], [10.409551859200409, 9.883532312867098], [10.481504425842441, 9.307018171911256], [10.548625513909712, 6.978346987743051], [10.611523345589823, 7.2259875956823105], [10.67069806139613, 9.94593724571793], [10.726565902688105, 6.836398314586622], [10.779476987636757, 6.920404918303277], [10.829728615263452, 10.08948479102718], [10.8775753831365, 7.166722036684655], [10.923236992778513, 9.606138136991607], [10.966904349300577, 9.263463635581026], [11.008744383922906, 9.896993135295853], [11.04890390740204, 9.956168145097825], [11.087512719052368, 10.03713372000553], [11.124686137527133, 9.28774317089724], [11.160527077798756, 6.980761604767851], [11.195127768613824, 6.665450252017341], [11.228571182611121, 9.300932907189821], [11.260932234926955, 9.13326436098949], [11.292278793854607, 7.244444545405634], [11.322672537849993, 6.815048936709258], [11.352169686090834, 9.453071276951837], [11.38082162433689, 9.921620635741046], [11.40867544359643, 6.999990883375608], [11.435774405781814, 4.533803708366901], [11.462158347916576, 9.985548005939911], [11.487864034374857, 9.80435137412797]], "over": [[6.907755278982137, 17.291174675604974], [8.153349757998892, 10.425396999548322], [8.691146498539675, 11.107998988136815], [9.038958755220563, 17.062631134856407], [9.296518068217235, 18.113232405492706], [9.501142571764207, 11.634944752154203], [9.670924779305427, 11.110510581556058], [9.816021526754852, 16.290465357152883], [9.94270826568941, 16.548653520685775], [10.055135102145268, 12.399338655974363], [10.156189906091882, 16.55671110090378], [10.247963389017864, 15.427999935276569], [10.332017933575289, 16.953253599493873], [10.409551859200409, 15.795947088602938], [10.481504425842441, 10.453969519170624], [10.548625513909712, 16.80440192124401], [10.611523345589823, 11.542874000287572], [10.67069806139613, 17.3390692238229], [10.726565902688105, 17.311886680638253], [10.779476987636757, 15.264361209326394], [10.829728615263452, 17.102298890884917], [10.8775753831365, 17.963731131766167], [10.923236992778513, 16.68452740251163], [10.966904349300577, 17.190596430391132], [11.008744383922906, 17.95042511727812], [11.04890390740204, 11.43488570979976], [11.087512719052368, 18.361795570117508], [11.124686137527133, 16.277449343379704], [11.160527077798756, 10.557873241109446], [11.195127768613824, 10.207832415696078], [11.228571182611121, 14.994101415038584], [11.260932234926955, 14.910767801287957], [11.292278793854607, 12.133881117232312], [11.322672537849993, 18.070884694706237], [11.352169686090834, 17.63199191712368], [11.38082162433689, 16.038587092617608], [11.40867544359643, 16.493945865443827], [11.435774405781814, 18.152682027565767], [11.462158347916576, 16.42312258878681], [11.487864034374857, 17.66002020063696]], "merge": [[6.907755278982137, 8.07493961985793], [8.153349757998892, 6.384145986218243], [8.691146498539675, 6.563679728321732], [9.038958755220563, 11.131200566800477], [9.296518068217235, 10.006456004435783], [9.501142571764207, 7.930749377758306], [9.670924779305427, 7.544735897318747], [9.816021526754852, 9.29127400072039], [9.94270826568941, 9.370927346619657], [10.055135102145268, 7.874363772586949], [10.156189906091882, 10.912109605187563], [10.247963389017864, 10.011633153976623], [10.332017933575289, 9.203788626746924], [10.409551859200409, 9.275839055033906], [10.481504425842441, 7.1958765094539086], [10.548625513909712, 11.070226091300183], [10.611523345589823, 7.491732605748558], [10.67069806139613, 10.113425667295395], [10.726565902688105, 9.794643579667088], [10.779476987636757, 10.005199809335581], [10.829728615263452, 9.567253681373442], [10.8775753831365, 9.97640944566526], [10.923236992778513, 9.590978166733235], [10.966904349300577, 9.245665815971705], [11.008744383922906, 9.925771715110658], [11.04890390740204, 7.365729040712024], [11.087512719052368, 10.992251777381947], [11.124686137527133, 9.297717158878418], [11.160527077798756, 6.613958399382176], [11.195127768613824, 7.146234867248687], [11.228571182611121, 9.157819975077192], [11.260932234926955, 9.621461797229468], [11.292278793854607, 7.942552557977687], [11.322672537849993, 9.862901198184893], [11.352169686090834, 9.96799510318242], [11.38082162433689, 10.035837605564955], [11.40867544359643, 10.703920143761833], [11.435774405781814, 10.021004806826761], [11.462158347916576, 9.55722553524409], [11.487864034374857, 10.182816641584612]], "argmin_dic": [[1000, 2], [3475, 3], [5950, 3], [8425, 2], [10900, 3], [13375, 3], [15850, 2], [18325, 3], [20800, 3], [23275, 3], [25750, 3], [28225, 3], [30700, 3], [33175, 3], [35650, 2], [38125, 3], [40600, 2], [43075, 3], [45550, 3], [48025, 3], [50500, 3], [52975, 3], [55450, 3], [57925, 3], [60400, 3], [62875, 2], [65350, 3], [67825, 3], [70300, 3], [72775, 3], [75250, 3], [77725, 3], [80200, 3], [82675, 3], [85150, 3], [87625, 3], [90100, 2], [92575, 3], [95050, 3], [97525, 3]], "time_elapsed": 2274.571597099304}