{"exact_d1": [[11.512925464970229, 3.787950149957477]], "exact_d2": [[11.512925464970229, 7.106994598693881]], "over": [[11.512925464970229, 10.210387657135612]], "merge_d1": [[11.512925464970229, 4.371905948823026]], "merge_d2": [[11.512925464970229, 7.112789139091994]], "argmin_dic": [[100000, 2]], "time_elapsed": 222.99660277366638}