{"exact_d1": [[11.512925464970229, 3.883223739905714]], "exact_d2": [[11.512925464970229, 6.95733496642318]], "over": [[11.512925464970229, 9.93547529357357]], "merge_d1": [[11.512925464970229, 4.222692953544067]], "merge_d2": [[11.512925464970229, 5.895572991436429]], "argmin_dic": [[100000, 2]], "time_elapsed": 251.45526504516602}