{"exact_d1": [[6.907755278982137, 3.657665279211834], [8.153349757998892, 3.83417242189185], [8.691146498539675, 3.7868933391225883], [9.038958755220563, 3.7402259378524194], [9.296518068217235, 3.7570284115685464], [9.501142571764207, 3.824173979141761], [9.670924779305427, 3.798342106564661], [9.816021526754852, 3.8821161371681883], [9.94270826568941, 3.8605124787285208], [10.055135102145268, 3.741242193455294], [10.156189906091882, 3.6630230023723143], [10.247963389017864, 3.794936066757835], [10.332017933575289, 3.771861112435329], [10.409551859200409, 3.749350416746713], [10.481504425842441, 3.754924969378465], [10.548625513909712, 3.7134396092951727], [10.611523345589823, 3.732478922749995], [10.67069806139613, 3.7659890139575194], [10.726565902688105, 3.7358513031428653], [10.779476987636757, 3.7699814025962683], [10.829728615263452, 3.7277951594454435], [10.8775753831365, 3.7285247735029023], [10.923236992778513, 3.802323256388014], [10.966904349300577, 3.777232376043589], [11.008744383922906, 3.758947755130233], [11.04890390740204, 3.7581058442290582], [11.087512719052368, 3.77639749755787], [11.124686137527133, 3.70220220490862], [11.160527077798756, 3.7330681030929824], [11.195127768613824, 3.706886153108423], [11.228571182611121, 3.7405635068037175], [11.260932234926955, 3.709313624197624], [11.292278793854607, 3.7582303906929484], [11.322672537849993, 3.7405094607267775], [11.352169686090834, 3.7242743632567774], [11.38082162433689, 3.7363344166838104], [11.40867544359643, 3.740750134347488], [11.435774405781814, 3.739491313981436], [11.462158347916576, 3.7204243426426697], [11.487864034374857, 3.8005121595732616]], "exact_d2": [[6.907755278982137, 5.084987131118694], [8.153349757998892, 6.571254704566051], [8.691146498539675, 6.294752464686267], [9.038958755220563, 7.433892427151532], [9.296518068217235, 7.469493785324048], [9.501142571764207, 6.422626701640061], [9.670924779305427, 6.871669133204525], [9.816021526754852, 6.90711409273121], [9.94270826568941, 6.726581445479416], [10.055135102145268, 7.288683004679854], [10.156189906091882, 6.736466666470674], [10.247963389017864, 7.639380601179837], [10.332017933575289, 6.45644297569449], [10.409551859200409, 6.7949127683534964], [10.481504425842441, 7.002679329813569], [10.548625513909712, 6.82619478415417], [10.611523345589823, 6.738809672590918], [10.67069806139613, 6.739381708188175], [10.726565902688105, 6.731973067327655], [10.779476987636757, 6.8490941968164085], [10.829728615263452, 7.068554564698103], [10.8775753831365, 7.1482348655610215], [10.923236992778513, 6.976385057170096], [10.966904349300577, 7.09063148846347], [11.008744383922906, 6.7910719441617955], [11.04890390740204, 6.720930482096357], [11.087512719052368, 6.846793222137526], [11.124686137527133, 7.28401732536046], [11.160527077798756, 6.887089874956123], [11.195127768613824, 7.239325272571761], [11.228571182611121, 6.616306358650358], [11.260932234926955, 6.914513324784944], [11.292278793854607, 6.701007604446933], [11.322672537849993, 7.053409793083727], [11.352169686090834, 6.768964207593555], [11.38082162433689, 6.6921834552974815], [11.40867544359643, 6.608534069784202], [11.435774405781814, 6.96416129516644], [11.462158347916576, 6.889796475322098], [11.487864034374857, 6.827690846024552]], "over": [[6.907755278982137, 22.53103284177662], [8.153349757998892, 13.625887358196712], [8.691146498539675, 10.195364763170424], [9.038958755220563, 11.2978362908725], [9.296518068217235, 10.223174718677956], [9.501142571764207, 11.145949219318931], [9.670924779305427, 10.111040624059822], [9.816021526754852, 10.397287433779155], [9.94270826568941, 11.348574715560519], [10.055135102145268, 11.946355357282279], [10.156189906091882, 11.248866864240618], [10.247963389017864, 11.814183446192606], [10.332017933575289, 9.687920313056676], [10.409551859200409, 11.114545515388617], [10.481504425842441, 10.217962532873804], [10.548625513909712, 10.731106320314451], [10.611523345589823, 10.288223525973473], [10.67069806139613, 10.716492760425353], [10.726565902688105, 10.414020991108314], [10.779476987636757, 11.187392263468196], [10.829728615263452, 10.612687336812535], [10.8775753831365, 11.474624187082618], [10.923236992778513, 11.301977672386398], [10.966904349300577, 11.405796640273932], [11.008744383922906, 11.605657594641318], [11.04890390740204, 9.860473736406977], [11.087512719052368, 10.373508695544336], [11.124686137527133, 10.85350017089243], [11.160527077798756, 10.804780548967091], [11.195127768613824, 11.308862540474276], [11.228571182611121, 10.016913386607001], [11.260932234926955, 11.693454210002313], [11.292278793854607, 11.10799550241451], [11.322672537849993, 10.814344276728331], [11.352169686090834, 10.40503468303827], [11.38082162433689, 11.162075598750587], [11.40867544359643, 9.986941020765972], [11.435774405781814, 10.79961841311896], [11.462158347916576, 10.493159771017538], [11.487864034374857, 11.34197224713553]], "merge_d1": [[6.907755278982137, 4.406766761446382], [8.153349757998892, 3.935278831278847], [8.691146498539675, 3.851954750301901], [9.038958755220563, 4.382178453911149], [9.296518068217235, 4.434307172239143], [9.501142571764207, 3.934015971750703], [9.670924779305427, 3.9708405485201332], [9.816021526754852, 3.9546140842655593], [9.94270826568941, 4.477160490900781], [10.055135102145268, 4.510388126843305], [10.156189906091882, 4.324815448456503], [10.247963389017864, 4.649873323313828], [10.332017933575289, 3.847095026085502], [10.409551859200409, 4.613545271774584], [10.481504425842441, 4.701245444907105], [10.548625513909712, 3.788566366041178], [10.611523345589823, 3.824683947816355], [10.67069806139613, 4.489553610054486], [10.726565902688105, 3.82768981122592], [10.779476987636757, 4.383779642430907], [10.829728615263452, 4.418225780108963], [10.8775753831365, 3.835852789813963], [10.923236992778513, 4.692718881137695], [10.966904349300577, 4.405743780210017], [11.008744383922906, 4.369996290008179], [11.04890390740204, 4.476763724720757], [11.087512719052368, 3.8864865956491164], [11.124686137527133, 4.434568457382377], [11.160527077798756, 4.338238562654219], [11.195127768613824, 3.7850953683845017], [11.228571182611121, 3.8281400187051937], [11.260932234926955, 3.7959636785928614], [11.292278793854607, 3.8258729951680737], [11.322672537849993, 4.451708632597909], [11.352169686090834, 4.460023047805191], [11.38082162433689, 4.370588771382555], [11.40867544359643, 3.848189507369075], [11.435774405781814, 3.84876907370064], [11.462158347916576, 4.393797024504697], [11.487864034374857, 3.8776849997449268]],