{"exact_d1": [[11.512925464970229, 3.903962015289404]], "exact_d2": [[11.512925464970229, 7.0996370947456295]], "over": [[11.512925464970229, 11.460081039913284]], "merge_d1": [[11.512925464970229, 4.249529855112334]], "merge_d2": [[11.512925464970229, 6.616209621661407]], "argmin_dic": [[100000, 2]], "time_elapsed": 304.98540353775024}