{"exact_d1": [[11.512925464970229, 3.779550631549297]], "exact_d2": [[11.512925464970229, 7.254728758993293]], "over": [[11.512925464970229, 10.309184572701064]], "merge_d1": [[11.512925464970229, 4.292246439935457]], "merge_d2": [[11.512925464970229, 7.065740769209223]], "argmin_dic": [[100000, 2]], "time_elapsed": 299.4035279750824}