{"exact_d1": [[11.512925464970229, 3.7841136776565674]], "exact_d2": [[11.512925464970229, 7.055550670254221]], "over": [[11.512925464970229, 10.660998765445099]], "merge_d1": [[11.512925464970229, 4.209650996932672]], "merge_d2": [[11.512925464970229, 6.74039859224514]], "argmin_dic": [[100000, 2]], "time_elapsed": 207.84301590919495}