{"exact_d1": [[11.512925464970229, 3.7363403951626974]], "exact_d2": [[11.512925464970229, 6.258903729139013]], "over": [[11.512925464970229, 8.656830821807342]], "merge_d1": [[11.512925464970229, 4.125313641986524]], "merge_d2": [[11.512925464970229, 5.812319315317404]], "argmin_dic": [[100000, 2]], "time_elapsed": 334.6656758785248}