{"exact_d1": [[11.512925464970229, 3.7909491277919987]], "exact_d2": [[11.512925464970229, 7.173804842712097]], "over": [[11.512925464970229, 11.123381804851451]], "merge_d1": [[11.512925464970229, 4.227780355590636]], "merge_d2": [[11.512925464970229, 6.20675393619796]], "argmin_dic": [[100000, 2]], "time_elapsed": 170.17442917823792}