{"exact_d1": [[11.512925464970229, 3.84439314578488]], "exact_d2": [[11.512925464970229, 6.727965725104555]], "over": [[11.512925464970229, 9.865059119570873]], "merge_d1": [[11.512925464970229, 4.194024640446244]], "merge_d2": [[11.512925464970229, 5.441404701075177]], "argmin_dic": [[100000, 2]], "time_elapsed": 251.6502845287323}