{"exact": [[6.907755278982137, 10.40016916427531], [8.153349757998892, 7.743296252969194], [8.691146498539675, 10.521176251726924], [9.038958755220563, 9.671443121054663], [9.296518068217235, 9.879893342806378], [9.501142571764207, 9.562723043984628], [9.670924779305427, 6.257103135028746], [9.816021526754852, 9.732766469342247], [9.94270826568941, 9.758459674765508], [10.055135102145268, 9.813644233820503], [10.156189906091882, 9.552983210962307], [10.247963389017864, 6.780951758178412], [10.332017933575289, 9.820434022492089], [10.409551859200409, 10.170510394330483], [10.481504425842441, 9.544952991826921], [10.548625513909712, 9.903076642752778], [10.611523345589823, 9.170595786237259], [10.67069806139613, 6.851038411182068], [10.726565902688105, 10.134031829865918], [10.779476987636757, 9.670480954841638], [10.829728615263452, 6.88698164792369], [10.8775753831365, 6.931520676844391], [10.923236992778513, 10.076012531335685], [10.966904349300577, 9.409268053463007], [11.008744383922906, 9.865028664591533], [11.04890390740204, 9.708843812071624], [11.087512719052368, 6.758579601199884], [11.124686137527133, 10.01288114807318], [11.160527077798756, 9.211910376930067], [11.195127768613824, 7.187821324007201], [11.228571182611121, 9.234484336789746], [11.260932234926955, 10.017113457214377], [11.292278793854607, 9.750593881925324], [11.322672537849993, 9.257081837912724], [11.352169686090834, 6.941002332554019], [11.38082162433689, 9.817962139015668], [11.40867544359643, 7.045337023617524], [11.435774405781814, 9.313856607960478], [11.462158347916576, 9.908755278174766], [11.487864034374857, 9.31516389293069]], "over": [[6.907755278982137, 24.909793246023092], [8.153349757998892, 16.06515011917179], [8.691146498539675, 16.376553773314647], [9.038958755220563, 18.478485096078366], [9.296518068217235, 16.341078880447977], [9.501142571764207, 17.10695031700271], [9.670924779305427, 17.178203960915223], [9.816021526754852, 12.164289558291767], [9.94270826568941, 11.201568911490623], [10.055135102145268, 10.31897617129621], [10.156189906091882, 17.267597686034428], [10.247963389017864, 19.657670542533886], [10.332017933575289, 16.876917765390505], [10.409551859200409, 11.396137871751492], [10.481504425842441, 15.833207045279758], [10.548625513909712, 10.316475412012784], [10.611523345589823, 16.950471255049994], [10.67069806139613, 18.446408290993286], [10.726565902688105, 17.12312542600252], [10.779476987636757, 17.414834925467257], [10.829728615263452, 11.315191917576586], [10.8775753831365, 17.982667859651013], [10.923236992778513, 16.921494046220452], [10.966904349300577, 15.157786821252806], [11.008744383922906, 15.434765658331175], [11.04890390740204, 10.49326834791928], [11.087512719052368, 15.74570023165241], [11.124686137527133, 16.010024245420343], [11.160527077798756, 16.534175465937455], [11.195127768613824, 12.205004127809959], [11.228571182611121, 10.30095631700489], [11.260932234926955, 10.97976031042781], [11.292278793854607, 11.887168926443328], [11.322672537849993, 10.502722991792115], [11.352169686090834, 10.768811229399692], [11.38082162433689, 18.17045608416587], [11.40867544359643, 17.2480872145134], [11.435774405781814, 15.312088520206435], [11.462158347916576, 15.969613732685385], [11.487864034374857, 10.437591034726672]], "merge": [[6.907755278982137, 15.500157774525935], [8.153349757998892, 10.13666635660332], [8.691146498539675, 9.629126914484681], [9.038958755220563, 10.272902389940308], [9.296518068217235, 10.687461291641403], [9.501142571764207, 10.039700306987887], [9.670924779305427, 10.339673326460508], [9.816021526754852, 8.124134657267993], [9.94270826568941, 7.529550418956608], [10.055135102145268, 7.565540189390733], [10.156189906091882, 11.328369833390568], [10.247963389017864, 10.735886964560324], [10.332017933575289, 10.932610593068576], [10.409551859200409, 7.544679403015946], [10.481504425842441, 9.928358606485167], [10.548625513909712, 6.759902516241998], [10.611523345589823, 9.51240667275433], [10.67069806139613, 9.949699731509906], [10.726565902688105, 11.266485201839766], [10.779476987636757, 9.690803092055473], [10.829728615263452, 7.251190221692491], [10.8775753831365, 10.17752727605728], [10.923236992778513, 11.119021938968947], [10.966904349300577, 9.162743509095492], [11.008744383922906, 9.806956905753378], [11.04890390740204, 7.131818787039923], [11.087512719052368, 9.885873059062842], [11.124686137527133, 10.037121170151073], [11.160527077798756, 10.933808437728201], [11.195127768613824, 7.307970436943336], [11.228571182611121, 7.509179262194195], [11.260932234926955, 7.739874625961224], [11.292278793854607, 7.774961734280831], [11.322672537849993, 6.927441514382084], [11.352169686090834, 6.988332351344599], [11.38082162433689, 9.70570093466485], [11.40867544359643, 10.350129930828091], [11.435774405781814, 9.810304158177384], [11.462158347916576, 10.00240220870713], [11.487864034374857, 6.825569131609891]], "argmin_dic": [[1000, 2], [3475, 2], [5950, 2], [8425, 3], [10900, 2], [13375, 3], [15850, 2], [18325, 2], [20800, 3], [23275, 2], [25750, 3], [28225, 3], [30700, 3], [33175, 3], [35650, 3], [38125, 3], [40600, 3], [43075, 3], [45550, 3], [48025, 3], [50500, 3], [52975, 3], [55450, 3], [57925, 3], [60400, 3], [62875, 3], [65350, 3], [67825, 3], [70300, 3], [72775, 3], [75250, 2], [77725, 2], [80200, 3], [82675, 3], [85150, 3], [87625, 3], [90100, 2], [92575, 3], [95050, 3], [97525, 3]], "time_elapsed": 1747.4872143268585}