{"exact_d1": [[11.512925464970229, 3.8217782590777762]], "exact_d2": [[11.512925464970229, 6.972210052489285]], "over": [[11.512925464970229, 9.645082697721257]], "merge_d1": [[11.512925464970229, 4.3375840612276555]], "merge_d2": [[11.512925464970229, 6.498831824260754]], "argmin_dic": [[100000, 2]], "time_elapsed": 515.4700133800507}