{"exact_d1": [[11.512925464970229, 3.7284556327941556]], "exact_d2": [[11.512925464970229, 6.267807049995599]], "over": [[11.512925464970229, 10.926250665372912]], "merge_d1": [[11.512925464970229, 4.330887388896141]], "merge_d2": [[11.512925464970229, 7.041117946375899]], "argmin_dic": [[100000, 2]], "time_elapsed": 225.104966878891}