{"exact_d1": [[11.512925464970229, 3.7075571779318297]], "exact_d2": [[11.512925464970229, 6.631370118126377]], "over": [[11.512925464970229, 9.367234140034896]], "merge_d1": [[11.512925464970229, 4.2537606795977325]], "merge_d2": [[11.512925464970229, 5.773001441016839]], "argmin_dic": [[100000, 2]], "time_elapsed": 350.48841166496277}