{"exact_d1": [[6.907755278982137, 3.5812292160966845], [8.153349757998892, 3.7287010758208763], [8.691146498539675, 3.8601999717761415], [9.038958755220563, 3.851852735515457], [9.296518068217235, 3.7706358884309896], [9.501142571764207, 3.6372209153341615], [9.670924779305427, 3.8212029844326647], [9.816021526754852, 3.9248093136572075], [9.94270826568941, 3.7343105116662585], [10.055135102145268, 3.7627121664193126], [10.156189906091882, 3.7737174682793704], [10.247963389017864, 3.7504623629768385], [10.332017933575289, 3.758632826414237], [10.409551859200409, 3.7672120951590595], [10.481504425842441, 3.7074245864923148], [10.548625513909712, 3.828694359635391], [10.611523345589823, 3.7710408429527233], [10.67069806139613, 3.7569142796180865], [10.726565902688105, 3.7115725400054136], [10.779476987636757, 3.7147548553274268], [10.829728615263452, 3.72984254968814], [10.8775753831365, 3.735382198859598], [10.923236992778513, 3.7574888870474648], [10.966904349300577, 3.7426714052685526], [11.008744383922906, 3.7405762387647505], [11.04890390740204, 3.7332109679849226], [11.087512719052368, 3.7125848881120365], [11.124686137527133, 3.741378548711798], [11.160527077798756, 3.736347050158729], [11.195127768613824, 3.74500438361337], [11.228571182611121, 3.73869118652546], [11.260932234926955, 3.7424253477340033], [11.292278793854607, 3.7359973281519117], [11.322672537849993, 3.7546126967858062], [11.352169686090834, 3.7380135859837025], [11.38082162433689, 3.7102386195287456], [11.40867544359643, 3.7897341431582348], [11.435774405781814, 3.7324304144173754], [11.462158347916576, 3.748020014616529], [11.487864034374857, 3.737563004182932]], "exact_d2": [[6.907755278982137, 6.98850326717593], [8.153349757998892, 6.4100117373649885], [8.691146498539675, 8.258875724519342], [9.038958755220563, 7.731165190892552], [9.296518068217235, 6.966138160365508], [9.501142571764207, 6.598224193377307], [9.670924779305427, 6.8147164370037325], [9.816021526754852, 7.322654974769746], [9.94270826568941, 6.82039161679129], [10.055135102145268, 6.588568725117391], [10.156189906091882, 7.027720476886002], [10.247963389017864, 6.220149305614819], [10.332017933575289, 6.204425665502134], [10.409551859200409, 6.578185242121522], [10.481504425842441, 6.984821059959117], [10.548625513909712, 7.256426191122932], [10.611523345589823, 6.666559844363516], [10.67069806139613, 7.0605539018865295], [10.726565902688105, 7.003211890557622], [10.779476987636757, 6.967773985238488], [10.829728615263452, 7.132126109365614], [10.8775753831365, 6.803959369798541], [10.923236992778513, 7.393982641264879], [10.966904349300577, 7.234765364841193], [11.008744383922906, 7.0289644701904], [11.04890390740204, 6.641650018904879], [11.087512719052368, 6.860345556440272], [11.124686137527133, 6.848528354216137], [11.160527077798756, 7.001543149474098], [11.195127768613824, 6.8989504284840315], [11.228571182611121, 6.839881457343675], [11.260932234926955, 6.838411635731287], [11.292278793854607, 6.924003318021298], [11.322672537849993, 7.172431723386147], [11.352169686090834, 6.850956175534598], [11.38082162433689, 6.898419963710567], [11.40867544359643, 6.829669204926883], [11.435774405781814, 6.655249503450667], [11.462158347916576, 6.874401118368628], [11.487864034374857, 6.8372642426392805]], "over": [[6.907755278982137, 16.70814851084015], [8.153349757998892, 11.138281527382036], [8.691146498539675, 11.944803076966295], [9.038958755220563, 15.964352320791125], [9.296518068217235, 13.368128220481466], [9.501142571764207, 10.950725786708405], [9.670924779305427, 10.973337512845355], [9.816021526754852, 11.16118787871584], [9.94270826568941, 10.329981775588973], [10.055135102145268, 10.493003297457872], [10.156189906091882, 11.225180327819185], [10.247963389017864, 10.575153232938527], [10.332017933575289, 10.34190761615046], [10.409551859200409, 10.254836783068003], [10.481504425842441, 11.281706487778221], [10.548625513909712, 11.428444460244366], [10.611523345589823, 10.815896022041844], [10.67069806139613, 11.068273734708251], [10.726565902688105, 10.90993087456378], [10.779476987636757, 10.879304572529746], [10.829728615263452, 10.933771353450345], [10.8775753831365, 10.858632505209062], [10.923236992778513, 11.816341991081874], [10.966904349300577, 11.429843301052355], [11.008744383922906, 11.179444964070141], [11.04890390740204, 10.158662241620847], [11.087512719052368, 11.091522509665136], [11.124686137527133, 10.331639418577806], [11.160527077798756, 11.61036426068586], [11.195127768613824, 11.634679243992876], [11.228571182611121, 10.837184586183364], [11.260932234926955, 10.583952123237987], [11.292278793854607, 10.49242944905008], [11.322672537849993, 11.121616084773619], [11.352169686090834, 11.585914667371815], [11.38082162433689, 10.807189071515277], [11.40867544359643, 11.315445244633482], [11.435774405781814, 10.287146531094821], [11.462158347916576, 11.087071369755105], [11.487864034374857, 10.36279490781575]], "merge_d1": [[6.907755278982137, 3.519701216687276], [8.153349757998892, 3.8248978641783995], [8.691146498539675, 4.060474827737459], [9.038958755220563, 3.7959767101124844], [9.296518068217235, 3.8685256516743505], [9.501142571764207, 4.303755086156739], [9.670924779305427, 4.4705035382262945], [9.816021526754852, 3.9863460957285137], [9.94270826568941, 4.439852041725946], [10.055135102145268, 3.8406586382018846], [10.156189906091882, 4.454372748053819], [10.247963389017864, 4.504333379337373], [10.332017933575289, 4.445713963949561], [10.409551859200409, 4.416621006759676], [10.481504425842441, 4.391636278532759], [10.548625513909712, 4.590148129855405], [10.611523345589823, 4.3199747495709495], [10.67069806139613, 3.8649682361137407], [10.726565902688105, 3.8208817574088445], [10.779476987636757, 3.8171409390685063], [10.829728615263452, 4.444743175504911], [10.8775753831365, 3.8571026437027784], [10.923236992778513, 3.8435142607500037], [10.966904349300577, 3.826437457036815], [11.008744383922906, 4.479699858436122], [11.04890390740204, 4.407432700222195], [11.087512719052368, 4.426718726881355], [11.124686137527133, 3.843060969132318], [11.160527077798756, 4.352027671437486], [11.195127768613824, 3.814154737536449], [11.228571182611121, 3.846690134223411], [11.260932234926955, 3.850172148332583], [11.292278793854607, 3.8511659021748534], [11.322672537849993, 3.8592106271404987], [11.352169686090834, 3.803122582484375], [11.38082162433689, 3.8023906091953843], [11.40867544359643, 3.8668546267125525], [11.435774405781814, 4.394699125681733], [11.462158347916576, 4.327960821431004], [11.487864034374857, 4.583580471467907]],