{"exact": [[6.907755278982137, 9.96089937083372], [8.153349757998892, 6.489955410569215], [8.691146498539675, 6.977003386421277], [9.038958755220563, 9.957142249046127], [9.296518068217235, 10.753566541468944], [9.501142571764207, 9.040326388758192], [9.670924779305427, 9.56056644040578], [9.816021526754852, 9.691345628652677], [9.94270826568941, 9.281811283315308], [10.055135102145268, 10.229124169471945], [10.156189906091882, 6.571033880640212], [10.247963389017864, 7.5102227419682], [10.332017933575289, 10.08173785331374], [10.409551859200409, 10.046750083071748], [10.481504425842441, 7.178476506322185], [10.548625513909712, 6.781232730359455], [10.611523345589823, 6.990019684209073], [10.67069806139613, 10.067938109558382], [10.726565902688105, 6.808398463344197], [10.779476987636757, 6.780874489859711], [10.829728615263452, 9.896135893483962], [10.8775753831365, 10.000152706881272], [10.923236992778513, 9.472755429652526], [10.966904349300577, 6.840535168879683], [11.008744383922906, 9.96448945308692], [11.04890390740204, 10.082468308328766], [11.087512719052368, 9.843469723781164], [11.124686137527133, 9.388017032429886], [11.160527077798756, 6.685788379379407], [11.195127768613824, 9.72582444215312], [11.228571182611121, 9.740094295395716], [11.260932234926955, 6.801833650841268], [11.292278793854607, 9.821318545582635], [11.322672537849993, 9.133254669071011], [11.352169686090834, 6.841084613230582], [11.38082162433689, 7.356892071578414], [11.40867544359643, 10.078524456029104], [11.435774405781814, 9.880494486614213], [11.462158347916576, 6.95894794663432], [11.487864034374857, 7.018250673752915]], "over": [[6.907755278982137, 17.362657864450323], [8.153349757998892, 16.07485056543413], [8.691146498539675, 14.745859131380795], [9.038958755220563, 14.51880550297305], [9.296518068217235, 12.902539071328292], [9.501142571764207, 14.511709579214823], [9.670924779305427, 16.097135448676973], [9.816021526754852, 16.77561491242146], [9.94270826568941, 12.765363890485856], [10.055135102145268, 18.74779527002855], [10.156189906091882, 18.175019098018087], [10.247963389017864, 14.098316517169518], [10.332017933575289, 16.9477653094781], [10.409551859200409, 14.440209072130274], [10.481504425842441, 16.891597018157185], [10.548625513909712, 14.969136209691483], [10.611523345589823, 16.202303272486937], [10.67069806139613, 15.697103062182288], [10.726565902688105, 12.067245998607055], [10.779476987636757, 11.52538538503463], [10.829728615263452, 16.439559376250223], [10.8775753831365, 11.4060341088081], [10.923236992778513, 14.606876620164297], [10.966904349300577, 16.599120337169563], [11.008744383922906, 12.546608441283725], [11.04890390740204, 15.907805150478127], [11.087512719052368, 13.191136794047262], [11.124686137527133, 15.553804001386135], [11.160527077798756, 16.706657706605725], [11.195127768613824, 13.274650273276663], [11.228571182611121, 11.82688325777069], [11.260932234926955, 16.229398355117095], [11.292278793854607, 16.924326271065716], [11.322672537849993, 16.316998464756946], [11.352169686090834, 14.441849042992546], [11.38082162433689, 13.083581312057337], [11.40867544359643, 11.998769021453944], [11.435774405781814, 11.412638332251621], [11.462158347916576, 18.17719029107748], [11.487864034374857, 13.905591139886122]], "merge": [[6.907755278982137, 10.611703058261416], [8.153349757998892, 8.198677794782522], [8.691146498539675, 6.826450926539931], [9.038958755220563, 9.569672825667949], [9.296518068217235, 7.5759676217942955], [9.501142571764207, 9.244847014704822], [9.670924779305427, 8.770816139819157], [9.816021526754852, 10.106169982269332], [9.94270826568941, 9.283277615467556], [10.055135102145268, 12.29832926992238], [10.156189906091882, 11.858057879667454], [10.247963389017864, 9.24813960306816], [10.332017933575289, 11.036103816842914], [10.409551859200409, 8.812108486687046], [10.481504425842441, 9.6246578789537], [10.548625513909712, 9.282602854513657], [10.611523345589823, 10.291080371421454], [10.67069806139613, 10.46193357397418], [10.726565902688105, 6.443172354877331], [10.779476987636757, 7.010557605610113], [10.829728615263452, 10.403607236402673], [10.8775753831365, 7.2592777910972055], [10.923236992778513, 9.567977553166948], [10.966904349300577, 10.583651673196247], [11.008744383922906, 6.872287571375715], [11.04890390740204, 9.75864444414681], [11.087512719052368, 6.505147387654865], [11.124686137527133, 10.201706419074895], [11.160527077798756, 9.472062163595016], [11.195127768613824, 9.303981689122153], [11.228571182611121, 8.576607892377758], [11.260932234926955, 10.10946013095805], [11.292278793854607, 10.356201758502085], [11.322672537849993, 8.840155462983747], [11.352169686090834, 9.39579650166169], [11.38082162433689, 8.881091760860054], [11.40867544359643, 6.20550221881439], [11.435774405781814, 6.776146713198709], [11.462158347916576, 9.802954292356437], [11.487864034374857, 9.304562669873304]], "argmin_dic": [[1000, 2], [3475, 2], [5950, 3], [8425, 3], [10900, 3], [13375, 3], [15850, 3], [18325, 3], [20800, 3], [23275, 3], [25750, 3], [28225, 2], [30700, 3], [33175, 2], [35650, 3], [38125, 3], [40600, 3], [43075, 3], [45550, 3], [48025, 3], [50500, 3], [52975, 3], [55450, 3], [57925, 3], [60400, 2], [62875, 2], [65350, 3], [67825, 3], [70300, 3], [72775, 3], [75250, 2], [77725, 2], [80200, 3], [82675, 3], [85150, 3], [87625, 2], [90100, 3], [92575, 3], [95050, 2], [97525, 2]], "time_elapsed": 2835.234402656555}