{"exact_d1": [[11.512925464970229, 3.818887675489709]], "exact_d2": [[11.512925464970229, 6.010590205091231]], "over": [[11.512925464970229, 9.87534114876723]], "merge_d1": [[11.512925464970229, 4.393236929811801]], "merge_d2": [[11.512925464970229, 6.578421723518507]], "argmin_dic": [[100000, 2]], "time_elapsed": 362.9001054763794}