{"exact_d1": [[6.907755278982137, 3.643262249844881], [8.153349757998892, 3.5049938789072272], [8.691146498539675, 3.684225701854212], [9.038958755220563, 3.8354025906537172], [9.296518068217235, 3.715268080551691], [9.501142571764207, 3.73937654266486], [9.670924779305427, 3.775162276758669], [9.816021526754852, 3.8056221390474234], [9.94270826568941, 3.675347741564837], [10.055135102145268, 3.7122988584815344], [10.156189906091882, 3.7522080550260357], [10.247963389017864, 3.784476971402185], [10.332017933575289, 3.802855809994077], [10.409551859200409, 3.783865363321434], [10.481504425842441, 3.698801993457624], [10.548625513909712, 3.756262432428107], [10.611523345589823, 3.6899028405958956], [10.67069806139613, 3.7067643135808326], [10.726565902688105, 3.749285603254553], [10.779476987636757, 3.7469049857182326], [10.829728615263452, 3.8024539207068853], [10.8775753831365, 3.7320423549867705], [10.923236992778513, 3.760337333620526], [10.966904349300577, 3.6727579008451374], [11.008744383922906, 3.755880113737046], [11.04890390740204, 3.751980364988301], [11.087512719052368, 3.722149301565156], [11.124686137527133, 3.772212842783641], [11.160527077798756, 3.7408003162056023], [11.195127768613824, 3.710021087001137], [11.228571182611121, 3.72075409455213], [11.260932234926955, 3.7325938661864644], [11.292278793854607, 3.7369142159923214], [11.322672537849993, 3.757206129836589], [11.352169686090834, 3.7480299778175925], [11.38082162433689, 3.755201085722763], [11.40867544359643, 3.721403779398191], [11.435774405781814, 3.7164123194577328], [11.462158347916576, 3.7670743857783426], [11.487864034374857, 3.699391323446793]], "exact_d2": [[6.907755278982137, 7.69699719317819], [8.153349757998892, 6.204154342666375], [8.691146498539675, 8.47569528248905], [9.038958755220563, 6.96986040135676], [9.296518068217235, 6.490038858799207], [9.501142571764207, 6.327222598255326], [9.670924779305427, 7.679359928554989], [9.816021526754852, 6.975039497450204], [9.94270826568941, 7.315804536865709], [10.055135102145268, 6.988788648879061], [10.156189906091882, 6.64052821372818], [10.247963389017864, 6.5077006897175425], [10.332017933575289, 7.034920193019743], [10.409551859200409, 7.295793926052259], [10.481504425842441, 6.8817956601353725], [10.548625513909712, 7.156290637536739], [10.611523345589823, 6.990939853364584], [10.67069806139613, 6.721710760150352], [10.726565902688105, 7.391527862277856], [10.779476987636757, 6.912334462773571], [10.829728615263452, 6.92026722328731], [10.8775753831365, 7.011684854411265], [10.923236992778513, 6.700472506871654], [10.966904349300577, 6.961523692653778], [11.008744383922906, 6.937616305864075], [11.04890390740204, 6.9364220602316164], [11.087512719052368, 6.942169355579207], [11.124686137527133, 6.981315372211235], [11.160527077798756, 6.868003218543899], [11.195127768613824, 6.8989018740200505], [11.228571182611121, 7.002150417959117], [11.260932234926955, 6.7919685219690855], [11.292278793854607, 6.7287526577720485], [11.322672537849993, 6.682884137149728], [11.352169686090834, 6.986009049004262], [11.38082162433689, 6.931929674442983], [11.40867544359643, 7.153186082677309], [11.435774405781814, 6.972632714131965], [11.462158347916576, 6.873126313770314], [11.487864034374857, 6.7009658145706545]], "over": [[6.907755278982137, 18.16505744857384], [8.153349757998892, 12.555011076858516], [8.691146498539675, 12.692683084594687], [9.038958755220563, 11.718324499871976], [9.296518068217235, 9.697559323673373], [9.501142571764207, 9.89181096265788], [9.670924779305427, 11.971475349531042], [9.816021526754852, 10.201882669854289], [9.94270826568941, 11.468009617155607], [10.055135102145268, 10.176040365884242], [10.156189906091882, 10.230249934057348], [10.247963389017864, 10.184999828582244], [10.332017933575289, 9.912023972909308], [10.409551859200409, 12.556250500566247], [10.481504425842441, 10.808286450551096], [10.548625513909712, 11.585466368170572], [10.611523345589823, 10.933279944852554], [10.67069806139613, 9.659307674243033], [10.726565902688105, 11.09499786816496], [10.779476987636757, 10.090909410732575], [10.829728615263452, 11.432506747262352], [10.8775753831365, 10.24878077729862], [10.923236992778513, 10.592078128983077], [10.966904349300577, 11.158568469813464], [11.008744383922906, 9.992245034519582], [11.04890390740204, 11.182479135498385], [11.087512719052368, 10.471435206909671], [11.124686137527133, 9.921682764314678], [11.160527077798756, 11.797112376930215], [11.195127768613824, 11.216936134951917], [11.228571182611121, 10.240353947583346], [11.260932234926955, 10.48433579970801], [11.292278793854607, 10.188296511016684], [11.322672537849993, 11.20138282149158], [11.352169686090834, 11.980510844018294], [11.38082162433689, 10.282666765873078], [11.40867544359643, 10.624032399971565], [11.435774405781814, 10.959112324501929], [11.462158347916576, 11.681465502671672], [11.487864034374857, 10.166523179905967]], "merge_d1": [[6.907755278982137, 4.171726515894494], [8.153349757998892, 4.524321461637325], [8.691146498539675, 3.6092593516099263], [9.038958755220563, 4.779143098025777], [9.296518068217235, 3.73686249031654], [9.501142571764207, 3.805413123929077], [9.670924779305427, 4.450372584792892], [9.816021526754852, 4.453181429935502], [9.94270826568941, 3.763908652550715], [10.055135102145268, 4.589995818481051], [10.156189906091882, 4.630991398804944], [10.247963389017864, 4.439438047610174], [10.332017933575289, 4.555977291519381], [10.409551859200409, 3.855501508244712], [10.481504425842441, 3.770422992471033], [10.548625513909712, 4.587317778773625], [10.611523345589823, 3.7881467179094366], [10.67069806139613, 4.398009863911542], [10.726565902688105, 3.8494291646218306], [10.779476987636757, 3.833084224236847], [10.829728615263452, 4.472403810354976], [10.8775753831365, 4.419998600978952], [10.923236992778513, 4.400565217689053], [10.966904349300577, 4.333187287265384], [11.008744383922906, 4.470301715996822], [11.04890390740204, 4.66784284616024], [11.087512719052368, 4.444391945448853], [11.124686137527133, 4.473413609717923], [11.160527077798756, 3.80810793173511], [11.195127768613824, 4.394448881279112], [11.228571182611121, 4.573678377010554], [11.260932234926955, 3.8299040528729176], [11.292278793854607, 4.438123325093319], [11.322672537849993, 3.8243314307371765], [11.352169686090834, 3.828716564666252], [11.38082162433689, 4.4638072195613026], [11.40867544359643, 4.436224123636419], [11.435774405781814, 3.802213318447207], [11.462158347916576, 3.8434668800106726], [11.487864034374857, 4.352755164493459]],