{"exact_d1": [[11.512925464970229, 3.8765645555779793]], "exact_d2": [[11.512925464970229, 7.014356503188653]], "over": [[11.512925464970229, 12.75496851259021]], "merge_d1": [[11.512925464970229, 4.323070611831315]], "merge_d2": [[11.512925464970229, 8.401384120161516]], "argmin_dic": [[100000, 2]], "time_elapsed": 275.0432164669037}