{"exact_d1": [[11.512925464970229, 3.9137030978871348]], "exact_d2": [[11.512925464970229, 7.517034558695579]], "over": [[11.512925464970229, 10.522405818715908]], "merge_d1": [[11.512925464970229, 4.318057990280529]], "merge_d2": [[11.512925464970229, 7.312935702222359]], "argmin_dic": [[100000, 2]], "time_elapsed": 282.8668541908264}