{"exact_d1": [[6.907755278982137, 3.9503110479394863], [8.153349757998892, 3.5308299235056766], [8.691146498539675, 3.7155498925424415], [9.038958755220563, 3.8078163783633117], [9.296518068217235, 3.6431727351942844], [9.501142571764207, 3.8493649841373636], [9.670924779305427, 3.696454756775864], [9.816021526754852, 3.798700212105957], [9.94270826568941, 3.8445358034782653], [10.055135102145268, 3.7758193275592196], [10.156189906091882, 3.678741161411517], [10.247963389017864, 3.668864014783591], [10.332017933575289, 3.7619543806754128], [10.409551859200409, 3.7756550198167167], [10.481504425842441, 3.7551511477438493], [10.548625513909712, 3.67318127628792], [10.611523345589823, 3.7587698368319464], [10.67069806139613, 3.7355564661501686], [10.726565902688105, 3.7450026888705943], [10.779476987636757, 3.7023565927861375], [10.829728615263452, 3.687693576465368], [10.8775753831365, 3.6907465311185534], [10.923236992778513, 3.7681016706403287], [10.966904349300577, 3.7362676128840455], [11.008744383922906, 3.734980272404471], [11.04890390740204, 3.735921527270502], [11.087512719052368, 3.8019391890445995], [11.124686137527133, 3.7270137675276938], [11.160527077798756, 3.72580917859497], [11.195127768613824, 3.7296788212861878], [11.228571182611121, 3.7466319902078773], [11.260932234926955, 3.7770369064686387], [11.292278793854607, 3.7248102701542978], [11.322672537849993, 3.7632705639625357], [11.352169686090834, 3.785226397486881], [11.38082162433689, 3.6922474082645653], [11.40867544359643, 3.772414799070576], [11.435774405781814, 3.703864716922885], [11.462158347916576, 3.7561670917908727], [11.487864034374857, 3.7738745191863385]], "exact_d2": [[6.907755278982137, 8.7136292648964], [8.153349757998892, 7.469989509028806], [8.691146498539675, 6.078741493099846], [9.038958755220563, 6.785396536434561], [9.296518068217235, 6.7853398480380305], [9.501142571764207, 7.02349075333989], [9.670924779305427, 6.671746855356732], [9.816021526754852, 6.93238142773544], [9.94270826568941, 7.295454680926965], [10.055135102145268, 7.097176997894212], [10.156189906091882, 7.183421284660047], [10.247963389017864, 7.429588552737264], [10.332017933575289, 7.125552249074429], [10.409551859200409, 7.085309844602607], [10.481504425842441, 6.7898199415839295], [10.548625513909712, 6.699382472183946], [10.611523345589823, 7.244955614068542], [10.67069806139613, 6.943355900462047], [10.726565902688105, 6.936736353102911], [10.779476987636757, 7.317674902614029], [10.829728615263452, 6.847299893012688], [10.8775753831365, 6.672766563191635], [10.923236992778513, 6.847962293525365], [10.966904349300577, 6.894934735249464], [11.008744383922906, 6.953936359788214], [11.04890390740204, 7.060634776068798], [11.087512719052368, 6.853861727051347], [11.124686137527133, 6.74781149689939], [11.160527077798756, 7.018575864242143], [11.195127768613824, 6.976598698745275], [11.228571182611121, 6.81496885367347], [11.260932234926955, 6.947611318148324], [11.292278793854607, 7.221639386097091], [11.322672537849993, 6.783405122394983], [11.352169686090834, 7.198477517022384], [11.38082162433689, 6.807933502016809], [11.40867544359643, 7.187315386780289], [11.435774405781814, 6.6463584902136015], [11.462158347916576, 6.831728143605885], [11.487864034374857, 7.005228245381618]], "over": [[6.907755278982137, 19.202598555734927], [8.153349757998892, 13.043850347844563], [8.691146498539675, 10.835868312235695], [9.038958755220563, 10.677127099348963], [9.296518068217235, 11.09109663306345], [9.501142571764207, 10.967827784973034], [9.670924779305427, 9.928897806405995], [9.816021526754852, 11.799812983155384], [9.94270826568941, 11.507632936435972], [10.055135102145268, 11.351847970324886], [10.156189906091882, 12.245835733364027], [10.247963389017864, 10.448878391218585], [10.332017933575289, 12.544728648989185], [10.409551859200409, 11.031297977183707], [10.481504425842441, 11.335893284626321], [10.548625513909712, 10.307560858692126], [10.611523345589823, 11.288496245186815], [10.67069806139613, 10.653260811315196], [10.726565902688105, 10.587137238851751], [10.779476987636757, 11.50088100038585], [10.829728615263452, 9.904286032843661], [10.8775753831365, 11.19488433235244], [10.923236992778513, 10.286455075049565], [10.966904349300577, 13.531647604075543], [11.008744383922906, 10.852143875446117], [11.04890390740204, 11.08512416203614], [11.087512719052368, 10.712804417883028], [11.124686137527133, 11.77933956302299], [11.160527077798756, 11.96385569657303], [11.195127768613824, 11.615846243025098], [11.228571182611121, 10.36897260563987], [11.260932234926955, 11.139477750183625], [11.292278793854607, 10.717551131775757], [11.322672537849993, 11.437589024007446], [11.352169686090834, 11.119262465830467], [11.38082162433689, 10.040413064091497], [11.40867544359643, 11.13640761306182], [11.435774405781814, 10.227024060768674], [11.462158347916576, 10.502257778180923], [11.487864034374857, 11.084556240856726]], "merge_d1": [[6.907755278982137, 4.838540722827732], [8.153349757998892, 4.343424196039787], [8.691146498539675, 4.7953983351239176], [9.038958755220563, 4.618309002708927], [9.296518068217235, 4.343237191888066], [9.501142571764207, 3.9110116100003425], [9.670924779305427, 4.283430889733436], [9.816021526754852, 3.8782624986351615], [9.94270826568941, 4.463048791840123], [10.055135102145268, 4.489378883225115], [10.156189906091882, 3.750983836084769], [10.247963389017864, 4.601823382003027], [10.332017933575289, 4.452853900413883], [10.409551859200409, 4.384638148251534], [10.481504425842441, 3.821611114278393], [10.548625513909712, 3.7525057727591644], [10.611523345589823, 3.8700386815471703], [10.67069806139613, 3.8276699984628513], [10.726565902688105, 4.350437515020337], [10.779476987636757, 3.785472719132481], [10.829728615263452, 4.59939813329919], [10.8775753831365, 3.7461271388769566], [10.923236992778513, 4.341565428291685], [10.966904349300577, 4.737708057397887], [11.008744383922906, 3.8140929614587966], [11.04890390740204, 4.435671761438714], [11.087512719052368, 4.537370454790869], [11.124686137527133, 4.596524397146747], [11.160527077798756, 3.797882696401431], [11.195127768613824, 4.442473278308012], [11.228571182611121, 3.8504841214465624], [11.260932234926955, 4.351729139913648], [11.292278793854607, 4.451100740555871], [11.322672537849993, 3.825176698632674], [11.352169686090834, 4.4864599734465], [11.38082162433689, 4.635104075386843], [11.40867544359643, 3.8725103922880857], [11.435774405781814, 3.79516460791295], [11.462158347916576, 4.4767806170031825], [11.487864034374857, 4.421390402695742]],