{"exact": [[6.907755278982137, 10.380047037676855], [8.153349757998892, 6.903249901700681], [8.691146498539675, 8.684744557243594], [9.038958755220563, 9.46506431355006], [9.296518068217235, 9.556276058850038], [9.501142571764207, 10.205456409985269], [9.670924779305427, 6.910868261121377], [9.816021526754852, 9.196311093259654], [9.94270826568941, 9.111669979780793], [10.055135102145268, 9.411059052272737], [10.156189906091882, 9.230152674533642], [10.247963389017864, 6.911125608392453], [10.332017933575289, 9.177028604817881], [10.409551859200409, 9.259052787084578], [10.481504425842441, 9.258439299606817], [10.548625513909712, 7.624287123057707], [10.611523345589823, 9.8044428027615], [10.67069806139613, 7.0788270830110935], [10.726565902688105, 10.030679491033734], [10.779476987636757, 9.915667293272488], [10.829728615263452, 9.205594627355913], [10.8775753831365, 6.764391960773219], [10.923236992778513, 6.953568546662381], [10.966904349300577, 9.451110566948472], [11.008744383922906, 9.444711572826076], [11.04890390740204, 9.374125524105068], [11.087512719052368, 9.36424342509609], [11.124686137527133, 9.499611909845864], [11.160527077798756, 9.767612779499517], [11.195127768613824, 6.840207646034021], [11.228571182611121, 9.206631687539062], [11.260932234926955, 9.760661216864236], [11.292278793854607, 9.418776917087497], [11.322672537849993, 9.618066250591912], [11.352169686090834, 6.848084738009238], [11.38082162433689, 7.120743025816215], [11.40867544359643, 9.998632321005474], [11.435774405781814, 9.722630489556792], [11.462158347916576, 9.72351587562946], [11.487864034374857, 9.407225463097113]], "over": [[6.907755278982137, 27.721163409614594], [8.153349757998892, 12.246197398489818], [8.691146498539675, 16.804447091619895], [9.038958755220563, 19.040617808618123], [9.296518068217235, 17.22108147449291], [9.501142571764207, 18.477310230920338], [9.670924779305427, 12.945099952388265], [9.816021526754852, 15.57469715945511], [9.94270826568941, 15.94597894926407], [10.055135102145268, 17.768591000800264], [10.156189906091882, 9.595096220154913], [10.247963389017864, 9.665026053286097], [10.332017933575289, 16.642185913679644], [10.409551859200409, 17.06915412119045], [10.481504425842441, 16.419270715881535], [10.548625513909712, 15.498803781820191], [10.611523345589823, 10.685123312574337], [10.67069806139613, 10.915087121279557], [10.726565902688105, 10.420553169106812], [10.779476987636757, 16.972449991362854], [10.829728615263452, 15.647851290456877], [10.8775753831365, 16.134334974758797], [10.923236992778513, 16.988908709812762], [10.966904349300577, 18.12737193104589], [11.008744383922906, 16.16824496728703], [11.04890390740204, 10.28498991173389], [11.087512719052368, 16.902467529704058], [11.124686137527133, 20.141645018356265], [11.160527077798756, 17.10805007388553], [11.195127768613824, 11.504217973047295], [11.228571182611121, 11.684677828656364], [11.260932234926955, 20.11883420338199], [11.292278793854607, 15.219284749515234], [11.322672537849993, 16.138490822577495], [11.352169686090834, 16.667043050099803], [11.38082162433689, 17.2735412645036], [11.40867544359643, 10.482012389199827], [11.435774405781814, 15.12112242155999], [11.462158347916576, 16.165352133613524], [11.487864034374857, 11.685238542019496]], "merge": [[6.907755278982137, 15.083923991380518], [8.153349757998892, 8.984532880709384], [8.691146498539675, 11.253155064137378], [9.038958755220563, 11.435130971329755], [9.296518068217235, 10.06777516768459], [9.501142571764207, 10.539581022890093], [9.670924779305427, 8.637350600823467], [9.816021526754852, 9.645074413825272], [9.94270826568941, 10.467574562073139], [10.055135102145268, 9.544655097035482], [10.156189906091882, 7.101460012603929], [10.247963389017864, 6.839444412142252], [10.332017933575289, 10.984694715498298], [10.409551859200409, 11.397046482937487], [10.481504425842441, 10.811957215145659], [10.548625513909712, 9.91728615010963], [10.611523345589823, 7.340023159686742], [10.67069806139613, 7.319795184966692], [10.726565902688105, 7.346691894471038], [10.779476987636757, 11.17295955467739], [10.829728615263452, 9.814653580219291], [10.8775753831365, 10.612568670279298], [10.923236992778513, 11.21953516320829], [10.966904349300577, 9.596859190205764], [11.008744383922906, 9.933827474991709], [11.04890390740204, 7.638696345651781], [11.087512719052368, 9.857869997593435], [11.124686137527133, 10.931771317018194], [11.160527077798756, 9.935707453471903], [11.195127768613824, 7.013360221054796], [11.228571182611121, 6.924581067026862], [11.260932234926955, 10.929719786368175], [11.292278793854607, 10.012063539364297], [11.322672537849993, 10.084646319512197], [11.352169686090834, 10.975454184899917], [11.38082162433689, 10.405720971397928], [11.40867544359643, 7.32189316518108], [11.435774405781814, 9.691690019550569], [11.462158347916576, 10.118917751836552], [11.487864034374857, 7.161673260936415]], "argmin_dic": [[1000, 3], [3475, 2], [5950, 2], [8425, 3], [10900, 3], [13375, 3], [15850, 2], [18325, 3], [20800, 3], [23275, 3], [25750, 3], [28225, 2], [30700, 3], [33175, 3], [35650, 3], [38125, 3], [40600, 3], [43075, 3], [45550, 3], [48025, 3], [50500, 3], [52975, 3], [55450, 3], [57925, 3], [60400, 3], [62875, 2], [65350, 3], [67825, 2], [70300, 3], [72775, 3], [75250, 3], [77725, 3], [80200, 3], [82675, 3], [85150, 3], [87625, 3], [90100, 2], [92575, 3], [95050, 3], [97525, 3]], "time_elapsed": 1803.446938753128}