{"exact_d1": [[11.512925464970229, 3.936808447181545]], "exact_d2": [[11.512925464970229, 7.168163214993805]], "over": [[11.512925464970229, 9.495212897968154]], "merge_d1": [[11.512925464970229, 4.29088169040008]], "merge_d2": [[11.512925464970229, 6.633905387869262]], "argmin_dic": [[100000, 2]], "time_elapsed": 528.5909953117371}