{"exact_d1": [[11.512925464970229, 3.804650704848276]], "exact_d2": [[11.512925464970229, 6.596794864147121]], "over": [[11.512925464970229, 10.272762904999256]], "merge_d1": [[11.512925464970229, 4.269455628938883]], "merge_d2": [[11.512925464970229, 7.544772069367066]], "argmin_dic": [[100000, 2]], "time_elapsed": 280.49360275268555}