{"exact_d1": [[11.512925464970229, 3.757407606589407]], "exact_d2": [[11.512925464970229, 7.072579028474285]], "over": [[11.512925464970229, 10.383998065596519]], "merge_d1": [[11.512925464970229, 4.32534380208377]], "merge_d2": [[11.512925464970229, 7.223042974414651]], "argmin_dic": [[100000, 2]], "time_elapsed": 215.20857882499695}