{"exact_d1": [[11.512925464970229, 3.930109537883512]], "exact_d2": [[11.512925464970229, 7.79052856918028]], "over": [[11.512925464970229, 11.584009657028014]], "merge_d1": [[11.512925464970229, 4.283662521486195]], "merge_d2": [[11.512925464970229, 6.778069084876944]], "argmin_dic": [[100000, 2]], "time_elapsed": 202.0233416557312}