{"exact_d1": [[11.512925464970229, 3.753848323186389]], "exact_d2": [[11.512925464970229, 6.9268193631744595]], "over": [[11.512925464970229, 9.7432148866539]], "merge_d1": [[11.512925464970229, 4.14930921322873]], "merge_d2": [[11.512925464970229, 6.049234802837431]], "argmin_dic": [[100000, 2]], "time_elapsed": 280.8377933502197}