{"exact_d1": [[9.210340371976184, 3.7335214918381325], [9.250522161609014, 3.792983938221924], [9.290721483922995, 4.074572228001552], [9.330963814299922, 3.906064799477668], [9.371268036082466, 3.5883396444823905], [9.411483683010726, 3.9053816850557226], [9.451716691551452, 3.742377715865957], [9.491979220880678, 3.8277825543632087], [9.532206456208034, 4.026576771188406], [9.572410734431823, 3.8081087372275575], [9.612667227583843, 3.768303477817059], [9.65290856803585, 3.866174823070863], [9.693136823020671, 3.801301096577286], [9.733351450605975, 3.962290027389969], [9.773606631681607, 3.9481153633011608], [9.81383633058348, 3.7644030959037003], [9.854087202241, 3.7555977990040352], [9.894345894618844, 3.838795595961386], [9.934550077987947, 3.879286369793703], [9.974784434418162, 3.856349176627953], [10.015028927269036, 3.90106640873894], [10.055263987501922, 3.8434294080752927], [10.095511884791469, 3.841579951594099], [10.135749405494865, 3.833218304074991], [10.175992533388062, 3.711421373011514], [10.216215833592425, 3.9947029674946917], [10.25646567163057, 3.9797561407707964], [10.29667762976868, 3.9477692864353973], [10.336924443719042, 3.8296291508113227], [10.377171899621436, 3.9728890894415843], [10.417418350255533, 3.90098520400739], [10.457631253015656, 3.6933014501823496], [10.497863570996053, 3.679038397588639], [10.53810479090567, 3.9752231332838104], [10.578343463123822, 4.030118901064567], [10.618591900448115, 3.8805161621622037], [10.658811091522749, 3.897095920455572], [10.699055933195222, 3.735304481324699], [10.739305484260235, 3.901701212015556], [10.779539453150608, 3.753738476008159]], "exact_d2": [[9.210340371976184, 5.3603696561390795], [9.250522161609014, 7.00202750321267], [9.290721483922995, 8.424186219720122], [9.330963814299922, 5.913053070934078], [9.371268036082466, 5.01770041187435], [9.411483683010726, 7.836019276824082], [9.451716691551452, 5.873558464189828], [9.491979220880678, 12.327380769441577], [9.532206456208034, 9.640088039232056], [9.572410734431823, 7.173506622192258], [9.612667227583843, 6.278682089540903], [9.65290856803585, 6.948225524091033], [9.693136823020671, 6.060115660211519], [9.733351450605975, 7.586094984291523], [9.773606631681607, 7.010148055042696], [9.81383633058348, 6.702119592405475], [9.854087202241, 6.860046471775531], [9.894345894618844, 7.029149625222065], [9.934550077987947, 6.659013737078874], [9.974784434418162, 7.20043844379862], [10.015028927269036, 7.01374585353882], [10.055263987501922, 6.957743895427834], [10.095511884791469, 7.429472622980503], [10.135749405494865, 7.195369367539479], [10.175992533388062, 5.807842271846014], [10.216215833592425, 7.122437255099047], [10.25646567163057, 7.387590798666868], [10.29667762976868, 7.944690603587606], [10.336924443719042, 7.123990807504397], [10.377171899621436, 6.676970633749653], [10.417418350255533, 6.404891096047446], [10.457631253015656, 6.027874536977501], [10.497863570996053, 5.713767947894151], [10.53810479090567, 7.606594159530024], [10.578343463123822, 7.276592159164447], [10.618591900448115, 7.258245162341463], [10.658811091522749, 7.896386884741066], [10.699055933195222, 6.8047307261871905], [10.739305484260235, 6.782694194722253], [10.779539453150608, 6.80370702627965]], "over": [[9.210340371976184, 10.973808825083564], [9.250522161609014, 17.70213993562775], [9.290721483922995, 10.280814235250313], [9.330963814299922, 11.047979459284692], [9.371268036082466, 10.746063568893678], [9.411483683010726, 12.614505950454204], [9.451716691551452, 9.590251788350683], [9.491979220880678, 16.834224408543246], [9.532206456208034, 13.202562933649537], [9.572410734431823, 10.400606171336978], [9.612667227583843, 10.32354606026421], [9.65290856803585, 16.54173991960646], [9.693136823020671, 9.56181721025044], [9.733351450605975, 13.960098446916563], [9.773606631681607, 13.706153381688718], [9.81383633058348, 9.65836722243533], [9.854087202241, 13.42482116979694], [9.894345894618844, 11.350192573249213], [9.934550077987947, 7.978174080393887], [9.974784434418162, 10.887626593373286], [10.015028927269036, 9.621129053016425], [10.055263987501922, 10.78676618229378], [10.095511884791469, 11.000541019242934], [10.135749405494865, 13.221165119939995], [10.175992533388062, 16.508371277232033], [10.216215833592425, 11.995378382213259], [10.25646567163057, 12.121976057695125], [10.29667762976868, 11.9625209795608], [10.336924443719042, 9.468976806237023], [10.377171899621436, 10.285961936625688], [10.417418350255533, 14.472009938390913], [10.457631253015656, 9.019581562754803], [10.497863570996053, 7.670339442181409], [10.53810479090567, 11.100848719872124], [10.578343463123822, 12.589062354672834], [10.618591900448115, 12.065924751173972], [10.658811091522749, 12.399212013968988], [10.699055933195222, 9.844002601256367], [10.739305484260235, 11.857874382904424], [10.779539453150608, 11.86547663444784]], "merge_d1": [[9.210340371976184, 4.225974678990815], [9.250522161609014, 4.156560567948456], [9.290721483922995, 4.2360032260998395], [9.330963814299922, 4.288676114785806], [9.371268036082466, 4.154455874543008], [9.411483683010726, 4.265788554324829], [9.451716691551452, 4.4754866799004285], [9.491979220880678, 4.301326301234369], [9.532206456208034, 4.2136348739577025], [9.572410734431823, 4.340254894593564], [9.612667227583843, 4.215090694182793], [9.65290856803585, 4.192421126971838], [9.693136823020671, 4.415305174427987], [9.733351450605975, 4.278588586454685], [9.773606631681607, 4.366439756372369], [9.81383633058348, 4.2510359214490085], [9.854087202241, 4.294586706924756], [9.894345894618844, 4.306812484242503], [9.934550077987947, 4.232445877114997], [9.974784434418162, 4.195008649678909], [10.015028927269036, 4.2804441078158595], [10.055263987501922, 4.31907617637996], [10.095511884791469, 4.227624221579695], [10.135749405494865, 4.330958238817337], [10.175992533388062, 4.075856598598738], [10.216215833592425, 4.191821027888076], [10.25646567163057, 4.3026143372880705], [10.29667762976868, 4.327489191577784], [10.336924443719042, 4.364264814848736], [10.377171899621436, 4.322959607516853], [10.417418350255533, 4.140194163855199], [10.457631253015656, 4.262864314245182], [10.497863570996053, 4.230553915887349], [10.53810479090567, 4.160441519973848], [10.578343463123822, 4.1018366143041165], [10.618591900448115, 4.288496846035578], [10.658811091522749, 4.300477061617729], [10.699055933195222, 4.217343420830476], [10.739305484260235, 4.166638979335239], [10.779539453150608, 4.326075511527685]],