{"exact_d1": [[6.906754778648554, 3.5826243787625804], [7.022868086082641, 4.010531629367053], [7.1372784372603855, 3.763094811405379], [7.252762418053187, 4.173398344315837], [7.367708572374371, 3.9962548144146917], [7.48324441607385, 3.7317675844070544], [7.598399329323964, 3.842054905474166], [7.71333788887187, 3.7198872997248613], [7.828436359157585, 4.626594084014835], [7.943782692458625, 3.912307281441657], [8.058960017769417, 3.7368278085961255], [8.17413934342947, 4.123160779348021], [8.289288323000317, 3.8235550019537436], [8.404248432400102, 3.4069568549950766], [8.519390774959724, 3.822902944753806], [8.634620608292202, 3.3728370589172036], [8.74973246437081, 3.4557231818619663], [8.86488793377419, 3.3544252004128854], [8.980046316633132, 3.837837238787254], [9.095153962167066, 3.5870735906118316], [9.210340371976184, 3.7848805719742176], [9.325453179076687, 3.6218694938028158], [9.44057869576626, 3.6360279878701447], [9.555701556014641, 3.645251427797635], [9.670798588378387, 3.7973724664417308], [9.785941988681085, 3.8169088658681196], [9.901084667919818, 3.7679010603692618], [10.016235712227882, 3.8818174607971803], [10.131339999578072, 3.708744340023683], [10.246474238267561, 3.5774040130576874], [10.36160835987009, 3.6353267939597753], [10.476752620919227, 3.9590662584860774], [10.591873415994362, 3.4836670363749898], [10.707012640565683, 3.6163541138125597], [10.822135503983962, 3.7309368559106386], [10.937276835160228, 3.4061307391903064], [11.05239680608701, 3.931884125813618], [11.167529530327974, 3.7667335053645927], [11.28265658871343, 3.9108657681630814], [11.397795157716597, 3.7584347305645895]], "exact_d2": [[6.906754778648554, 19.856657285750337], [7.022868086082641, 11.404032206222553], [7.1372784372603855, 8.960331369958695], [7.252762418053187, 6.905323671498725], [7.367708572374371, 25.297556494523896], [7.48324441607385, 6.209189486008332], [7.598399329323964, 6.265622591617845], [7.71333788887187, 6.887615978334223], [7.828436359157585, 15.637651421145225], [7.943782692458625, 6.99193130312801], [8.058960017769417, 11.040028694180423], [8.17413934342947, 8.161799746694301], [8.289288323000317, 12.75908961404484], [8.404248432400102, 10.293453644966263], [8.519390774959724, 6.9114667662644065], [8.634620608292202, 6.070686208371464], [8.74973246437081, 9.256713414706589], [8.86488793377419, 6.1008683687620255], [8.980046316633132, 7.572362714737609], [9.095153962167066, 11.206401000060609], [9.210340371976184, 6.7821856464443995], [9.325453179076687, 9.134995444389347], [9.44057869576626, 9.787685175271703], [9.555701556014641, 5.395256901324431], [9.670798588378387, 7.049812996466249], [9.785941988681085, 6.483141836409129], [9.901084667919818, 6.423749947658344], [10.016235712227882, 7.8897587623393335], [10.131339999578072, 5.236480555120912], [10.246474238267561, 5.172976159867936], [10.36160835987009, 5.232879073874281], [10.476752620919227, 7.626525525290222], [10.591873415994362, 10.606995600744069], [10.707012640565683, 5.923339599846877], [10.822135503983962, 10.797426300436273], [10.937276835160228, 8.87224484858504], [11.05239680608701, 8.134600977917817], [11.167529530327974, 7.185184959343258], [11.28265658871343, 8.048869043429834], [11.397795157716597, 6.634343605394675]], "over": [[6.906754778648554, 42.580509409078225], [7.022868086082641, 49.801501039352935], [7.1372784372603855, 19.313944785374353], [7.252762418053187, 29.161707545223006], [7.367708572374371, 34.140806194184925], [7.48324441607385, 30.926203917515373], [7.598399329323964, 19.67754134902859], [7.71333788887187, 24.159528981016045], [7.828436359157585, 31.78412096159465], [7.943782692458625, 22.92723427450657], [8.058960017769417, 16.666932931324094], [8.17413934342947, 19.325601483866386], [8.289288323000317, 16.67811378337971], [8.404248432400102, 21.721536127576414], [8.519390774959724, 16.209548242417863], [8.634620608292202, 10.687247677319224], [8.74973246437081, 18.470505676066445], [8.86488793377419, 9.478791152208679], [8.980046316633132, 17.382502626748057], [9.095153962167066, 17.28449294732981], [9.210340371976184, 11.781767806008348], [9.325453179076687, 15.735654516732492], [9.44057869576626, 11.896000641238787], [9.555701556014641, 14.30500210706088], [9.670798588378387, 12.785059356423945], [9.785941988681085, 9.558261996575956], [9.901084667919818, 10.371632084840337], [10.016235712227882, 10.383384377411357], [10.131339999578072, 9.40391863492011], [10.246474238267561, 9.779212601960362], [10.36160835987009, 10.318888397487472], [10.476752620919227, 13.176799976543432], [10.591873415994362, 11.13296869298978], [10.707012640565683, 9.845940203643119], [10.822135503983962, 11.13136845095445], [10.937276835160228, 9.531361149205239], [11.05239680608701, 9.83186696784275], [11.167529530327974, 9.68752054813439], [11.28265658871343, 8.967120050897536], [11.397795157716597, 12.357061616271801]], "merge_d1": [[6.906754778648554, 3.760173472589884], [7.022868086082641, 7.355309131425351], [7.1372784372603855, 4.319101683961993], [7.252762418053187, 4.932365335851255], [7.367708572374371, 5.664187158602161], [7.48324441607385, 5.113026150212344], [7.598399329323964, 4.309675913414353], [7.71333788887187, 4.721422118421524], [7.828436359157585, 5.193020520463441], [7.943782692458625, 4.739224210965767], [8.058960017769417, 4.3493850456299255], [8.17413934342947, 4.546626604143257], [8.289288323000317, 4.265131099073372], [8.404248432400102, 4.327682651141622], [8.519390774959724, 4.273972879811576], [8.634620608292202, 4.2978196071267485], [8.74973246437081, 4.608788447337698], [8.86488793377419, 3.8888355060542574], [8.980046316633132, 4.217557755702891], [9.095153962167066, 4.328244646739314], [9.210340371976184, 4.073369413319991], [9.325453179076687, 4.174211024954694], [9.44057869576626, 3.9604016454203954], [9.555701556014641, 4.396551881051634], [9.670798588378387, 4.386234355787916], [9.785941988681085, 4.216695159218446], [9.901084667919818, 4.316954655412895], [10.016235712227882, 4.300291711071051], [10.131339999578072, 4.283521080050717], [10.246474238267561, 4.387645848409619], [10.36160835987009, 4.2472232040483355], [10.476752620919227, 4.137936768966769], [10.591873415994362, 4.309509778350218], [10.707012640565683, 4.318731074687402], [10.822135503983962, 3.99204403745933], [10.937276835160228, 4.233333903217601], [11.05239680608701, 4.269325144412123], [11.167529530327974, 4.242570818471375], [11.28265658871343, 4.225131003157587], [11.397795157716597, 3.8336733087674837]],