{"exact_d1": [[11.512925464970229, 3.728373054247006]], "exact_d2": [[11.512925464970229, 6.626046563511568]], "over": [[11.512925464970229, 8.475745137910486]], "merge_d1": [[11.512925464970229, 4.365319309127745]], "merge_d2": [[11.512925464970229, 6.049430782689212]], "argmin_dic": [[100000, 2]], "time_elapsed": 159.8810932636261}