{"exact_d1": [[6.907755278982137, 3.949129492079444], [8.153349757998892, 3.9571446487564716], [8.691146498539675, 3.6069842021549245], [9.038958755220563, 3.6413991286202876], [9.296518068217235, 3.741788458925805], [9.501142571764207, 3.72825874159856], [9.670924779305427, 3.7287460755783335], [9.816021526754852, 3.6504969643508085], [9.94270826568941, 3.7696783792806112], [10.055135102145268, 3.7707689317264235], [10.156189906091882, 3.848073621956871], [10.247963389017864, 3.8349921594093006], [10.332017933575289, 3.7952762071040547], [10.409551859200409, 3.7983339874359228], [10.481504425842441, 3.827705588385834], [10.548625513909712, 3.7166292775242784], [10.611523345589823, 3.723842254210749], [10.67069806139613, 3.797480886242134], [10.726565902688105, 3.7737500730236957], [10.779476987636757, 3.6783416455028504], [10.829728615263452, 3.7004527534072054], [10.8775753831365, 3.732048766486126], [10.923236992778513, 3.7594038164193995], [10.966904349300577, 3.734975676330756], [11.008744383922906, 3.7981861517955258], [11.04890390740204, 3.76318807458247], [11.087512719052368, 3.7794849689166576], [11.124686137527133, 3.718665192941964], [11.160527077798756, 3.7657886820627966], [11.195127768613824, 3.763245748960493], [11.228571182611121, 3.729127048864061], [11.260932234926955, 3.7724589646463547], [11.292278793854607, 3.731545048199774], [11.322672537849993, 3.735853041613981], [11.352169686090834, 3.7565910575668853], [11.38082162433689, 3.712146253245549], [11.40867544359643, 3.8032030007399453], [11.435774405781814, 3.729500584808451], [11.462158347916576, 3.7662146779606984], [11.487864034374857, 3.7432211156494137]], "exact_d2": [[6.907755278982137, 6.460585824949774], [8.153349757998892, 7.540279450277477], [8.691146498539675, 8.216476298929688], [9.038958755220563, 7.553073118643748], [9.296518068217235, 6.473892983734891], [9.501142571764207, 8.130207871841046], [9.670924779305427, 6.776740647857763], [9.816021526754852, 7.294004459010948], [9.94270826568941, 7.31805874322433], [10.055135102145268, 7.292893153989326], [10.156189906091882, 6.852388085582827], [10.247963389017864, 6.65160155609377], [10.332017933575289, 7.770003166263648], [10.409551859200409, 6.748581925878142], [10.481504425842441, 6.613324008722894], [10.548625513909712, 6.561997986874234], [10.611523345589823, 7.084789351402015], [10.67069806139613, 6.831601773777165], [10.726565902688105, 6.832404318835132], [10.779476987636757, 6.531205086586682], [10.829728615263452, 7.1999289669583515], [10.8775753831365, 6.79796808773814], [10.923236992778513, 7.0699847380834555], [10.966904349300577, 7.327983028815248], [11.008744383922906, 6.843905881173158], [11.04890390740204, 6.856955304932981], [11.087512719052368, 7.046586175552198], [11.124686137527133, 7.02176007780882], [11.160527077798756, 6.688232672224935], [11.195127768613824, 6.605408389023631], [11.228571182611121, 7.007336886053785], [11.260932234926955, 6.81023209984982], [11.292278793854607, 7.067592890740415], [11.322672537849993, 6.808819588106305], [11.352169686090834, 6.666403192487158], [11.38082162433689, 6.954079248800756], [11.40867544359643, 7.077848175210563], [11.435774405781814, 7.063234197436578], [11.462158347916576, 6.8620286956969085], [11.487864034374857, 6.857801054664607]], "over": [[6.907755278982137, 10.975557968696426], [8.153349757998892, 16.942574052170855], [8.691146498539675, 15.835073534103682], [9.038958755220563, 13.682625684770287], [9.296518068217235, 10.60776665261536], [9.501142571764207, 11.69226295908181], [9.670924779305427, 11.74091773962277], [9.816021526754852, 10.054824245186957], [9.94270826568941, 10.804939311753277], [10.055135102145268, 10.74791242016097], [10.156189906091882, 11.301742465126257], [10.247963389017864, 9.965235795085125], [10.332017933575289, 11.430165355237886], [10.409551859200409, 10.206709043205906], [10.481504425842441, 10.741142598581039], [10.548625513909712, 10.696588047515341], [10.611523345589823, 11.461647790160157], [10.67069806139613, 11.019246553375494], [10.726565902688105, 10.83381800325315], [10.779476987636757, 10.680271964894382], [10.829728615263452, 11.99407749129072], [10.8775753831365, 11.974825658210648], [10.923236992778513, 10.994016071205015], [10.966904349300577, 12.783734239774352], [11.008744383922906, 10.197279755199444], [11.04890390740204, 12.059969391195516], [11.087512719052368, 10.752084148908214], [11.124686137527133, 11.676732833259154], [11.160527077798756, 10.139552851703998], [11.195127768613824, 9.97593568814063], [11.228571182611121, 11.23993378892964], [11.260932234926955, 10.444840655371552], [11.292278793854607, 10.670361942066355], [11.322672537849993, 10.537639405028981], [11.352169686090834, 11.12231381711051], [11.38082162433689, 11.882035860232268], [11.40867544359643, 11.516262762425907], [11.435774405781814, 10.41602793555267], [11.462158347916576, 11.11094485673367], [11.487864034374857, 10.384533147989247]], "merge_d1": [[6.907755278982137, 4.004179327416566], [8.153349757998892, 5.270665246178274], [8.691146498539675, 3.5881778410746814], [9.038958755220563, 3.7708667400152898], [9.296518068217235, 4.414801997802945], [9.501142571764207, 4.336363317294814], [9.670924779305427, 4.338303987608294], [9.816021526754852, 4.370441704601931], [9.94270826568941, 4.531006353984044], [10.055135102145268, 4.393184882272457], [10.156189906091882, 4.307305826642191], [10.247963389017864, 3.895727267089799], [10.332017933575289, 4.406879967803804], [10.409551859200409, 3.906750045512057], [10.481504425842441, 4.344739354989408], [10.548625513909712, 4.374620994893794], [10.611523345589823, 3.767504335737352], [10.67069806139613, 4.494473841214065], [10.726565902688105, 4.462664268985876], [10.779476987636757, 4.371407231029238], [10.829728615263452, 4.327801482383174], [10.8775753831365, 4.386398553093149], [10.923236992778513, 3.8607703760629937], [10.966904349300577, 3.8181921417166893], [11.008744383922906, 3.892208134531135], [11.04890390740204, 4.432518039796055], [11.087512719052368, 4.405506475126281], [11.124686137527133, 4.353194886260831], [11.160527077798756, 3.8440734799213834], [11.195127768613824, 3.8835313474429616], [11.228571182611121, 4.426728425213547], [11.260932234926955, 3.878202469589632], [11.292278793854607, 3.8206104630726436], [11.322672537849993, 3.8272323521326403], [11.352169686090834, 3.820171448272779], [11.38082162433689, 3.770280975843091], [11.40867544359643, 4.373681337406117], [11.435774405781814, 4.4689332516966935], [11.462158347916576, 4.386760706958811], [11.487864034374857, 4.550602869780284]],