{"exact_d1": [[11.512925464970229, 3.800354179703264]], "exact_d2": [[11.512925464970229, 6.645248919896864]], "over": [[11.512925464970229, 13.477141344310352]], "merge_d1": [[11.512925464970229, 4.174123324036582]], "merge_d2": [[11.512925464970229, 6.958519401024818]], "argmin_dic": [[100000, 2]], "time_elapsed": 181.21050810813904}