{"exact": [[6.907755278982137, 13.34712930330108], [8.153349757998892, 9.831818378379475], [8.691146498539675, 8.653079542937842], [9.038958755220563, 6.710447294975756], [9.296518068217235, 6.30291122435445], [9.501142571764207, 7.129047034727247], [9.670924779305427, 9.18205201225997], [9.816021526754852, 10.018198130679856], [9.94270826568941, 9.863143224186434], [10.055135102145268, 9.397554269332018], [10.156189906091882, 9.85915329057363], [10.247963389017864, 6.247157708205099], [10.332017933575289, 9.549288360837705], [10.409551859200409, 6.484813364280402], [10.481504425842441, 9.155779163170847], [10.548625513909712, 9.80673417957117], [10.611523345589823, 9.48065123634335], [10.67069806139613, 10.19708569036152], [10.726565902688105, 9.164080851483712], [10.779476987636757, 6.4912242752405165], [10.829728615263452, 7.1791766746923935], [10.8775753831365, 9.888197472613863], [10.923236992778513, 9.676768709562902], [10.966904349300577, 6.74053220241977], [11.008744383922906, 7.178992657795671], [11.04890390740204, 9.371942040613629], [11.087512719052368, 9.047929252923149], [11.124686137527133, 9.734062220408727], [11.160527077798756, 6.792616625347388], [11.195127768613824, 6.773036805500084], [11.228571182611121, 9.68123468846473], [11.260932234926955, 9.794801608099709], [11.292278793854607, 9.431195645320939], [11.322672537849993, 9.225374367314224], [11.352169686090834, 6.953943470475382], [11.38082162433689, 6.766214314895701], [11.40867544359643, 9.78553754678863], [11.435774405781814, 9.598502945678502], [11.462158347916576, 9.644897045085948], [11.487864034374857, 9.370502522803662]], "over": [[6.907755278982137, 39.906874922929944], [8.153349757998892, 16.248367787712755], [8.691146498539675, 11.675207446305867], [9.038958755220563, 15.920902043654982], [9.296518068217235, 18.316661836804297], [9.501142571764207, 12.556342517130282], [9.670924779305427, 17.647577782319832], [9.816021526754852, 16.189764633651958], [9.94270826568941, 10.321923122278553], [10.055135102145268, 15.341030675291107], [10.156189906091882, 16.81336081976277], [10.247963389017864, 15.299248154961212], [10.332017933575289, 15.705885682882275], [10.409551859200409, 15.991589836065307], [10.481504425842441, 17.132603756318332], [10.548625513909712, 20.29804487867418], [10.611523345589823, 16.411831308567574], [10.67069806139613, 15.911298210985231], [10.726565902688105, 17.39715836902086], [10.779476987636757, 16.827907555139106], [10.829728615263452, 20.586465566807938], [10.8775753831365, 15.82821880179406], [10.923236992778513, 11.290948861795224], [10.966904349300577, 16.632018240727078], [11.008744383922906, 17.63673973907503], [11.04890390740204, 16.891139860883886], [11.087512719052368, 16.01270284143227], [11.124686137527133, 10.770899204189341], [11.160527077798756, 10.550693369151373], [11.195127768613824, 16.155126347369798], [11.228571182611121, 16.79971094801602], [11.260932234926955, 16.77480724275412], [11.292278793854607, 11.374243450554276], [11.322672537849993, 17.05452459985875], [11.352169686090834, 16.038730860019744], [11.38082162433689, 16.98306406814324], [11.40867544359643, 15.444865488806453], [11.435774405781814, 17.345309742080538], [11.462158347916576, 16.938455004492777], [11.487864034374857, 16.750068983317806]], "merge": [[6.907755278982137, 8.871739249132691], [8.153349757998892, 9.992987315671472], [8.691146498539675, 7.137009102859843], [9.038958755220563, 9.96521747472729], [9.296518068217235, 9.676831412882834], [9.501142571764207, 8.51311638636916], [9.670924779305427, 10.38902220381647], [9.816021526754852, 10.633341214473834], [9.94270826568941, 7.567444394725264], [10.055135102145268, 9.952820720983432], [10.156189906091882, 11.092105095777738], [10.247963389017864, 9.647843746894875], [10.332017933575289, 10.325114672662883], [10.409551859200409, 10.544133695775297], [10.481504425842441, 9.448493434340438], [10.548625513909712, 11.064663907792276], [10.611523345589823, 10.820634025282127], [10.67069806139613, 9.942560838559098], [10.726565902688105, 9.899692104330724], [10.779476987636757, 9.774638590003466], [10.829728615263452, 11.230951628439053], [10.8775753831365, 10.237108383281614], [10.923236992778513, 7.520417424163909], [10.966904349300577, 10.162637048505534], [11.008744383922906, 10.237605230794944], [11.04890390740204, 11.116596982041841], [11.087512719052368, 9.011810296849772], [11.124686137527133, 7.329357179391134], [11.160527077798756, 6.855722160059793], [11.195127768613824, 10.125125153943209], [11.228571182611121, 9.75408671119649], [11.260932234926955, 10.945393924005526], [11.292278793854607, 7.5785751246148605], [11.322672537849993, 9.973027659746464], [11.352169686090834, 10.041625655621855], [11.38082162433689, 10.190840282719167], [11.40867544359643, 9.913710581603109], [11.435774405781814, 9.851829589722476], [11.462158347916576, 9.431189063680517], [11.487864034374857, 11.085754575027062]], "argmin_dic": [[1000, 3], [3475, 3], [5950, 3], [8425, 3], [10900, 3], [13375, 2], [15850, 3], [18325, 3], [20800, 2], [23275, 3], [25750, 3], [28225, 3], [30700, 3], [33175, 3], [35650, 3], [38125, 3], [40600, 3], [43075, 3], [45550, 3], [48025, 3], [50500, 3], [52975, 3], [55450, 3], [57925, 3], [60400, 3], [62875, 3], [65350, 3], [67825, 3], [70300, 3], [72775, 3], [75250, 3], [77725, 3], [80200, 3], [82675, 3], [85150, 3], [87625, 3], [90100, 3], [92575, 3], [95050, 3], [97525, 3]], "time_elapsed": 1761.519263267517}