{"exact_d1": [[11.512925464970229, 3.878885011528603]], "exact_d2": [[11.512925464970229, 6.942197150421157]], "over": [[11.512925464970229, 12.021269726727022]], "merge_d1": [[11.512925464970229, 4.2191851781534675]], "merge_d2": [[11.512925464970229, 7.13011784862926]], "argmin_dic": [[100000, 2]], "time_elapsed": 346.4135277271271}