{"exact_d1": [[6.907755278982137, 4.162625990124232], [8.153349757998892, 3.7897450178956866], [8.691146498539675, 3.7941458985178267], [9.038958755220563, 3.693467290861616], [9.296518068217235, 3.7313734963892373], [9.501142571764207, 3.794405322577182], [9.670924779305427, 3.666687049279159], [9.816021526754852, 3.642531451655075], [9.94270826568941, 3.692586365715423], [10.055135102145268, 3.824599536084977], [10.156189906091882, 3.6792923759072624], [10.247963389017864, 3.719055189355125], [10.332017933575289, 3.778788653562248], [10.409551859200409, 3.7828121553565657], [10.481504425842441, 3.743751122272011], [10.548625513909712, 3.715314665335953], [10.611523345589823, 3.802067833239194], [10.67069806139613, 3.7667058084930267], [10.726565902688105, 3.6880810483423745], [10.779476987636757, 3.683801716595459], [10.829728615263452, 3.7495989456301158], [10.8775753831365, 3.7757745038774795], [10.923236992778513, 3.740627603345226], [10.966904349300577, 3.7420776043516684], [11.008744383922906, 3.737960897401201], [11.04890390740204, 3.7718585070472983], [11.087512719052368, 3.698217126730613], [11.124686137527133, 3.7337961613682022], [11.160527077798756, 3.722562072100162], [11.195127768613824, 3.7749448613862446], [11.228571182611121, 3.771500937443203], [11.260932234926955, 3.744483875657618], [11.292278793854607, 3.7361576197263706], [11.322672537849993, 3.765263329424461], [11.352169686090834, 3.753188987837633], [11.38082162433689, 3.7093027744804874], [11.40867544359643, 3.724951207069797], [11.435774405781814, 3.733457605795259], [11.462158347916576, 3.7182369905610453], [11.487864034374857, 3.743370334041336]], "exact_d2": [[6.907755278982137, 7.333374358351922], [8.153349757998892, 7.280318463312284], [8.691146498539675, 7.612140163640184], [9.038958755220563, 7.247510403397445], [9.296518068217235, 8.08264565498386], [9.501142571764207, 7.093211922597975], [9.670924779305427, 6.36193244650606], [9.816021526754852, 5.898103068959142], [9.94270826568941, 7.251341208556081], [10.055135102145268, 6.882419437523792], [10.156189906091882, 6.9506006516470515], [10.247963389017864, 7.016813261917252], [10.332017933575289, 7.4000870915034245], [10.409551859200409, 6.892500561836335], [10.481504425842441, 6.873407382428698], [10.548625513909712, 6.442630655439718], [10.611523345589823, 6.7638488829248695], [10.67069806139613, 7.011250478142842], [10.726565902688105, 7.444143574891166], [10.779476987636757, 7.275441128902832], [10.829728615263452, 6.95724233322773], [10.8775753831365, 7.187616644550899], [10.923236992778513, 6.913082936614754], [10.966904349300577, 6.8578544953878], [11.008744383922906, 7.1034357513407445], [11.04890390740204, 7.183653805268054], [11.087512719052368, 7.005019414960175], [11.124686137527133, 6.917719666940631], [11.160527077798756, 6.9647519550888415], [11.195127768613824, 6.768597956945337], [11.228571182611121, 6.607978437245104], [11.260932234926955, 6.904212874717592], [11.292278793854607, 6.9940168756215835], [11.322672537849993, 7.199988597877828], [11.352169686090834, 6.97975484618494], [11.38082162433689, 6.912552199268578], [11.40867544359643, 7.097082976999741], [11.435774405781814, 6.9048011705093], [11.462158347916576, 7.275367947466512], [11.487864034374857, 7.075474911219992]], "over": [[6.907755278982137, 18.66251072183363], [8.153349757998892, 12.040864139749939], [8.691146498539675, 13.177712407235113], [9.038958755220563, 12.39028991695127], [9.296518068217235, 11.997095446431281], [9.501142571764207, 10.55645332534542], [9.670924779305427, 10.757163976124934], [9.816021526754852, 9.511755603253093], [9.94270826568941, 12.065600734364335], [10.055135102145268, 11.449876907058087], [10.156189906091882, 11.400932588646395], [10.247963389017864, 10.514734876259245], [10.332017933575289, 11.4502743793806], [10.409551859200409, 10.768086722973486], [10.481504425842441, 11.424639973051377], [10.548625513909712, 9.759171161792997], [10.611523345589823, 11.666833387744877], [10.67069806139613, 9.70660374973076], [10.726565902688105, 13.21416292104401], [10.779476987636757, 11.593741356563928], [10.829728615263452, 10.865878420568016], [10.8775753831365, 11.211273044174073], [10.923236992778513, 10.31288860863409], [10.966904349300577, 10.779723271529638], [11.008744383922906, 11.264546375106049], [11.04890390740204, 11.85134048422327], [11.087512719052368, 10.73180799965897], [11.124686137527133, 11.198610446923817], [11.160527077798756, 11.878810749194578], [11.195127768613824, 11.463248097230412], [11.228571182611121, 10.280683061051624], [11.260932234926955, 11.52554740517281], [11.292278793854607, 11.90774356938033], [11.322672537849993, 10.66857745986178], [11.352169686090834, 11.823722429325077], [11.38082162433689, 11.135117158188104], [11.40867544359643, 10.507325427668782], [11.435774405781814, 13.059253343894149], [11.462158347916576, 11.500062256571619], [11.487864034374857, 10.415484299722054]], "merge_d1": [[6.907755278982137, 4.460448113767161], [8.153349757998892, 4.5889886720820225], [8.691146498539675, 3.8692717059518587], [9.038958755220563, 3.747752756952562], [9.296518068217235, 4.235352945645294], [9.501142571764207, 4.465260048788079], [9.670924779305427, 4.334899187181016], [9.816021526754852, 3.700811938741683], [9.94270826568941, 4.264773731781681], [10.055135102145268, 3.890802733003852], [10.156189906091882, 3.7074044753461144], [10.247963389017864, 4.441122749935129], [10.332017933575289, 4.408563444339511], [10.409551859200409, 3.8633864803503655], [10.481504425842441, 3.808661719312065], [10.548625513909712, 3.796726808346729], [10.611523345589823, 4.588267362025775], [10.67069806139613, 4.473680134808285], [10.726565902688105, 3.7727618666967717], [10.779476987636757, 3.7897266370920812], [10.829728615263452, 4.238842834517281], [10.8775753831365, 3.8856161001957785], [10.923236992778513, 3.84305784196088], [10.966904349300577, 3.8613549667042797], [11.008744383922906, 3.8486788584772786], [11.04890390740204, 4.450407405181991], [11.087512719052368, 4.361895742066463], [11.124686137527133, 4.366583679141549], [11.160527077798756, 3.8027346713301404], [11.195127768613824, 3.8548074865209028], [11.228571182611121, 3.874685151140261], [11.260932234926955, 3.851304662511774], [11.292278793854607, 4.658690467215546], [11.322672537849993, 4.462171416629791], [11.352169686090834, 3.8160034026717358], [11.38082162433689, 4.416125758898421], [11.40867544359643, 3.870505454402396], [11.435774405781814, 4.68904964049065], [11.462158347916576, 3.805004184695823], [11.487864034374857, 4.456156680891659]],