{"exact_d1": [[11.512925464970229, 3.8710228451000748]], "exact_d2": [[11.512925464970229, 7.29100962647234]], "over": [[11.512925464970229, 15.365896319276638]], "merge_d1": [[11.512925464970229, 4.178526044750654]], "merge_d2": [[11.512925464970229, 8.132843274979816]], "argmin_dic": [[100000, 2]], "time_elapsed": 276.64780926704407}