{"exact_d1": [[11.512925464970229, 3.798939388435315]], "exact_d2": [[11.512925464970229, 7.1349414148827766]], "over": [[11.512925464970229, 12.683768410141194]], "merge_d1": [[11.512925464970229, 4.174890876791484]], "merge_d2": [[11.512925464970229, 6.670050073030259]], "argmin_dic": [[100000, 2]], "time_elapsed": 265.20744228363037}