{"exact_d1": [[11.512925464970229, 3.7874683912702056]], "exact_d2": [[11.512925464970229, 6.845853945152457]], "over": [[11.512925464970229, 16.20444371927754]], "merge_d1": [[11.512925464970229, 4.190711625386567]], "merge_d2": [[11.512925464970229, 8.557215600055521]], "argmin_dic": [[100000, 2]], "time_elapsed": 317.86927556991577}