{"exact_d1": [[11.512925464970229, 3.8731720938778746]], "exact_d2": [[11.512925464970229, 6.4080742267328015]], "over": [[11.512925464970229, 12.953562207341937]], "merge_d1": [[11.512925464970229, 4.26376758599577]], "merge_d2": [[11.512925464970229, 6.787797501439366]], "argmin_dic": [[100000, 2]], "time_elapsed": 476.38311672210693}