{"exact_d1": [[11.512925464970229, 3.887317732585956]], "exact_d2": [[11.512925464970229, 6.775510730171685]], "over": [[11.512925464970229, 11.66025225627986]], "merge_d1": [[11.512925464970229, 4.216501218978505]], "merge_d2": [[11.512925464970229, 6.8492167938055175]], "argmin_dic": [[100000, 2]], "time_elapsed": 223.271657705307}