{"exact_d1": [[11.512925464970229, 3.9650737027694802]], "exact_d2": [[11.512925464970229, 7.847888111062086]], "over": [[11.512925464970229, 13.091825274154493]], "merge_d1": [[11.512925464970229, 4.258068018614913]], "merge_d2": [[11.512925464970229, 7.474742322500839]], "argmin_dic": [[100000, 2]], "time_elapsed": 189.3017909526825}