{"exact_d1": [[6.907755278982137, 3.3553360337415024], [8.153349757998892, 3.5740896351685914], [8.691146498539675, 3.8252232201188296], [9.038958755220563, 3.921337132035044], [9.296518068217235, 3.78750547903036], [9.501142571764207, 3.7800763145354512], [9.670924779305427, 3.7838245177833736], [9.816021526754852, 3.844070694665178], [9.94270826568941, 3.7522428141826363], [10.055135102145268, 3.778885458988894], [10.156189906091882, 3.7120544919900422], [10.247963389017864, 3.7274126266977454], [10.332017933575289, 3.81037123457541], [10.409551859200409, 3.753549025516219], [10.481504425842441, 3.706573756471203], [10.548625513909712, 3.6761640237924165], [10.611523345589823, 3.725704647392154], [10.67069806139613, 3.7462094988519414], [10.726565902688105, 3.7739153747095684], [10.779476987636757, 3.7734646169350574], [10.829728615263452, 3.762414944804435], [10.8775753831365, 3.79736929605574], [10.923236992778513, 3.746332727464128], [10.966904349300577, 3.687257113265242], [11.008744383922906, 3.7785314114409707], [11.04890390740204, 3.6888727846978804], [11.087512719052368, 3.7794543616952674], [11.124686137527133, 3.741663389217969], [11.160527077798756, 3.7689353675220856], [11.195127768613824, 3.715312806313395], [11.228571182611121, 3.7332316083877375], [11.260932234926955, 3.736804653796091], [11.292278793854607, 3.71475283277778], [11.322672537849993, 3.7829570022436436], [11.352169686090834, 3.748143264416588], [11.38082162433689, 3.7510472033418534], [11.40867544359643, 3.715909889103296], [11.435774405781814, 3.7342063139054216], [11.462158347916576, 3.7655244846841986], [11.487864034374857, 3.720541535818696]], "exact_d2": [[6.907755278982137, 8.219204692746114], [8.153349757998892, 6.57644540988379], [8.691146498539675, 7.848327329103613], [9.038958755220563, 6.905421697452503], [9.296518068217235, 8.233851182145976], [9.501142571764207, 6.703731597305036], [9.670924779305427, 7.134967364570968], [9.816021526754852, 7.1290405097938425], [9.94270826568941, 6.859870166789313], [10.055135102145268, 6.875341069687766], [10.156189906091882, 7.556094686906419], [10.247963389017864, 7.1296749445857355], [10.332017933575289, 6.981144380660506], [10.409551859200409, 6.683338748013677], [10.481504425842441, 6.965522724141753], [10.548625513909712, 7.015073806443524], [10.611523345589823, 6.881913213331642], [10.67069806139613, 6.765615188694168], [10.726565902688105, 7.014945212028901], [10.779476987636757, 7.008480850911787], [10.829728615263452, 6.944234406260652], [10.8775753831365, 6.654277041970964], [10.923236992778513, 6.978946133184277], [10.966904349300577, 6.980890367259821], [11.008744383922906, 6.697072756394945], [11.04890390740204, 6.884493451873995], [11.087512719052368, 7.051458792338237], [11.124686137527133, 7.302494977701018], [11.160527077798756, 7.061032060943256], [11.195127768613824, 6.932334583962347], [11.228571182611121, 7.024283386719332], [11.260932234926955, 6.964208965273157], [11.292278793854607, 6.861485750946237], [11.322672537849993, 6.751488295720816], [11.352169686090834, 6.969238129434607], [11.38082162433689, 6.644713304300261], [11.40867544359643, 7.056367622288055], [11.435774405781814, 6.753205732819743], [11.462158347916576, 6.713565848250489], [11.487864034374857, 6.828364500126183]], "over": [[6.907755278982137, 20.859422633046872], [8.153349757998892, 13.351457244122637], [8.691146498539675, 13.918211471428927], [9.038958755220563, 11.498518793819024], [9.296518068217235, 14.062320106794981], [9.501142571764207, 10.942390910457561], [9.670924779305427, 9.825853139086199], [9.816021526754852, 10.101943951437782], [9.94270826568941, 10.47715169687467], [10.055135102145268, 9.968899339841407], [10.156189906091882, 11.348449139372507], [10.247963389017864, 11.03109242894069], [10.332017933575289, 10.269568501618688], [10.409551859200409, 9.459309294821859], [10.481504425842441, 10.57384490945354], [10.548625513909712, 10.445556164512983], [10.611523345589823, 10.708115639539857], [10.67069806139613, 11.17060941859043], [10.726565902688105, 12.062596866291381], [10.779476987636757, 10.19258928943064], [10.829728615263452, 10.47679330069156], [10.8775753831365, 10.00058778411115], [10.923236992778513, 11.01398750589495], [10.966904349300577, 10.845910628409358], [11.008744383922906, 10.087019081205344], [11.04890390740204, 10.987675500333483], [11.087512719052368, 10.513936576786223], [11.124686137527133, 12.00654393002601], [11.160527077798756, 10.919540785125042], [11.195127768613824, 10.161316086784852], [11.228571182611121, 10.959439075944514], [11.260932234926955, 11.687571070780129], [11.292278793854607, 11.496639464528064], [11.322672537849993, 10.372074410104755], [11.352169686090834, 10.797157879235916], [11.38082162433689, 10.957800772665232], [11.40867544359643, 11.462288886337467], [11.435774405781814, 10.572952182987041], [11.462158347916576, 10.460774911064664], [11.487864034374857, 11.549488188567683]], "merge_d1": [[6.907755278982137, 4.769483099141671], [8.153349757998892, 3.8040818477981437], [8.691146498539675, 3.9042650461843578], [9.038958755220563, 4.4581551116269695], [9.296518068217235, 4.417222613130164], [9.501142571764207, 3.861783827192411], [9.670924779305427, 4.307630542710623], [9.816021526754852, 3.866413453324844], [9.94270826568941, 3.838232317387493], [10.055135102145268, 4.41170502099], [10.156189906091882, 4.293150790927104], [10.247963389017864, 3.8224216278805923], [10.332017933575289, 4.684732118205379], [10.409551859200409, 4.466632395812312], [10.481504425842441, 3.858311004557202], [10.548625513909712, 4.290112408595823], [10.611523345589823, 4.457738475485029], [10.67069806139613, 3.820547914512071], [10.726565902688105, 4.3704386524201775], [10.779476987636757, 4.433067671811327], [10.829728615263452, 4.472856402249009], [10.8775753831365, 4.40876423993771], [10.923236992778513, 3.8484351830118038], [10.966904349300577, 3.769912207116858], [11.008744383922906, 3.8618062751611966], [11.04890390740204, 4.392494400372998], [11.087512719052368, 3.880633071279573], [11.124686137527133, 3.853034571754707], [11.160527077798756, 4.361032129066499], [11.195127768613824, 4.604464768213009], [11.228571182611121, 3.8337528381120514], [11.260932234926955, 4.432580900331808], [11.292278793854607, 4.596993519147497], [11.322672537849993, 3.86585093527716], [11.352169686090834, 3.847827593361753], [11.38082162433689, 4.38946848688641], [11.40867544359643, 4.40193421224605], [11.435774405781814, 4.619285330545157], [11.462158347916576, 4.470114915606725], [11.487864034374857, 3.7878013654331673]],