{"exact_d1": [[11.512925464970229, 3.756188610774914]], "exact_d2": [[11.512925464970229, 6.766169574988381]], "over": [[11.512925464970229, 10.584543614386304]], "merge_d1": [[11.512925464970229, 4.209531536411788]], "merge_d2": [[11.512925464970229, 6.688083397200036]], "argmin_dic": [[100000, 2]], "time_elapsed": 191.06686997413635}