{"exact_d1": [[11.512925464970229, 3.866868318594772]], "exact_d2": [[11.512925464970229, 6.355569886939735]], "over": [[11.512925464970229, 8.094038486874956]], "merge_d1": [[11.512925464970229, 4.387839488187636]], "merge_d2": [[11.512925464970229, 5.686527804416756]], "argmin_dic": [[100000, 2]], "time_elapsed": 222.5309669971466}