{"exact_d1": [[11.512925464970229, 3.89410479682891]], "exact_d2": [[11.512925464970229, 6.763038381174689]], "over": [[11.512925464970229, 9.614131577341002]], "merge_d1": [[11.512925464970229, 4.135559406171477]], "merge_d2": [[11.512925464970229, 5.9971925567845705]], "argmin_dic": [[100000, 2]], "time_elapsed": 259.4255714416504}