{"exact_d1": [[11.512925464970229, 3.7515268653501526]], "exact_d2": [[11.512925464970229, 6.850056568035943]], "over": [[11.512925464970229, 10.834404847371255]], "merge_d1": [[11.512925464970229, 4.214937785922617]], "merge_d2": [[11.512925464970229, 6.501431696663858]], "argmin_dic": [[100000, 2]], "time_elapsed": 178.61545491218567}