{"exact_d1": [[11.512925464970229, 3.7677376506834492]], "exact_d2": [[11.512925464970229, 6.991347550361529]], "over": [[11.512925464970229, 9.740901344064092]], "merge_d1": [[11.512925464970229, 4.131987036688389]], "merge_d2": [[11.512925464970229, 6.105054161260405]], "argmin_dic": [[100000, 2]], "time_elapsed": 296.3835461139679}