{"exact_d1": [[11.512925464970229, 3.928756084181393]], "exact_d2": [[11.512925464970229, 7.584822913397675]], "over": [[11.512925464970229, 15.957765016899126]], "merge_d1": [[11.512925464970229, 4.080298536398605]], "merge_d2": [[11.512925464970229, 8.447356383226056]], "argmin_dic": [[100000, 2]], "time_elapsed": 287.83676409721375}