{"exact": [[6.907755278982137, 5.166390146260479], [8.153349757998892, 9.565838481632351], [8.691146498539675, 10.49427001587859], [9.038958755220563, 8.952327599336586], [9.296518068217235, 9.095917983966611], [9.501142571764207, 9.243703177086775], [9.670924779305427, 9.234229407474324], [9.816021526754852, 9.539329359442464], [9.94270826568941, 9.695711092339982], [10.055135102145268, 9.500666058913021], [10.156189906091882, 9.521624152412855], [10.247963389017864, 9.784207660584457], [10.332017933575289, 9.361986164785735], [10.409551859200409, 9.383340757131732], [10.481504425842441, 9.668608640402487], [10.548625513909712, 6.34775697021858], [10.611523345589823, 9.140593570499775], [10.67069806139613, 9.864613295143627], [10.726565902688105, 7.051130016096348], [10.779476987636757, 6.8710777169789825], [10.829728615263452, 9.843976427507913], [10.8775753831365, 9.701365177036385], [10.923236992778513, 7.515011656079989], [10.966904349300577, 9.27340766301149], [11.008744383922906, 9.25584374638611], [11.04890390740204, 10.012304731433755], [11.087512719052368, 6.5724741966990265], [11.124686137527133, 9.254617061384703], [11.160527077798756, 9.74069591126588], [11.195127768613824, 9.766196105964314], [11.228571182611121, 10.06476906122536], [11.260932234926955, 6.732676227605501], [11.292278793854607, 9.718351884275634], [11.322672537849993, 9.431484927253381], [11.352169686090834, 7.271019262720733], [11.38082162433689, 9.373066218050399], [11.40867544359643, 6.46173520712283], [11.435774405781814, 9.32081759169037], [11.462158347916576, 9.885146023338743], [11.487864034374857, 6.8475128807290115]], "over": [[6.907755278982137, 25.069367992780546], [8.153349757998892, 16.64034742771447], [8.691146498539675, 16.051763570774575], [9.038958755220563, 16.144372022972], [9.296518068217235, 18.251849065742373], [9.501142571764207, 16.355467451881257], [9.670924779305427, 15.820796903593186], [9.816021526754852, 18.579238631399857], [9.94270826568941, 17.18254817413775], [10.055135102145268, 18.82850022134043], [10.156189906091882, 10.59121667742969], [10.247963389017864, 12.246221649500013], [10.332017933575289, 17.208020308864747], [10.409551859200409, 16.949992369873677], [10.481504425842441, 16.682001788466888], [10.548625513909712, 15.120961724656603], [10.611523345589823, 12.525823405097103], [10.67069806139613, 16.75634249108888], [10.726565902688105, 12.465937503926012], [10.779476987636757, 14.502853356967004], [10.829728615263452, 14.892856236504317], [10.8775753831365, 16.774527042724248], [10.923236992778513, 17.88031520966706], [10.966904349300577, 14.789387095777483], [11.008744383922906, 16.416886400638422], [11.04890390740204, 14.455939747976384], [11.087512719052368, 16.015906787456537], [11.124686137527133, 11.449093294772057], [11.160527077798756, 15.908060205698542], [11.195127768613824, 18.188024841242854], [11.228571182611121, 13.351694447416133], [11.260932234926955, 11.677456336429671], [11.292278793854607, 16.5392662370911], [11.322672537849993, 18.270592233869547], [11.352169686090834, 14.602638427631438], [11.38082162433689, 16.65685775341477], [11.40867544359643, 16.801239794733902], [11.435774405781814, 12.848991034508085], [11.462158347916576, 12.638149400553631], [11.487864034374857, 16.592237986063896]], "merge": [[6.907755278982137, 11.62002376549304], [8.153349757998892, 9.828409197325955], [8.691146498539675, 6.202017708856793], [9.038958755220563, 9.230510558662543], [9.296518068217235, 12.287591412067053], [9.501142571764207, 10.11755760270697], [9.670924779305427, 9.402601827803359], [9.816021526754852, 10.148275016397536], [9.94270826568941, 11.116877653979962], [10.055135102145268, 12.342946302228182], [10.156189906091882, 6.996268172985346], [10.247963389017864, 8.000438909846869], [10.332017933575289, 8.817539882072968], [10.409551859200409, 11.058448766122552], [10.481504425842441, 10.351864328883206], [10.548625513909712, 8.997583515851463], [10.611523345589823, 6.891043227745909], [10.67069806139613, 10.49557144138321], [10.726565902688105, 6.195840331314926], [10.779476987636757, 9.072079902994956], [10.829728615263452, 9.95123692951845], [10.8775753831365, 10.381401524222955], [10.923236992778513, 12.59359417168992], [10.966904349300577, 9.763233858006693], [11.008744383922906, 10.009365214673418], [11.04890390740204, 9.38485965307383], [11.087512719052368, 10.097353623916485], [11.124686137527133, 7.19160091368985], [11.160527077798756, 10.038898685399863], [11.195127768613824, 10.061645984263187], [11.228571182611121, 6.409080777754776], [11.260932234926955, 7.183332248029385], [11.292278793854607, 11.413023585723295], [11.322672537849993, 11.921799844083536], [11.352169686090834, 9.259516699620503], [11.38082162433689, 9.64180111636377], [11.40867544359643, 9.836458534896858], [11.435774405781814, 8.318302103897068], [11.462158347916576, 8.4680239223372], [11.487864034374857, 9.35213368405654]], "argmin_dic": [[1000, 2], [3475, 2], [5950, 3], [8425, 3], [10900, 2], [13375, 3], [15850, 3], [18325, 3], [20800, 3], [23275, 3], [25750, 2], [28225, 2], [30700, 3], [33175, 2], [35650, 3], [38125, 3], [40600, 3], [43075, 3], [45550, 3], [48025, 3], [50500, 3], [52975, 3], [55450, 3], [57925, 3], [60400, 3], [62875, 2], [65350, 3], [67825, 3], [70300, 3], [72775, 3], [75250, 3], [77725, 3], [80200, 3], [82675, 3], [85150, 3], [87625, 3], [90100, 3], [92575, 3], [95050, 2], [97525, 3]], "time_elapsed": 2532.2682526111603}