{"exact_d1": [[6.907755278982137, 3.6390860094811632], [8.153349757998892, 4.079679922208717], [8.691146498539675, 3.680838628840425], [9.038958755220563, 3.794719060038516], [9.296518068217235, 3.7764035181658], [9.501142571764207, 3.7532297690252854], [9.670924779305427, 3.8214433619595156], [9.816021526754852, 3.7825384315599497], [9.94270826568941, 3.8404707139936356], [10.055135102145268, 3.7708797185859577], [10.156189906091882, 3.7075367466014093], [10.247963389017864, 3.8645819807087687], [10.332017933575289, 3.793166548919945], [10.409551859200409, 3.743825282284456], [10.481504425842441, 3.8022310080479143], [10.548625513909712, 3.7141860293265543], [10.611523345589823, 3.7708757179471046], [10.67069806139613, 3.6862456017611303], [10.726565902688105, 3.785100430200883], [10.779476987636757, 3.742730705657605], [10.829728615263452, 3.7702356270310466], [10.8775753831365, 3.7820077803729184], [10.923236992778513, 3.737979832911022], [10.966904349300577, 3.720542247823312], [11.008744383922906, 3.7263253368190696], [11.04890390740204, 3.787904817613075], [11.087512719052368, 3.7818452427896374], [11.124686137527133, 3.79121748674615], [11.160527077798756, 3.747496758303352], [11.195127768613824, 3.7307075179300924], [11.228571182611121, 3.7758581140565552], [11.260932234926955, 3.753678904030225], [11.292278793854607, 3.7553210635667447], [11.322672537849993, 3.7484825886097903], [11.352169686090834, 3.7365176199327457], [11.38082162433689, 3.6782925281366987], [11.40867544359643, 3.7540847854670325], [11.435774405781814, 3.7776225643404024], [11.462158347916576, 3.7224530956125426], [11.487864034374857, 3.754392197216665]], "exact_d2": [[6.907755278982137, 6.6475131755151295], [8.153349757998892, 8.542200322300214], [8.691146498539675, 7.040624536974669], [9.038958755220563, 6.919919077289097], [9.296518068217235, 6.789314194648284], [9.501142571764207, 7.046502521155167], [9.670924779305427, 7.67968765026106], [9.816021526754852, 6.4231486336902], [9.94270826568941, 7.5863864018209455], [10.055135102145268, 6.604607660511922], [10.156189906091882, 6.654395294223381], [10.247963389017864, 7.26070808927962], [10.332017933575289, 6.776085017885197], [10.409551859200409, 6.875531394560724], [10.481504425842441, 6.8828563503737294], [10.548625513909712, 7.117762221675881], [10.611523345589823, 6.848805181646733], [10.67069806139613, 6.762744892914442], [10.726565902688105, 6.9775265448493435], [10.779476987636757, 6.9747041282543725], [10.829728615263452, 6.961450913945828], [10.8775753831365, 7.168298862554209], [10.923236992778513, 6.5667803927174715], [10.966904349300577, 6.753543566530169], [11.008744383922906, 7.005257179695087], [11.04890390740204, 6.9794526150336536], [11.087512719052368, 6.860271337297889], [11.124686137527133, 6.909800446546191], [11.160527077798756, 6.71554870066229], [11.195127768613824, 6.7583896317500045], [11.228571182611121, 6.7772525889082385], [11.260932234926955, 6.773887532964286], [11.292278793854607, 6.896565839245489], [11.322672537849993, 7.281114361595357], [11.352169686090834, 7.0233661267674945], [11.38082162433689, 6.95197470392264], [11.40867544359643, 7.137467219036788], [11.435774405781814, 7.093695074455116], [11.462158347916576, 6.685420698518538], [11.487864034374857, 6.785074621852395]], "over": [[6.907755278982137, 20.123802247969802], [8.153349757998892, 12.723237882051583], [8.691146498539675, 13.060604866182361], [9.038958755220563, 11.814447717068123], [9.296518068217235, 11.196150184801587], [9.501142571764207, 11.326323684852929], [9.670924779305427, 12.237443628019662], [9.816021526754852, 11.019631323997759], [9.94270826568941, 11.172668996960494], [10.055135102145268, 10.666440324266476], [10.156189906091882, 10.758354843061445], [10.247963389017864, 12.165304051534774], [10.332017933575289, 11.861579074625688], [10.409551859200409, 10.999538268734458], [10.481504425842441, 11.209433962109998], [10.548625513909712, 11.061067376171064], [10.611523345589823, 11.462068469628472], [10.67069806139613, 10.944662278838647], [10.726565902688105, 11.39702844689823], [10.779476987636757, 11.867257032196491], [10.829728615263452, 10.838631929723546], [10.8775753831365, 10.68775535172112], [10.923236992778513, 10.572218245921396], [10.966904349300577, 11.604447008910725], [11.008744383922906, 11.545847697215672], [11.04890390740204, 11.597187517110761], [11.087512719052368, 10.441549330700568], [11.124686137527133, 11.539265412849254], [11.160527077798756, 10.56521315371981], [11.195127768613824, 10.49393414673309], [11.228571182611121, 10.580976454130857], [11.260932234926955, 12.024098691427245], [11.292278793854607, 11.00104960568703], [11.322672537849993, 11.461565657889222], [11.352169686090834, 10.91682937716754], [11.38082162433689, 10.88783906463728], [11.40867544359643, 10.161809370925068], [11.435774405781814, 10.455406282453145], [11.462158347916576, 10.480086216665216], [11.487864034374857, 11.412158283465065]], "merge_d1": [[6.907755278982137, 4.695613987065596], [8.153349757998892, 4.745195617520523], [8.691146498539675, 4.2061953311564935], [9.038958755220563, 3.9758210542139527], [9.296518068217235, 4.647282580907348], [9.501142571764207, 4.537827979713383], [9.670924779305427, 3.8827728714213707], [9.816021526754852, 4.507637516478458], [9.94270826568941, 3.920487712834434], [10.055135102145268, 4.4111232632156305], [10.156189906091882, 4.715862251087135], [10.247963389017864, 4.532947427877319], [10.332017933575289, 4.536850325750782], [10.409551859200409, 3.8195470534695004], [10.481504425842441, 4.49618418075871], [10.548625513909712, 3.804528440913607], [10.611523345589823, 3.843364070649964], [10.67069806139613, 4.391369743553006], [10.726565902688105, 4.44749024096732], [10.779476987636757, 3.814256619249457], [10.829728615263452, 3.86472472557605], [10.8775753831365, 4.518227840938914], [10.923236992778513, 3.7996138736494687], [10.966904349300577, 4.399881263818575], [11.008744383922906, 3.851437986758446], [11.04890390740204, 3.8572970247356135], [11.087512719052368, 4.450636320036779], [11.124686137527133, 3.8600988416179], [11.160527077798756, 3.882309229272903], [11.195127768613824, 4.719755211916034], [11.228571182611121, 4.485386327495836], [11.260932234926955, 4.651305706471797], [11.292278793854607, 4.394370720202531], [11.322672537849993, 3.830108828468318], [11.352169686090834, 4.439835044324005], [11.38082162433689, 3.7560995513477704], [11.40867544359643, 4.632286829609063], [11.435774405781814, 3.867416116772252], [11.462158347916576, 4.442893652736811], [11.487864034374857, 4.444542665413474]],