{"exact": [], "over": [], "merge": [[10.46310334047155, 5.740118608726408], [10.46310334047155, 6.659994343972812], [10.46310334047155, 7.167989826234498], [10.46310334047155, 6.7616606685495695], [10.46310334047155, 5.674446171014739], [10.46310334047155, 7.100083856818426], [10.46310334047155, 5.839344442536504], [10.46310334047155, 5.751096637632851], [10.46310334047155, 5.95203377755177], [10.46310334047155, 5.94310138438654], [10.46310334047155, 6.702545659387338], [10.46310334047155, 6.039083646945248], [10.46310334047155, 6.78144267904183], [10.46310334047155, 6.395059506061447], [10.46310334047155, 6.241128680348482], [10.46310334047155, 6.0506952974941965], [10.46310334047155, 5.503726970885637], [10.46310334047155, 4.693437886818032], [10.46310334047155, 9.033041556174318], [10.46310334047155, 6.278559207122561], [10.46310334047155, 5.292410168070787], [10.46310334047155, 5.367545557610409], [10.46310334047155, 7.066587269610413], [10.46310334047155, 7.355125842557093], [10.46310334047155, 6.415556192566502], [10.46310334047155, 6.4836785406332575], [10.46310334047155, 8.433736136797656], [10.46310334047155, 5.412910999611374], [10.46310334047155, 5.180049979015303], [10.46310334047155, 6.518668186085363], [10.46310334047155, 7.1257787203050365], [10.46310334047155, 6.899331995363469], [10.46310334047155, 7.131452238883694], [10.46310334047155, 7.6090928816949], [10.46310334047155, 5.8426155033631515], [10.46310334047155, 6.387525835759805], [10.46310334047155, 5.548952837156674], [10.46310334047155, 6.609207804237724], [10.46310334047155, 5.936968695703407], [10.46310334047155, 6.940500053225081]], "argmin_dic": [[35000, 2], [35000, 2], [35000, 2], [35000, 2], [35000, 2], [35000, 2], [35000, 2], [35000, 2], [35000, 2], [35000, 3], [35000, 2], [35000, 2], [35000, 2], [35000, 2], [35000, 2], [35000, 2], [35000, 3], [35000, 3], [35000, 2], [35000, 2], [35000, 2], [35000, 2], [35000, 2], [35000, 2], [35000, 2], [35000, 2], [35000, 3], [35000, 2], [35000, 2], [35000, 2], [35000, 2], [35000, 2], [35000, 2], [35000, 2], [35000, 2], [35000, 2], [35000, 2], [35000, 2], [35000, 2], [35000, 2]], "time_elapsed": 1708.6475672721863}