{"exact": [[10.46310334047155, 6.939208063667965], [10.50848634631937, 7.228227635980335], [10.551898839254681, 9.82522612785231], [10.593504840087146, 9.264950659031056], [10.63344870621879, 9.656143841749499], [10.67185815433366, 9.895902822143839], [10.708846723703001, 9.555057562731603], [10.744515799909736, 9.496505957050921], [10.778956289890028, 9.790595467550865], [10.812250017989491, 6.988707580595466], [10.844470897000654, 9.844386629099162], [10.87568591634858, 6.738693922730789], [10.905955980651335, 9.498588769223518], [10.935336625044556, 7.300216036682935], [10.96387862838404, 9.367483907025061], [10.991628541336942, 7.138456005065116], [11.018629143155449, 6.834954735124378], [11.044919838387166, 9.303402247634383], [11.070537002757467, 9.429639616535168], [11.095514285843663, 9.263476397186784], [11.119882876860622, 7.243712533864246], [11.143671738824636, 9.805048917428701], [11.166907815505484, 7.048108790047479], [11.189616214875297, 9.28795190731176], [11.211820372186306, 9.775470735271831], [11.233542195333143, 6.733558227356734], [11.254802194759993, 9.363795875292253], [11.275619599843514, 9.204951114508459], [11.296012463406655, 6.857950148342922], [11.315997755786912, 9.308652988848758], [11.335591449687312, 9.438386707813748], [11.354808596873092, 6.977337590024582], [11.37366339763672, 9.107728993012552], [11.392169263834429, 6.528893632061915], [11.410338876195127, 9.306380966761106], [11.428184236515138, 10.014583544190225], [11.44571671527678, 7.378906071071363], [11.462947095163987, 9.92685392551778], [11.479885610892028, 9.840714754279812], [11.496541985719704, 9.267623443312612]],
  "over": [[10.46310334047155, 13.183547554314647], [10.50848634631937, 16.423893071566713], [10.551898839254681, 15.35451275111864], [10.593504840087146, 12.964819000968577], [10.63344870621879, 15.168070278737346], [10.67185815433366, 13.154429175204113], [10.708846723703001, 16.22915697992592], [10.744515799909736, 13.18190857493487], [10.778956289890028, 12.219373019677175], [10.812250017989491, 17.177265616939632], [10.844470897000654, 16.13024462367407], [10.87568591634858, 15.400923866347318], [10.905955980651335, 17.012649400832547], [10.935336625044556, 18.92171974895124], [10.96387862838404, 15.079037843757403], [10.991628541336942, 16.117929603483642], [11.018629143155449, 17.56327158498727], [11.044919838387166, 14.924645178119443], [11.070537002757467, 17.836435667169685], [11.095514285843663, 16.397806791441592], [11.119882876860622, 16.06505895838474], [11.143671738824636, 15.652982732640176], [11.166907815505484, 18.24556989788427], [11.189616214875297, 16.3308284376164], [11.211820372186306, 13.155439616675526], [11.233542195333143, 12.562227214865214], [11.254802194759993, 12.214751459009415], [11.275619599843514, 12.89846620702283], [11.296012463406655, 14.323882921844163], [11.315997755786912, 13.292134880995208], [11.335591449687312, 11.810466367762508], [11.354808596873092, 16.25834512176479], [11.37366339763672, 14.925584603274814], [11.392169263834429, 14.840128197086287], [11.410338876195127, 15.746950758982145], [11.428184236515138, 15.766850045128578], [11.44571671527678, 13.372495640223061], [11.462947095163987, 16.77072252045994], [11.479885610892028, 13.370709878889468], [11.496541985719704, 15.135503449205045]],
  "merge": [[10.46310334047155, 6.22386497816645], [10.50848634631937, 6.842240044206474], [10.551898839254681, 8.594445171480746], [10.593504840087146, 5.281806172808533], [10.63344870621879, 5.574330434828326], [10.67185815433366, 6.327244453901947], [10.708846723703001, 6.767061274759044], [10.744515799909736, 5.704072931410178], [10.778956289890028, 6.044014219665867], [10.812250017989491, 5.816046675739684], [10.844470897000654, 5.17595421576098], [10.87568591634858, 5.2477016340186715], [10.905955980651335, 4.790392260273539], [10.935336625044556, 5.446865636584835], [10.96387862838404, 7.218404761894383], [10.991628541336942, 6.284836803861637], [11.018629143155449, 4.2368833153711085], [11.044919838387166, 4.423527216612904], [11.070537002757467, 4.772871187170075], [11.095514285843663, 5.476758210463501], [11.119882876860622, 6.399944635744722], [11.143671738824636, 4.562328229135715], [11.166907815505484, 6.278757185486772], [11.189616214875297, 5.406588000771227], [11.211820372186306, 7.610241904671658], [11.233542195333143, 6.251759894363545], [11.254802194759993, 4.565681770097451], [11.275619599843514, 7.252989467546148], [11.296012463406655, 6.641092846130277], [11.315997755786912, 6.123161159187181], [11.335591449687312, 4.65880480229302], [11.354808596873092, 5.597141789820239], [11.37366339763672, 6.195298675172375], [11.392169263834429, 4.478748472337453], [11.410338876195127, 4.457680172240548], [11.428184236515138, 7.361249388571207], [11.44571671527678, 5.6274360371142915], [11.462947095163987, 7.316438228229998], [11.479885610892028, 5.8874409799177085], [11.496541985719704, 4.464832729123828]], "time_elapsed": 6626.567188739777}