{"exact": [[4.605170185988092, 162.9223613104881], [5.849324779946859, 10.116984572953697], [6.386879319362645, 3.983081355405187], [6.734591659972948, 13.230112849282838], [6.992096427415888, 12.669874008223982], [7.19668657083435, 12.769658740479624], [7.366445148327599, 12.638327901931206], [7.511524648390866, 3.98368326972849], [7.638198244285779, 13.304071825723755], [7.750614732770409, 3.984251301796329], [7.851661177889265, 3.983691598068557], [7.943427767876373, 3.9847478432016468], [8.027476530860483, 11.772126690041468], [8.105005537547246, 12.193095814896392], [8.17695386822578, 13.117662655010703], [8.244071270295786, 3.9841649824813525], [8.306965865368573, 12.538627158521887], [8.366137716496281, 12.68018252609165], [8.422003004412488, 3.9839391403063735], [8.474911799159631, 3.9839745991229694], [8.525161361065415, 11.969207757434075], [8.57300625623545, 3.983973982819236], [8.618666160346871, 13.093416987512919], [8.662331957082475, 12.146997552547873], [8.704170559746386, 12.970965083035248], [8.744328763999984, 3.984739649728242], [8.782936356349264, 13.805112962555299], [8.820108644508608, 13.072621865651968], [8.855948534052018, 3.9837735685813285], [8.890548245606167, 3.9845107030993865], [8.92399074475818, 3.9841597666757207], [8.956350940490871, 3.98395673401055], [8.987696695703624, 3.983839877500424], [9.018089684104343, 12.583262725315766], [9.047586120674756, 13.18130384972005], [9.076237387452702, 3.9844264669235168], [9.104090572133472, 12.495570549277048], [9.131188933670746, 3.983961429578664], [9.157572306437528, 3.9839986522291175], [9.183277452426493, 3.983891890605758]], "over": [], "merge": [], "argmin_dic": [], "time_elapsed": 7.087507963180542}