{"exact": [[4.605170185988092, 13.597225910148168], [5.849324779946859, 12.40040153617702], [6.386879319362645, 13.100560062348492], [6.734591659972948, 13.678672632033562], [6.992096427415888, 3.983229154249236], [7.19668657083435, 3.9834258217422316], [7.366445148327599, 3.983887092024044], [7.511524648390866, 3.9838594301164014], [7.638198244285779, 3.9845575961669137], [7.750614732770409, 13.243086353757747], [7.851661177889265, 3.9839215825477776], [7.943427767876373, 12.637995888039086], [8.027476530860483, 13.409086599308672], [8.105005537547246, 13.175988538422823], [8.17695386822578, 3.983674936522413], [8.244071270295786, 13.027932731612486], [8.306965865368573, 3.983966197661641], [8.366137716496281, 3.984119666352624], [8.422003004412488, 12.669142183716483], [8.474911799159631, 12.315917978228976], [8.525161361065415, 3.984063873234668], [8.57300625623545, 3.9845445205440706], [8.618666160346871, 12.78381628743078], [8.662331957082475, 13.213461921293074], [8.704170559746386, 3.984196729189945], [8.744328763999984, 13.87903278960167], [8.782936356349264, 11.728766349420948], [8.820108644508608, 12.80258072283983], [8.855948534052018, 3.9842447403701953], [8.890548245606167, 3.9840711599075607], [8.92399074475818, 3.9841493096014178], [8.956350940490871, 13.71519581929529], [8.987696695703624, 13.215076155841512], [9.018089684104343, 3.984115880461887], [9.047586120674756, 3.983992658688275], [9.076237387452702, 3.9841456502311234], [9.104090572133472, 3.9838322039341394], [9.131188933670746, 3.9840343042032886], [9.157572306437528, 12.371380062296188], [9.183277452426493, 12.492414603545216]], "over": [], "merge": [], "argmin_dic": [], "time_elapsed": 7.068491697311401}