{"exact": [[4.605170185988092, 3.982768825527405], [5.849324779946859, 18.36027379226458], [6.386879319362645, 11.39107177060952], [6.734591659972948, 13.030859898396946], [6.992096427415888, 3.984365135040252], [7.19668657083435, 14.526615241865734], [7.366445148327599, 12.877867777213483], [7.511524648390866, 3.9837636198121427], [7.638198244285779, 3.9839683734942537], [7.750614732770409, 3.9847238514921717], [7.851661177889265, 12.176605970842113], [7.943427767876373, 3.9840604987871293], [8.027476530860483, 3.983592165998704], [8.105005537547246, 12.81246032031693], [8.17695386822578, 12.756841045259499], [8.244071270295786, 3.984008875199582], [8.306965865368573, 3.9843349122014082], [8.366137716496281, 13.82308588196737], [8.422003004412488, 3.983604896126907], [8.474911799159631, 3.9840203022722602], [8.525161361065415, 3.984050260342446], [8.57300625623545, 3.98402419976537], [8.618666160346871, 3.9839006504751264], [8.662331957082475, 3.9838838396013276], [8.704170559746386, 13.197266346288494], [8.744328763999984, 3.9837604296222415], [8.782936356349264, 3.984843797775668], [8.820108644508608, 12.582611137810096], [8.855948534052018, 12.607693373841535], [8.890548245606167, 3.9837534409625937], [8.92399074475818, 13.191870615971084], [8.956350940490871, 12.969252819945556], [8.987696695703624, 12.79709582428598], [9.018089684104343, 3.9841122800165025], [9.047586120674756, 13.121331161899512], [9.076237387452702, 3.983921836011548], [9.104090572133472, 12.994908108449735], [9.131188933670746, 3.9837824216700954], [9.157572306437528, 13.79377326456967], [9.183277452426493, 3.9838572683359743]], "over": [], "merge": [], "argmin_dic": [], "time_elapsed": 7.190540075302124}