{"exact": [[4.605170185988092, 3.9858977650298932], [5.849324779946859, 3.985011128503217], [6.386879319362645, 17.51051864549412], [6.734591659972948, 3.9846122614057893], [6.992096427415888, 12.742248685312434], [7.19668657083435, 12.112416158385756], [7.366445148327599, 13.793670898924375], [7.511524648390866, 14.168544281686762], [7.638198244285779, 3.983481058054106], [7.750614732770409, 3.9839693236716776], [7.851661177889265, 3.9844039854683664], [7.943427767876373, 3.983920972762072], [8.027476530860483, 13.788027985331514], [8.105005537547246, 3.9840394277293982], [8.17695386822578, 13.37522004641644], [8.244071270295786, 3.984268154654134], [8.306965865368573, 3.9838191561602945], [8.366137716496281, 3.9838604694461965], [8.422003004412488, 3.9844719547220566], [8.474911799159631, 3.9838544290384563], [8.525161361065415, 3.9838340540634816], [8.57300625623545, 14.289683598901503], [8.618666160346871, 3.983940350693182], [8.662331957082475, 3.9840245106970418], [8.704170559746386, 12.907427616721408], [8.744328763999984, 3.984327516790689], [8.782936356349264, 14.00442846111655], [8.820108644508608, 3.9843749056019466], [8.855948534052018, 3.983894088590275], [8.890548245606167, 3.984086854537163], [8.92399074475818, 13.779890011042479], [8.956350940490871, 12.813164832878476], [8.987696695703624, 3.9845311722947256], [9.018089684104343, 3.9841635103657147], [9.047586120674756, 13.213200113704378], [9.076237387452702, 12.948980345345484], [9.104090572133472, 12.952326402928394], [9.131188933670746, 12.666232187889433], [9.157572306437528, 3.9841703889558313], [9.183277452426493, 13.441450517216127]], "over": [], "merge": [], "argmin_dic": [], "time_elapsed": 7.4599103927612305}