{"exact": [[4.605170185988092, 456.068065080204], [5.849324779946859, 12.588353954329685], [6.386879319362645, 3.982488728752301], [6.734591659972948, 3.983686958951611], [6.992096427415888, 3.9843239324279107], [7.19668657083435, 12.801680728025207], [7.366445148327599, 3.9839584484776243], [7.511524648390866, 3.9842960340267566], [7.638198244285779, 12.795700750958712], [7.750614732770409, 3.984508702994791], [7.851661177889265, 14.16592573716507], [7.943427767876373, 3.983791463171596], [8.027476530860483, 11.27293314384998], [8.105005537547246, 3.9839246245588433], [8.17695386822578, 3.9841759292811214], [8.244071270295786, 3.984889097543672], [8.306965865368573, 3.983554631554912], [8.366137716496281, 3.983855906386483], [8.422003004412488, 11.902696352566453], [8.474911799159631, 13.217379981460386], [8.525161361065415, 3.9836049486721428], [8.57300625623545, 11.7994821412367], [8.618666160346871, 3.9839945280736995], [8.662331957082475, 3.9839788114116836], [8.704170559746386, 12.487791886004379], [8.744328763999984, 12.918857987944595], [8.782936356349264, 12.694926887000209], [8.820108644508608, 3.9838548740784883], [8.855948534052018, 3.9838137006293164], [8.890548245606167, 12.426798849691194], [8.92399074475818, 3.9841604218270597], [8.956350940490871, 12.955681535994579], [8.987696695703624, 11.561427038655651], [9.018089684104343, 12.141533890647093], [9.047586120674756, 12.87330923625269], [9.076237387452702, 3.9840234529558836], [9.104090572133472, 3.983910078356133], [9.131188933670746, 3.984323104456344], [9.157572306437528, 12.989619725642731], [9.183277452426493, 3.983981217234843]], "over": [], "merge": [], "argmin_dic": [], "time_elapsed": 7.1206629276275635}