{"exact": [[4.605170185988092, 15.180256192884725], [5.849324779946859, 3.9842849021334263], [6.386879319362645, 3.984810830046384], [6.734591659972948, 13.942613419263656], [6.992096427415888, 12.16896507082417], [7.19668657083435, 3.983819731629145], [7.366445148327599, 3.984462188199918], [7.511524648390866, 12.259626416621712], [7.638198244285779, 14.409031849697483], [7.750614732770409, 3.9839923620429087], [7.851661177889265, 3.9845280794656963], [7.943427767876373, 3.9843508302423407], [8.027476530860483, 11.904478636659988], [8.105005537547246, 12.456863891794463], [8.17695386822578, 3.983930013335983], [8.244071270295786, 3.984508376777659], [8.306965865368573, 13.017827414110753], [8.366137716496281, 12.639075631416551], [8.422003004412488, 12.364836761434223], [8.474911799159631, 3.983817318979118], [8.525161361065415, 3.983669181951359], [8.57300625623545, 12.693349996149202], [8.618666160346871, 3.9844473634571687], [8.662331957082475, 3.984114294598502], [8.704170559746386, 3.9838332189225083], [8.744328763999984, 12.819121819908892], [8.782936356349264, 12.273921434342565], [8.820108644508608, 12.255269983330443], [8.855948534052018, 12.249776557903104], [8.890548245606167, 3.9840708205335256], [8.92399074475818, 13.048302399297514], [8.956350940490871, 12.262603898782267], [8.987696695703624, 13.96877781374069], [9.018089684104343, 3.9838676223244263], [9.047586120674756, 13.120582761272773], [9.076237387452702, 3.984011191201631], [9.104090572133472, 12.921705420566223], [9.131188933670746, 13.14056600477368], [9.157572306437528, 3.9841765695484286], [9.183277452426493, 12.86277970158659]], "over": [], "merge": [], "argmin_dic": [], "time_elapsed": 7.0653417110443115}