{"exact": [[4.605170185988092, 3.990278085479097], [5.849324779946859, 14.42023390080033], [6.386879319362645, 12.240018827208818], [6.734591659972948, 3.983832287295261], [6.992096427415888, 3.98405080429172], [7.19668657083435, 3.9830581379187096], [7.366445148327599, 3.9838104155390024], [7.511524648390866, 3.9836295119698324], [7.638198244285779, 3.984952598290797], [7.750614732770409, 12.993640910668676], [7.851661177889265, 12.951192546491221], [7.943427767876373, 3.984210686275238], [8.027476530860483, 14.024415438689354], [8.105005537547246, 3.9839777106058576], [8.17695386822578, 12.734387562296702], [8.244071270295786, 13.087821481846104], [8.306965865368573, 3.984233043665465], [8.366137716496281, 13.29214472718639], [8.422003004412488, 3.9845516316054312], [8.474911799159631, 3.9839327149508876], [8.525161361065415, 13.266986638105095], [8.57300625623545, 3.9844363703850294], [8.618666160346871, 3.9838458632146763], [8.662331957082475, 12.659107374130588], [8.704170559746386, 3.984314268824828], [8.744328763999984, 12.955979478784984], [8.782936356349264, 3.9838111036195096], [8.820108644508608, 3.9841572779664474], [8.855948534052018, 3.9839498553448824], [8.890548245606167, 3.984347415938064], [8.92399074475818, 12.12701828451131], [8.956350940490871, 3.984054969851151], [8.987696695703624, 3.9840980754068003], [9.018089684104343, 12.354209204462128], [9.047586120674756, 3.983944493576074], [9.076237387452702, 3.9846497586958836], [9.104090572133472, 3.98411200049569], [9.131188933670746, 12.80593479669821], [9.157572306437528, 3.9840117819298624], [9.183277452426493, 3.984553245035216]], "over": [], "merge": [], "argmin_dic": [], "time_elapsed": 7.1803669929504395}