{"exact": [[4.605170185988092, 3.9833825760953707], [5.849324779946859, 3.983964246563951], [6.386879319362645, 3.98370584747633], [6.734591659972948, 12.982662017321935], [6.992096427415888, 13.617745936339928], [7.19668657083435, 13.82627554838932], [7.366445148327599, 12.365470055085972], [7.511524648390866, 12.60477760377558], [7.638198244285779, 11.885636572548883], [7.750614732770409, 3.9844543572522344], [7.851661177889265, 14.566958475175678], [7.943427767876373, 11.381548871702085], [8.027476530860483, 12.055175256661647], [8.105005537547246, 12.793923291897004], [8.17695386822578, 12.545089734144675], [8.244071270295786, 12.794267056679612], [8.306965865368573, 3.9839091115814225], [8.366137716496281, 3.983919681956562], [8.422003004412488, 3.9839074658286133], [8.474911799159631, 3.9841413877973832], [8.525161361065415, 3.983827826445985], [8.57300625623545, 14.292599920279217], [8.618666160346871, 3.984033129046275], [8.662331957082475, 12.855359805448991], [8.704170559746386, 3.984172167691859], [8.744328763999984, 13.097556627629675], [8.782936356349264, 3.9839377491393453], [8.820108644508608, 12.830653353684925], [8.855948534052018, 12.421848663255933], [8.890548245606167, 11.888431533604333], [8.92399074475818, 12.621210665875834], [8.956350940490871, 3.9840149547307684], [8.987696695703624, 12.644061210592712], [9.018089684104343, 12.41049691104104], [9.047586120674756, 13.535615623432218], [9.076237387452702, 12.590123197909836], [9.104090572133472, 13.878443672607519], [9.131188933670746, 12.075891156483722], [9.157572306437528, 3.9844200927196844], [9.183277452426493, 3.9838334436032596]], "over": [], "merge": [], "argmin_dic": [], "time_elapsed": 7.241801023483276}