{"exact": [[4.605170185988092, 9.913306660994385], [5.849324779946859, 17.498738558544705], [6.386879319362645, 17.077499051038163], [6.734591659972948, 13.459556550222587], [6.992096427415888, 14.189131937118177], [7.19668657083435, 3.9841375995677573], [7.366445148327599, 3.9844835649573924], [7.511524648390866, 3.9841699978727236], [7.638198244285779, 14.278247299838805], [7.750614732770409, 3.9838240460003265], [7.851661177889265, 3.9839834570065826], [7.943427767876373, 3.9834225830743764], [8.027476530860483, 13.721482360204538], [8.105005537547246, 3.985024181266146], [8.17695386822578, 3.984651465028968], [8.244071270295786, 12.440856654587668], [8.306965865368573, 3.9838802238443485], [8.366137716496281, 3.9846635782052506], [8.422003004412488, 3.98447069465882], [8.474911799159631, 12.859569422499137], [8.525161361065415, 12.786258023536044], [8.57300625623545, 12.480467486568779], [8.618666160346871, 13.232248907733233], [8.662331957082475, 13.409003133073776], [8.704170559746386, 12.749991052224988], [8.744328763999984, 3.9840145073116533], [8.782936356349264, 13.339887092606649], [8.820108644508608, 12.558094716637148], [8.855948534052018, 3.9837577710887278], [8.890548245606167, 3.9839163727948654], [8.92399074475818, 3.9840669881423225], [8.956350940490871, 12.554963201103922], [8.987696695703624, 3.9842413320197774], [9.018089684104343, 3.9843176368281155], [9.047586120674756, 12.356100867451637], [9.076237387452702, 12.991495416465488], [9.104090572133472, 3.984413741845537], [9.131188933670746, 12.893297830554822], [9.157572306437528, 3.9839255845945227], [9.183277452426493, 3.983915953740583]], "over": [], "merge": [], "argmin_dic": [], "time_elapsed": 6.914090156555176}