{"exact": [[4.605170185988092, 3.987460773521965], [5.849324779946859, 17.843091934044864], [6.386879319362645, 3.9830575034599813], [6.734591659972948, 3.983341407160696], [6.992096427415888, 3.983442192431507], [7.19668657083435, 3.9844085545936516], [7.366445148327599, 3.983779195333092], [7.511524648390866, 11.923087194520896], [7.638198244285779, 11.565889346762006], [7.750614732770409, 3.983888827327609], [7.851661177889265, 11.770950782312259], [7.943427767876373, 3.9845172972820353], [8.027476530860483, 13.146772891566549], [8.105005537547246, 12.77424569527279], [8.17695386822578, 3.983971610334914], [8.244071270295786, 11.712147258843267], [8.306965865368573, 13.724248135618982], [8.366137716496281, 13.356436798086474], [8.422003004412488, 3.983808663049673], [8.474911799159631, 11.773136495627462], [8.525161361065415, 3.9838103311966973], [8.57300625623545, 3.9838888332168705], [8.618666160346871, 12.921642871929095], [8.662331957082475, 3.9840845890827468], [8.704170559746386, 13.008843378810823], [8.744328763999984, 13.03897919372748], [8.782936356349264, 12.538898574827936], [8.820108644508608, 12.797773899517413], [8.855948534052018, 12.893844253849949], [8.890548245606167, 13.338646129201345], [8.92399074475818, 3.984225491266974], [8.956350940490871, 12.338776377654337], [8.987696695703624, 3.9839336996034818], [9.018089684104343, 3.9841086902962246], [9.047586120674756, 3.9839149180293796], [9.076237387452702, 3.984004270363679], [9.104090572133472, 3.984581586639979], [9.131188933670746, 13.290140642336292], [9.157572306437528, 12.409884176058267], [9.183277452426493, 3.9842598670866987]], "over": [], "merge": [], "argmin_dic": [], "time_elapsed": 7.179321050643921}