{"exact": [[4.605170185988092, 3.9848182217246175], [5.849324779946859, 3.9843384490594373], [6.386879319362645, 12.124750640339258], [6.734591659972948, 11.034910024525905], [6.992096427415888, 13.121074597098197], [7.19668657083435, 12.381224146307874], [7.366445148327599, 3.9839345888816555], [7.511524648390866, 11.772295899440016], [7.638198244285779, 12.318767304008633], [7.750614732770409, 12.756718785099478], [7.851661177889265, 11.425436852689954], [7.943427767876373, 14.323630947031436], [8.027476530860483, 3.9840565113482174], [8.105005537547246, 3.9838165418180767], [8.17695386822578, 3.9855893823740867], [8.244071270295786, 12.735556262866707], [8.306965865368573, 3.9840338155406387], [8.366137716496281, 3.9842571677850622], [8.422003004412488, 3.9842394718963994], [8.474911799159631, 3.9842404240252356], [8.525161361065415, 12.56893044897692], [8.57300625623545, 12.968606109623742], [8.618666160346871, 12.98819748399247], [8.662331957082475, 3.9840667527234195], [8.704170559746386, 12.192241374917904], [8.744328763999984, 12.2387210484744], [8.782936356349264, 13.103542287865764], [8.820108644508608, 3.9837584104240777], [8.855948534052018, 3.9842995864398283], [8.890548245606167, 3.9841549724916145], [8.92399074475818, 3.9835768580491027], [8.956350940490871, 12.491784264745467], [8.987696695703624, 12.297061184338054], [9.018089684104343, 13.145134405097517], [9.047586120674756, 3.984041562367302], [9.076237387452702, 12.31107052923532], [9.104090572133472, 3.9845909116771745], [9.131188933670746, 13.165866021887268], [9.157572306437528, 12.478129079100581], [9.183277452426493, 3.984070311571231]], "over": [], "merge": [], "argmin_dic": [], "time_elapsed": 6.89622950553894}