{"exact": [[4.605170185988092, 12.488788469046687], [5.849324779946859, 13.472875880409815], [6.386879319362645, 3.982786608150317], [6.734591659972948, 3.984098654265542], [6.992096427415888, 12.439638713243108], [7.19668657083435, 3.9846203175284938], [7.366445148327599, 15.384436638397387], [7.511524648390866, 3.984031371064876], [7.638198244285779, 3.983988679853522], [7.750614732770409, 3.9842782733093753], [7.851661177889265, 12.918050504672554], [7.943427767876373, 3.984275416425836], [8.027476530860483, 13.339463321423958], [8.105005537547246, 13.819498002085465], [8.17695386822578, 12.810018464681274], [8.244071270295786, 3.984850847886881], [8.306965865368573, 3.9843090695100383], [8.366137716496281, 12.01301116811507], [8.422003004412488, 12.498705627940689], [8.474911799159631, 3.984103805871864], [8.525161361065415, 3.983829331721541], [8.57300625623545, 12.941691957751017], [8.618666160346871, 3.983673958553389], [8.662331957082475, 13.943842113453513], [8.704170559746386, 3.983899427012901], [8.744328763999984, 13.004379999555976], [8.782936356349264, 3.9838611533809543], [8.820108644508608, 13.67836195329647], [8.855948534052018, 12.245040193817937], [8.890548245606167, 13.587052042108201], [8.92399074475818, 3.9839486860010465], [8.956350940490871, 3.9842100285718387], [8.987696695703624, 3.984029646435504], [9.018089684104343, 3.9842733462384885], [9.047586120674756, 13.113447569271587], [9.076237387452702, 12.9391111750208], [9.104090572133472, 3.9844002125061766], [9.131188933670746, 12.898607901318007], [9.157572306437528, 12.685494260651204], [9.183277452426493, 13.519514627276472]], "over": [], "merge": [], "argmin_dic": [], "time_elapsed": 7.083367586135864}