{"exact": [[4.605170185988092, 3.9987017195735013], [5.849324779946859, 14.136995646834015], [6.386879319362645, 15.608948810310642], [6.734591659972948, 12.3723275255122], [6.992096427415888, 13.730034551094368], [7.19668657083435, 3.9837313688935625], [7.366445148327599, 3.9832872046217824], [7.511524648390866, 3.984856459069035], [7.638198244285779, 12.850206963898007], [7.750614732770409, 3.984484051511183], [7.851661177889265, 3.983818556239601], [7.943427767876373, 12.26350571274879], [8.027476530860483, 3.984337610665796], [8.105005537547246, 12.587693217864258], [8.17695386822578, 3.9839239109573126], [8.244071270295786, 12.934341909651502], [8.306965865368573, 3.9839258650364817], [8.366137716496281, 12.655259619373352], [8.422003004412488, 3.983732177125918], [8.474911799159631, 3.98446064774126], [8.525161361065415, 13.27866096234518], [8.57300625623545, 12.613376972520001], [8.618666160346871, 3.984269257740002], [8.662331957082475, 3.9843645052252032], [8.704170559746386, 3.984393872003434], [8.744328763999984, 13.290051395447739], [8.782936356349264, 12.07082373631612], [8.820108644508608, 3.9839740479813797], [8.855948534052018, 3.984538136314066], [8.890548245606167, 13.185462213496425], [8.92399074475818, 13.048939169685491], [8.956350940490871, 12.3765428630425], [8.987696695703624, 3.984369340545314], [9.018089684104343, 13.512445196310614], [9.047586120674756, 3.9842574892294027], [9.076237387452702, 12.613039884492695], [9.104090572133472, 3.983793631637268], [9.131188933670746, 3.9838553934634358], [9.157572306437528, 12.464528970573609], [9.183277452426493, 13.026200230271895]], "over": [], "merge": [], "argmin_dic": [], "time_elapsed": 7.272686004638672}