{"exact": [[4.605170185988092, 3.987571272874322], [5.849324779946859, 3.9840937711144795], [6.386879319362645, 13.481557611424693], [6.734591659972948, 11.810581401968541], [6.992096427415888, 13.621208382686868], [7.19668657083435, 12.921191929425593], [7.366445148327599, 3.985127099540917], [7.511524648390866, 14.087244448575907], [7.638198244285779, 11.661811014815616], [7.750614732770409, 12.99596117439888], [7.851661177889265, 13.76626638008388], [7.943427767876373, 3.9840882809370055], [8.027476530860483, 13.407775474361754], [8.105005537547246, 3.9841083750619224], [8.17695386822578, 3.9838653657522567], [8.244071270295786, 12.261062780179303], [8.306965865368573, 3.98397030153849], [8.366137716496281, 3.9842817059831943], [8.422003004412488, 3.9844268673785153], [8.474911799159631, 3.9843344821632107], [8.525161361065415, 3.9837887410112827], [8.57300625623545, 12.54841397739598], [8.618666160346871, 3.9842373213597275], [8.662331957082475, 3.9843237811139622], [8.704170559746386, 12.236520330257251], [8.744328763999984, 3.9840349215957573], [8.782936356349264, 12.830958922949307], [8.820108644508608, 3.9842526197187547], [8.855948534052018, 3.984175093031429], [8.890548245606167, 3.9840760551523324], [8.92399074475818, 12.387897887722792], [8.956350940490871, 3.9843148960103147], [8.987696695703624, 3.9841214096520323], [9.018089684104343, 12.46008213449842], [9.047586120674756, 12.83640427673285], [9.076237387452702, 13.073293207479562], [9.104090572133472, 12.623189521052511], [9.131188933670746, 13.242417046776085], [9.157572306437528, 13.16331277225836], [9.183277452426493, 3.984172478528836]], "over": [], "merge": [], "argmin_dic": [], "time_elapsed": 7.061507701873779}