{"exact": [[4.605170185988092, 9.72551806590883], [5.849324779946859, 3.9862833544677736], [6.386879319362645, 17.699189798537898], [6.734591659972948, 12.681239026712765], [6.992096427415888, 3.9837307871858054], [7.19668657083435, 3.9837042625875783], [7.366445148327599, 10.581969507029259], [7.511524648390866, 3.9844891681437167], [7.638198244285779, 3.983875100033585], [7.750614732770409, 11.59077943559563], [7.851661177889265, 12.814437117309753], [7.943427767876373, 13.483780108804847], [8.027476530860483, 12.789557471724924], [8.105005537547246, 10.917700656972785], [8.17695386822578, 12.122281862621607], [8.244071270295786, 12.556342509448909], [8.306965865368573, 14.5955959695416], [8.366137716496281, 12.895642586066353], [8.422003004412488, 3.985094514241604], [8.474911799159631, 3.9836950490986993], [8.525161361065415, 12.651248730071828], [8.57300625623545, 12.393421465608347], [8.618666160346871, 12.705298959591683], [8.662331957082475, 3.983894642923391], [8.704170559746386, 3.9839833095760873], [8.744328763999984, 3.9840052821206866], [8.782936356349264, 13.28235847957354], [8.820108644508608, 3.983970265175947], [8.855948534052018, 12.628481042492297], [8.890548245606167, 3.9844098924387863], [8.92399074475818, 13.58698178722028], [8.956350940490871, 3.983943127309966], [8.987696695703624, 12.527362471301348], [9.018089684104343, 13.37307380321078], [9.047586120674756, 3.9840603685156686], [9.076237387452702, 3.984417079252419], [9.104090572133472, 12.66767490182564], [9.131188933670746, 3.983832455521544], [9.157572306437528, 12.580608767086536], [9.183277452426493, 3.9841518097485866]], "over": [], "merge": [], "argmin_dic": [], "time_elapsed": 6.90751576423645}