{"exact": [[4.605170185988092, 242.1865629323876], [5.849324779946859, 12.927886204293145], [6.386879319362645, 15.957030395414316], [6.734591659972948, 3.9839556577647195], [6.992096427415888, 12.604142080642024], [7.19668657083435, 3.983949691274129], [7.366445148327599, 14.452207241955856], [7.511524648390866, 12.987468460768792], [7.638198244285779, 3.984144643916124], [7.750614732770409, 11.99447307064614], [7.851661177889265, 3.9845091605746603], [7.943427767876373, 3.983961812607254], [8.027476530860483, 3.9841902867211805], [8.105005537547246, 3.9843616516048086], [8.17695386822578, 3.9839899394992435], [8.244071270295786, 3.983952075284252], [8.306965865368573, 3.98404603936586], [8.366137716496281, 3.9841579845311808], [8.422003004412488, 3.9840934756722737], [8.474911799159631, 13.675158469555027], [8.525161361065415, 3.983786913130725], [8.57300625623545, 12.942757938445123], [8.618666160346871, 12.422471337687599], [8.662331957082475, 3.9843840692816066], [8.704170559746386, 13.038852428224319], [8.744328763999984, 12.809970316098251], [8.782936356349264, 3.983920516010951], [8.820108644508608, 3.983876997306038], [8.855948534052018, 3.9843463880718604], [8.890548245606167, 12.650877166572394], [8.92399074475818, 3.983714397254271], [8.956350940490871, 13.042201131328534], [8.987696695703624, 3.9841219438181077], [9.018089684104343, 12.90727503143954], [9.047586120674756, 12.914210874032635], [9.076237387452702, 12.87858777723541], [9.104090572133472, 3.984386752481233], [9.131188933670746, 3.9843096212795244], [9.157572306437528, 3.9844806806519895], [9.183277452426493, 3.984181017407002]], "over": [], "merge": [], "argmin_dic": [], "time_elapsed": 6.777190923690796}