{"exact": [[4.605170185988092, 3.9852857095958596], [5.849324779946859, 13.952255688968155], [6.386879319362645, 3.9833056074244775], [6.734591659972948, 3.984608982767942], [6.992096427415888, 12.862093009123218], [7.19668657083435, 3.9835881359541694], [7.366445148327599, 12.416383331162347], [7.511524648390866, 12.894318926748337], [7.638198244285779, 3.9844880808241245], [7.750614732770409, 13.439983809757932], [7.851661177889265, 12.879288679424548], [7.943427767876373, 3.983619894898048], [8.027476530860483, 3.984446324540799], [8.105005537547246, 14.369551211325522], [8.17695386822578, 12.13311472767381], [8.244071270295786, 3.983977715021723], [8.306965865368573, 3.983549285266257], [8.366137716496281, 12.408904366299552], [8.422003004412488, 12.653150667149761], [8.474911799159631, 3.9839540247129532], [8.525161361065415, 3.984570681916088], [8.57300625623545, 12.744716023011861], [8.618666160346871, 12.514368368839142], [8.662331957082475, 13.418690237725013], [8.704170559746386, 3.984139812770246], [8.744328763999984, 3.984550198336966], [8.782936356349264, 12.282343374950853], [8.820108644508608, 13.75542379232628], [8.855948534052018, 3.983970061201742], [8.890548245606167, 13.593385565476979], [8.92399074475818, 12.733475363665805], [8.956350940490871, 12.577228691035604], [8.987696695703624, 3.984197581376605], [9.018089684104343, 3.9841942027853277], [9.047586120674756, 12.521418557150275], [9.076237387452702, 12.895309504710319], [9.104090572133472, 3.9837777579606586], [9.131188933670746, 3.9841154900795823], [9.157572306437528, 3.9840360869010314], [9.183277452426493, 12.301839970030587]], "over": [], "merge": [], "argmin_dic": [], "time_elapsed": 7.038341522216797}