{"exact": [[4.605170185988092, 16.179451674409744], [5.849324779946859, 3.9831489224909924], [6.386879319362645, 14.875226056842674], [6.734591659972948, 14.414584794204007], [6.992096427415888, 3.9838206535131446], [7.19668657083435, 3.983995437590601], [7.366445148327599, 3.984186664946139], [7.511524648390866, 13.910658625540961], [7.638198244285779, 12.657224526113447], [7.750614732770409, 3.983495032100193], [7.851661177889265, 3.984183662618491], [7.943427767876373, 3.984760249992154], [8.027476530860483, 13.972145384751583], [8.105005537547246, 14.424663739906228], [8.17695386822578, 3.9842541660869215], [8.244071270295786, 12.528796652513103], [8.306965865368573, 3.9842120690383944], [8.366137716496281, 3.9842517297124496], [8.422003004412488, 3.98402701440794], [8.474911799159631, 3.9838919690141736], [8.525161361065415, 12.986749745596464], [8.57300625623545, 3.9841468055607083], [8.618666160346871, 3.984468413598917], [8.662331957082475, 3.9839034987789126], [8.704170559746386, 3.9841183339319035], [8.744328763999984, 3.9842919599761046], [8.782936356349264, 3.9839399114083385], [8.820108644508608, 3.9844533891582548], [8.855948534052018, 3.984109425656741], [8.890548245606167, 12.662869426703585], [8.92399074475818, 12.308190045572918], [8.956350940490871, 3.9839939970977087], [8.987696695703624, 3.9840480922794796], [9.018089684104343, 3.98397526866079], [9.047586120674756, 3.9844309231813395], [9.076237387452702, 3.983957267900007], [9.104090572133472, 13.473669025935799], [9.131188933670746, 3.98452447553188], [9.157572306437528, 3.9838751219981505], [9.183277452426493, 3.9838260264399175]], "over": [], "merge": [], "argmin_dic": [], "time_elapsed": 7.434274435043335}