{"exact": [[4.605170185988092, 15.43786650080404], [5.849324779946859, 18.077484258852827], [6.386879319362645, 3.9854579741510614], [6.734591659972948, 11.742432932369377], [6.992096427415888, 3.983788814745101], [7.19668657083435, 3.9837019533686506], [7.366445148327599, 3.9842779193306592], [7.511524648390866, 3.9845764667345334], [7.638198244285779, 3.9836762921936577], [7.750614732770409, 13.25183232565036], [7.851661177889265, 13.837226843213218], [7.943427767876373, 3.9839441155938196], [8.027476530860483, 12.854390591298932], [8.105005537547246, 13.127942235524952], [8.17695386822578, 3.9839893740342576], [8.244071270295786, 13.633599653914835], [8.306965865368573, 3.98429529553175], [8.366137716496281, 13.032561929128034], [8.422003004412488, 12.663547359104914], [8.474911799159631, 12.993589126993937], [8.525161361065415, 11.977218906190634], [8.57300625623545, 3.9842089622944155], [8.618666160346871, 3.9841694043422526], [8.662331957082475, 12.964970352811893], [8.704170559746386, 3.984588591772736], [8.744328763999984, 12.318493092632151], [8.782936356349264, 13.83263956698689], [8.820108644508608, 13.050844993703087], [8.855948534052018, 3.9841003950804685], [8.890548245606167, 12.476076963301324], [8.92399074475818, 3.984494039033719], [8.956350940490871, 12.184291022056154], [8.987696695703624, 3.9839707254541614], [9.018089684104343, 3.984087704380843], [9.047586120674756, 3.984033225733866], [9.076237387452702, 12.8153017832147], [9.104090572133472, 12.609833472824391], [9.131188933670746, 3.984027317436755], [9.157572306437528, 3.984029269554152], [9.183277452426493, 12.461881048273622]], "over": [], "merge": [], "argmin_dic": [], "time_elapsed": 7.3602471351623535}