{"exact": [[4.605170185988092, 155.27497792635236], [5.849324779946859, 3.9853712494741345], [6.386879319362645, 12.647417922242752], [6.734591659972948, 3.983963873793035], [6.992096427415888, 3.983925722662624], [7.19668657083435, 3.983860168762796], [7.366445148327599, 11.3561636576509], [7.511524648390866, 12.74958577279769], [7.638198244285779, 13.404408758491911], [7.750614732770409, 3.984382610567477], [7.851661177889265, 13.625757698197285], [7.943427767876373, 11.616057565937918], [8.027476530860483, 13.049404559355295], [8.105005537547246, 3.98347918312974], [8.17695386822578, 12.736830798479867], [8.244071270295786, 12.70045160404194], [8.306965865368573, 12.526067852811627], [8.366137716496281, 13.396797278936505], [8.422003004412488, 13.63228292325952], [8.474911799159631, 13.081078796847711], [8.525161361065415, 3.984494393734622], [8.57300625623545, 12.87185268822517], [8.618666160346871, 3.983918393476913], [8.662331957082475, 3.984062189492996], [8.704170559746386, 12.870165356332771], [8.744328763999984, 13.748149528836274], [8.782936356349264, 12.674818337291736], [8.820108644508608, 3.984348917747178], [8.855948534052018, 3.983951710302563], [8.890548245606167, 3.9837564420754563], [8.92399074475818, 13.57668424048477], [8.956350940490871, 13.429065059872778], [8.987696695703624, 3.984221230902614], [9.018089684104343, 3.984527225408241], [9.047586120674756, 12.779821074551908], [9.076237387452702, 3.9839305575013664], [9.104090572133472, 3.984010690930776], [9.131188933670746, 3.9838298946759054], [9.157572306437528, 12.958633071368396], [9.183277452426493, 3.9841068931550807]], "over": [], "merge": [], "argmin_dic": [], "time_elapsed": 7.022874593734741}