{"exact": [[4.605170185988092, 3.984711081654494], [5.849324779946859, 3.987217185789988], [6.386879319362645, 3.9846858816474224], [6.734591659972948, 11.287041574631663], [6.992096427415888, 13.156964942435003], [7.19668657083435, 12.59076132313546], [7.366445148327599, 3.9836589097495727], [7.511524648390866, 3.9845029921179016], [7.638198244285779, 3.9843554216877006], [7.750614732770409, 3.9840385670104554], [7.851661177889265, 12.593392224511057], [7.943427767876373, 3.9845659217902414], [8.027476530860483, 12.257700169827777], [8.105005537547246, 13.147917246689136], [8.17695386822578, 13.150371680874537], [8.244071270295786, 3.9841157824961724], [8.306965865368573, 13.54405129723756], [8.366137716496281, 13.796570569878842], [8.422003004412488, 13.167898104030836], [8.474911799159631, 12.401615600221158], [8.525161361065415, 12.899560852398784], [8.57300625623545, 13.0182245926513], [8.618666160346871, 12.454000039790726], [8.662331957082475, 3.984056575978724], [8.704170559746386, 12.920208933399465], [8.744328763999984, 3.983922721885282], [8.782936356349264, 13.180559435971459], [8.820108644508608, 3.98428109906782], [8.855948534052018, 3.9839368201901677], [8.890548245606167, 3.98413682759856], [8.92399074475818, 12.995230217483726], [8.956350940490871, 3.984297747804216], [8.987696695703624, 3.9839441187754847], [9.018089684104343, 3.983893357688532], [9.047586120674756, 12.792344552889578], [9.076237387452702, 3.9841646864999203], [9.104090572133472, 12.33233434552941], [9.131188933670746, 12.310063971523661], [9.157572306437528, 3.9840698157934713], [9.183277452426493, 3.9839397338445384]], "over": [], "merge": [], "argmin_dic": [], "time_elapsed": 6.730531930923462}