{"exact": [[4.605170185988092, 19.213340624875592], [5.849324779946859, 3.983805641392778], [6.386879319362645, 13.863453245070199], [6.734591659972948, 11.720900326283095], [6.992096427415888, 14.350304506015522], [7.19668657083435, 11.07515324510746], [7.366445148327599, 3.9842848617206097], [7.511524648390866, 12.173172105689464], [7.638198244285779, 14.016883148347716], [7.750614732770409, 13.73772599605064], [7.851661177889265, 12.31038390698169], [7.943427767876373, 3.984012556463802], [8.027476530860483, 13.82094294443629], [8.105005537547246, 13.240388619059665], [8.17695386822578, 3.9838716795816453], [8.244071270295786, 12.433702536957332], [8.306965865368573, 14.141633007544257], [8.366137716496281, 13.094653607502645], [8.422003004412488, 3.983840027657437], [8.474911799159631, 3.984019971811595], [8.525161361065415, 13.254466279358361], [8.57300625623545, 3.983965207824057], [8.618666160346871, 3.9838177875722995], [8.662331957082475, 3.983788234893909], [8.704170559746386, 3.9839236537868064], [8.744328763999984, 12.081372279411122], [8.782936356349264, 3.9841965947224645], [8.820108644508608, 12.461141708058499], [8.855948534052018, 12.653288073880782], [8.890548245606167, 3.9839748588672586], [8.92399074475818, 3.98429882113353], [8.956350940490871, 12.855590413902314], [8.987696695703624, 3.984033340865148], [9.018089684104343, 3.984061580198191], [9.047586120674756, 3.9840271622779175], [9.076237387452702, 3.9837367031342], [9.104090572133472, 12.426861983762771], [9.131188933670746, 13.081350137143383], [9.157572306437528, 12.60768075576603], [9.183277452426493, 13.501909415094763]], "over": [], "merge": [], "argmin_dic": [], "time_elapsed": 6.730901002883911}