{"exact": [[4.605170185988092, 12.572314670040214], [5.849324779946859, 3.984805323198362], [6.386879319362645, 12.945258521074114], [6.734591659972948, 3.9834490813046686], [6.992096427415888, 11.83648510324426], [7.19668657083435, 11.435880010578238], [7.366445148327599, 15.158560526079398], [7.511524648390866, 3.9837147548865652], [7.638198244285779, 13.70919518411354], [7.750614732770409, 3.9839493274956252], [7.851661177889265, 12.661199293763314], [7.943427767876373, 14.059815836366413], [8.027476530860483, 3.984363103940506], [8.105005537547246, 3.984169518116386], [8.17695386822578, 3.984059646303627], [8.244071270295786, 11.669658433944596], [8.306965865368573, 13.756363034648219], [8.366137716496281, 12.388030691673372], [8.422003004412488, 12.241671361890257], [8.474911799159631, 13.566530784199069], [8.525161361065415, 3.984321527747016], [8.57300625623545, 13.272577792838819], [8.618666160346871, 13.076901263367366], [8.662331957082475, 3.984135340615022], [8.704170559746386, 3.98405565150257], [8.744328763999984, 3.983992096553095], [8.782936356349264, 3.984461204628232], [8.820108644508608, 12.854434878391288], [8.855948534052018, 12.533517890357562], [8.890548245606167, 13.153342760627075], [8.92399074475818, 3.983866795343489], [8.956350940490871, 12.483529588118643], [8.987696695703624, 3.984206008922344], [9.018089684104343, 12.977173114740962], [9.047586120674756, 3.9839989820044535], [9.076237387452702, 13.851835196187999], [9.104090572133472, 13.133955865423376], [9.131188933670746, 3.9838724876709466], [9.157572306437528, 12.182085031229084], [9.183277452426493, 3.984159917304806]], "over": [], "merge": [], "argmin_dic": [], "time_elapsed": 7.295555591583252}