{"exact": [[4.605170185988092, 20.7799195273007], [5.849324779946859, 20.79517689551212], [6.386879319362645, 20.802508731313118], [6.734591659972948, 20.800259577589703], [6.992096427415888, 20.798036252134224], [7.19668657083435, 20.797035704751142], [7.366445148327599, 20.79525724895098], [7.511524648390866, 20.803123646685002], [7.638198244285779, 20.798061609688087], [7.750614732770409, 20.79842313198008], [7.851661177889265, 20.79774437539], [7.943427767876373, 20.797687981157974], [8.027476530860483, 20.798500762469757], [8.105005537547246, 20.79895580140078], [8.17695386822578, 20.79608995005439], [8.244071270295786, 20.799351839694896], [8.306965865368573, 20.80038554237956], [8.366137716496281, 20.79881975738463], [8.422003004412488, 20.798421155904173], [8.474911799159631, 20.799941415252245], [8.525161361065415, 20.79630114471164], [8.57300625623545, 20.795075577926614], [8.618666160346871, 20.79804505596826], [8.662331957082475, 20.796585420681197], [8.704170559746386, 20.798606875256414], [8.744328763999984, 20.797333460446335], [8.782936356349264, 20.797228329788016], [8.820108644508608, 20.796853690368835], [8.855948534052018, 20.79888483678347], [8.890548245606167, 20.79778223988802], [8.92399074475818, 20.796186095242778], [8.956350940490871, 20.798840795859164], [8.987696695703624, 20.797681579509053], [9.018089684104343, 20.798108840691505], [9.047586120674756, 20.796487719338568], [9.076237387452702, 20.79868101568822], [9.104090572133472, 20.79719332534921], [9.131188933670746, 20.79806733076284], [9.157572306437528, 20.799243333869626], [9.183277452426493, 20.797955626233314]], "over": [[4.605170185988092, 55.619985639684096], [5.849324779946859, 55.72127378842615], [6.386879319362645, 56.06538605335694], [6.734591659972948, 62.39941726410619], [6.992096427415888, 55.99690519596883], [7.19668657083435, 49.74987679793966], [7.366445148327599, 55.768834019796365], [7.511524648390866, 55.54342230865896], [7.638198244285779, 49.2255830868666], [7.750614732770409, 49.25324948636707], [7.851661177889265, 55.63480975837216], [7.943427767876373, 56.00328680903497], [8.027476530860483, 56.001485639615844], [8.105005537547246, 62.395969839122166], [8.17695386822578, 56.02747228410241], [8.244071270295786, 49.33192749901211], [8.306965865368573, 54.89420660841117], [8.366137716496281, 55.58843775703692], [8.422003004412488, 49.265102093519616], [8.474911799159631, 55.5136666519308], [8.525161361065415, 55.47720034334241], [8.57300625623545, 49.78264227543436], [8.618666160346871, 49.79779115427135], [8.662331957082475, 56.02198439475638], [8.704170559746386, 55.76238908087805], [8.744328763999984, 49.81030940133316], [8.782936356349264, 55.92734934639753], [8.820108644508608, 49.14333031389675], [8.855948534052018, 55.865477232639016], [8.890548245606167, 49.35012853912317], [8.92399074475818, 49.52698732224404], [8.956350940490871, 49.60565151350166], [8.987696695703624, 55.834848861306284], [9.018089684104343, 49.227487650801294], [9.047586120674756, 49.27665309560396], [9.076237387452702, 62.394650212338476], [9.104090572133472, 62.39027812036048], [9.131188933670746, 54.98755976422466], [9.157572306437528, 49.57310716785452], [9.183277452426493, 56.038064914070205]], "merge": [[4.605170185988092, 20.975277949861674], [5.849324779946859, 21.053543425959422], [6.386879319362645, 21.43566553259446], [6.734591659972948, 20.800378202094866], [6.992096427415888, 21.36440952402839], [7.19668657083435, 21.826791318970642], [7.366445148327599, 21.107550978160337], [7.511524648390866, 22.347184385550033], [7.638198244285779, 21.32898486524897], [7.750614732770409, 21.194107316925955], [7.851661177889265, 20.9266224689748], [7.943427767876373, 21.346812580505315], [8.027476530860483, 21.431662904216616], [8.105005537547246, 20.799057505489117], [8.17695386822578, 21.426543491425956], [8.244071270295786, 21.35236267793472], [8.306965865368573, 22.002951691949846], [8.366137716496281, 22.02233358889299], [8.422003004412488, 21.259911237103633], [8.474911799159631, 22.055467374316528], [8.525161361065415, 22.038137233931796], [8.57300625623545, 21.80905562567081], [8.618666160346871, 21.842124882067214], [8.662331957082475, 21.427165758172073], [8.704170559746386, 21.120767927953235], [8.744328763999984, 21.81688282377536], [8.782936356349264, 21.320044484751016], [8.820108644508608, 21.225739756827764], [8.855948534052018, 21.26009088354934], [8.890548245606167, 21.350618394416607], [8.92399074475818, 21.55537781655308], [8.956350940490871, 21.574944368000317], [8.987696695703624, 21.414181718994044], [9.018089684104343, 21.23982788621785], [9.047586120674756, 21.282740328155207], [9.076237387452702, 20.798709067544205], [9.104090572133472, 20.797236206121827], [9.131188933670746, 21.871689396551414], [9.157572306437528, 21.570269815336008], [9.183277452426493, 21.434696488251728]], "argmin_dic": [[100, 5], [347, 2], [594, 2], [841, 2], [1088, 2], [1335, 2], [1582, 2], [1829, 2], [2076, 2], [2323, 2], [2570, 5], [2817, 2], [3064, 2], [3311, 2], [3558, 2], [3805, 2], [4052, 2], [4299, 2], [4546, 2], [4793, 2], [5040, 2], [5287, 2], [5534, 2], [5781, 2], [6028, 2], [6275, 2], [6522, 2], [6769, 2], [7016, 5], [7263, 2], [7510, 2], [7757, 2], [8004, 3], [8251, 2], [8498, 3], [8745, 2], [8992, 2], [9239, 2], [9486, 2], [9733, 2]], "time_elapsed": 1637.2872009277344}