{"exact": [[4.605170185988092, 14.569253508706836], [5.849324779946859, 3.984386794475464], [6.386879319362645, 12.082884651363692], [6.734591659972948, 12.386082177052923], [6.992096427415888, 3.984040987955032], [7.19668657083435, 3.983813626416939], [7.366445148327599, 13.017888691906228], [7.511524648390866, 16.159060172864066], [7.638198244285779, 12.647245828281369], [7.750614732770409, 13.655914794797996], [7.851661177889265, 3.984406306717783], [7.943427767876373, 13.290994998358556], [8.027476530860483, 12.200728976296219], [8.105005537547246, 12.614550916348842], [8.17695386822578, 13.515244364488602], [8.244071270295786, 12.527442608869912], [8.306965865368573, 3.984200798268979], [8.366137716496281, 12.493271416169874], [8.422003004412488, 3.9842288419428185], [8.474911799159631, 3.9841155602275444], [8.525161361065415, 3.984956239118976], [8.57300625623545, 3.9836834404440524], [8.618666160346871, 12.899036330993598], [8.662331957082475, 3.9837821187703066], [8.704170559746386, 13.160867201616117], [8.744328763999984, 13.015165725915935], [8.782936356349264, 3.9844088411424474], [8.820108644508608, 12.486481719925191], [8.855948534052018, 12.19649004310129], [8.890548245606167, 12.422242917226127], [8.92399074475818, 13.26379499815482], [8.956350940490871, 3.984136279725535], [8.987696695703624, 3.984394704503293], [9.018089684104343, 3.983993349667751], [9.047586120674756, 13.352216960625032], [9.076237387452702, 3.9834354400604695], [9.104090572133472, 13.088141851765753], [9.131188933670746, 12.598032911098372], [9.157572306437528, 3.984131927393286], [9.183277452426493, 12.73956458888437]], "over": [], "merge": [], "argmin_dic": [], "time_elapsed": 6.947171688079834}