{"exact": [[4.605170185988092, 157.34041904866163], [5.849324779946859, 11.57907751726759], [6.386879319362645, 12.610622914175575], [6.734591659972948, 3.984889481515796], [6.992096427415888, 3.9838406132958486], [7.19668657083435, 14.090066158942566], [7.366445148327599, 3.9840647554488404], [7.511524648390866, 12.856120300034588], [7.638198244285779, 13.54229935241887], [7.750614732770409, 13.61574965726951], [7.851661177889265, 13.158897301638431], [7.943427767876373, 3.9838199097575058], [8.027476530860483, 3.9845347779709126], [8.105005537547246, 3.9842327960677384], [8.17695386822578, 12.696029472718301], [8.244071270295786, 12.14136391490447], [8.306965865368573, 3.9839031825144384], [8.366137716496281, 3.984761390830146], [8.422003004412488, 13.347525209335469], [8.474911799159631, 3.983771573850164], [8.525161361065415, 3.9839943605714585], [8.57300625623545, 13.801132676217051], [8.618666160346871, 3.984134463662388], [8.662331957082475, 3.983850803817457], [8.704170559746386, 3.984241287636239], [8.744328763999984, 3.9840003658232206], [8.782936356349264, 3.983993433496744], [8.820108644508608, 12.208023893610859], [8.855948534052018, 14.124155330337448], [8.890548245606167, 3.9844511896845187], [8.92399074475818, 3.984660769397905], [8.956350940490871, 12.830782162511472], [8.987696695703624, 13.097188023510201], [9.018089684104343, 13.618136085932216], [9.047586120674756, 12.432908176355951], [9.076237387452702, 3.983932131001868], [9.104090572133472, 12.871983412499247], [9.131188933670746, 13.780152321338871], [9.157572306437528, 12.256166618994433], [9.183277452426493, 3.983832578207795]], "over": [], "merge": [], "argmin_dic": [], "time_elapsed": 7.298842191696167}