{"exact": [[4.605170185988092, 12.711776109805053], [5.849324779946859, 13.132018657636255], [6.386879319362645, 3.9848147654341672], [6.734591659972948, 3.984486146244843], [6.992096427415888, 13.29830515515271], [7.19668657083435, 13.646604133518165], [7.366445148327599, 12.930311081842605], [7.511524648390866, 11.539664308738404], [7.638198244285779, 3.984620702120414], [7.750614732770409, 14.45855983437876], [7.851661177889265, 12.868875489754625], [7.943427767876373, 12.606057612515068], [8.027476530860483, 13.833406030589908], [8.105005537547246, 11.939151646941239], [8.17695386822578, 3.9846431140229805], [8.244071270295786, 13.109052961221732], [8.306965865368573, 12.356473513248014], [8.366137716496281, 3.9840989112779166], [8.422003004412488, 3.984001512687547], [8.474911799159631, 3.9838745516271423], [8.525161361065415, 3.9837799712633313], [8.57300625623545, 3.9843627544498825], [8.618666160346871, 12.157167743405964], [8.662331957082475, 12.69153147540682], [8.704170559746386, 3.9841045495332406], [8.744328763999984, 3.9844085663960946], [8.782936356349264, 3.983697508856032], [8.820108644508608, 3.984433750993319], [8.855948534052018, 3.9837871136244583], [8.890548245606167, 12.500814842274988], [8.92399074475818, 12.422694406318042], [8.956350940490871, 12.883881489425887], [8.987696695703624, 13.463593828472012], [9.018089684104343, 13.078006246430038], [9.047586120674756, 3.9841799774667694], [9.076237387452702, 12.50157155837384], [9.104090572133472, 12.896213585336977], [9.131188933670746, 3.983985463914629], [9.157572306437528, 3.984349316395607], [9.183277452426493, 12.736374864724313]], "over": [], "merge": [], "argmin_dic": [], "time_elapsed": 7.277157783508301}