{"exact": [[4.605170185988092, 3.9826644119761827], [5.849324779946859, 14.58457629056092], [6.386879319362645, 12.87732296066616], [6.734591659972948, 3.9851880482513375], [6.992096427415888, 12.243529866269634], [7.19668657083435, 3.9839293460255454], [7.366445148327599, 13.295575630080606], [7.511524648390866, 12.112363642534387], [7.638198244285779, 13.627255670841294], [7.750614732770409, 3.9837359814010793], [7.851661177889265, 13.457148769355177], [7.943427767876373, 3.984364464403522], [8.027476530860483, 3.985171939237529], [8.105005537547246, 12.142759542300308], [8.17695386822578, 13.929470196408896], [8.244071270295786, 12.793068387097696], [8.306965865368573, 3.9835322940239304], [8.366137716496281, 3.983983780595653], [8.422003004412488, 3.983796407735662], [8.474911799159631, 3.983842378370367], [8.525161361065415, 13.19722501643001], [8.57300625623545, 3.984191064439547], [8.618666160346871, 13.378260950233459], [8.662331957082475, 12.865991126952702], [8.704170559746386, 3.9835499161300834], [8.744328763999984, 3.9845685126768324], [8.782936356349264, 3.9841667491039123], [8.820108644508608, 12.22191982269635], [8.855948534052018, 12.041580732655708], [8.890548245606167, 12.46932512287828], [8.92399074475818, 13.178378930087138], [8.956350940490871, 12.560245035409942], [8.987696695703624, 3.983790973910971], [9.018089684104343, 12.941265424069035], [9.047586120674756, 3.984110683165343], [9.076237387452702, 12.904370898125848], [9.104090572133472, 13.505056423398896], [9.131188933670746, 3.984015506319132], [9.157572306437528, 13.255034227593956], [9.183277452426493, 3.984039978985264]], "over": [], "merge": [], "argmin_dic": [], "time_elapsed": 7.30069637298584}