{"exact": [[4.605170185988092, 125.59151713226962], [5.849324779946859, 13.529042726756467], [6.386879319362645, 14.68810374169857], [6.734591659972948, 3.9850226339527617], [6.992096427415888, 3.9846689346791004], [7.19668657083435, 3.9835630818135233], [7.366445148327599, 3.9847609778536093], [7.511524648390866, 13.033337424611231], [7.638198244285779, 3.9837901071187583], [7.750614732770409, 12.083405838000047], [7.851661177889265, 12.471493636683592], [7.943427767876373, 13.361118340265818], [8.027476530860483, 3.984073055981671], [8.105005537547246, 12.37840133925606], [8.17695386822578, 3.983814198588433], [8.244071270295786, 3.9837823080952752], [8.306965865368573, 3.9845484721417654], [8.366137716496281, 12.550973842838422], [8.422003004412488, 12.382239027115665], [8.474911799159631, 12.46490766064538], [8.525161361065415, 3.9839955304323613], [8.57300625623545, 12.596317166923601], [8.618666160346871, 13.053081153616699], [8.662331957082475, 3.9836574770140616], [8.704170559746386, 3.984068832975977], [8.744328763999984, 3.9839198691680475], [8.782936356349264, 3.983565472874241], [8.820108644508608, 12.008466366032613], [8.855948534052018, 12.290483395024204], [8.890548245606167, 3.98409169930324], [8.92399074475818, 12.528889230972561], [8.956350940490871, 3.9841412071008926], [8.987696695703624, 3.9842253452013403], [9.018089684104343, 3.984263506746281], [9.047586120674756, 13.05382488053037], [9.076237387452702, 3.983806548916786], [9.104090572133472, 12.624793340639338], [9.131188933670746, 3.984167204371319], [9.157572306437528, 3.9840966866853105], [9.183277452426493, 12.186613932887413]], "over": [], "merge": [], "argmin_dic": [], "time_elapsed": 7.351955890655518}