{"exact": [[4.605170185988092, 3.986577185506486], [5.849324779946859, 3.9845832470311273], [6.386879319362645, 3.983990170693329], [6.734591659972948, 11.17431924411441], [6.992096427415888, 3.9833166938747864], [7.19668657083435, 3.9842770921109945], [7.366445148327599, 12.712423952015136], [7.511524648390866, 3.9837618417571137], [7.638198244285779, 3.983819859795572], [7.750614732770409, 11.766200058989805], [7.851661177889265, 3.9843597863161047], [7.943427767876373, 3.9842901488488884], [8.027476530860483, 3.9842615557735446], [8.105005537547246, 3.983970582495222], [8.17695386822578, 3.984146597148507], [8.244071270295786, 3.9839048088615017], [8.306965865368573, 3.984278976491873], [8.366137716496281, 3.983742632958386], [8.422003004412488, 3.983635845268224], [8.474911799159631, 13.649424657322507], [8.525161361065415, 3.984071565472012], [8.57300625623545, 13.164456538119685], [8.618666160346871, 12.903941481415123], [8.662331957082475, 12.07570468642133], [8.704170559746386, 3.9839422241604816], [8.744328763999984, 3.9841297639345394], [8.782936356349264, 12.10097024529047], [8.820108644508608, 3.9841384148690926], [8.855948534052018, 3.9837402016110524], [8.890548245606167, 12.293936564036768], [8.92399074475818, 12.836262174777335], [8.956350940490871, 12.388724695165308], [8.987696695703624, 3.9846038581877434], [9.018089684104343, 3.9841606764970683], [9.047586120674756, 13.167757569278784], [9.076237387452702, 12.991438902012865], [9.104090572133472, 12.631679524539589], [9.131188933670746, 13.030444086170045], [9.157572306437528, 3.9838760774523148], [9.183277452426493, 12.778221763494262]], "over": [], "merge": [], "argmin_dic": [], "time_elapsed": 6.89128041267395}