{"exact": [[4.605170185988092, 4.015632838091443], [5.849324779946859, 3.9845215953266715], [6.386879319362645, 13.133107256073377], [6.734591659972948, 14.938147140575397], [6.992096427415888, 11.060097914633115], [7.19668657083435, 3.9834360906615545], [7.366445148327599, 12.021447163131672], [7.511524648390866, 11.746596444834378], [7.638198244285779, 3.9842531337401246], [7.750614732770409, 12.360852293096377], [7.851661177889265, 3.9857497129322987], [7.943427767876373, 3.983817965631081], [8.027476530860483, 12.229284738191366], [8.105005537547246, 3.9837275350623904], [8.17695386822578, 12.427538369140894], [8.244071270295786, 13.015728507363702], [8.306965865368573, 13.218523681975771], [8.366137716496281, 3.984284405396497], [8.422003004412488, 3.983474901080311], [8.474911799159631, 12.564620369882066], [8.525161361065415, 13.497342267860692], [8.57300625623545, 12.795703166107407], [8.618666160346871, 3.984688336002763], [8.662331957082475, 3.9838532148139], [8.704170559746386, 13.011004830761266], [8.744328763999984, 12.48829374937667], [8.782936356349264, 12.361433957752567], [8.820108644508608, 3.984490820710644], [8.855948534052018, 3.984141195416198], [8.890548245606167, 12.425274565500196], [8.92399074475818, 13.96083448528491], [8.956350940490871, 3.9840774073829954], [8.987696695703624, 12.87579277511302], [9.018089684104343, 3.9837166191451], [9.047586120674756, 13.093825016815025], [9.076237387452702, 3.984113783827624], [9.104090572133472, 3.9840192474625415], [9.131188933670746, 13.882093876771918], [9.157572306437528, 13.582472198489654], [9.183277452426493, 3.9844842986943547]], "over": [], "merge": [], "argmin_dic": [], "time_elapsed": 7.307538270950317}