{"exact": [[4.605170185988092, 13.69497708347477], [5.849324779946859, 3.985873447383311], [6.386879319362645, 3.9852616372964587], [6.734591659972948, 13.07576183998325], [6.992096427415888, 3.984444468772658], [7.19668657083435, 12.779513553602406], [7.366445148327599, 3.98435128896962], [7.511524648390866, 14.063477829105208], [7.638198244285779, 12.574680404484704], [7.750614732770409, 12.649897524083508], [7.851661177889265, 11.995475461069542], [7.943427767876373, 3.984020413212368], [8.027476530860483, 12.831913662333738], [8.105005537547246, 13.390920539728448], [8.17695386822578, 13.047609248100285], [8.244071270295786, 3.9837188382642297], [8.306965865368573, 3.9841422306044523], [8.366137716496281, 3.9837940296716328], [8.422003004412488, 3.9841786163731543], [8.474911799159631, 3.9838772528673743], [8.525161361065415, 13.176222938896842], [8.57300625623545, 3.9836724188640336], [8.618666160346871, 3.9840673300879024], [8.662331957082475, 3.984159927088129], [8.704170559746386, 12.862517041836396], [8.744328763999984, 13.08334709893128], [8.782936356349264, 3.9844498369947186], [8.820108644508608, 3.983573804995511], [8.855948534052018, 12.704506171847655], [8.890548245606167, 3.984421123610427], [8.92399074475818, 13.58139088660447], [8.956350940490871, 11.751952025275713], [8.987696695703624, 3.9838894544169996], [9.018089684104343, 3.9840158064753917], [9.047586120674756, 3.9839234127159053], [9.076237387452702, 3.9837981009057484], [9.104090572133472, 3.9841996378753857], [9.131188933670746, 13.402977422640399], [9.157572306437528, 12.770066978125351], [9.183277452426493, 3.9837843991852493]], "over": [], "merge": [], "argmin_dic": [], "time_elapsed": 7.063119649887085}