{"exact": [[4.605170185988092, 3.984798152813374], [5.849324779946859, 13.093407691673956], [6.386879319362645, 3.986285891366884], [6.734591659972948, 10.314258237207378], [6.992096427415888, 12.473332647165059], [7.19668657083435, 13.317833633575974], [7.366445148327599, 12.40815063845499], [7.511524648390866, 3.9845178792905602], [7.638198244285779, 12.783217062836748], [7.750614732770409, 12.083327549212177], [7.851661177889265, 12.658725259698686], [7.943427767876373, 3.9834944536559243], [8.027476530860483, 13.737117874528357], [8.105005537547246, 3.9844239640033274], [8.17695386822578, 12.23413836235098], [8.244071270295786, 12.273303521161502], [8.306965865368573, 3.9840388479465885], [8.366137716496281, 12.203162478482097], [8.422003004412488, 3.9841247157861783], [8.474911799159631, 3.9841873671086265], [8.525161361065415, 12.55943693743256], [8.57300625623545, 3.9842362877971316], [8.618666160346871, 12.64943387005591], [8.662331957082475, 3.9837034436854526], [8.704170559746386, 3.9839324202893893], [8.744328763999984, 13.045350278956715], [8.782936356349264, 13.398545006248568], [8.820108644508608, 3.984002708477008], [8.855948534052018, 13.70590946081843], [8.890548245606167, 13.790396801508734], [8.92399074475818, 3.9838603127420282], [8.956350940490871, 3.9838863032018326], [8.987696695703624, 13.14528866599481], [9.018089684104343, 13.735326560694416], [9.047586120674756, 3.984135692984358], [9.076237387452702, 12.557585587512374], [9.104090572133472, 13.527441769554393], [9.131188933670746, 12.75944214528116], [9.157572306437528, 13.433899237510639], [9.183277452426493, 12.784827681277681]], "over": [], "merge": [], "argmin_dic": [], "time_elapsed": 6.928697109222412}