{"exact": [[4.605170185988092, 3.9846097751428045], [5.849324779946859, 3.985778286957353], [6.386879319362645, 12.346119373402951], [6.734591659972948, 14.202866993257134], [6.992096427415888, 13.822293904515526], [7.19668657083435, 3.983790737239518], [7.366445148327599, 13.525299548187368], [7.511524648390866, 12.80778578581194], [7.638198244285779, 3.9841803460240675], [7.750614732770409, 3.9841052358667093], [7.851661177889265, 13.26896111849836], [7.943427767876373, 13.404961213183453], [8.027476530860483, 13.16021246962247], [8.105005537547246, 13.691682041468606], [8.17695386822578, 12.965602800752002], [8.244071270295786, 3.984060597223402], [8.306965865368573, 3.9842271152727515], [8.366137716496281, 3.9840422785668794], [8.422003004412488, 12.463957615139165], [8.474911799159631, 3.9837215269901254], [8.525161361065415, 3.984157567386697], [8.57300625623545, 3.983827413396809], [8.618666160346871, 3.9840382530026854], [8.662331957082475, 3.984034318196028], [8.704170559746386, 3.983978114899787], [8.744328763999984, 3.9838961259402623], [8.782936356349264, 12.587171494903561], [8.820108644508608, 12.966347330246217], [8.855948534052018, 3.9841483096250823], [8.890548245606167, 12.402884226549363], [8.92399074475818, 12.949892510602238], [8.956350940490871, 12.6861141004996], [8.987696695703624, 3.984688600869573], [9.018089684104343, 13.202918321637913], [9.047586120674756, 12.709237550446474], [9.076237387452702, 12.013356290023046], [9.104090572133472, 3.9839369312760673], [9.131188933670746, 3.984261529451386], [9.157572306437528, 12.535368647966983], [9.183277452426493, 12.533026819772218]], "over": [], "merge": [], "argmin_dic": [], "time_elapsed": 7.246868848800659}