{"exact": [[4.605170185988092, 3.987596382526224], [5.849324779946859, 21.02199416687289], [6.386879319362645, 3.9839299498557517], [6.734591659972948, 12.195986598675917], [6.992096427415888, 3.9845724154573983], [7.19668657083435, 3.9844082629134467], [7.366445148327599, 3.9835547377181335], [7.511524648390866, 3.9837654468402643], [7.638198244285779, 14.659843164989628], [7.750614732770409, 3.984420211039937], [7.851661177889265, 14.621332659743715], [7.943427767876373, 3.9841094356162086], [8.027476530860483, 3.9845437639752954], [8.105005537547246, 12.329696892335564], [8.17695386822578, 3.9840845606179216], [8.244071270295786, 3.984538326649393], [8.306965865368573, 3.9840942527043284], [8.366137716496281, 3.9840742045768804], [8.422003004412488, 3.983763974928273], [8.474911799159631, 3.984027869679932], [8.525161361065415, 12.791555237837736], [8.57300625623545, 3.9839967932009497], [8.618666160346871, 12.548306598669313], [8.662331957082475, 13.568005732207542], [8.704170559746386, 3.9841347956754984], [8.744328763999984, 3.9842804142225274], [8.782936356349264, 3.9840440915647757], [8.820108644508608, 12.867741484729597], [8.855948534052018, 3.9840211410667337], [8.890548245606167, 3.9837812141576014], [8.92399074475818, 3.9840590079491713], [8.956350940490871, 3.9839530180938283], [8.987696695703624, 12.098068484160766], [9.018089684104343, 3.9842780182881525], [9.047586120674756, 3.984576140959214], [9.076237387452702, 12.60262639486197], [9.104090572133472, 12.656704146818544], [9.131188933670746, 3.9842243523740475], [9.157572306437528, 3.984096760985348], [9.183277452426493, 12.241995181909179]], "over": [], "merge": [], "argmin_dic": [], "time_elapsed": 7.329317808151245}