{"exact": [[4.605170185988092, 3.9835920236089635], [5.849324779946859, 3.9842734482170212], [6.386879319362645, 3.984778123387332], [6.734591659972948, 3.984533532252978], [6.992096427415888, 14.166417365902799], [7.19668657083435, 3.985579116060527], [7.366445148327599, 3.983890740911232], [7.511524648390866, 12.40250080884498], [7.638198244285779, 3.9840494443036856], [7.750614732770409, 13.347651543502906], [7.851661177889265, 3.983887649377163], [7.943427767876373, 13.755093568195427], [8.027476530860483, 12.818516553297025], [8.105005537547246, 12.521856268135569], [8.17695386822578, 3.983905176202639], [8.244071270295786, 12.788702785293252], [8.306965865368573, 12.858154371076843], [8.366137716496281, 3.9836198906365885], [8.422003004412488, 3.984539883363664], [8.474911799159631, 3.98402268058178], [8.525161361065415, 13.487039712438207], [8.57300625623545, 13.53079954875059], [8.618666160346871, 3.984325671160542], [8.662331957082475, 12.639909173297642], [8.704170559746386, 13.621852169991753], [8.744328763999984, 3.984145568425154], [8.782936356349264, 12.430209508005294], [8.820108644508608, 13.055284281877492], [8.855948534052018, 13.30133629349781], [8.890548245606167, 12.690742836989923], [8.92399074475818, 3.984001409988865], [8.956350940490871, 3.9839913073586644], [8.987696695703624, 12.872003754758074], [9.018089684104343, 12.955717890513753], [9.047586120674756, 14.018494729204853], [9.076237387452702, 3.9840161359563413], [9.104090572133472, 3.9839818154215], [9.131188933670746, 13.413697076410962], [9.157572306437528, 13.493663906121688], [9.183277452426493, 12.706489226754424]], "over": [], "merge": [], "argmin_dic": [], "time_elapsed": 6.911443710327148}