{"exact": [[4.605170185988092, 85.45105179190487], [5.849324779946859, 19.749186676828145], [6.386879319362645, 3.9833795682737567], [6.734591659972948, 3.9845357933742496], [6.992096427415888, 3.984080773629811], [7.19668657083435, 3.984397042700483], [7.366445148327599, 11.72292569456468], [7.511524648390866, 14.780281938780362], [7.638198244285779, 3.9845341934038165], [7.750614732770409, 13.180279551395646], [7.851661177889265, 13.09931801681739], [7.943427767876373, 3.9844015347145114], [8.027476530860483, 3.9836918179287717], [8.105005537547246, 12.699147650171335], [8.17695386822578, 3.983736489844342], [8.244071270295786, 3.984317189691293], [8.306965865368573, 3.9842838287936635], [8.366137716496281, 13.018877620506187], [8.422003004412488, 3.984250346071022], [8.474911799159631, 3.9840259772061146], [8.525161361065415, 13.2300777842182], [8.57300625623545, 13.119750483206955], [8.618666160346871, 12.69930251926565], [8.662331957082475, 13.534283022870495], [8.704170559746386, 3.9840029926384393], [8.744328763999984, 3.984265040806896], [8.782936356349264, 3.984536426162138], [8.820108644508608, 3.9840726649437115], [8.855948534052018, 3.983890240384702], [8.890548245606167, 3.9839393637481475], [8.92399074475818, 3.9842465105619116], [8.956350940490871, 12.712632858698345], [8.987696695703624, 3.9839785457747894], [9.018089684104343, 11.706931926822826], [9.047586120674756, 12.500369749124772], [9.076237387452702, 12.818982151972222], [9.104090572133472, 3.984300415372156], [9.131188933670746, 12.273592538068465], [9.157572306437528, 12.995172310894242], [9.183277452426493, 3.983878819301346]], "over": [], "merge": [], "argmin_dic": [], "time_elapsed": 7.229002475738525}