{"exact": [[4.605170185988092, 3.9890850916059493], [5.849324779946859, 3.984091911321879], [6.386879319362645, 13.85047996090588], [6.734591659972948, 14.038547287704905], [6.992096427415888, 3.985042650341965], [7.19668657083435, 12.356614834265656], [7.366445148327599, 3.9837819374238297], [7.511524648390866, 12.605856869807123], [7.638198244285779, 3.985278358140568], [7.750614732770409, 3.9837655699592545], [7.851661177889265, 3.9835848340174347], [7.943427767876373, 12.385755756398439], [8.027476530860483, 14.310820939089357], [8.105005537547246, 12.202399724995281], [8.17695386822578, 3.984305072797572], [8.244071270295786, 3.984107572333993], [8.306965865368573, 3.9838810587240223], [8.366137716496281, 13.335541074206528], [8.422003004412488, 3.9843026891904865], [8.474911799159631, 13.601530299840132], [8.525161361065415, 3.9837789184377606], [8.57300625623545, 3.98421496477439], [8.618666160346871, 3.9840969283896115], [8.662331957082475, 3.984151690794634], [8.704170559746386, 3.9839891590649703], [8.744328763999984, 3.984371619416401], [8.782936356349264, 12.187508656639057], [8.820108644508608, 14.048720589592044], [8.855948534052018, 13.350068455702793], [8.890548245606167, 12.897436689439113], [8.92399074475818, 3.9842522308480954], [8.956350940490871, 3.984268583939413], [8.987696695703624, 12.893315899452519], [9.018089684104343, 3.983819575446863], [9.047586120674756, 3.9843306303953554], [9.076237387452702, 12.993240356291366], [9.104090572133472, 3.984185831861586], [9.131188933670746, 3.9839472347784426], [9.157572306437528, 12.46417311344723], [9.183277452426493, 13.202272848493251]], "over": [], "merge": [], "argmin_dic": [], "time_elapsed": 7.291677474975586}