{"exact": [[4.605170185988092, 11.170842519206124], [5.849324779946859, 3.9842126988675575], [6.386879319362645, 16.35188520595546], [6.734591659972948, 3.9830107014966845], [6.992096427415888, 3.9851507336536045], [7.19668657083435, 3.9836443027702395], [7.366445148327599, 3.984266400954009], [7.511524648390866, 12.589843577845363], [7.638198244285779, 3.9841304572859197], [7.750614732770409, 3.9842460519287224], [7.851661177889265, 12.454756513584705], [7.943427767876373, 13.507359201151367], [8.027476530860483, 12.052480577876928], [8.105005537547246, 12.378615057564009], [8.17695386822578, 13.657803210507028], [8.244071270295786, 3.9847060741013345], [8.306965865368573, 3.983786777012487], [8.366137716496281, 3.98404368837432], [8.422003004412488, 12.86940904874736], [8.474911799159631, 3.983858785234978], [8.525161361065415, 3.9839376075809647], [8.57300625623545, 11.99008970927815], [8.618666160346871, 12.913038009482555], [8.662331957082475, 13.326328476673861], [8.704170559746386, 3.983987554357674], [8.744328763999984, 3.983877931774876], [8.782936356349264, 3.9835639170123063], [8.820108644508608, 12.7567061849807], [8.855948534052018, 12.599782443128031], [8.890548245606167, 13.690102232015011], [8.92399074475818, 11.86369933128473], [8.956350940490871, 13.030486710170557], [8.987696695703624, 12.139358154304452], [9.018089684104343, 3.9841642415018623], [9.047586120674756, 3.984022166762696], [9.076237387452702, 12.625029387189334], [9.104090572133472, 12.77792757616759], [9.131188933670746, 12.767861043519723], [9.157572306437528, 12.502709872316919], [9.183277452426493, 12.392339909106937]], "over": [], "merge": [], "argmin_dic": [], "time_elapsed": 6.962096691131592}