{"exact": [[4.605170185988092, 3.9857602704559065], [5.849324779946859, 13.88075931843952], [6.386879319362645, 3.9840268619081494], [6.734591659972948, 3.9838018459577205], [6.992096427415888, 11.87861407505439], [7.19668657083435, 3.983610903474814], [7.366445148327599, 3.9840263415683768], [7.511524648390866, 12.257316929579043], [7.638198244285779, 12.07767391215184], [7.750614732770409, 13.241646675422334], [7.851661177889265, 14.877559085942837], [7.943427767876373, 11.695859593735152], [8.027476530860483, 14.13235931896917], [8.105005537547246, 3.9840201948693426], [8.17695386822578, 12.703861102749483], [8.244071270295786, 12.326556905254009], [8.306965865368573, 13.496667442388341], [8.366137716496281, 12.601311844886032], [8.422003004412488, 3.9843636368231286], [8.474911799159631, 3.9844352275131905], [8.525161361065415, 12.509268224887176], [8.57300625623545, 3.983859400022988], [8.618666160346871, 3.983906772641192], [8.662331957082475, 3.9844193946427215], [8.704170559746386, 3.9840269223188693], [8.744328763999984, 13.425824230813625], [8.782936356349264, 3.9838589097220805], [8.820108644508608, 3.9840035293463156], [8.855948534052018, 13.410722470706279], [8.890548245606167, 12.207162211944985], [8.92399074475818, 3.983707703674508], [8.956350940490871, 3.984459838457625], [8.987696695703624, 3.983673240577196], [9.018089684104343, 3.9841572459721557], [9.047586120674756, 12.543640770728901], [9.076237387452702, 13.403584538508392], [9.104090572133472, 3.983932522281853], [9.131188933670746, 12.172945567695493], [9.157572306437528, 3.9839113392105525], [9.183277452426493, 3.984185908825975]], "over": [], "merge": [], "argmin_dic": [], "time_elapsed": 7.313114166259766}