{"exact": [[4.605170185988092, 25.655361952616154], [5.849324779946859, 18.090259890227046], [6.386879319362645, 3.985457910562475], [6.734591659972948, 12.617535831198968], [6.992096427415888, 3.9837222769742726], [7.19668657083435, 3.985354890416864], [7.366445148327599, 3.984582077431459], [7.511524648390866, 13.928054911141967], [7.638198244285779, 12.165320343611093], [7.750614732770409, 12.5350005236889], [7.851661177889265, 14.026303011528713], [7.943427767876373, 13.93159047073947], [8.027476530860483, 12.652590512268407], [8.105005537547246, 12.394664856048964], [8.17695386822578, 12.632581193178986], [8.244071270295786, 13.749769480743387], [8.306965865368573, 13.44248590102973], [8.366137716496281, 3.984576193742692], [8.422003004412488, 14.164688415836771], [8.474911799159631, 12.988759995224939], [8.525161361065415, 11.84717937765165], [8.57300625623545, 12.841624426176951], [8.618666160346871, 3.9843244224671777], [8.662331957082475, 3.984006500797788], [8.704170559746386, 3.984129152368651], [8.744328763999984, 3.9838483209816813], [8.782936356349264, 3.9840296294535604], [8.820108644508608, 12.439182498107526], [8.855948534052018, 12.527464404340556], [8.890548245606167, 12.511109944856747], [8.92399074475818, 3.9838922327965927], [8.956350940490871, 3.9842419981132724], [8.987696695703624, 12.098339629408503], [9.018089684104343, 3.984314026428497], [9.047586120674756, 3.9841218696535914], [9.076237387452702, 13.12922666695336], [9.104090572133472, 3.984174501356623], [9.131188933670746, 3.984304621565101], [9.157572306437528, 3.984569440614925], [9.183277452426493, 3.9836274096986934]], "over": [], "merge": [], "argmin_dic": [], "time_elapsed": 7.056698799133301}