{"exact": [[4.605170185988092, 86.21466234380824], [5.849324779946859, 3.9842221360773196], [6.386879319362645, 18.413447150472827], [6.734591659972948, 12.483003972632925], [6.992096427415888, 3.9840074898067606], [7.19668657083435, 12.507761797931577], [7.366445148327599, 3.9835752548195145], [7.511524648390866, 12.556402641240814], [7.638198244285779, 14.138978313923381], [7.750614732770409, 3.984118476728482], [7.851661177889265, 3.983861409734662], [7.943427767876373, 12.291148417982125], [8.027476530860483, 12.099615894033024], [8.105005537547246, 3.983717470272869], [8.17695386822578, 12.311507391606241], [8.244071270295786, 11.61928615570904], [8.306965865368573, 12.500066501357853], [8.366137716496281, 12.381878322119864], [8.422003004412488, 3.9838377839577523], [8.474911799159631, 13.811491435750984], [8.525161361065415, 3.9844155925287597], [8.57300625623545, 3.983672064474392], [8.618666160346871, 3.9841718029473974], [8.662331957082475, 12.656828157949175], [8.704170559746386, 12.993733835050143], [8.744328763999984, 3.98417863023769], [8.782936356349264, 3.9843792069167367], [8.820108644508608, 12.630529590046521], [8.855948534052018, 3.984146620440252], [8.890548245606167, 3.983639835754089], [8.92399074475818, 3.9842621326991914], [8.956350940490871, 3.9838922228552365], [8.987696695703624, 3.983703321085572], [9.018089684104343, 12.264382933501599], [9.047586120674756, 3.9840756948430776], [9.076237387452702, 13.054462541765798], [9.104090572133472, 13.029563247417007], [9.131188933670746, 3.984291897030025], [9.157572306437528, 3.9839832010244143], [9.183277452426493, 3.9837707747736832]], "over": [], "merge": [], "argmin_dic": [], "time_elapsed": 6.808572053909302}