{"exact": [[4.605170185988092, 63.24460211461282], [5.849324779946859, 3.9848366485999582], [6.386879319362645, 16.00604675663893], [6.734591659972948, 13.447258721758464], [6.992096427415888, 12.693332417765243], [7.19668657083435, 3.9837716202617584], [7.366445148327599, 13.54589539956119], [7.511524648390866, 12.21224207279596], [7.638198244285779, 11.494486496460473], [7.750614732770409, 3.9836792174008315], [7.851661177889265, 13.176910276355443], [7.943427767876373, 13.631750629178857], [8.027476530860483, 3.9843712381149468], [8.105005537547246, 3.9836699978318078], [8.17695386822578, 3.98438456958336], [8.244071270295786, 3.984021868476399], [8.306965865368573, 12.13996309604465], [8.366137716496281, 3.9841562621545266], [8.422003004412488, 13.144610890547888], [8.474911799159631, 13.2740382775296], [8.525161361065415, 13.280180530696738], [8.57300625623545, 3.9840372705030798], [8.618666160346871, 12.623791470678174], [8.662331957082475, 12.51710445623626], [8.704170559746386, 12.945640732571068], [8.744328763999984, 3.9837576940211132], [8.782936356349264, 13.73175968809641], [8.820108644508608, 12.57578997229084], [8.855948534052018, 3.9842910294329594], [8.890548245606167, 3.98401274387108], [8.92399074475818, 3.9843025392227562], [8.956350940490871, 3.9840567880293785], [8.987696695703624, 3.9840419863642746], [9.018089684104343, 3.9839240709546475], [9.047586120674756, 14.025624221637909], [9.076237387452702, 3.984094215963734], [9.104090572133472, 13.44313391243024], [9.131188933670746, 13.616433640386498], [9.157572306437528, 12.029041165797185], [9.183277452426493, 13.467299711036965]], "over": [], "merge": [], "argmin_dic": [], "time_elapsed": 6.956923007965088}