{"exact": [[4.605170185988092, 20.794082342909196], [5.849324779946859, 20.801354439966893], [6.386879319362645, 20.797518739831695], [6.734591659972948, 20.80087838267192], [6.992096427415888, 20.79439997547652], [7.19668657083435, 20.798307809147538], [7.366445148327599, 20.795790828109514], [7.511524648390866, 20.797945375513468], [7.638198244285779, 20.79664745293896], [7.750614732770409, 20.796417030546728], [7.851661177889265, 20.797428318140433], [7.943427767876373, 20.798282607408396], [8.027476530860483, 20.79966471044109], [8.105005537547246, 20.797146743410128], [8.17695386822578, 20.79862392303918], [8.244071270295786, 20.79864330256919], [8.306965865368573, 20.798516651101824], [8.366137716496281, 20.799648444812483], [8.422003004412488, 20.798254337171027], [8.474911799159631, 20.797468942895144], [8.525161361065415, 20.798991872386264], [8.57300625623545, 20.797248360469148], [8.618666160346871, 20.795686359243312], [8.662331957082475, 20.798560865520408], [8.704170559746386, 20.798853315641438], [8.744328763999984, 20.798344285567357], [8.782936356349264, 20.79927266994649], [8.820108644508608, 20.799332203300313], [8.855948534052018, 20.798539834034315], [8.890548245606167, 20.79805589633238], [8.92399074475818, 20.798571408674274], [8.956350940490871, 20.797243649893442], [8.987696695703624, 20.796874320126594], [9.018089684104343, 20.798227689465644], [9.047586120674756, 20.798636960529315], [9.076237387452702, 20.798815202387402], [9.104090572133472, 20.79784000502153], [9.131188933670746, 20.796229426887013], [9.157572306437528, 20.795910389119374], [9.183277452426493, 20.796952308538074]], "over": [[4.605170185988092, 57.70094037913277], [5.849324779946859, 56.0258078504452], [6.386879319362645, 62.391729930408665], [6.734591659972948, 49.79098286672042], [6.992096427415888, 55.75810637527682], [7.19668657083435, 56.10536512967782], [7.366445148327599, 56.000942677275106], [7.511524648390866, 62.393219931212776], [7.638198244285779, 49.32796927660822], [7.750614732770409, 55.67564803465751], [7.851661177889265, 55.96444598350172], [7.943427767876373, 49.17972560479259], [8.027476530860483, 55.90453541323568], [8.105005537547246, 50.39673401519666], [8.17695386822578, 50.119259606481585], [8.244071270295786, 55.833403235973925], [8.306965865368573, 62.39451224589715], [8.366137716496281, 62.39760116318904], [8.422003004412488, 55.94683504270606], [8.474911799159631, 55.44236463953276], [8.525161361065415, 55.90688849606151], [8.57300625623545, 49.50396002884942], [8.618666160346871, 62.386222079409904], [8.662331957082475, 55.98012308777419], [8.704170559746386, 49.57644139900505], [8.744328763999984, 55.79863023059443], [8.782936356349264, 49.82015665793279], [8.820108644508608, 55.81636922791916], [8.855948534052018, 55.846783279082445], [8.890548245606167, 62.39273227587513], [8.92399074475818, 49.11394837427028], [8.956350940490871, 55.94253390204652], [8.987696695703624, 55.85246808632984], [9.018089684104343, 55.28846546625707], [9.047586120674756, 62.39468560800159], [9.076237387452702, 55.853318528393494], [9.104090572133472, 49.58598764210995], [9.131188933670746, 55.182557617467644], [9.157572306437528, 55.86669955248285], [9.183277452426493, 55.82830422790185]], "merge": [[4.605170185988092, 23.483357896411142], [5.849324779946859, 22.095093968497157], [6.386879319362645, 20.797692347380067], [6.734591659972948, 21.769364009549708], [6.992096427415888, 21.104564794889868], [7.19668657083435, 21.42941913791312], [7.366445148327599, 21.355956331106363], [7.511524648390866, 20.798115020199994], [7.638198244285779, 21.28720356765092], [7.750614732770409, 21.004679134225245], [7.851661177889265, 21.99956950227128], [7.943427767876373, 21.22959832166454], [8.027476530860483, 21.293130327933312], [8.105005537547246, 22.453657652149992], [8.17695386822578, 22.134203515866634], [8.244071270295786, 21.450295460267924], [8.306965865368573, 20.798563448666254], [8.366137716496281, 20.799643040641985], [8.422003004412488, 21.28869456344159], [8.474911799159631, 22.019273475687182], [8.525161361065415, 21.307421929998686], [8.57300625623545, 21.531419852524415], [8.618666160346871, 20.795898783326535], [8.662331957082475, 21.31820147306861], [8.704170559746386, 21.534188547844312], [8.744328763999984, 21.194073408815985], [8.782936356349264, 21.815394566532756], [8.820108644508608, 21.187904256757406], [8.855948534052018, 21.41331617693098], [8.890548245606167, 20.798150382608057], [8.92399074475818, 21.173077780406643], [8.956350940490871, 21.285417812956613], [8.987696695703624, 21.394373482935496], [9.018089684104343, 21.921578875598136], [9.047586120674756, 20.798746460295938], [9.076237387452702, 21.4199912249534], [9.104090572133472, 21.56770528318737], [9.131188933670746, 21.896706012785977], [9.157572306437528, 21.418200068029716], [9.183277452426493, 21.2277951696736]], "argmin_dic": [[100, 2], [347, 2], [594, 2], [841, 2], [1088, 2], [1335, 2], [1582, 2], [1829, 2], [2076, 3], [2323, 2], [2570, 2], [2817, 2], [3064, 2], [3311, 2], [3558, 2], [3805, 3], [4052, 2], [4299, 2], [4546, 2], [4793, 2], [5040, 2], [5287, 2], [5534, 2], [5781, 2], [6028, 2], [6275, 5], [6522, 2], [6769, 2], [7016, 3], [7263, 2], [7510, 2], [7757, 2], [8004, 3], [8251, 2], [8498, 2], [8745, 3], [8992, 2], [9239, 2], [9486, 3], [9733, 5]], "time_elapsed": 1651.5276577472687}