{"exact": [[4.605170185988092, 3.9845102227464815], [5.849324779946859, 3.9834269513944682], [6.386879319362645, 12.442325082368292], [6.734591659972948, 3.9845955025846727], [6.992096427415888, 3.9841564848837634], [7.19668657083435, 3.9841800924131956], [7.366445148327599, 14.100197258836252], [7.511524648390866, 12.143808499833796], [7.638198244285779, 13.53451187071763], [7.750614732770409, 3.984311735872913], [7.851661177889265, 3.9850445090479063], [7.943427767876373, 14.138301359455168], [8.027476530860483, 13.51894601939695], [8.105005537547246, 12.94710146471199], [8.17695386822578, 12.645036859407444], [8.244071270295786, 12.862647096961542], [8.306965865368573, 3.9842418774777033], [8.366137716496281, 3.9838227173466976], [8.422003004412488, 14.306674261995495], [8.474911799159631, 3.9835452605397768], [8.525161361065415, 3.9840314310752425], [8.57300625623545, 3.984122098316319], [8.618666160346871, 13.445998782316837], [8.662331957082475, 3.9841826554291284], [8.704170559746386, 12.439724198072184], [8.744328763999984, 3.9851027509884784], [8.782936356349264, 13.298759833534211], [8.820108644508608, 3.9840080267156575], [8.855948534052018, 3.983948093698052], [8.890548245606167, 13.180905274252247], [8.92399074475818, 3.984247124075176], [8.956350940490871, 13.439711491780301], [8.987696695703624, 13.073967432305981], [9.018089684104343, 3.9843656135612404], [9.047586120674756, 12.530298993384493], [9.076237387452702, 3.9843888561296197], [9.104090572133472, 13.01538381730476], [9.131188933670746, 3.9838170388120484], [9.157572306437528, 12.307723489989502], [9.183277452426493, 3.983994055995719]], "over": [], "merge": [], "argmin_dic": [], "time_elapsed": 7.400690078735352}