{"exact": [[4.605170185988092, 12.000279165146198], [5.849324779946859, 3.985922193603759], [6.386879319362645, 12.075084422128777], [6.734591659972948, 12.735068903103906], [6.992096427415888, 11.673327812848946], [7.19668657083435, 3.984113005970226], [7.366445148327599, 3.9840282827328815], [7.511524648390866, 3.983844877643551], [7.638198244285779, 3.985314496318287], [7.750614732770409, 12.455447734848338], [7.851661177889265, 3.984464870935666], [7.943427767876373, 12.62523000893121], [8.027476530860483, 11.541322174258298], [8.105005537547246, 13.404663468650018], [8.17695386822578, 12.00308734133332], [8.244071270295786, 3.98401665494156], [8.306965865368573, 3.9837073167100887], [8.366137716496281, 13.097407713564184], [8.422003004412488, 3.984165345164253], [8.474911799159631, 12.93377185434996], [8.525161361065415, 12.868991929757517], [8.57300625623545, 3.9837298758462656], [8.618666160346871, 3.9843789285155924], [8.662331957082475, 12.39899746826182], [8.704170559746386, 12.59416757842101], [8.744328763999984, 12.124191056133105], [8.782936356349264, 12.0347308202287], [8.820108644508608, 3.9839311397212396], [8.855948534052018, 3.984083513519102], [8.890548245606167, 12.39673800658565], [8.92399074475818, 3.9843892267692578], [8.956350940490871, 12.373915566295636], [8.987696695703624, 3.9840376249599867], [9.018089684104343, 13.335378074149306], [9.047586120674756, 12.486824495275636], [9.076237387452702, 3.983813140608442], [9.104090572133472, 3.9838539707725023], [9.131188933670746, 3.983833047299126], [9.157572306437528, 12.866970315490496], [9.183277452426493, 12.603627125012357]], "over": [], "merge": [], "argmin_dic": [], "time_elapsed": 7.2713258266448975}