{"exact": [[4.605170185988092, 14.534358290495364], [5.849324779946859, 13.542356269136802], [6.386879319362645, 3.9844942700193817], [6.734591659972948, 11.927121469775821], [6.992096427415888, 3.9842888323380685], [7.19668657083435, 12.501675291992765], [7.366445148327599, 3.984142654233821], [7.511524648390866, 3.9844819307604853], [7.638198244285779, 3.98395654098214], [7.750614732770409, 3.983570561745664], [7.851661177889265, 12.556509023420563], [7.943427767876373, 3.9838476035754278], [8.027476530860483, 13.729269166668118], [8.105005537547246, 13.783725803451409], [8.17695386822578, 3.984366800527542], [8.244071270295786, 13.047189940408469], [8.306965865368573, 12.980319645769539], [8.366137716496281, 3.9844401148914232], [8.422003004412488, 3.984172218951779], [8.474911799159631, 3.984383115388943], [8.525161361065415, 3.984628642972166], [8.57300625623545, 13.02244243677182], [8.618666160346871, 12.52087491928492], [8.662331957082475, 13.565798128620205], [8.704170559746386, 3.984388624898073], [8.744328763999984, 3.984509735504731], [8.782936356349264, 13.426420654234644], [8.820108644508608, 13.332273156697896], [8.855948534052018, 12.232393556765887], [8.890548245606167, 3.9839564218915493], [8.92399074475818, 3.98403746675166], [8.956350940490871, 12.203693821415332], [8.987696695703624, 3.9838493060272606], [9.018089684104343, 12.992808264444172], [9.047586120674756, 3.9839148298951783], [9.076237387452702, 3.9842606037136266], [9.104090572133472, 3.9841729608480265], [9.131188933670746, 3.9840751772064293], [9.157572306437528, 13.107299908943597], [9.183277452426493, 3.9842039457675504]], "over": [], "merge": [], "argmin_dic": [], "time_elapsed": 6.855315923690796}