{"exact": [[4.605170185988092, 74.52638123426931], [5.849324779946859, 14.62709941290752], [6.386879319362645, 11.964209989346593], [6.734591659972948, 14.733275540497178], [6.992096427415888, 3.985065636352499], [7.19668657083435, 3.9832198702512955], [7.366445148327599, 3.98362961621499], [7.511524648390866, 3.9844405181231317], [7.638198244285779, 3.9839370967870606], [7.750614732770409, 13.292692159910775], [7.851661177889265, 12.961466638499191], [7.943427767876373, 13.14087040721753], [8.027476530860483, 12.49849971114136], [8.105005537547246, 3.984448892526727], [8.17695386822578, 3.984657854067299], [8.244071270295786, 12.498107841005083], [8.306965865368573, 3.9844722169243165], [8.366137716496281, 12.390295991837439], [8.422003004412488, 12.43085676250423], [8.474911799159631, 13.011747671258039], [8.525161361065415, 3.9836906090152437], [8.57300625623545, 12.568015740409722], [8.618666160346871, 3.9842073374011306], [8.662331957082475, 3.9838960072955962], [8.704170559746386, 3.9838452934099453], [8.744328763999984, 13.477823428150886], [8.782936356349264, 12.446515837691823], [8.820108644508608, 12.383228867816431], [8.855948534052018, 3.9843761337817787], [8.890548245606167, 3.9841151448188037], [8.92399074475818, 12.533724621458962], [8.956350940490871, 3.9838950687264534], [8.987696695703624, 12.865356559700372], [9.018089684104343, 12.479980340455086], [9.047586120674756, 3.984347983086328], [9.076237387452702, 12.847834515611686], [9.104090572133472, 3.983945438820737], [9.131188933670746, 3.9837304300222134], [9.157572306437528, 12.87637977910312], [9.183277452426493, 3.9838673333247585]], "over": [], "merge": [], "argmin_dic": [], "time_elapsed": 7.40583610534668}