{"exact": [[4.605170185988092, Infinity], [5.849324779946859, 3.984067344112743], [6.386879319362645, 3.98437779849346], [6.734591659972948, 3.9838893831154882], [6.992096427415888, 3.9845212415388827], [7.19668657083435, 3.9845297040728505], [7.366445148327599, 3.983661978107419], [7.511524648390866, 13.459139103174161], [7.638198244285779, 11.8735242954276], [7.750614732770409, 3.9842569377641133], [7.851661177889265, 3.983981111998386], [7.943427767876373, 13.588318029209608], [8.027476530860483, 3.9860215918488726], [8.105005537547246, 3.9840119059329666], [8.17695386822578, 3.9841070797743035], [8.244071270295786, 3.984750799733799], [8.306965865368573, 12.52901076226629], [8.366137716496281, 13.108394076643952], [8.422003004412488, 12.175302436760079], [8.474911799159631, 13.349349068593494], [8.525161361065415, 12.419598029499957], [8.57300625623545, 3.984408605346376], [8.618666160346871, 12.526212991148897], [8.662331957082475, 3.984085104225644], [8.704170559746386, 12.914539792902026], [8.744328763999984, 3.984192331901932], [8.782936356349264, 3.984319138976637], [8.820108644508608, 13.40268422107974], [8.855948534052018, 3.984056150455103], [8.890548245606167, 12.212406508475802], [8.92399074475818, 3.984276336586234], [8.956350940490871, 13.280547884998247], [8.987696695703624, 12.486845735765941], [9.018089684104343, 3.9839788465151247], [9.047586120674756, 12.999706339382795], [9.076237387452702, 3.984085078042912], [9.104090572133472, 3.984328562954457], [9.131188933670746, 3.9840475986452777], [9.157572306437528, 12.818736239551539], [9.183277452426493, 13.297328839165312]], "over": [], "merge": [], "argmin_dic": [], "time_elapsed": 7.249023199081421}