{"exact": [[4.605170185988092, 3.9829073697721182], [5.849324779946859, 3.983773745975153], [6.386879319362645, 12.936010947648047], [6.734591659972948, 16.324365025846806], [6.992096427415888, 3.9847231222137016], [7.19668657083435, 12.82611978430772], [7.366445148327599, 3.9853357544462757], [7.511524648390866, 3.983732146140619], [7.638198244285779, 3.983804639172637], [7.750614732770409, 3.984139877282168], [7.851661177889265, 3.984493444521292], [7.943427767876373, 12.537817959435678], [8.027476530860483, 10.817708725908078], [8.105005537547246, 3.984222910628756], [8.17695386822578, 12.464107027377198], [8.244071270295786, 3.9843660944302846], [8.306965865368573, 3.983934199189899], [8.366137716496281, 3.983491195946389], [8.422003004412488, 3.9839795890271326], [8.474911799159631, 12.419861494810863], [8.525161361065415, 3.9839827126745964], [8.57300625623545, 3.983710551595679], [8.618666160346871, 3.984248137299591], [8.662331957082475, 13.380769281692446], [8.704170559746386, 12.796716361036705], [8.744328763999984, 12.860014550033089], [8.782936356349264, 3.983928729948435], [8.820108644508608, 3.984087718975925], [8.855948534052018, 12.168592092644422], [8.890548245606167, 3.9837676008449145], [8.92399074475818, 12.742063489319996], [8.956350940490871, 12.05826832955823], [8.987696695703624, 3.9837984012714323], [9.018089684104343, 3.983922233758997], [9.047586120674756, 11.997512077113997], [9.076237387452702, 3.983926613101595], [9.104090572133472, 13.55565006491437], [9.131188933670746, 3.9837152153011126], [9.157572306437528, 3.984326744049074], [9.183277452426493, 12.841786529302832]], "over": [], "merge": [], "argmin_dic": [], "time_elapsed": 6.924718618392944}