{"exact": [[4.605170185988092, 16.379527985644458], [5.849324779946859, 3.982791819711224], [6.386879319362645, 3.9833822054630263], [6.734591659972948, 12.317405054226176], [6.992096427415888, 3.9843703459641344], [7.19668657083435, 3.9837641068302556], [7.366445148327599, 3.984338973382614], [7.511524648390866, 3.9838831668779897], [7.638198244285779, 3.9839819588516003], [7.750614732770409, 3.984845862049355], [7.851661177889265, 3.983859776798054], [7.943427767876373, 3.9840706484620103], [8.027476530860483, 12.7496410147144], [8.105005537547246, 12.972888337409566], [8.17695386822578, 11.74237402559815], [8.244071270295786, 3.9838680456455933], [8.306965865368573, 3.983755825714518], [8.366137716496281, 3.9839911778334796], [8.422003004412488, 3.9846692055713175], [8.474911799159631, 13.660667162679976], [8.525161361065415, 3.98451103162913], [8.57300625623545, 3.9840690567746546], [8.618666160346871, 13.411224239422927], [8.662331957082475, 12.836428973134849], [8.704170559746386, 13.29896946742528], [8.744328763999984, 3.9838369270450436], [8.782936356349264, 3.984009476030489], [8.820108644508608, 3.9840648736165405], [8.855948534052018, 12.343959199622825], [8.890548245606167, 12.211668733370265], [8.92399074475818, 3.9840606001567354], [8.956350940490871, 13.493560157676665], [8.987696695703624, 12.674220346429168], [9.018089684104343, 3.984045078679451], [9.047586120674756, 3.9837302964423422], [9.076237387452702, 3.983970754004285], [9.104090572133472, 3.9839708992589813], [9.131188933670746, 3.983580883039141], [9.157572306437528, 3.9839531254728198], [9.183277452426493, 12.631522956768906]], "over": [], "merge": [], "argmin_dic": [], "time_elapsed": 7.133277416229248}