{"exact": [[4.605170185988092, 9.39512431093859], [5.849324779946859, 14.546435779998815], [6.386879319362645, 3.9839293978199244], [6.734591659972948, 3.9855376710991868], [6.992096427415888, 3.9842944598716143], [7.19668657083435, 17.59358767247704], [7.366445148327599, 14.094202070919538], [7.511524648390866, 3.9838054075507014], [7.638198244285779, 3.9838366040732875], [7.750614732770409, 3.984098804380377], [7.851661177889265, 12.09741337551497], [7.943427767876373, 12.322017601405511], [8.027476530860483, 3.9839122374236413], [8.105005537547246, 13.438969808042238], [8.17695386822578, 12.794418363243016], [8.244071270295786, 3.984329858906664], [8.306965865368573, 12.94902460216193], [8.366137716496281, 13.164376085823104], [8.422003004412488, 3.9842194711517194], [8.474911799159631, 3.9841510930577138], [8.525161361065415, 3.9845889318834535], [8.57300625623545, 3.983789481653936], [8.618666160346871, 12.466402265509936], [8.662331957082475, 13.590558526174247], [8.704170559746386, 13.344962656842128], [8.744328763999984, 12.466338507181927], [8.782936356349264, 13.438763143765225], [8.820108644508608, 3.9840959637268467], [8.855948534052018, 12.926894221400989], [8.890548245606167, 12.689074721444285], [8.92399074475818, 13.463537134271377], [8.956350940490871, 3.9838565521554017], [8.987696695703624, 3.9842540058758975], [9.018089684104343, 12.7770256473405], [9.047586120674756, 3.984170822531183], [9.076237387452702, 3.9841425628577634], [9.104090572133472, 12.906929371146218], [9.131188933670746, 13.671714589617796], [9.157572306437528, 3.9836637504264174], [9.183277452426493, 12.903563731994996]], "over": [], "merge": [], "argmin_dic": [], "time_elapsed": 7.442707061767578}