{"exact": [[4.605170185988092, 9.5196122382512], [5.849324779946859, 13.426525129347638], [6.386879319362645, 13.968248918800745], [6.734591659972948, 14.005799465900717], [6.992096427415888, 14.440254305639463], [7.19668657083435, 12.194764298436912], [7.366445148327599, 3.9839212146534795], [7.511524648390866, 14.270837849163664], [7.638198244285779, 3.9841515171916653], [7.750614732770409, 3.9839429432415385], [7.851661177889265, 12.936897843140592], [7.943427767876373, 13.074811453269696], [8.027476530860483, 12.506373597876289], [8.105005537547246, 3.984393351266968], [8.17695386822578, 11.418389329488658], [8.244071270295786, 3.9844183315604087], [8.306965865368573, 3.9841864689049915], [8.366137716496281, 3.9843053524825804], [8.422003004412488, 3.9837830325832058], [8.474911799159631, 13.029905565315232], [8.525161361065415, 13.207317706976557], [8.57300625623545, 11.948884907003908], [8.618666160346871, 3.983610262810869], [8.662331957082475, 12.489356389405074], [8.704170559746386, 3.9839055414970397], [8.744328763999984, 3.9841324355369983], [8.782936356349264, 12.3515953406901], [8.820108644508608, 13.512466419876318], [8.855948534052018, 12.4834325070268], [8.890548245606167, 12.448668357335347], [8.92399074475818, 3.983802872736583], [8.956350940490871, 3.9841667092328703], [8.987696695703624, 12.997654348716338], [9.018089684104343, 12.507058781451535], [9.047586120674756, 3.9843152456672755], [9.076237387452702, 12.58634035362895], [9.104090572133472, 3.9839838681347333], [9.131188933670746, 3.9841226823161406], [9.157572306437528, 12.740924026881812], [9.183277452426493, 12.880194981982218]], "over": [], "merge": [], "argmin_dic": [], "time_elapsed": 7.259952068328857}