{"exact": [[4.605170185988092, 3.9825766120533257], [5.849324779946859, 12.94536691905511], [6.386879319362645, 13.981286735791844], [6.734591659972948, 11.411155103575542], [6.992096427415888, 3.98339805103373], [7.19668657083435, 3.9837362966450147], [7.366445148327599, 3.9842262801607404], [7.511524648390866, 3.9838925004244152], [7.638198244285779, 12.339413066734966], [7.750614732770409, 13.140478619792617], [7.851661177889265, 12.276261728953681], [7.943427767876373, 3.984532230583237], [8.027476530860483, 13.431557723265446], [8.105005537547246, 13.204100559431781], [8.17695386822578, 3.9840033883181634], [8.244071270295786, 12.86921814031381], [8.306965865368573, 12.697224708946798], [8.366137716496281, 3.9842899962374747], [8.422003004412488, 13.337816817511767], [8.474911799159631, 12.479511046199518], [8.525161361065415, 13.592989134462636], [8.57300625623545, 3.9842551547743312], [8.618666160346871, 3.984105079371273], [8.662331957082475, 13.080238003919803], [8.704170559746386, 3.9840963408648653], [8.744328763999984, 3.9841051412246564], [8.782936356349264, 3.9842231128321712], [8.820108644508608, 3.984399506198572], [8.855948534052018, 3.9838509579033365], [8.890548245606167, 12.31097824348628], [8.92399074475818, 12.541465356292331], [8.956350940490871, 3.983998361563324], [8.987696695703624, 12.76302674582297], [9.018089684104343, 3.98394008491013], [9.047586120674756, 3.9841585178711], [9.076237387452702, 13.401967534819905], [9.104090572133472, 13.21628323020301], [9.131188933670746, 3.9838100464720214], [9.157572306437528, 3.9838120873549263], [9.183277452426493, 12.768232745571646]], "over": [], "merge": [], "argmin_dic": [], "time_elapsed": 7.043558835983276}