{"exact": [[4.605170185988092, 92.29378866810816], [5.849324779946859, 3.9838455788924705], [6.386879319362645, 3.983350396022342], [6.734591659972948, 12.967746542884052], [6.992096427415888, 12.536388435743321], [7.19668657083435, 3.984028048320384], [7.366445148327599, 12.6250203315329], [7.511524648390866, 12.669640753543721], [7.638198244285779, 11.995156548823807], [7.750614732770409, 13.10985198056126], [7.851661177889265, 3.9837888809866615], [7.943427767876373, 13.709928466310586], [8.027476530860483, 12.058871374111071], [8.105005537547246, 3.9835241998718622], [8.17695386822578, 3.984283849705021], [8.244071270295786, 12.71541909665481], [8.306965865368573, 12.990280031230752], [8.366137716496281, 3.983974499874625], [8.422003004412488, 3.9838105816159266], [8.474911799159631, 12.938073462488578], [8.525161361065415, 12.925478021471926], [8.57300625623545, 13.517158847545923], [8.618666160346871, 12.261147526065967], [8.662331957082475, 13.029156772693243], [8.704170559746386, 3.9837390313134238], [8.744328763999984, 3.984475887001868], [8.782936356349264, 12.43533305333395], [8.820108644508608, 13.014074421779846], [8.855948534052018, 3.9841780541242646], [8.890548245606167, 3.984220201327073], [8.92399074475818, 13.1761528708858], [8.956350940490871, 13.144565805684682], [8.987696695703624, 12.198833172660962], [9.018089684104343, 3.9839416080775445], [9.047586120674756, 3.9839351198605364], [9.076237387452702, 12.182155030633494], [9.104090572133472, 3.984230731335577], [9.131188933670746, 3.9838551282067463], [9.157572306437528, 3.98396663337198], [9.183277452426493, 3.9842178068834366]], "over": [], "merge": [], "argmin_dic": [], "time_elapsed": 7.298152923583984}