{"exact": [[4.605170185988092, 3.988903172328358], [5.849324779946859, 11.213545061578223], [6.386879319362645, 3.9833164380160757], [6.734591659972948, 3.9856080441026998], [6.992096427415888, 12.73758540097628], [7.19668657083435, 14.14234982798027], [7.366445148327599, 3.9839751062857327], [7.511524648390866, 13.087888568227743], [7.638198244285779, 3.984197037567975], [7.750614732770409, 3.9838418529226507], [7.851661177889265, 3.9839544107465352], [7.943427767876373, 11.218547144847324], [8.027476530860483, 13.222359910723622], [8.105005537547246, 3.983714452708558], [8.17695386822578, 12.170857023053015], [8.244071270295786, 12.267500144195928], [8.306965865368573, 3.984696548544285], [8.366137716496281, 3.983861706715742], [8.422003004412488, 3.984391208872283], [8.474911799159631, 3.9843083619113657], [8.525161361065415, 12.812981739488425], [8.57300625623545, 3.9841131903458673], [8.618666160346871, 13.227169278013331], [8.662331957082475, 3.9839067650098916], [8.704170559746386, 3.983705066358809], [8.744328763999984, 3.984734762100431], [8.782936356349264, 3.9837845789374873], [8.820108644508608, 3.9842060081482304], [8.855948534052018, 3.9844417757635897], [8.890548245606167, 12.811877885805648], [8.92399074475818, 13.147204067239544], [8.956350940490871, 12.567297445919658], [8.987696695703624, 12.428756905465468], [9.018089684104343, 12.806860809219602], [9.047586120674756, 12.804789903762241], [9.076237387452702, 3.983761838279995], [9.104090572133472, 13.113686432489333], [9.131188933670746, 3.9841024087161876], [9.157572306437528, 12.317729370971456], [9.183277452426493, 3.9842300203620935]], "over": [], "merge": [], "argmin_dic": [], "time_elapsed": 7.3820481300354}