{"exact": [[4.605170185988092, 20.799921644377868], [5.849324779946859, 20.793212167037733], [6.386879319362645, 20.796880135673483], [6.734591659972948, 20.801326118964425], [6.992096427415888, 20.796068489151853], [7.19668657083435, 20.799740642704997], [7.366445148327599, 20.798555627348453], [7.511524648390866, 20.795902456038462], [7.638198244285779, 20.79771968557297], [7.750614732770409, 20.794798951695192], [7.851661177889265, 20.79825834401301], [7.943427767876373, 20.796726033200123], [8.027476530860483, 20.798728908949972], [8.105005537547246, 20.796534732973665], [8.17695386822578, 20.797510783549615], [8.244071270295786, 20.798249276220574], [8.306965865368573, 20.794529668837576], [8.366137716496281, 20.79756802085171], [8.422003004412488, 20.797940674628506], [8.474911799159631, 20.796883859394033], [8.525161361065415, 20.797271690935865], [8.57300625623545, 20.797771329861433], [8.618666160346871, 20.797905323010067], [8.662331957082475, 20.79625189778316], [8.704170559746386, 20.79679253209471], [8.744328763999984, 20.797406852448308], [8.782936356349264, 20.79893969336066], [8.820108644508608, 20.798908796935418], [8.855948534052018, 20.798632524760706], [8.890548245606167, 20.79789967750743], [8.92399074475818, 20.79749796993774], [8.956350940490871, 20.799790207466128], [8.987696695703624, 20.797921334688592], [9.018089684104343, 20.796481354268586], [9.047586120674756, 20.7984444730887], [9.076237387452702, 20.797853957705815], [9.104090572133472, 20.79753608572384], [9.131188933670746, 20.79824890933148], [9.157572306437528, 20.797585144261635], [9.183277452426493, 20.79776691397684]], "over": [[4.605170185988092, 55.64740380968202], [5.849324779946859, 48.81718998512621], [6.386879319362645, 55.5387073212072], [6.734591659972948, 49.395047063573976], [6.992096427415888, 48.91522517276794], [7.19668657083435, 49.910857718986584], [7.366445148327599, 56.062463166369355], [7.511524648390866, 49.77979101892999], [7.638198244285779, 55.82148733272588], [7.750614732770409, 55.94240906116763], [7.851661177889265, 62.394164075567865], [7.943427767876373, 49.727995510062584], [8.027476530860483, 55.97715112125776], [8.105005537547246, 55.91639322618795], [8.17695386822578, 62.39152929784131], [8.244071270295786, 49.496963853885106], [8.306965865368573, 49.20540107477258], [8.366137716496281, 55.81670273349627], [8.422003004412488, 56.025686912383705], [8.474911799159631, 49.293044676212546], [8.525161361065415, 55.81895624297362], [8.57300625623545, 49.802069934263045], [8.618666160346871, 55.826834669784596], [8.662331957082475, 55.291650102146036], [8.704170559746386, 55.96767239643407], [8.744328763999984, 55.96717256462314], [8.782936356349264, 55.77359061657301], [8.820108644508608, 55.76843625165142], [8.855948534052018, 49.533204473409924], [8.890548245606167, 56.014774238742135], [8.92399074475818, 55.85665953691287], [8.956350940490871, 55.798733404698694], [8.987696695703624, 55.48927589130702], [9.018089684104343, 49.571039995904584], [9.047586120674756, 49.80671757762218], [9.076237387452702, 49.52916741099378], [9.104090572133472, 50.17317681234665], [9.131188933670746, 55.56103721743715], [9.157572306437528, 62.391663044364286], [9.183277452426493, 49.25493439382846]], "merge": [[4.605170185988092, 14.830176829515759], [5.849324779946859, 20.881756558947245], [6.386879319362645, 21.91178208641334], [6.734591659972948, 21.401707546710796], [6.992096427415888, 20.930728964040693], [7.19668657083435, 21.895834176720843], [7.366445148327599, 21.448571734225816], [7.511524648390866, 21.802855090552345], [7.638198244285779, 14.58881151306722], [7.750614732770409, 21.285868524057708], [7.851661177889265, 20.798437709628264], [7.943427767876373, 21.670148015247307], [8.027476530860483, 21.546073654116423], [8.105005537547246, 21.394639150015703], [8.17695386822578, 20.79766978895732], [8.244071270295786, 21.4912694539852], [8.306965865368573, 21.290385620661286], [8.366137716496281, 21.196473661033515], [8.422003004412488, 21.428708619637188], [8.474911799159631, 21.24502551912963], [8.525161361065415, 21.212905265089816], [8.57300625623545, 21.840724621030333], [8.618666160346871, 21.42464199554364], [8.662331957082475, 21.912456449802395], [8.704170559746386, 21.310957279186123], [8.744328763999984, 21.309785656415762], [8.782936356349264, 21.289256703325226], [8.820108644508608, 21.104189320312038], [8.855948534052018, 21.52889426146773], [8.890548245606167, 21.425502483155995], [8.92399074475818, 21.41112781443852], [8.956350940490871, 21.179983194725036], [8.987696695703624, 21.940174948000227], [9.018089684104343, 21.51974964147157], [9.047586120674756, 21.8249927458602], [9.076237387452702, 21.559464953953334], [9.104090572133472, 22.198963677947805], [9.131188933670746, 22.034865651393826], [9.157572306437528, 20.797732604225857], [9.183277452426493, 21.24516971355491]], "argmin_dic": [[100, 3], [347, 2], [594, 2], [841, 3], [1088, 2], [1335, 5], [1582, 2], [1829, 2], [2076, 3], [2323, 2], [2570, 2], [2817, 2], [3064, 3], [3311, 2], [3558, 2], [3805, 2], [4052, 2], [4299, 2], [4546, 2], [4793, 2], [5040, 5], [5287, 2], [5534, 3], [5781, 2], [6028, 2], [6275, 2], [6522, 3], [6769, 2], [7016, 2], [7263, 2], [7510, 3], [7757, 5], [8004, 2], [8251, 5], [8498, 2], [8745, 2], [8992, 2], [9239, 2], [9486, 2], [9733, 2]], "time_elapsed": 1911.739744901657}