{"exact": [[4.605170185988092, 166.5086981127807], [5.849324779946859, 10.693056230863402], [6.386879319362645, 15.220063874383557], [6.734591659972948, 14.494255607257353], [6.992096427415888, 13.326157583018611], [7.19668657083435, 12.989522464493888], [7.366445148327599, 3.984413961498726], [7.511524648390866, 13.662637760803026], [7.638198244285779, 12.3407611017839], [7.750614732770409, 12.786597571225027], [7.851661177889265, 3.984188270889258], [7.943427767876373, 12.560291131175003], [8.027476530860483, 3.98357042345239], [8.105005537547246, 12.195254519793348], [8.17695386822578, 3.9836888507937775], [8.244071270295786, 3.984414761343891], [8.306965865368573, 3.9837006865898186], [8.366137716496281, 3.9845165378636462], [8.422003004412488, 11.817480879671766], [8.474911799159631, 3.9843062634009505], [8.525161361065415, 12.877956184055089], [8.57300625623545, 3.984073523656619], [8.618666160346871, 13.646310359918045], [8.662331957082475, 12.992793029393916], [8.704170559746386, 3.98370296874426], [8.744328763999984, 12.288981468304021], [8.782936356349264, 3.984065463545859], [8.820108644508608, 3.984196273899231], [8.855948534052018, 3.9842405763713655], [8.890548245606167, 13.12455461526224], [8.92399074475818, 3.983677284116437], [8.956350940490871, 12.743888398498685], [8.987696695703624, 12.46891340878529], [9.018089684104343, 3.9843551298779696], [9.047586120674756, 12.876594685443239], [9.076237387452702, 3.984103246674444], [9.104090572133472, 3.98410304520846], [9.131188933670746, 12.262001711453632], [9.157572306437528, 3.9840147439793197], [9.183277452426493, 3.9836757303270103]], "over": [], "merge": [], "argmin_dic": [], "time_elapsed": 6.778664827346802}