{"exact": [[4.605170185988092, 11.14528371455101], [5.849324779946859, 3.9825448981802634], [6.386879319362645, 3.983159788372424], [6.734591659972948, 3.9839546724274615], [6.992096427415888, 3.984073992250217], [7.19668657083435, 13.645756157625968], [7.366445148327599, 3.983625413301925], [7.511524648390866, 3.984687840246713], [7.638198244285779, 14.280785595216935], [7.750614732770409, 3.9842227256318], [7.851661177889265, 3.9841602238310982], [7.943427767876373, 3.98385224218832], [8.027476530860483, 12.263110096770196], [8.105005537547246, 13.191546495428641], [8.17695386822578, 3.984147700110035], [8.244071270295786, 3.983510050667169], [8.306965865368573, 12.30915598664689], [8.366137716496281, 3.9843781506042557], [8.422003004412488, 3.9839858253421485], [8.474911799159631, 3.983943098750841], [8.525161361065415, 3.984024720774351], [8.57300625623545, 3.9840184130178273], [8.618666160346871, 13.52105455907413], [8.662331957082475, 3.9841697930689515], [8.704170559746386, 3.9840018003366806], [8.744328763999984, 3.9839347491776365], [8.782936356349264, 12.676828418383174], [8.820108644508608, 3.9839650852206594], [8.855948534052018, 13.147449042621139], [8.890548245606167, 12.875004198887007], [8.92399074475818, 3.9841714822333603], [8.956350940490871, 12.47172952267438], [8.987696695703624, 13.718423657476144], [9.018089684104343, 3.9839439211184615], [9.047586120674756, 12.500125314025967], [9.076237387452702, 13.021142580795066], [9.104090572133472, 3.984278742674535], [9.131188933670746, 3.984300216462922], [9.157572306437528, 3.983940910798862], [9.183277452426493, 3.9842828477429153]], "over": [], "merge": [], "argmin_dic": [], "time_elapsed": 7.128545045852661}