{"exact": [[4.605170185988092, 186.64984942247577], [5.849324779946859, 15.683437284653037], [6.386879319362645, 3.9856944906115173], [6.734591659972948, 3.9838996755684666], [6.992096427415888, 3.9843947110164595], [7.19668657083435, 3.984337288116171], [7.366445148327599, 14.373084191464113], [7.511524648390866, 13.121097573760602], [7.638198244285779, 3.98370924313184], [7.750614732770409, 3.9840583834983003], [7.851661177889265, 11.719348349488076], [7.943427767876373, 3.984123148652958], [8.027476530860483, 3.9844801985556906], [8.105005537547246, 12.90391210069218], [8.17695386822578, 3.9847024266144286], [8.244071270295786, 3.984415466624008], [8.306965865368573, 12.265001256781938], [8.366137716496281, 13.348306941505426], [8.422003004412488, 13.165404493199626], [8.474911799159631, 3.9840880326619916], [8.525161361065415, 3.9839277646937163], [8.57300625623545, 3.984696633021064], [8.618666160346871, 3.983781525427171], [8.662331957082475, 12.253706445510188], [8.704170559746386, 12.55138801858093], [8.744328763999984, 3.984351109440533], [8.782936356349264, 3.984198026888793], [8.820108644508608, 3.9840800358818713], [8.855948534052018, 3.983862542003963], [8.890548245606167, 3.984195374986038], [8.92399074475818, 3.9847476056743107], [8.956350940490871, 3.9842360078179198], [8.987696695703624, 3.984243433649559], [9.018089684104343, 3.9838454201993923], [9.047586120674756, 11.607481051458056], [9.076237387452702, 12.702317018042802], [9.104090572133472, 3.983791032060377], [9.131188933670746, 11.882340060826294], [9.157572306437528, 13.200670047570672], [9.183277452426493, 3.984130985159756]], "over": [], "merge": [], "argmin_dic": [], "time_elapsed": 7.36411452293396}