{"exact": [[4.605170185988092, 12.126140906120371], [5.849324779946859, 3.983763767497484], [6.386879319362645, 3.984817027788877], [6.734591659972948, 3.9833186954271897], [6.992096427415888, 3.983567800468318], [7.19668657083435, 3.9840095159593334], [7.366445148327599, 11.720328492181443], [7.511524648390866, 12.421475968690153], [7.638198244285779, 13.142911846789406], [7.750614732770409, 12.9661744141305], [7.851661177889265, 12.30860816611044], [7.943427767876373, 3.9842944890663565], [8.027476530860483, 14.25757654362472], [8.105005537547246, 12.585478334637138], [8.17695386822578, 3.9839227813149187], [8.244071270295786, 10.847756704366265], [8.306965865368573, 13.138794700845546], [8.366137716496281, 13.22170914816699], [8.422003004412488, 3.984084148772724], [8.474911799159631, 3.984376758283965], [8.525161361065415, 3.9842903189825507], [8.57300625623545, 3.9841639640352398], [8.618666160346871, 12.02004524037061], [8.662331957082475, 12.666882858560102], [8.704170559746386, 12.894280022811012], [8.744328763999984, 12.920991750039878], [8.782936356349264, 12.19717033772397], [8.820108644508608, 13.276783406563897], [8.855948534052018, 3.9841828292515915], [8.890548245606167, 3.9840726822303814], [8.92399074475818, 3.9844759596419546], [8.956350940490871, 12.707966681210781], [8.987696695703624, 13.050427787967509], [9.018089684104343, 14.049406460678501], [9.047586120674756, 3.984383892261539], [9.076237387452702, 13.020070119371416], [9.104090572133472, 12.927568298074949], [9.131188933670746, 3.9842822509089637], [9.157572306437528, 3.984045297511249], [9.183277452426493, 12.60468499795416]], "over": [], "merge": [], "argmin_dic": [], "time_elapsed": 6.88493537902832}