{"exact": [[4.605170185988092, 222.44824138895643], [5.849324779946859, 13.090295873756045], [6.386879319362645, 13.638937088626967], [6.734591659972948, 3.9844859301089612], [6.992096427415888, 14.48743593786832], [7.19668657083435, 11.991196455419116], [7.366445148327599, 11.345009775567227], [7.511524648390866, 12.141612150666276], [7.638198244285779, 13.451577574351091], [7.750614732770409, 3.983284962858695], [7.851661177889265, 12.133502396989691], [7.943427767876373, 3.984434470037227], [8.027476530860483, 13.637211714630043], [8.105005537547246, 13.287091924846703], [8.17695386822578, 12.815112678802466], [8.244071270295786, 3.9840894174218477], [8.306965865368573, 3.9836569346244586], [8.366137716496281, 3.9839028500561735], [8.422003004412488, 13.1902834933588], [8.474911799159631, 13.767987777918874], [8.525161361065415, 12.941623292641951], [8.57300625623545, 3.9845120269643375], [8.618666160346871, 3.9843709452986382], [8.662331957082475, 3.9846272099285707], [8.704170559746386, 3.9839674929044295], [8.744328763999984, 3.9841294504651517], [8.782936356349264, 12.608677299073525], [8.820108644508608, 3.983890617249337], [8.855948534052018, 3.9837729981523884], [8.890548245606167, 12.203272138027152], [8.92399074475818, 3.9839571874800477], [8.956350940490871, 13.19223651169549], [8.987696695703624, 12.112029189529878], [9.018089684104343, 12.783768683830116], [9.047586120674756, 3.9841755480642242], [9.076237387452702, 3.9841657656569365], [9.104090572133472, 12.362621048806846], [9.131188933670746, 3.9840152917983187], [9.157572306437528, 3.984391138590285], [9.183277452426493, 12.97800724604595]], "over": [], "merge": [], "argmin_dic": [], "time_elapsed": 7.081959962844849}