{"exact": [[4.605170185988092, 107.475574492513], [5.849324779946859, 10.3329020426922], [6.386879319362645, 3.98443907846767], [6.734591659972948, 11.619826313817057], [6.992096427415888, 12.514888991643437], [7.19668657083435, 3.9842045028701625], [7.366445148327599, 3.985276191530104], [7.511524648390866, 12.26680951752511], [7.638198244285779, 3.9841959608821615], [7.750614732770409, 3.9841308478289084], [7.851661177889265, 3.983935636251475], [7.943427767876373, 3.9842324908385343], [8.027476530860483, 11.66647353591708], [8.105005537547246, 3.9839623550507883], [8.17695386822578, 3.9838410573551566], [8.244071270295786, 3.9842225347635494], [8.306965865368573, 3.98426737727933], [8.366137716496281, 3.9835759420066266], [8.422003004412488, 12.808036193911482], [8.474911799159631, 12.835961180220785], [8.525161361065415, 12.753878603475506], [8.57300625623545, 12.235414236185854], [8.618666160346871, 12.634914280875458], [8.662331957082475, 11.992179998949728], [8.704170559746386, 13.030437505705098], [8.744328763999984, 3.9841912529932837], [8.782936356349264, 13.586416309869525], [8.820108644508608, 12.770312248926736], [8.855948534052018, 12.920937730767747], [8.890548245606167, 13.183231627782671], [8.92399074475818, 3.984245947486574], [8.956350940490871, 3.9839800030431736], [8.987696695703624, 3.9843027528854305], [9.018089684104343, 12.19446883813591], [9.047586120674756, 3.98399196526401], [9.076237387452702, 3.9842336940929184], [9.104090572133472, 12.829447842411478], [9.131188933670746, 12.930384006054792], [9.157572306437528, 13.635801850578442], [9.183277452426493, 3.983809252622763]], "over": [], "merge": [], "argmin_dic": [], "time_elapsed": 7.258167028427124}