{"exact": [[4.605170185988092, 259.06089307626513], [5.849324779946859, 10.785512049177678], [6.386879319362645, 13.728446997438358], [6.734591659972948, 13.340371096659082], [6.992096427415888, 11.589012638843034], [7.19668657083435, 12.529225174368847], [7.366445148327599, 3.9839137050951483], [7.511524648390866, 12.48443348290467], [7.638198244285779, 14.119269467976538], [7.750614732770409, 12.03087264789622], [7.851661177889265, 13.727000574359211], [7.943427767876373, 13.344836253291277], [8.027476530860483, 13.679764557073689], [8.105005537547246, 3.984090560642462], [8.17695386822578, 12.928200662610148], [8.244071270295786, 3.9836715224439074], [8.306965865368573, 3.9840030024789295], [8.366137716496281, 3.9841290802491365], [8.422003004412488, 3.9842470027492465], [8.474911799159631, 12.952512842418562], [8.525161361065415, 3.9844244917382317], [8.57300625623545, 12.957477651311565], [8.618666160346871, 12.818007351095856], [8.662331957082475, 12.415123843912957], [8.704170559746386, 3.9842459665424226], [8.744328763999984, 3.984420859350789], [8.782936356349264, 12.51611538162828], [8.820108644508608, 12.538235262971199], [8.855948534052018, 3.984429254569041], [8.890548245606167, 11.922054035316686], [8.92399074475818, 12.261938639608486], [8.956350940490871, 12.86010539985807], [8.987696695703624, 3.9837647538811325], [9.018089684104343, 3.984552945095113], [9.047586120674756, 12.757744008041477], [9.076237387452702, 3.9846289705766402], [9.104090572133472, 3.9839395424078363], [9.131188933670746, 12.434793238064449], [9.157572306437528, 3.984251535163477], [9.183277452426493, 13.598267002367196]], "over": [], "merge": [], "argmin_dic": [], "time_elapsed": 6.906148672103882}