{"exact": [[4.605170185988092, 3.9850155550671658], [5.849324779946859, 3.9833561467491094], [6.386879319362645, 3.983513809161866], [6.734591659972948, 3.9831650256474145], [6.992096427415888, 13.234346074408393], [7.19668657083435, 13.961876363109775], [7.366445148327599, 3.983898151918019], [7.511524648390866, 3.984075063185549], [7.638198244285779, 13.467365902233256], [7.750614732770409, 12.27608389380512], [7.851661177889265, 11.757652047504031], [7.943427767876373, 12.41771750669782], [8.027476530860483, 13.601334950071898], [8.105005537547246, 11.89982898286202], [8.17695386822578, 12.427693210785685], [8.244071270295786, 13.717692925779765], [8.306965865368573, 13.082312698881452], [8.366137716496281, 3.9834123753328265], [8.422003004412488, 12.248876533076944], [8.474911799159631, 3.983897406015301], [8.525161361065415, 13.57738412476826], [8.57300625623545, 12.357622485808166], [8.618666160346871, 3.984078989349058], [8.662331957082475, 3.9844821625918208], [8.704170559746386, 3.9841033619366666], [8.744328763999984, 3.9838717258079863], [8.782936356349264, 12.911604123822501], [8.820108644508608, 12.225504456326044], [8.855948534052018, 12.85132377583108], [8.890548245606167, 3.9837337592113142], [8.92399074475818, 3.984167216407661], [8.956350940490871, 12.538366310938153], [8.987696695703624, 3.9837925170498227], [9.018089684104343, 3.9841451631621494], [9.047586120674756, 12.915607528733906], [9.076237387452702, 3.9840078083588133], [9.104090572133472, 3.983828178176702], [9.131188933670746, 3.983919004595595], [9.157572306437528, 3.9838921099409346], [9.183277452426493, 3.9842739802570386]], "over": [], "merge": [], "argmin_dic": [], "time_elapsed": 7.0924904346466064}