{"exact": [[4.605170185988092, 20.803973393176538], [5.849324779946859, 20.798517995872533], [6.386879319362645, 20.800977377046493], [6.734591659972948, 20.801282756881196], [6.992096427415888, 20.795418320373205], [7.19668657083435, 20.796990008572713], [7.366445148327599, 20.796785439285888], [7.511524648390866, 20.79992894053062], [7.638198244285779, 20.799643548258082], [7.750614732770409, 20.797239133478968], [7.851661177889265, 20.7962677721243], [7.943427767876373, 20.80075371795179], [8.027476530860483, 20.797956333043796], [8.105005537547246, 20.797702605380284], [8.17695386822578, 20.79715701755736], [8.244071270295786, 20.796375113343554], [8.306965865368573, 20.79808747902563], [8.366137716496281, 20.79547493382959], [8.422003004412488, 20.796946403875587], [8.474911799159631, 20.797962076773036], [8.525161361065415, 20.797846102596765], [8.57300625623545, 20.800191028659206], [8.618666160346871, 20.79734319808754], [8.662331957082475, 20.79619212387425], [8.704170559746386, 20.798269473949066], [8.744328763999984, 20.797308068204558], [8.782936356349264, 20.797617458763984], [8.820108644508608, 20.796525603595683], [8.855948534052018, 20.798392235287043], [8.890548245606167, 20.797446937382798], [8.92399074475818, 20.796731139145358], [8.956350940490871, 20.79565550415521], [8.987696695703624, 20.797863204875704], [9.018089684104343, 20.798013823945674], [9.047586120674756, 20.796951210555402], [9.076237387452702, 20.79797130063078], [9.104090572133472, 20.799018472208026], [9.131188933670746, 20.79696539999208], [9.157572306437528, 20.796233576410465], [9.183277452426493, 20.79765289472992]], "over": [[4.605170185988092, 56.23891869444894], [5.849324779946859, 49.84787038873909], [6.386879319362645, 50.03652407655572], [6.734591659972948, 55.59635542454368], [6.992096427415888, 49.46514662948977], [7.19668657083435, 49.16650215538357], [7.366445148327599, 49.70327409570212], [7.511524648390866, 49.864760972824605], [7.638198244285779, 49.43960819979607], [7.750614732770409, 49.18212729816463], [7.851661177889265, 55.94883283559126], [7.943427767876373, 50.0597011927956], [8.027476530860483, 55.95794281464704], [8.105005537547246, 48.85911416566631], [8.17695386822578, 55.15085548236821], [8.244071270295786, 55.95920379846009], [8.306965865368573, 50.18819257951472], [8.366137716496281, 55.32200061196443], [8.422003004412488, 62.38951927918216], [8.474911799159631, 56.08872184010694], [8.525161361065415, 49.22603430669098], [8.57300625623545, 56.10258900396056], [8.618666160346871, 55.98025341802339], [8.662331957082475, 55.82124449825626], [8.704170559746386, 62.393830203075005], [8.744328763999984, 55.828014305801524], [8.782936356349264, 55.84288303446606], [8.820108644508608, 49.45863696520451], [8.855948534052018, 49.83719521792959], [8.890548245606167, 50.03660683717638], [8.92399074475818, 55.420750588188234], [8.956350940490871, 56.025281457036805], [8.987696695703624, 55.85736719850342], [9.018089684104343, 56.02793619106485], [9.047586120674756, 55.41457229982928], [9.076237387452702, 55.85783174784092], [9.104090572133472, 55.84833310415234], [9.131188933670746, 56.02679036241753], [9.157572306437528, 49.09473798102709], [9.183277452426493, 55.96623139544892]], "merge": [[4.605170185988092, 21.500252745783303], [5.849324779946859, 21.881057497300343], [6.386879319362645, 22.087142428931347], [6.734591659972948, 20.908088998427463], [6.992096427415888, 21.530548812300374], [7.19668657083435, 21.142031314544546], [7.366445148327599, 21.636558487280883], [7.511524648390866, 21.72801192381443], [7.638198244285779, 21.445610565311448], [7.750614732770409, 21.18108489755747], [7.851661177889265, 21.294777062360666], [7.943427767876373, 22.083679515987285], [8.027476530860483, 21.294911759701417], [8.105005537547246, 20.9700688940139], [8.17695386822578, 21.909646775370604], [8.244071270295786, 21.30196838872888], [8.306965865368573, 22.20319730958507], [8.366137716496281, 21.878443217314285], [8.422003004412488, 20.79702141239067], [8.474911799159631, 21.446825325536214], [8.525161361065415, 21.293943778427067], [8.57300625623545, 21.467069193647234], [8.618666160346871, 21.320548765440105], [8.662331957082475, 21.22219567785779], [8.704170559746386, 20.798522566045218], [8.744328763999984, 21.227621810864196], [8.782936356349264, 21.232418326684765], [8.820108644508608, 21.438994614218892], [8.855948534052018, 21.886144801268625], [8.890548245606167, 21.98167017405173], [8.92399074475818, 22.11162049596242], [8.956350940490871, 21.428780483669993], [8.987696695703624, 21.430019524586818], [9.018089684104343, 21.425038285629842], [9.047586120674756, 21.88754589124607], [9.076237387452702, 21.240992905330668], [9.104090572133472, 21.384882580558706], [9.131188933670746, 21.425201491536303], [9.157572306437528, 21.148555263958446], [9.183277452426493, 21.307200487278056]], "argmin_dic": [[100, 2], [347, 5], [594, 2], [841, 2], [1088, 2], [1335, 2], [1582, 2], [1829, 2], [2076, 2], [2323, 3], [2570, 2], [2817, 2], [3064, 2], [3311, 2], [3558, 2], [3805, 2], [4052, 2], [4299, 2], [4546, 2], [4793, 2], [5040, 2], [5287, 2], [5534, 2], [5781, 5], [6028, 2], [6275, 5], [6522, 2], [6769, 2], [7016, 2], [7263, 2], [7510, 2], [7757, 2], [8004, 3], [8251, 2], [8498, 2], [8745, 2], [8992, 3], [9239, 2], [9486, 2], [9733, 2]], "time_elapsed": 2020.7847101688385}