{"exact": [[4.605170185988092, 371.41898318896926], [5.849324779946859, 11.7912739445459], [6.386879319362645, 3.9838089798075833], [6.734591659972948, 14.38547151068385], [6.992096427415888, 12.760483856627786], [7.19668657083435, 3.9834068063267742], [7.366445148327599, 3.983679109958244], [7.511524648390866, 3.984301787625332], [7.638198244285779, 3.983709506924767], [7.750614732770409, 12.37826853417497], [7.851661177889265, 13.289140160880192], [7.943427767876373, 3.983631764773542], [8.027476530860483, 3.9837928756710497], [8.105005537547246, 3.9840143086806856], [8.17695386822578, 13.067927834975226], [8.244071270295786, 3.9838447882038905], [8.306965865368573, 12.675865463379225], [8.366137716496281, 12.03903512669627], [8.422003004412488, 3.984172634659197], [8.474911799159631, 3.9837800182571494], [8.525161361065415, 3.984313134387589], [8.57300625623545, 11.60035477421284], [8.618666160346871, 13.21870453022041], [8.662331957082475, 12.288655722233193], [8.704170559746386, 3.9845436280143685], [8.744328763999984, 12.397792983085237], [8.782936356349264, 3.984043246827136], [8.820108644508608, 13.012827653870103], [8.855948534052018, 3.9843188403165284], [8.890548245606167, 3.9843688800329837], [8.92399074475818, 3.9838722957087622], [8.956350940490871, 3.9839870530580224], [8.987696695703624, 3.9841403017620247], [9.018089684104343, 12.358897386259734], [9.047586120674756, 12.568448665503317], [9.076237387452702, 13.350479267313432], [9.104090572133472, 12.537114739334369], [9.131188933670746, 13.66423717401691], [9.157572306437528, 3.9839658956653237], [9.183277452426493, 3.9840529773397333]], "over": [], "merge": [], "argmin_dic": [], "time_elapsed": 7.177120208740234}