{"exact": [[4.605170185988092, 21.146820454646303], [5.849324779946859, 23.69234228402161], [6.386879319362645, 12.1751301904933], [6.734591659972948, 3.9846348233853464], [6.992096427415888, 3.984058316883704], [7.19668657083435, 14.252239855842106], [7.366445148327599, 3.9841362489325385], [7.511524648390866, 13.013478384907925], [7.638198244285779, 13.293351121483472], [7.750614732770409, 13.54194033080814], [7.851661177889265, 12.908886878308369], [7.943427767876373, 13.778356805535283], [8.027476530860483, 13.660257072515325], [8.105005537547246, 3.9839984881107724], [8.17695386822578, 3.98409895504814], [8.244071270295786, 3.9839067703928195], [8.306965865368573, 12.925496869108985], [8.366137716496281, 3.98396934345211], [8.422003004412488, 3.9838046927847803], [8.474911799159631, 13.2975495414045], [8.525161361065415, 12.879922618994577], [8.57300625623545, 13.476764191360532], [8.618666160346871, 3.983545467853343], [8.662331957082475, 12.76245198532685], [8.704170559746386, 13.776911970521091], [8.744328763999984, 3.983821245440643], [8.782936356349264, 12.775191487447932], [8.820108644508608, 12.39653074746464], [8.855948534052018, 3.983967009849052], [8.890548245606167, 12.869224510524518], [8.92399074475818, 12.813343911813705], [8.956350940490871, 3.9838449009422865], [8.987696695703624, 3.9841183536349374], [9.018089684104343, 12.900436566324498], [9.047586120674756, 3.9838194287088493], [9.076237387452702, 12.739117535382407], [9.104090572133472, 3.9840395484067463], [9.131188933670746, 13.471660003731316], [9.157572306437528, 3.9840523125973286], [9.183277452426493, 12.769567191201157]], "over": [], "merge": [], "argmin_dic": [], "time_elapsed": 6.968604326248169}