{"exact": [[4.605170185988092, 3.9835907161150517], [5.849324779946859, 16.512054487560135], [6.386879319362645, 13.158106390002246], [6.734591659972948, 3.9838602848182108], [6.992096427415888, 16.89575148338853], [7.19668657083435, 3.9840712064256727], [7.366445148327599, 3.98417360079422], [7.511524648390866, 12.01960857707397], [7.638198244285779, 15.111894558484503], [7.750614732770409, 3.984211701239938], [7.851661177889265, 3.9846692322733026], [7.943427767876373, 3.9837299558874295], [8.027476530860483, 13.919358667710217], [8.105005537547246, 3.983548598847449], [8.17695386822578, 3.9840333323263133], [8.244071270295786, 3.9837480576557414], [8.306965865368573, 3.9842879310381525], [8.366137716496281, 3.984274915633475], [8.422003004412488, 13.09544175910744], [8.474911799159631, 3.9836658571122956], [8.525161361065415, 11.919462639124399], [8.57300625623545, 3.98403743999308], [8.618666160346871, 12.202030405358752], [8.662331957082475, 12.838721754512864], [8.704170559746386, 3.983980618099376], [8.744328763999984, 3.9841641226238367], [8.782936356349264, 13.26333435837301], [8.820108644508608, 12.410473547842983], [8.855948534052018, 13.819681049590638], [8.890548245606167, 3.983824293986047], [8.92399074475818, 3.9841989284811263], [8.956350940490871, 3.9840435531332563], [8.987696695703624, 12.902851934056503], [9.018089684104343, 12.419265527958233], [9.047586120674756, 3.984054600418785], [9.076237387452702, 3.9840887296239917], [9.104090572133472, 12.977505949926142], [9.131188933670746, 3.9838602238506353], [9.157572306437528, 3.984103171136122], [9.183277452426493, 3.984090138512361]], "over": [], "merge": [], "argmin_dic": [], "time_elapsed": 7.3140599727630615}