{"exact": [[4.605170185988092, 196.7860136905289], [5.849324779946859, 16.607474993156725], [6.386879319362645, 12.56313917321422], [6.734591659972948, 14.305460848553707], [6.992096427415888, 3.9845138359245436], [7.19668657083435, 3.984329717715465], [7.366445148327599, 3.983939602057822], [7.511524648390866, 3.9838209280805783], [7.638198244285779, 3.984125022600645], [7.750614732770409, 11.967293466660777], [7.851661177889265, 12.340254774816339], [7.943427767876373, 13.417685008982035], [8.027476530860483, 3.9845750701773612], [8.105005537547246, 3.984081770552918], [8.17695386822578, 3.984516470869407], [8.244071270295786, 12.350286399057696], [8.306965865368573, 3.984249138444443], [8.366137716496281, 3.9849303224115573], [8.422003004412488, 12.482056640066665], [8.474911799159631, 13.692459452395708], [8.525161361065415, 3.98400403882075], [8.57300625623545, 12.860953351158528], [8.618666160346871, 3.9846399923078204], [8.662331957082475, 13.04411008230262], [8.704170559746386, 3.983908655257847], [8.744328763999984, 11.892362080866734], [8.782936356349264, 13.53465362706996], [8.820108644508608, 13.036642034494214], [8.855948534052018, 13.202965590099156], [8.890548245606167, 13.159743079066741], [8.92399074475818, 3.984160154513731], [8.956350940490871, 12.647335505003959], [8.987696695703624, 3.983636869796655], [9.018089684104343, 3.984022461187783], [9.047586120674756, 12.934286367742724], [9.076237387452702, 12.890115707769734], [9.104090572133472, 3.9841072840626985], [9.131188933670746, 3.9841021971412927], [9.157572306437528, 12.2583092092777], [9.183277452426493, 3.984098150382061]], "over": [], "merge": [], "argmin_dic": [], "time_elapsed": 7.006075859069824}