{"exact": [[4.605170185988092, 14.222094674623508], [5.849324779946859, 3.984170465521819], [6.386879319362645, 3.983607676634874], [6.734591659972948, 3.984808128716718], [6.992096427415888, 3.984339988764986], [7.19668657083435, 3.9842752194417965], [7.366445148327599, 3.9834610407913567], [7.511524648390866, 3.983864273139596], [7.638198244285779, 12.11514816716688], [7.750614732770409, 3.9847871875559426], [7.851661177889265, 12.247548103492578], [7.943427767876373, 3.9838441303071273], [8.027476530860483, 3.98420944814581], [8.105005537547246, 14.174188823870962], [8.17695386822578, 3.983902634874856], [8.244071270295786, 3.984001165603819], [8.306965865368573, 11.848814158607857], [8.366137716496281, 3.9840347275141803], [8.422003004412488, 3.9844493322410837], [8.474911799159631, 3.9846750387791348], [8.525161361065415, 3.9839048828243966], [8.57300625623545, 13.211908354274446], [8.618666160346871, 3.9840770887769317], [8.662331957082475, 3.9839894334933525], [8.704170559746386, 12.19061775807394], [8.744328763999984, 3.9836361919907506], [8.782936356349264, 3.984254595138316], [8.820108644508608, 12.12862885924061], [8.855948534052018, 13.617475151428312], [8.890548245606167, 3.983959565852167], [8.92399074475818, 13.245354440121751], [8.956350940490871, 12.95442980839998], [8.987696695703624, 12.63783826400297], [9.018089684104343, 3.9840858386855036], [9.047586120674756, 13.45956816099287], [9.076237387452702, 12.362257223809316], [9.104090572133472, 3.984493974428948], [9.131188933670746, 3.98385976647313], [9.157572306437528, 12.730659692217941], [9.183277452426493, 14.072736497779058]], "over": [], "merge": [], "argmin_dic": [], "time_elapsed": 7.3016252517700195}