{"exact": [[4.605170185988092, 10.662232572639082], [5.849324779946859, 3.9855763876407666], [6.386879319362645, 3.9836658461000556], [6.734591659972948, 3.9835994342914245], [6.992096427415888, 3.9855524090516474], [7.19668657083435, 3.9838375439451212], [7.366445148327599, 3.9836860929747586], [7.511524648390866, 3.9844996305576403], [7.638198244285779, 3.983455505759334], [7.750614732770409, 13.404526396479042], [7.851661177889265, 12.760293487658707], [7.943427767876373, 11.287261101417517], [8.027476530860483, 3.984459332904134], [8.105005537547246, 3.984140564970905], [8.17695386822578, 13.092754636832703], [8.244071270295786, 3.983984118314821], [8.306965865368573, 13.064345597051751], [8.366137716496281, 12.632043349018469], [8.422003004412488, 3.9840095851485806], [8.474911799159631, 12.508195569650509], [8.525161361065415, 3.9843852735625824], [8.57300625623545, 3.9839402450924406], [8.618666160346871, 3.9842085266706286], [8.662331957082475, 3.9842427824951363], [8.704170559746386, 3.98399874287052], [8.744328763999984, 13.689875717735399], [8.782936356349264, 14.180332428736735], [8.820108644508608, 13.233526241643379], [8.855948534052018, 3.9836691546166985], [8.890548245606167, 13.592639906129865], [8.92399074475818, 12.756600229542084], [8.956350940490871, 3.9840542890766577], [8.987696695703624, 13.436988425065092], [9.018089684104343, 3.9842848498638865], [9.047586120674756, 3.9841101911932433], [9.076237387452702, 12.552978303863373], [9.104090572133472, 3.9839087079919713], [9.131188933670746, 12.530646963538578], [9.157572306437528, 13.194706421417113], [9.183277452426493, 13.205196964865705]], "over": [], "merge": [], "argmin_dic": [], "time_elapsed": 6.922927618026733}