{"exact": [[4.605170185988092, 9.172032230805389], [5.849324779946859, 12.182682592831396], [6.386879319362645, 3.9827485442206343], [6.734591659972948, 10.87507151881659], [6.992096427415888, 17.01142662297414], [7.19668657083435, 3.9838496465034208], [7.366445148327599, 3.9842336143128407], [7.511524648390866, 3.984708272813269], [7.638198244285779, 3.983347127215713], [7.750614732770409, 3.984135594550677], [7.851661177889265, 3.9843235837391577], [7.943427767876373, 3.98418787547521], [8.027476530860483, 12.576891253715008], [8.105005537547246, 3.9840022983432686], [8.17695386822578, 3.9846227709930977], [8.244071270295786, 13.122753556263229], [8.306965865368573, 3.9837860364022393], [8.366137716496281, 14.515421806658424], [8.422003004412488, 14.031301993331674], [8.474911799159631, 12.450421912963057], [8.525161361065415, 3.984112415825472], [8.57300625623545, 3.9842820251086004], [8.618666160346871, 12.50596621542508], [8.662331957082475, 12.704367726081609], [8.704170559746386, 3.984064963462206], [8.744328763999984, 3.984449181263367], [8.782936356349264, 3.9840429195098364], [8.820108644508608, 13.014466385087548], [8.855948534052018, 12.414684124875063], [8.890548245606167, 3.983784767650836], [8.92399074475818, 3.984108530372501], [8.956350940490871, 3.9837906005388324], [8.987696695703624, 12.192735004693423], [9.018089684104343, 12.78306369408732], [9.047586120674756, 12.287145999497755], [9.076237387452702, 13.312766545210582], [9.104090572133472, 13.23478979931772], [9.131188933670746, 3.9839652509658787], [9.157572306437528, 3.983705266588344], [9.183277452426493, 12.806050175695246]], "over": [], "merge": [], "argmin_dic": [], "time_elapsed": 7.421808242797852}