{"exact": [[4.605170185988092, 18.083206090234185], [5.849324779946859, 3.9863793374248493], [6.386879319362645, 14.37898169529844], [6.734591659972948, 18.49641778910122], [6.992096427415888, 11.591450252816221], [7.19668657083435, 3.983798864160721], [7.366445148327599, 3.983983870735707], [7.511524648390866, 12.832812544219099], [7.638198244285779, 12.40153283843551], [7.750614732770409, 3.984119617602052], [7.851661177889265, 12.639682891298511], [7.943427767876373, 13.581356122856318], [8.027476530860483, 3.9846087980817955], [8.105005537547246, 13.021473768564885], [8.17695386822578, 3.984760369339859], [8.244071270295786, 13.42879062473145], [8.306965865368573, 3.983972783383645], [8.366137716496281, 3.9841243681269867], [8.422003004412488, 13.431806181932359], [8.474911799159631, 3.9836693871851048], [8.525161361065415, 3.9838214870472415], [8.57300625623545, 12.16814249158768], [8.618666160346871, 12.083991158637541], [8.662331957082475, 12.743745231543715], [8.704170559746386, 12.137307318110183], [8.744328763999984, 3.98402209193848], [8.782936356349264, 3.9837732665951284], [8.820108644508608, 3.984008157208435], [8.855948534052018, 13.258415476844254], [8.890548245606167, 12.670408729220243], [8.92399074475818, 3.983801044104507], [8.956350940490871, 12.729481967040808], [8.987696695703624, 3.9841827615080856], [9.018089684104343, 3.9847577711780255], [9.047586120674756, 3.9840781886448946], [9.076237387452702, 12.894547023969483], [9.104090572133472, 3.984231358753178], [9.131188933670746, 3.9841436299225226], [9.157572306437528, 3.9840261880691537], [9.183277452426493, 3.9840630661984786]], "over": [], "merge": [], "argmin_dic": [], "time_elapsed": 7.374589681625366}