{"exact": [[4.605170185988092, 3.984192726339681], [5.849324779946859, 3.985210311626435], [6.386879319362645, 3.9847104698539493], [6.734591659972948, 12.548115795042412], [6.992096427415888, 11.801030679282809], [7.19668657083435, 12.751140850887454], [7.366445148327599, 12.987075059252426], [7.511524648390866, 3.983147912316168], [7.638198244285779, 11.851265022448278], [7.750614732770409, 12.15211530554818], [7.851661177889265, 13.338723608437158], [7.943427767876373, 3.984935872850886], [8.027476530860483, 3.983970310895651], [8.105005537547246, 13.876966357339663], [8.17695386822578, 3.9842509598903177], [8.244071270295786, 3.983977867445902], [8.306965865368573, 12.587870386077787], [8.366137716496281, 3.98400081048593], [8.422003004412488, 14.334660455271427], [8.474911799159631, 3.9842680312407333], [8.525161361065415, 13.1058091280616], [8.57300625623545, 12.922023465396776], [8.618666160346871, 12.789302495154333], [8.662331957082475, 13.079511281248799], [8.704170559746386, 13.014888478722382], [8.744328763999984, 12.547009646329913], [8.782936356349264, 3.984320605388345], [8.820108644508608, 12.664488809940062], [8.855948534052018, 12.486585341634699], [8.890548245606167, 3.9840360799246333], [8.92399074475818, 3.984188302938623], [8.956350940490871, 13.29274847220424], [8.987696695703624, 12.705402268276076], [9.018089684104343, 12.700282897515276], [9.047586120674756, 12.960676690759477], [9.076237387452702, 12.939016865271778], [9.104090572133472, 3.9839639343221185], [9.131188933670746, 3.984155782998417], [9.157572306437528, 12.503968000636629], [9.183277452426493, 3.984043222082031]], "over": [], "merge": [], "argmin_dic": [], "time_elapsed": 6.749115705490112}