{"exact": [[4.605170185988092, 3.9838983214750567], [5.849324779946859, 3.983851466028962], [6.386879319362645, 3.984563832372146], [6.734591659972948, 3.9850115711484544], [6.992096427415888, 3.9839282855675138], [7.19668657083435, 12.219186193192007], [7.366445148327599, 12.832735372793731], [7.511524648390866, 3.983970396323212], [7.638198244285779, 3.9840212926276033], [7.750614732770409, 3.9838908985041095], [7.851661177889265, 3.9841724365838678], [7.943427767876373, 3.98460972732239], [8.027476530860483, 3.9835885661507757], [8.105005537547246, 11.95319380113263], [8.17695386822578, 3.984413189344379], [8.244071270295786, 13.871201571238652], [8.306965865368573, 3.9838876888797023], [8.366137716496281, 3.98401175385495], [8.422003004412488, 11.63311369741179], [8.474911799159631, 3.9840124374982917], [8.525161361065415, 12.173291465971667], [8.57300625623545, 3.9844811903221222], [8.618666160346871, 3.98394264028442], [8.662331957082475, 12.274729766624024], [8.704170559746386, 13.121292982191815], [8.744328763999984, 12.382855013130479], [8.782936356349264, 13.124011620313409], [8.820108644508608, 13.021502632059802], [8.855948534052018, 12.99916135969696], [8.890548245606167, 3.984110442876837], [8.92399074475818, 13.163264039000047], [8.956350940490871, 11.928493877941342], [8.987696695703624, 12.501265442717768], [9.018089684104343, 3.983971628203017], [9.047586120674756, 13.055875511383281], [9.076237387452702, 13.475029956854515], [9.104090572133472, 12.769156374068258], [9.131188933670746, 3.984057593204938], [9.157572306437528, 12.283840713380396], [9.183277452426493, 3.9837057608855755]], "over": [], "merge": [], "argmin_dic": [], "time_elapsed": 7.292990684509277}