{"exact_d1": [], "exact_d2": [], "over": [[10.819778284410283, 9.729850471624413], [10.844470897000654, 10.556058427686871], [10.868568448579715, 11.100910956681007], [10.89209894598991, 10.761585010924279], [10.915088464214607, 10.38083017595702], [10.937561320066667, 10.227258733992336], [10.959540226785442, 10.324596851214688], [10.981046432006405, 11.156686164584839], [11.002099841204238, 10.603690735184133], [11.022719128406973, 10.192889064310679], [11.042921835724492, 10.179409734276403], [11.062724463020672, 9.748685687216112], [11.082142548877775, 10.699925187028663], [11.101190743848468, 10.804344120477568], [11.119882876860622, 10.86001036044258], [11.138232015528818, 12.06492213628027], [11.156250521031495, 10.510587171847774], [11.173950098130897, 11.311810984763161], [11.191341840842766, 10.214583084454677], [11.208436274202066, 10.325181241151478], [11.225243392518447, 10.573532840468918], [11.241772694469658, 10.720212508564641], [11.258033215341438, 11.675462324543366], [11.274033556687879, 11.384878500652851], [11.289781913656018, 10.237663015115078], [11.305286100191983, 10.27722221679856], [11.320553572322773, 10.558727317956734], [11.335591449687312, 11.01437505730149], [11.350406535472453, 10.322521298757914], [11.365005334893606, 11.528406265943675], [11.379394072345706, 10.187284408688978], [11.393578707337662, 10.561039263461577], [11.407564949312402, 12.040540256105885], [11.421358271444738, 10.28799120095385], [11.434963923500517, 10.411390641344221], [11.448386943832658, 10.615330968399673], [11.461632170582678, 10.608126416255384], [11.474704252150032, 10.427370598519564], [11.487607656985938, 10.591695242449576], [11.500346682763368, 10.4384341550529]], "merge_d1": [[10.819778284410283, 4.816098767612673], [10.844470897000654, 3.710028664317876], [10.868568448579715, 3.732912326633546], [10.89209894598991, 3.729772349800961], [10.915088464214607, 3.7442412688114746], [10.937561320066667, 4.4656410842415495], [10.959540226785442, 3.7505133628518545], [10.981046432006405, 3.7579231015041468], [11.002099841204238, 4.462484430157784], [11.022719128406973, 4.835820698579361], [11.042921835724492, 3.7566173534335943], [11.062724463020672, 4.856322379305828], [11.082142548877775, 3.7358484365496896], [11.101190743848468, 4.46802864760942], [11.119882876860622, 4.464768146510231], [11.138232015528818, 3.763974162835691], [11.156250521031495, 3.746329443111432], [11.173950098130897, 4.484242817706077], [11.191341840842766, 4.435055289029768], [11.208436274202066, 4.45078616059094], [11.225243392518447, 3.7438021552219984], [11.241772694469658, 3.7361148520597807], [11.258033215341438, 3.751715810868267], [11.274033556687879, 4.435985508907812], [11.289781913656018, 3.7367165431174736], [11.305286100191983, 4.408661482364333], [11.320553572322773, 4.446407778683735], [11.335591449687312, 3.734278676253133], [11.350406535472453, 3.740043557681504], [11.365005334893606, 3.759095151110134], [11.379394072345706, 4.471871378215237], [11.393578707337662, 3.7447526705361933], [11.407564949312402, 3.771429188049649], [11.421358271444738, 4.427247184373337], [11.434963923500517, 4.449438506108924], [11.448386943832658, 3.7248610536334876], [11.461632170582678, 3.7367797877920776], [11.474704252150032, 3.748157760273145], [11.487607656985938, 4.846556642480567], [11.500346682763368, 4.844628664285753]], "merge_d2": [[10.819778284410283, 7.370319567128795], [10.844470897000654, 6.817265662108821], [10.868568448579715, 6.825779723388879], [10.89209894598991, 6.9321838761453], [10.915088464214607, 6.731115303649956], [10.937561320066667, 7.184553314446232], [10.959540226785442, 6.889689487690926], [10.981046432006405, 7.15900810683369], [11.002099841204238, 7.323111690191353], [11.022719128406973, 7.637324313031416], [11.042921835724492, 6.632816270494969], [11.062724463020672, 7.472544214439817], [11.082142548877775, 6.886228338979447], [11.101190743848468, 7.378660302849449], [11.119882876860622, 7.3924803396902385], [11.138232015528818, 7.2053940645310925], [11.156250521031495, 6.9885033893218615], [11.173950098130897, 7.601781817367801], [11.191341840842766, 7.145854419897822], [11.208436274202066, 7.308170253871371], [11.225243392518447, 6.834358817133607], [11.241772694469658, 6.902355188453422], [11.258033215341438, 7.021275896932634], [11.274033556687879, 7.614621584722507], [11.289781913656018, 6.740633841582869], [11.305286100191983, 7.220583152662198], [11.320553572322773, 7.489763376863957], [11.335591449687312, 7.055898346577568], [11.350406535472453, 6.722026253934319], [11.365005334893606, 6.969880011838836], [11.379394072345706, 7.233181189535453], [11.393578707337662, 7.054171023808689], [11.407564949312402, 7.193809757586559], [11.421358271444738, 7.211371878790805], [11.434963923500517, 7.362472055926598], [11.448386943832658, 7.099957359316126], [11.461632170582678, 6.851222488364077], [11.474704252150032, 6.980443317293031], [11.487607656985938, 7.719935209493879], [11.500346682763368, 7.653757456458433]], "argmin_dic": [[50000, 3], [51250, 3], [52500, 3], [53750, 3], [55000, 3], [56250, 3], [57500, 3], [58750, 3], [60000, 3], [61250, 3], [62500, 3], [63750, 3], [65000, 3], [66250, 3], [67500, 3], [68750, 3], [70000, 3], [71250, 3], [72500, 3], [73750, 3], [75000, 3], [76250, 3], [77500, 3], [78750, 3], [80000, 3], [81250, 3], [82500, 3], [83750, 3], [85000, 3], [86250, 3], [87500, 3], [88750, 3], [90000, 3], [91250, 3], [92500, 3], [93750, 3], [95000, 3], [96250, 3], [97500, 3], [98750, 3]], "time_elapsed": 1558.7582919597626}