{"exact_d1": [], "exact_d2": [], "over": [[10.819778284410283, 11.015119952831334], [10.844470897000654, 10.681665574382881], [10.868568448579715, 11.092756295488806], [10.89209894598991, 10.459917635206594], [10.915088464214607, 10.705230446343727], [10.937561320066667, 11.080976339678719], [10.959540226785442, 10.24744407399661], [10.981046432006405, 10.826469495553825], [11.002099841204238, 10.864785876686872], [11.022719128406973, 10.539028290418214], [11.042921835724492, 10.395182987152383], [11.062724463020672, 11.257113565250027], [11.082142548877775, 10.57257512862706], [11.101190743848468, 10.729317745435596], [11.119882876860622, 10.43175471106868], [11.138232015528818, 10.715480404759743], [11.156250521031495, 10.508523583191321], [11.173950098130897, 10.70112042520622], [11.191341840842766, 10.55773019145897], [11.208436274202066, 11.058434984907075], [11.225243392518447, 11.880244430369117], [11.241772694469658, 11.510050466420077], [11.258033215341438, 10.317249165980293], [11.274033556687879, 10.868256716412144], [11.289781913656018, 11.470434068218761], [11.305286100191983, 10.454564066717174], [11.320553572322773, 10.623240927607425], [11.335591449687312, 11.190064468362358], [11.350406535472453, 10.36859717665569], [11.365005334893606, 10.614888719840064], [11.379394072345706, 10.881524720158108], [11.393578707337662, 10.127202726678446], [11.407564949312402, 10.812436459550687], [11.421358271444738, 11.645184537596823], [11.434963923500517, 11.094576200903251], [11.448386943832658, 10.537827284680253], [11.461632170582678, 10.872829009628994], [11.474704252150032, 11.123775899621258], [11.487607656985938, 10.053606250854264], [11.500346682763368, 10.373993506785375]], "merge_d1": [[10.819778284410283, 4.40401013178672], [10.844470897000654, 3.7524735659752966], [10.868568448579715, 4.442405199875669], [10.89209894598991, 3.769099447329721], [10.915088464214607, 3.720323699737403], [10.937561320066667, 3.7475049593502288], [10.959540226785442, 4.818358243297098], [10.981046432006405, 3.7251637867790643], [11.002099841204238, 4.450424367871797], [11.022719128406973, 4.4729902640765165], [11.042921835724492, 4.433650234204577], [11.062724463020672, 4.471583753592899], [11.082142548877775, 4.845990577567019], [11.101190743848468, 4.453739962329253], [11.119882876860622, 4.499454766585925], [11.138232015528818, 3.7567015461928146], [11.156250521031495, 4.876010302727279], [11.173950098130897, 3.7193494116666876], [11.191341840842766, 3.7496209481263154], [11.208436274202066, 3.7427617102031068], [11.225243392518447, 3.811917146583854], [11.241772694469658, 4.450909718928634], [11.258033215341438, 3.7313076039396837], [11.274033556687879, 3.749340376830544], [11.289781913656018, 3.7413845572914535], [11.305286100191983, 3.778464365420094], [11.320553572322773, 4.469635531648087], [11.335591449687312, 4.472532028784686], [11.350406535472453, 3.759949696117635], [11.365005334893606, 4.462765094819987], [11.379394072345706, 4.456603883093344], [11.393578707337662, 4.828786634128245], [11.407564949312402, 4.476042986640194], [11.421358271444738, 3.739057103934062], [11.434963923500517, 4.462220862218154], [11.448386943832658, 3.7675311474969604], [11.461632170582678, 3.7428587402825344], [11.474704252150032, 3.776151554579724], [11.487607656985938, 4.861005176531504], [11.500346682763368, 3.7343567186591033]], "merge_d2": [[10.819778284410283, 7.638510577573985], [10.844470897000654, 6.918979237228655], [10.868568448579715, 7.485996124408195], [10.89209894598991, 6.814662506145149], [10.915088464214607, 6.888561007038511], [10.937561320066667, 7.094812988358111], [10.959540226785442, 7.6710528067290165], [10.981046432006405, 6.944217145377799], [11.002099841204238, 7.3752701280858854], [11.022719128406973, 7.285507368963189], [11.042921835724492, 7.221226018850374], [11.062724463020672, 7.557961725971079], [11.082142548877775, 7.781678018344197], [11.101190743848468, 7.3560587802395725], [11.119882876860622, 7.209744846682624], [11.138232015528818, 6.923976894872873], [11.156250521031495, 7.710712093339922], [11.173950098130897, 6.885847655213732], [11.191341840842766, 6.975907074668646], [11.208436274202066, 7.0848078040739955], [11.225243392518447, 7.173596718106252], [11.241772694469658, 7.656094466535186], [11.258033215341438, 6.884111906869006], [11.274033556687879, 7.009809901453318], [11.289781913656018, 6.937392218371992], [11.305286100191983, 7.0360993398683345], [11.320553572322773, 7.508208192478019], [11.335591449687312, 7.536646357501886], [11.350406535472453, 6.829180200741029], [11.365005334893606, 7.308198493647125], [11.379394072345706, 7.411181873910104], [11.393578707337662, 7.575110051623058], [11.407564949312402, 7.380244696207192], [11.421358271444738, 6.998633322326454], [11.434963923500517, 7.483393215013068], [11.448386943832658, 7.092011525189603], [11.461632170582678, 7.000429727971694], [11.474704252150032, 7.152213769686382], [11.487607656985938, 7.605319079290581], [11.500346682763368, 6.919857532910941]], "argmin_dic": [[50000, 3], [51250, 3], [52500, 3], [53750, 3], [55000, 3], [56250, 3], [57500, 3], [58750, 3], [60000, 3], [61250, 3], [62500, 3], [63750, 3], [65000, 3], [66250, 3], [67500, 3], [68750, 3], [70000, 3], [71250, 3], [72500, 3], [73750, 3], [75000, 3], [76250, 3], [77500, 3], [78750, 3], [80000, 3], [81250, 3], [82500, 3], [83750, 3], [85000, 3], [86250, 3], [87500, 3], [88750, 3], [90000, 3], [91250, 3], [92500, 3], [93750, 3], [95000, 3], [96250, 3], [97500, 3], [98750, 3]], "time_elapsed": 1538.513775587082}