{"exact_d1": [], "exact_d2": [], "over": [[8.517193191416238, 17.700452246030718]], "merge_d1": [[8.517193191416238, 4.2159828734313285]], "merge_d2": [[8.517193191416238, 11.01659472447643]], "argmin_dic": [[5000, 2]], "time_elapsed": 6.944928407669067}