{"exact_d1": [], "exact_d2": [], "over": [[10.819778284410283, 25.786029683151032], [10.837087609932846, 12.188025151525089], [10.854430887309706, 13.024549251350068], [10.871763339476235, 12.381873518971311], [10.889080441396876, 12.022063295578397], [10.90641459106983, 18.3307819810781], [10.92374182475231, 14.654967202287686], [10.941075139366463, 16.871860800733547], [10.958391741441599, 14.723280169351955], [10.975721642144173, 13.464956312123784], [10.993059096552088, 23.931689625314206], [11.010382114956709, 19.21127404951745], [11.027718853821858, 13.008805810206272], [11.04504757473951, 12.040758790216845], [11.062379305421425, 15.290329204624348], [11.07969339830934, 16.09681994401242], [11.097031161371525, 12.64779094051715], [11.114356523549905, 17.326803081926684], [11.131694327707022, 13.341628476371596], [11.149010086518858, 13.116503841892898], [11.166342284598286, 14.17339183298413], [11.183671116607488, 12.166179962341298], [11.201005343265173, 10.739316578133673], [11.218326190409364, 16.396919910836743], [11.235655662865756, 12.641337194584523], [11.252988252827006, 26.935149096537074], [11.270318728742755, 11.815195892415838], [11.28764212594232, 19.93390310421105], [11.304978360537302, 14.814805892703948], [11.322309605351453, 11.25073273506667], [11.339631040735778, 11.853239184355784], [11.356961475423505, 15.000508273983177], [11.3742953818007, 12.524318099339078], [11.391616219537287, 16.72356758977573], [11.40895287458725, 13.430739405300955], [11.426277658244556, 14.573871037735724], [11.44360754065933, 18.550277002372813], [11.4609371922991, 13.427217116429246], [11.478261553806867, 14.00869397791526], [11.495596176448407, 12.748401028994424]], "merge_d1": [[10.819778284410283, 4.086182602415138], [10.837087609932846, 4.286871273260416], [10.854430887309706, 4.1841580871155895], [10.871763339476235, 4.160116948791877], [10.889080441396876, 4.30201261989858], [10.90641459106983, 4.0340937317499055], [10.92374182475231, 3.903697874395221], [10.941075139366463, 3.9865665717592975], [10.958391741441599, 4.052364944029182], [10.975721642144173, 4.06404221847572], [10.993059096552088, 4.189189126044567], [11.010382114956709, 3.991024262229203], [11.027718853821858, 4.03440472842561], [11.04504757473951, 4.054025280416957], [11.062379305421425, 4.047821623439174], [11.07969339830934, 4.150746212029892], [11.097031161371525, 4.102390049059632], [11.114356523549905, 3.966992067644022], [11.131694327707022, 4.062522863974589], [11.149010086518858, 3.890145505523709], [11.166342284598286, 4.1083148430069665], [11.183671116607488, 4.380756400985809], [11.201005343265173, 4.095966955679832], [11.218326190409364, 4.023925227064323], [11.235655662865756, 4.242548339943649], [11.252988252827006, 4.4813889330645615], [11.270318728742755, 4.083517666248262], [11.28764212594232, 4.19070486881277], [11.304978360537302, 4.168985554752078], [11.322309605351453, 4.01473414424648], [11.339631040735778, 4.324874488065412], [11.356961475423505, 3.962992727015639], [11.3742953818007, 4.073747856121275], [11.391616219537287, 3.9278635054493436], [11.40895287458725, 4.217433627424034], [11.426277658244556, 4.0365766785516675], [11.44360754065933, 4.269666603498154], [11.4609371922991, 4.189093699115301], [11.478261553806867, 4.047775663821772], [11.495596176448407, 4.110181464216272]], "merge_d2": [[10.819778284410283, 16.40579455086273], [10.837087609932846, 7.234105156546773], [10.854430887309706, 7.672671439758941], [10.871763339476235, 7.305238771091461], [10.889080441396876, 7.66843673700508], [10.90641459106983, 8.283463025032685], [10.92374182475231, 8.049033321071027], [10.941075139366463, 9.03128851909478], [10.958391741441599, 7.878002041456759], [10.975721642144173, 7.23510163904697], [10.993059096552088, 14.160921007629621], [11.010382114956709, 9.036350740967796], [11.027718853821858, 7.900349059041995], [11.04504757473951, 6.935268277680569], [11.062379305421425, 8.361628883087803], [11.07969339830934, 8.909081081694543], [11.097031161371525, 7.922950847764643], [11.114356523549905, 8.550496301706033], [11.131694327707022, 7.7651532497892966], [11.149010086518858, 7.364759234142168], [11.166342284598286, 7.665017181155884], [11.183671116607488, 7.439798634513279], [11.201005343265173, 7.102811596753468], [11.218326190409364, 8.514389747547504], [11.235655662865756, 7.308787121584517], [11.252988252827006, 16.661130184599298], [11.270318728742755, 7.775376238775759], [11.28764212594232, 13.09563284305851], [11.304978360537302, 8.799387586209823], [11.322309605351453, 6.686985694427489], [11.339631040735778, 7.177451945199645], [11.356961475423505, 7.661264078905562], [11.3742953818007, 7.857181200768774], [11.391616219537287, 7.807409523356939], [11.40895287458725, 8.730798846409316], [11.426277658244556, 7.749203890384271], [11.44360754065933, 9.381049042983573], [11.4609371922991, 6.925286241275365], [11.478261553806867, 7.666948175536047], [11.495596176448407, 7.5261783947830505]], "argmin_dic": [[50000, 2], [50873, 2], [51763, 2], [52668, 2], [53588, 2], [54525, 2], [55478, 2], [56448, 2], [57434, 2], [58438, 2], [59460, 2], [60499, 2], [61557, 2], [62633, 2], [63728, 2], [64841, 2], [65975, 2], [67128, 2], [68302, 2], [69495, 2], [70710, 2], [71946, 2], [73204, 2], [74483, 2], [75785, 2], [77110, 2], [78458, 2], [79829, 2], [81225, 2], [82645, 2], [84089, 2], [85559, 2], [87055, 2], [88576, 2], [90125, 2], [91700, 2], [93303, 2], [94934, 2], [96593, 2], [98282, 2]], "time_elapsed": 12742.276107788086}