{"exact_d1": [], "exact_d2": [], "over": [[10.819778284410283, 10.360725520799289], [10.844470897000654, 10.853604720505254], [10.868568448579715, 10.149286143508217], [10.89209894598991, 10.712009074027959], [10.915088464214607, 10.939174638939809], [10.937561320066667, 9.91935722909418], [10.959540226785442, 10.784616424380522], [10.981046432006405, 10.449846935191802], [11.002099841204238, 11.49584013412665], [11.022719128406973, 10.070495151446728], [11.042921835724492, 11.403197546060023], [11.062724463020672, 10.943564156600305], [11.082142548877775, 10.23638908641914], [11.101190743848468, 11.768432560413912], [11.119882876860622, 11.271518081491317], [11.138232015528818, 10.203825039690754], [11.156250521031495, 10.838848471190623], [11.173950098130897, 10.477788369163115], [11.191341840842766, 10.489815687125715], [11.208436274202066, 10.383339319391126], [11.225243392518447, 10.69272037087241], [11.241772694469658, 10.378212513295928], [11.258033215341438, 10.379214737122018], [11.274033556687879, 10.822320687703948], [11.289781913656018, 10.393657792569394], [11.305286100191983, 10.712217171251966], [11.320553572322773, 10.147437148419113], [11.335591449687312, 9.60614196752445], [11.350406535472453, 10.488321096983436], [11.365005334893606, 10.908121610177837], [11.379394072345706, 10.301151789371717], [11.393578707337662, 10.583680849539657], [11.407564949312402, 11.08266208261333], [11.421358271444738, 10.653606639143387], [11.434963923500517, 10.587399517105485], [11.448386943832658, 10.283827072050313], [11.461632170582678, 9.860810369324177], [11.474704252150032, 10.799026998980441], [11.487607656985938, 9.571439238917378], [11.500346682763368, 10.836810550181449]], "merge_d1": [[10.819778284410283, 3.724402892785254], [10.844470897000654, 4.4031254626522065], [10.868568448579715, 4.8173640343410975], [10.89209894598991, 4.458144494577021], [10.915088464214607, 3.741235717506557], [10.937561320066667, 4.80653044803785], [10.959540226785442, 3.75744475342557], [10.981046432006405, 3.7444296240220174], [11.002099841204238, 3.7544411671723954], [11.022719128406973, 4.980131610212882], [11.042921835724492, 3.7398824609575163], [11.062724463020672, 3.761884413436141], [11.082142548877775, 4.462838440121822], [11.101190743848468, 3.7519774297846], [11.119882876860622, 3.750281730240972], [11.138232015528818, 4.858582299546629], [11.156250521031495, 4.442694531781975], [11.173950098130897, 3.745953969706458], [11.191341840842766, 3.731526699801767], [11.208436274202066, 3.743817182435343], [11.225243392518447, 4.423470867440918], [11.241772694469658, 4.462807137086761], [11.258033215341438, 4.460025522675238], [11.274033556687879, 3.74380630375693], [11.289781913656018, 4.409610315279091], [11.305286100191983, 4.4560067782497415], [11.320553572322773, 4.451365189632254], [11.335591449687312, 4.8320667104754165], [11.350406535472453, 3.732152232784252], [11.365005334893606, 4.840500152012338], [11.379394072345706, 4.452954992765571], [11.393578707337662, 3.7569325685703587], [11.407564949312402, 4.460565895282257], [11.421358271444738, 3.7322539140590294], [11.434963923500517, 4.467479535008486], [11.448386943832658, 4.461726827119305], [11.461632170582678, 4.834983454467732], [11.474704252150032, 3.7482026343068604], [11.487607656985938, 4.833848200682423], [11.500346682763368, 4.4676867142303145]], "merge_d2": [[10.819778284410283, 6.681087502213244], [10.844470897000654, 7.375561545526909], [10.868568448579715, 7.5919564277160605], [10.89209894598991, 7.566763226803093], [10.915088464214607, 7.032321837384365], [10.937561320066667, 7.464900623442257], [10.959540226785442, 6.971103693882196], [10.981046432006405, 6.932057274766128], [11.002099841204238, 6.926537875670272], [11.022719128406973, 7.570183462432616], [11.042921835724492, 6.891115727455695], [11.062724463020672, 7.037961106444596], [11.082142548877775, 7.242086023153478], [11.101190743848468, 7.044801706707577], [11.119882876860622, 6.859600125500346], [11.138232015528818, 7.595306731667299], [11.156250521031495, 7.3676358585994715], [11.173950098130897, 7.033070084164045], [11.191341840842766, 6.80677591951939], [11.208436274202066, 6.925394125290666], [11.225243392518447, 7.291184611677969], [11.241772694469658, 7.3553918999861505], [11.258033215341438, 7.316267237510179], [11.274033556687879, 6.966242185844311], [11.289781913656018, 7.303867243176572], [11.305286100191983, 7.35042282591742], [11.320553572322773, 7.188708145307513], [11.335591449687312, 7.454609310589907], [11.350406535472453, 6.947412394882254], [11.365005334893606, 7.8570823688767355], [11.379394072345706, 7.27046886971617], [11.393578707337662, 6.858932400007685], [11.407564949312402, 7.499191188849261], [11.421358271444738, 7.039934045257624], [11.434963923500517, 7.321942410071934], [11.448386943832658, 7.077507942626179], [11.461632170582678, 7.5047669884984565], [11.474704252150032, 6.966107965875558], [11.487607656985938, 7.42788260690261], [11.500346682763368, 7.390197701459228]], "argmin_dic": [[50000, 3], [51250, 3], [52500, 3], [53750, 3], [55000, 3], [56250, 3], [57500, 3], [58750, 3], [60000, 3], [61250, 3], [62500, 3], [63750, 3], [65000, 3], [66250, 3], [67500, 3], [68750, 3], [70000, 3], [71250, 3], [72500, 3], [73750, 3], [75000, 3], [76250, 3], [77500, 3], [78750, 3], [80000, 3], [81250, 3], [82500, 3], [83750, 3], [85000, 3], [86250, 3], [87500, 3], [88750, 3], [90000, 3], [91250, 3], [92500, 3], [93750, 3], [95000, 3], [96250, 3], [97500, 3], [98750, 3]], "time_elapsed": 1647.87220287323}