{"exact_d1": [], "exact_d2": [], "over": [[10.819778284410283, 10.446437885727676], [10.844470897000654, 10.360189113225148], [10.868568448579715, 9.86325278801404], [10.89209894598991, 10.932274728409656], [10.915088464214607, 10.37752007494059], [10.937561320066667, 10.230320754746113], [10.959540226785442, 10.26387049257409], [10.981046432006405, 10.251338509792209], [11.002099841204238, 10.994962570267376], [11.022719128406973, 10.691982054290145], [11.042921835724492, 11.611387927855683], [11.062724463020672, 10.641321759700524], [11.082142548877775, 10.522136547831318], [11.101190743848468, 11.425420322968819], [11.119882876860622, 10.962811837725074], [11.138232015528818, 10.399830747376852], [11.156250521031495, 11.204003681975323], [11.173950098130897, 10.529779141659569], [11.191341840842766, 10.505372885832035], [11.208436274202066, 10.659338210412674], [11.225243392518447, 10.991995858493224], [11.241772694469658, 11.08031270979461], [11.258033215341438, 10.537677649374222], [11.274033556687879, 10.743784498411145], [11.289781913656018, 10.598054671654364], [11.305286100191983, 10.571349201846633], [11.320553572322773, 10.920245293119383], [11.335591449687312, 11.429501527559252], [11.350406535472453, 12.127660608582664], [11.365005334893606, 10.875259105664387], [11.379394072345706, 10.302640126531335], [11.393578707337662, 10.883476288108081], [11.407564949312402, 10.793817695294146], [11.421358271444738, 10.648748155161801], [11.434963923500517, 9.896149081155485], [11.448386943832658, 9.836151149431018], [11.461632170582678, 10.676811642209865], [11.474704252150032, 10.482449987687847], [11.487607656985938, 10.494909988740913], [11.500346682763368, 11.709442538955308]], "merge_d1": [[10.819778284410283, 3.7255967584219567], [10.844470897000654, 3.7373888175267593], [10.868568448579715, 4.817551773342076], [10.89209894598991, 3.732839295046285], [10.915088464214607, 3.768312749039476], [10.937561320066667, 3.758280823540623], [10.959540226785442, 4.440533348673246], [10.981046432006405, 4.474046264667108], [11.002099841204238, 4.474855308459332], [11.022719128406973, 3.738157657603512], [11.042921835724492, 3.7276487721998723], [11.062724463020672, 3.7421493686602143], [11.082142548877775, 3.741899861276643], [11.101190743848468, 4.4931474909901015], [11.119882876860622, 3.7508754171977423], [11.138232015528818, 4.463158728311048], [11.156250521031495, 3.761749558732521], [11.173950098130897, 3.7678243927676265], [11.191341840842766, 4.481822319743592], [11.208436274202066, 4.899693556381087], [11.225243392518447, 3.753361493754372], [11.241772694469658, 4.487093943611204], [11.258033215341438, 4.48145923095729], [11.274033556687879, 3.758565380911486], [11.289781913656018, 3.7441334076498785], [11.305286100191983, 3.7370494780077395], [11.320553572322773, 4.434765053365245], [11.335591449687312, 3.7472824837578376], [11.350406535472453, 3.746626734058199], [11.365005334893606, 3.730689985422381], [11.379394072345706, 4.476083699120136], [11.393578707337662, 3.7732288015371345], [11.407564949312402, 4.46470218326844], [11.421358271444738, 3.7344260806302914], [11.434963923500517, 4.850218564865292], [11.448386943832658, 4.81191518936215], [11.461632170582678, 3.761953537734519], [11.474704252150032, 4.464004264571972], [11.487607656985938, 4.474204250527376], [11.500346682763368, 3.7676704130985352]], "merge_d2": [[10.819778284410283, 6.946394384597751], [10.844470897000654, 6.729803225752583], [10.868568448579715, 7.535541901216081], [10.89209894598991, 7.028218366257004], [10.915088464214607, 6.840336176389286], [10.937561320066667, 6.6777159040913965], [10.959540226785442, 7.19547181171681], [10.981046432006405, 7.193470759454821], [11.002099841204238, 7.452863989017998], [11.022719128406973, 6.917155365104162], [11.042921835724492, 6.9799885320661605], [11.062724463020672, 7.061046190798082], [11.082142548877775, 7.033040027255272], [11.101190743848468, 7.65042007794936], [11.119882876860622, 7.055422840034386], [11.138232015528818, 7.394716328213121], [11.156250521031495, 6.8271701751605445], [11.173950098130897, 6.841204639724169], [11.191341840842766, 7.453802725787893], [11.208436274202066, 7.821938577454666], [11.225243392518447, 7.063000788435077], [11.241772694469658, 7.476576834512886], [11.258033215341438, 7.265365992674495], [11.274033556687879, 6.925114594858356], [11.289781913656018, 7.00495527650917], [11.305286100191983, 6.9059956246026575], [11.320553572322773, 7.396385096729381], [11.335591449687312, 6.907214503093542], [11.350406535472453, 7.208840277356276], [11.365005334893606, 6.982770316243401], [11.379394072345706, 7.304793710853163], [11.393578707337662, 7.038030498088742], [11.407564949312402, 7.3856741035684745], [11.421358271444738, 6.861569310211335], [11.434963923500517, 7.536811121729311], [11.448386943832658, 7.467260643881177], [11.461632170582678, 6.801048068922758], [11.474704252150032, 7.4163478019282545], [11.487607656985938, 7.456898630030992], [11.500346682763368, 7.046043981916655]], "argmin_dic": [[50000, 3], [51250, 3], [52500, 3], [53750, 3], [55000, 3], [56250, 3], [57500, 3], [58750, 3], [60000, 3], [61250, 3], [62500, 3], [63750, 3], [65000, 3], [66250, 3], [67500, 3], [68750, 3], [70000, 3], [71250, 3], [72500, 3], [73750, 3], [75000, 3], [76250, 3], [77500, 3], [78750, 3], [80000, 3], [81250, 3], [82500, 3], [83750, 3], [85000, 3], [86250, 3], [87500, 3], [88750, 3], [90000, 3], [91250, 3], [92500, 3], [93750, 3], [95000, 3], [96250, 3], [97500, 3], [98750, 3]], "time_elapsed": 1520.8826472759247}