{"exact_d1": [], "exact_d2": [], "over": [[10.819778284410283, 11.67866858196125], [10.844470897000654, 11.687989803076482], [10.868568448579715, 10.056920636386003], [10.89209894598991, 11.533793920631016], [10.915088464214607, 10.68830194245176], [10.937561320066667, 10.389435003563822], [10.959540226785442, 10.2354300664422], [10.981046432006405, 10.546324983875229], [11.002099841204238, 10.272062841265104], [11.022719128406973, 10.647230839565415], [11.042921835724492, 10.46623190164367], [11.062724463020672, 11.154860856202559], [11.082142548877775, 10.841007643495777], [11.101190743848468, 11.758962099248535], [11.119882876860622, 10.894264984766581], [11.138232015528818, 10.686988167929586], [11.156250521031495, 10.1909382730155], [11.173950098130897, 10.590487076642686], [11.191341840842766, 10.598025698705792], [11.208436274202066, 10.664738524066312], [11.225243392518447, 10.56205870253615], [11.241772694469658, 11.806956167682186], [11.258033215341438, 9.7050770789892], [11.274033556687879, 10.590252050199064], [11.289781913656018, 10.683308673642355], [11.305286100191983, 11.381975066668712], [11.320553572322773, 10.504987919041707], [11.335591449687312, 10.519531544479724], [11.350406535472453, 11.238336371749234], [11.365005334893606, 10.933430912384386], [11.379394072345706, 10.432091149407027], [11.393578707337662, 10.43871479669212], [11.407564949312402, 10.511698812922752], [11.421358271444738, 10.704570364161162], [11.434963923500517, 9.763396634451698], [11.448386943832658, 10.866030793110598], [11.461632170582678, 10.519859029880228], [11.474704252150032, 11.362500580685708], [11.487607656985938, 9.751410698329344], [11.500346682763368, 10.320218906949279]], "merge_d1": [[10.819778284410283, 3.7585165012771924], [10.844470897000654, 3.74652500150898], [10.868568448579715, 3.728220002585432], [10.89209894598991, 4.490737992279101], [10.915088464214607, 4.464958198364758], [10.937561320066667, 4.501734887261403], [10.959540226785442, 4.848318874299103], [10.981046432006405, 4.820051814391134], [11.002099841204238, 4.452574110595371], [11.022719128406973, 3.721623972318446], [11.042921835724492, 4.454197409819036], [11.062724463020672, 4.478514335020375], [11.082142548877775, 3.7487862023539424], [11.101190743848468, 3.7601578835950034], [11.119882876860622, 4.503637528425958], [11.138232015528818, 3.7575778628512717], [11.156250521031495, 4.873783988849403], [11.173950098130897, 4.45761606530426], [11.191341840842766, 3.75154504228264], [11.208436274202066, 3.7357666760713757], [11.225243392518447, 3.730917482328513], [11.241772694469658, 3.7525446393197703], [11.258033215341438, 4.871560426925699], [11.274033556687879, 3.741141200886893], [11.289781913656018, 3.7269603555279134], [11.305286100191983, 3.7431666344767245], [11.320553572322773, 4.4691754694279995], [11.335591449687312, 4.425130378018049], [11.350406535472453, 4.483962312647526], [11.365005334893606, 4.465403862940663], [11.379394072345706, 3.752547016908014], [11.393578707337662, 3.7298881314030976], [11.407564949312402, 4.450472534718785], [11.421358271444738, 3.73832869391636], [11.434963923500517, 4.89496929835548], [11.448386943832658, 4.447213331856317], [11.461632170582678, 3.763328800535073], [11.474704252150032, 4.496737298429507], [11.487607656985938, 4.883422301524028], [11.500346682763368, 3.747265366983407]], "merge_d2": [[10.819778284410283, 7.013274070843084], [10.844470897000654, 7.056751210563546], [10.868568448579715, 6.641090920546761], [10.89209894598991, 7.689344871712228], [10.915088464214607, 7.333039935175983], [10.937561320066667, 7.091318033086051], [10.959540226785442, 7.600359077996098], [10.981046432006405, 7.723534721527754], [11.002099841204238, 7.208085312484332], [11.022719128406973, 7.122568490218979], [11.042921835724492, 7.293231015352866], [11.062724463020672, 7.527072277187524], [11.082142548877775, 6.982705045750704], [11.101190743848468, 7.059191657727952], [11.119882876860622, 7.445349797157489], [11.138232015528818, 6.899592804189298], [11.156250521031495, 7.60167391231594], [11.173950098130897, 7.293407654050871], [11.191341840842766, 7.022378510293605], [11.208436274202066, 6.864250575407124], [11.225243392518447, 6.9835319161814065], [11.241772694469658, 7.06869768099293], [11.258033215341438, 7.490937458787996], [11.274033556687879, 6.852923085257218], [11.289781913656018, 6.884380723242171], [11.305286100191983, 6.899219470192414], [11.320553572322773, 7.275187384740923], [11.335591449687312, 7.403136396085094], [11.350406535472453, 7.574744046732027], [11.365005334893606, 7.421289402433313], [11.379394072345706, 6.914047543497753], [11.393578707337662, 6.942948502131312], [11.407564949312402, 7.401734806953224], [11.421358271444738, 6.91918034681283], [11.434963923500517, 7.505711825428717], [11.448386943832658, 7.419989579984701], [11.461632170582678, 6.995785176418062], [11.474704252150032, 7.631383597108367], [11.487607656985938, 7.497404398430321], [11.500346682763368, 6.842361571355704]], "argmin_dic": [[50000, 3], [51250, 3], [52500, 3], [53750, 3], [55000, 3], [56250, 3], [57500, 3], [58750, 3], [60000, 3], [61250, 3], [62500, 3], [63750, 3], [65000, 3], [66250, 3], [67500, 3], [68750, 3], [70000, 3], [71250, 3], [72500, 3], [73750, 3], [75000, 3], [76250, 3], [77500, 3], [78750, 3], [80000, 3], [81250, 3], [82500, 3], [83750, 3], [85000, 3], [86250, 3], [87500, 3], [88750, 3], [90000, 3], [91250, 3], [92500, 3], [93750, 3], [95000, 3], [96250, 3], [97500, 3], [98750, 3]], "time_elapsed": 1631.450923204422}