{"exact_d1": [], "exact_d2": [], "over": [[10.819778284410283, 10.028769957800245], [10.844470897000654, 11.617508166717247], [10.868568448579715, 10.325773233437468], [10.89209894598991, 10.8024399708383], [10.915088464214607, 11.166682941897385], [10.937561320066667, 10.074858651934317], [10.959540226785442, 11.07999831390449], [10.981046432006405, 10.55765153646664], [11.002099841204238, 10.685666105417805], [11.022719128406973, 10.759166845476537], [11.042921835724492, 10.393306773502717], [11.062724463020672, 10.57825371648019], [11.082142548877775, 10.773729606757707], [11.101190743848468, 11.043474095511955], [11.119882876860622, 10.848984844552584], [11.138232015528818, 10.436685504555602], [11.156250521031495, 10.839135005972594], [11.173950098130897, 10.432403979511445], [11.191341840842766, 10.409023350805699], [11.208436274202066, 10.728461667226759], [11.225243392518447, 9.665551390160926], [11.241772694469658, 11.22481380439645], [11.258033215341438, 10.206333016058705], [11.274033556687879, 10.958282830140737], [11.289781913656018, 10.699460930754103], [11.305286100191983, 10.4947008903592], [11.320553572322773, 10.433275117761504], [11.335591449687312, 9.843417317068077], [11.350406535472453, 10.16459051507183], [11.365005334893606, 10.046647287540488], [11.379394072345706, 10.482814375355755], [11.393578707337662, 10.412367157101805], [11.407564949312402, 10.165758084217272], [11.421358271444738, 9.946564368962234], [11.434963923500517, 10.45427177488692], [11.448386943832658, 10.36265227406077], [11.461632170582678, 10.751406012530849], [11.474704252150032, 11.98256684430263], [11.487607656985938, 11.346838157811884], [11.500346682763368, 10.375128891876754]], "merge_d1": [[10.819778284410283, 4.458665717211563], [10.844470897000654, 3.7494117256771062], [10.868568448579715, 4.435350671727463], [10.89209894598991, 4.834167903369117], [10.915088464214607, 3.731882273505272], [10.937561320066667, 4.930395930434297], [10.959540226785442, 3.742807013687747], [10.981046432006405, 3.734318514490024], [11.002099841204238, 4.451480755381414], [11.022719128406973, 3.7530146858945432], [11.042921835724492, 4.470915597485879], [11.062724463020672, 4.439126777143878], [11.082142548877775, 3.7273732836490083], [11.101190743848468, 3.753828064440085], [11.119882876860622, 3.7360874074789425], [11.138232015528818, 3.7639612618335887], [11.156250521031495, 4.463452878886847], [11.173950098130897, 4.43414501829398], [11.191341840842766, 3.7555925729735127], [11.208436274202066, 4.444663094891524], [11.225243392518447, 4.859353128752233], [11.241772694469658, 4.447901405983564], [11.258033215341438, 4.444987297183486], [11.274033556687879, 3.7278881714557084], [11.289781913656018, 3.7396891017344394], [11.305286100191983, 3.730532672522933], [11.320553572322773, 4.4586986029514515], [11.335591449687312, 4.885293964838288], [11.350406535472453, 4.434404806847605], [11.365005334893606, 4.8608760519759375], [11.379394072345706, 4.449593769799145], [11.393578707337662, 4.436793554459574], [11.407564949312402, 4.822862082090703], [11.421358271444738, 4.813142570165095], [11.434963923500517, 4.453682552435222], [11.448386943832658, 4.445708903883888], [11.461632170582678, 4.467928180461844], [11.474704252150032, 3.7590014018492868], [11.487607656985938, 4.46994271628048], [11.500346682763368, 4.845472099946267]], "merge_d2": [[10.819778284410283, 7.093881288234852], [10.844470897000654, 6.967760071111647], [10.868568448579715, 7.250428007717616], [10.89209894598991, 7.831987506630832], [10.915088464214607, 7.12411721217192], [10.937561320066667, 7.662136391171024], [10.959540226785442, 7.086275129752035], [10.981046432006405, 6.807958990336948], [11.002099841204238, 7.484541498583048], [11.022719128406973, 6.94397409124825], [11.042921835724492, 7.364989632342215], [11.062724463020672, 7.441911302387696], [11.082142548877775, 6.902021579381974], [11.101190743848468, 7.0942331794188], [11.119882876860622, 6.978206195536058], [11.138232015528818, 6.965344336927476], [11.156250521031495, 7.379495332399026], [11.173950098130897, 7.319229782712939], [11.191341840842766, 6.8892271305648505], [11.208436274202066, 7.32930966748217], [11.225243392518447, 7.453425472296874], [11.241772694469658, 7.5341632393199465], [11.258033215341438, 7.196987148389429], [11.274033556687879, 6.71020262262611], [11.289781913656018, 6.898645626520801], [11.305286100191983, 7.015309954989341], [11.320553572322773, 7.22980000739045], [11.335591449687312, 7.529457325998452], [11.350406535472453, 7.144880810702451], [11.365005334893606, 7.534210674984511], [11.379394072345706, 7.405327294022613], [11.393578707337662, 7.3094457721353825], [11.407564949312402, 7.537880273768666], [11.421358271444738, 7.484918181446159], [11.434963923500517, 7.42069640943671], [11.448386943832658, 7.200014148366795], [11.461632170582678, 7.3770374245513], [11.474704252150032, 7.160783153535129], [11.487607656985938, 7.593821974484674], [11.500346682763368, 7.6171648163185175]], "argmin_dic": [[50000, 3], [51250, 3], [52500, 3], [53750, 3], [55000, 3], [56250, 3], [57500, 3], [58750, 3], [60000, 3], [61250, 3], [62500, 3], [63750, 3], [65000, 3], [66250, 3], [67500, 3], [68750, 3], [70000, 3], [71250, 3], [72500, 3], [73750, 3], [75000, 3], [76250, 3], [77500, 3], [78750, 3], [80000, 3], [81250, 3], [82500, 3], [83750, 3], [85000, 3], [86250, 3], [87500, 3], [88750, 3], [90000, 3], [91250, 3], [92500, 3], [93750, 3], [95000, 3], [96250, 3], [97500, 3], [98750, 3]], "time_elapsed": 1759.1173777580261}