{"exact_d1": [], "exact_d2": [], "over": [[10.819778284410283, 10.420344716433169], [10.844470897000654, 11.682288652706013], [10.868568448579715, 10.964653550323098], [10.89209894598991, 11.529243278577862], [10.915088464214607, 11.323010367457643], [10.937561320066667, 10.769841056542663], [10.959540226785442, 10.542951076104883], [10.981046432006405, 11.340199525328748], [11.002099841204238, 10.575350210038506], [11.022719128406973, 11.793501481774262], [11.042921835724492, 11.75124724638194], [11.062724463020672, 11.427014242720999], [11.082142548877775, 10.74879514571007], [11.101190743848468, 10.563076619627001], [11.119882876860622, 10.874763981293613], [11.138232015528818, 11.018952385137919], [11.156250521031495, 10.394650802854795], [11.173950098130897, 11.34926491904323], [11.191341840842766, 11.013020660157377], [11.208436274202066, 10.505143369604841], [11.225243392518447, 11.313203677604005], [11.241772694469658, 11.6618048842887], [11.258033215341438, 10.656646699900604], [11.274033556687879, 11.622089815430913], [11.289781913656018, 10.458153661056409], [11.305286100191983, 10.563382964613824], [11.320553572322773, 10.300179569724659], [11.335591449687312, 11.209535198674937], [11.350406535472453, 11.161073592323412], [11.365005334893606, 10.34386221272679], [11.379394072345706, 10.992265587243018], [11.393578707337662, 11.53241903673747], [11.407564949312402, 11.23291978666633], [11.421358271444738, 10.8341087302413], [11.434963923500517, 11.10500882413041], [11.448386943832658, 11.00047697640193], [11.461632170582678, 11.425025218464059], [11.474704252150032, 11.215539879000243], [11.487607656985938, 10.693201726050173], [11.500346682763368, 11.174970413953238]], "merge_d1": [[10.819778284410283, 4.437098365189442], [10.844470897000654, 3.7473294092825804], [10.868568448579715, 3.7119143424559504], [10.89209894598991, 3.7390831844108696], [10.915088464214607, 3.722350162801895], [10.937561320066667, 4.436323765436025], [10.959540226785442, 4.452816363955046], [10.981046432006405, 3.7413674084426725], [11.002099841204238, 3.7497276688772585], [11.022719128406973, 3.7274201999958123], [11.042921835724492, 3.777987203312768], [11.062724463020672, 3.7406653706702846], [11.082142548877775, 4.910471215766171], [11.101190743848468, 4.440259305317013], [11.119882876860622, 3.741744786340565], [11.138232015528818, 4.447405114250555], [11.156250521031495, 4.439519729169396], [11.173950098130897, 3.757164124408144], [11.191341840842766, 3.7588226558158686], [11.208436274202066, 3.764801062796217], [11.225243392518447, 3.7556608793817516], [11.241772694469658, 3.739431190730502], [11.258033215341438, 3.7414334636383852], [11.274033556687879, 3.755124613648425], [11.289781913656018, 4.487700144928786], [11.305286100191983, 3.765440217895799], [11.320553572322773, 4.438145937248147], [11.335591449687312, 4.47083561967883], [11.350406535472453, 3.7343654235349812], [11.365005334893606, 3.7418356047636827], [11.379394072345706, 4.46512290697158], [11.393578707337662, 3.737882899362556], [11.407564949312402, 4.482276752980331], [11.421358271444738, 3.737419705815333], [11.434963923500517, 4.462267537559635], [11.448386943832658, 3.7163772286056904], [11.461632170582678, 3.7437700329966033], [11.474704252150032, 4.455260626066085], [11.487607656985938, 4.470776753765193], [11.500346682763368, 4.4754239771061375]], "merge_d2": [[10.819778284410283, 7.123961667700784], [10.844470897000654, 7.0329521248023426], [10.868568448579715, 6.984472305421898], [10.89209894598991, 6.963185283601793], [10.915088464214607, 7.203063895065635], [10.937561320066667, 7.367065434587568], [10.959540226785442, 7.278612149897517], [10.981046432006405, 6.878405752684148], [11.002099841204238, 6.977297243940949], [11.022719128406973, 7.054669384020876], [11.042921835724492, 7.103294852855958], [11.062724463020672, 7.279503634812073], [11.082142548877775, 7.8267048368190935], [11.101190743848468, 7.413222426661249], [11.119882876860622, 6.99830166927115], [11.138232015528818, 7.4687980032526395], [11.156250521031495, 7.229096602257394], [11.173950098130897, 6.86722791043591], [11.191341840842766, 7.064059825294454], [11.208436274202066, 6.832937871705114], [11.225243392518447, 6.86724376048271], [11.241772694469658, 6.991638689907772], [11.258033215341438, 6.86445402394796], [11.274033556687879, 7.002705050086969], [11.289781913656018, 7.303387500135248], [11.305286100191983, 6.862249689190662], [11.320553572322773, 7.09769557706528], [11.335591449687312, 7.5559449730834025], [11.350406535472453, 6.800608120585025], [11.365005334893606, 6.773390276249724], [11.379394072345706, 7.484871642090172], [11.393578707337662, 6.945255311602107], [11.407564949312402, 7.541774230997684], [11.421358271444738, 6.653684768400432], [11.434963923500517, 7.50736199606747], [11.448386943832658, 6.702814507909856], [11.461632170582678, 6.920452497605795], [11.474704252150032, 7.541476343585411], [11.487607656985938, 7.358687690032517], [11.500346682763368, 7.536654150337885]], "argmin_dic": [[50000, 3], [51250, 3], [52500, 3], [53750, 3], [55000, 3], [56250, 3], [57500, 3], [58750, 3], [60000, 3], [61250, 3], [62500, 3], [63750, 3], [65000, 3], [66250, 3], [67500, 3], [68750, 3], [70000, 3], [71250, 3], [72500, 3], [73750, 3], [75000, 3], [76250, 3], [77500, 3], [78750, 3], [80000, 3], [81250, 3], [82500, 3], [83750, 3], [85000, 3], [86250, 3], [87500, 3], [88750, 3], [90000, 3], [91250, 3], [92500, 3], [93750, 3], [95000, 3], [96250, 3], [97500, 3], [98750, 3]], "time_elapsed": 1446.09991812706}