{"exact_d1": [], "exact_d2": [], "over": [[10.819778284410283, 10.121785129057455], [10.844470897000654, 10.737396692765435], [10.868568448579715, 10.221078158087815], [10.89209894598991, 11.1652847860205], [10.915088464214607, 11.444091061733516], [10.937561320066667, 11.203406900609467], [10.959540226785442, 10.731041382303504], [10.981046432006405, 10.234865297411552], [11.002099841204238, 10.257580108446751], [11.022719128406973, 11.338811194925983], [11.042921835724492, 11.539520573749718], [11.062724463020672, 10.525144501724762], [11.082142548877775, 10.183099630654993], [11.101190743848468, 9.782051747648753], [11.119882876860622, 10.08581443354646], [11.138232015528818, 11.61958393395607], [11.156250521031495, 9.838563562347442], [11.173950098130897, 10.212714025749019], [11.191341840842766, 10.147108814854464], [11.208436274202066, 11.050421796779679], [11.225243392518447, 10.312166780656373], [11.241772694469658, 10.223099147501218], [11.258033215341438, 11.854416026840395], [11.274033556687879, 10.727501920496742], [11.289781913656018, 10.27433174018382], [11.305286100191983, 10.208282554991184], [11.320553572322773, 10.343596418604477], [11.335591449687312, 10.828368910622904], [11.350406535472453, 10.170699835917233], [11.365005334893606, 10.734574404765509], [11.379394072345706, 11.118208516945304], [11.393578707337662, 10.208431181458966], [11.407564949312402, 11.80171665170739], [11.421358271444738, 10.300982728992075], [11.434963923500517, 10.218743584375014], [11.448386943832658, 11.281118037759539], [11.461632170582678, 10.408756015896444], [11.474704252150032, 10.203686159136105], [11.487607656985938, 10.719775624124347], [11.500346682763368, 10.444306916422693]], "merge_d1": [[10.819778284410283, 4.8221702691439186], [10.844470897000654, 4.466490185997672], [10.868568448579715, 4.4249111835269685], [10.89209894598991, 3.754709038012118], [10.915088464214607, 4.425198422849809], [10.937561320066667, 3.745214566735604], [10.959540226785442, 3.781270316367365], [10.981046432006405, 4.443395224995631], [11.002099841204238, 4.8757131551510575], [11.022719128406973, 4.440913507904238], [11.042921835724492, 3.7233602824170293], [11.062724463020672, 4.4272732786541615], [11.082142548877775, 4.428537248320599], [11.101190743848468, 4.841198176530601], [11.119882876860622, 4.9024265690162485], [11.138232015528818, 4.444580007555447], [11.156250521031495, 4.823011085246985], [11.173950098130897, 4.466193134822841], [11.191341840842766, 4.478958572582978], [11.208436274202066, 3.754949000532588], [11.225243392518447, 4.476922979315152], [11.241772694469658, 3.7642395862829274], [11.258033215341438, 3.7351801768463844], [11.274033556687879, 4.4430837016462235], [11.289781913656018, 4.456472445536622], [11.305286100191983, 4.477979237377421], [11.320553572322773, 3.7500435067247175], [11.335591449687312, 3.72915937626205], [11.350406535472453, 4.422483640429471], [11.365005334893606, 4.464183899383186], [11.379394072345706, 3.7352229490230564], [11.393578707337662, 4.820439089926595], [11.407564949312402, 4.479925286041893], [11.421358271444738, 4.470335983925857], [11.434963923500517, 4.470487085730966], [11.448386943832658, 4.472499456519607], [11.461632170582678, 3.7418178006154457], [11.474704252150032, 4.44393115387805], [11.487607656985938, 4.440674422221405], [11.500346682763368, 4.465313844668522]], "merge_d2": [[10.819778284410283, 7.5138371142038105], [10.844470897000654, 7.408136617368014], [10.868568448579715, 7.1836406168111795], [10.89209894598991, 6.806087993205242], [10.915088464214607, 7.62077126905868], [10.937561320066667, 7.138833243106165], [10.959540226785442, 6.945928039615898], [10.981046432006405, 7.262882849611709], [11.002099841204238, 7.663700146046885], [11.022719128406973, 7.589196235053737], [11.042921835724492, 6.931826385011568], [11.062724463020672, 7.247816593539172], [11.082142548877775, 7.231043967288934], [11.101190743848468, 7.465594791153501], [11.119882876860622, 7.544688212050585], [11.138232015528818, 7.705266500953233], [11.156250521031495, 7.473715145913464], [11.173950098130897, 7.2756654379234975], [11.191341840842766, 7.210809049675176], [11.208436274202066, 7.095848928765496], [11.225243392518447, 7.208194781237043], [11.241772694469658, 6.871804118076102], [11.258033215341438, 7.085113870658687], [11.274033556687879, 7.585143197381242], [11.289781913656018, 7.24979888523759], [11.305286100191983, 7.2468180748157565], [11.320553572322773, 6.832720294265859], [11.335591449687312, 7.122908336407911], [11.350406535472453, 7.027659378791525], [11.365005334893606, 7.358540198296835], [11.379394072345706, 7.102734949700589], [11.393578707337662, 7.601639122797684], [11.407564949312402, 7.8285814832130285], [11.421358271444738, 7.28576168806014], [11.434963923500517, 7.240656298155945], [11.448386943832658, 7.575160534830049], [11.461632170582678, 6.916517001808247], [11.474704252150032, 7.170653421604338], [11.487607656985938, 7.345446948880095], [11.500346682763368, 7.2548839666915566]], "argmin_dic": [[50000, 3], [51250, 3], [52500, 3], [53750, 3], [55000, 3], [56250, 3], [57500, 3], [58750, 3], [60000, 3], [61250, 3], [62500, 3], [63750, 3], [65000, 3], [66250, 3], [67500, 3], [68750, 3], [70000, 3], [71250, 3], [72500, 3], [73750, 3], [75000, 3], [76250, 3], [77500, 3], [78750, 3], [80000, 3], [81250, 3], [82500, 3], [83750, 3], [85000, 3], [86250, 3], [87500, 3], [88750, 3], [90000, 3], [91250, 3], [92500, 3], [93750, 3], [95000, 3], [96250, 3], [97500, 3], [98750, 3]], "time_elapsed": 1946.8272688388824}