{"exact_d1": [], "exact_d2": [], "over": [[10.819778284410283, 10.583331815365508], [10.844470897000654, 10.715268648900796], [10.868568448579715, 10.652320907060124], [10.89209894598991, 10.822896904789408], [10.915088464214607, 10.444830159492145], [10.937561320066667, 10.3987867579089], [10.959540226785442, 10.420346877425875], [10.981046432006405, 11.236754273682985], [11.002099841204238, 10.678189755044983], [11.022719128406973, 10.539966325294635], [11.042921835724492, 10.792189428687227], [11.062724463020672, 10.48510528853262], [11.082142548877775, 10.253872619112682], [11.101190743848468, 10.736760563965628], [11.119882876860622, 10.394234827967258], [11.138232015528818, 11.03177321561205], [11.156250521031495, 11.307319112782444], [11.173950098130897, 11.003488076420314], [11.191341840842766, 10.807591766986489], [11.208436274202066, 11.140110672267316], [11.225243392518447, 10.879506912322215], [11.241772694469658, 11.014175856151647], [11.258033215341438, 10.717768616717061], [11.274033556687879, 10.250527175197966], [11.289781913656018, 9.883985379831408], [11.305286100191983, 10.987678437817742], [11.320553572322773, 10.350887460998063], [11.335591449687312, 10.205550777317193], [11.350406535472453, 9.818764770474575], [11.365005334893606, 10.406529367150439], [11.379394072345706, 10.510678109701889], [11.393578707337662, 10.443497813550723], [11.407564949312402, 11.456325990160677], [11.421358271444738, 10.30597087751724], [11.434963923500517, 10.534887700454595], [11.448386943832658, 10.576342450491998], [11.461632170582678, 10.370523313421817], [11.474704252150032, 10.79194461491783], [11.487607656985938, 10.334755128799396], [11.500346682763368, 10.967366071453569]], "merge_d1": [[10.819778284410283, 4.435499844150516], [10.844470897000654, 3.725347281621621], [10.868568448579715, 3.7649495281471546], [10.89209894598991, 3.7673303520761037], [10.915088464214607, 4.462602069759666], [10.937561320066667, 4.475989941735933], [10.959540226785442, 4.472709251870213], [10.981046432006405, 4.478229516036756], [11.002099841204238, 4.491894760642713], [11.022719128406973, 4.422790588652625], [11.042921835724492, 4.491796619276454], [11.062724463020672, 4.438841303901191], [11.082142548877775, 4.456132977914486], [11.101190743848468, 4.859129686865911], [11.119882876860622, 3.758491807133427], [11.138232015528818, 4.48894616291599], [11.156250521031495, 4.482478272535014], [11.173950098130897, 3.7299391750235573], [11.191341840842766, 3.7700269114443303], [11.208436274202066, 4.462184441759087], [11.225243392518447, 3.768486576982377], [11.241772694469658, 3.7162316499355006], [11.258033215341438, 3.7445926862764924], [11.274033556687879, 4.451886954192702], [11.289781913656018, 4.830337683407772], [11.305286100191983, 4.48161104855812], [11.320553572322773, 4.423500762199514], [11.335591449687312, 4.453045837308514], [11.350406535472453, 4.835246700130672], [11.365005334893606, 4.448729386241636], [11.379394072345706, 3.7593969069252764], [11.393578707337662, 3.7264821673289066], [11.407564949312402, 3.744649035023473], [11.421358271444738, 4.460015036586697], [11.434963923500517, 3.7630456293558527], [11.448386943832658, 4.470301634658774], [11.461632170582678, 3.745131914291058], [11.474704252150032, 3.7411477176642345], [11.487607656985938, 4.444940132211377], [11.500346682763368, 4.4660837377895675]], "merge_d2": [[10.819778284410283, 7.276677233002936], [10.844470897000654, 7.028857966282147], [10.868568448579715, 6.896134410949639], [10.89209894598991, 6.9993792527258245], [10.915088464214607, 7.40617074017143], [10.937561320066667, 7.268877070320455], [10.959540226785442, 7.409888139628343], [10.981046432006405, 7.560197214358092], [11.002099841204238, 7.35364652250395], [11.022719128406973, 7.382445175112702], [11.042921835724492, 7.384969270255182], [11.062724463020672, 7.383035853742858], [11.082142548877775, 7.190711279605956], [11.101190743848468, 7.81833095149897], [11.119882876860622, 6.796752681850149], [11.138232015528818, 7.473809381551758], [11.156250521031495, 7.595508347944868], [11.173950098130897, 7.05412529714875], [11.191341840842766, 6.983289306630317], [11.208436274202066, 7.514201332919367], [11.225243392518447, 7.020363393276543], [11.241772694469658, 7.048436105001225], [11.258033215341438, 6.9033218819430475], [11.274033556687879, 7.187997621319189], [11.289781913656018, 7.477656953190319], [11.305286100191983, 7.463826784196587], [11.320553572322773, 7.234019706610701], [11.335591449687312, 7.165092031689039], [11.350406535472453, 7.465909918961208], [11.365005334893606, 7.363130835111089], [11.379394072345706, 6.822194382971489], [11.393578707337662, 6.911160181854915], [11.407564949312402, 6.910832081535866], [11.421358271444738, 7.311872350929024], [11.434963923500517, 7.055184164679334], [11.448386943832658, 7.383702003178438], [11.461632170582678, 6.944647919589365], [11.474704252150032, 6.913421643169948], [11.487607656985938, 7.275467230283401], [11.500346682763368, 7.4444519152916]], "argmin_dic": [[50000, 3], [51250, 3], [52500, 3], [53750, 3], [55000, 3], [56250, 3], [57500, 3], [58750, 3], [60000, 3], [61250, 3], [62500, 3], [63750, 3], [65000, 3], [66250, 3], [67500, 3], [68750, 3], [70000, 3], [71250, 3], [72500, 3], [73750, 3], [75000, 3], [76250, 3], [77500, 3], [78750, 3], [80000, 3], [81250, 3], [82500, 3], [83750, 3], [85000, 3], [86250, 3], [87500, 3], [88750, 3], [90000, 3], [91250, 3], [92500, 3], [93750, 3], [95000, 3], [96250, 3], [97500, 3], [98750, 3]], "time_elapsed": 1622.6696166992188}