{"exact_d1": [], "exact_d2": [], "over": [[10.819778284410283, 17.22036263316648], [10.837087609932846, 11.801932485271145], [10.854430887309706, 11.93300037419198], [10.871763339476235, 14.92527850019195], [10.889080441396876, 25.075031013525034], [10.90641459106983, 12.27342056404769], [10.92374182475231, 23.108213952146045], [10.941075139366463, 16.058741048443764], [10.958391741441599, 13.54312557227433], [10.975721642144173, 19.12808375194459], [10.993059096552088, 11.146392486460782], [11.010382114956709, 11.669623926424773], [11.027718853821858, 13.225944779275679], [11.04504757473951, 15.034991246519429], [11.062379305421425, 14.120383148834883], [11.07969339830934, 11.115429836889117], [11.097031161371525, 12.436310103521297], [11.114356523549905, 15.141225884116947], [11.131694327707022, 12.691412153948168], [11.149010086518858, 11.838933393208375], [11.166342284598286, 12.837158773503008], [11.183671116607488, 18.174129261303705], [11.201005343265173, 12.399027004124504], [11.218326190409364, 13.095731346503689], [11.235655662865756, 17.269032820616317], [11.252988252827006, 12.100043538274097], [11.270318728742755, 13.724869564053233], [11.28764212594232, 24.495170283931795], [11.304978360537302, 11.409780111183878], [11.322309605351453, 12.861886333861147], [11.339631040735778, 27.436983918488846], [11.356961475423505, 14.818664515095554], [11.3742953818007, 18.112069795373685], [11.391616219537287, 13.16784028252712], [11.40895287458725, 12.858536493071819], [11.426277658244556, 12.868591577493767], [11.44360754065933, 11.650233404815689], [11.4609371922991, 20.44114298684224], [11.478261553806867, 12.994747470983846], [11.495596176448407, 12.453088133080815]], "merge_d1": [[10.819778284410283, 4.223947339362218], [10.837087609932846, 4.163069233299799], [10.854430887309706, 4.114664525274855], [10.871763339476235, 4.059461464985046], [10.889080441396876, 4.476836356257692], [10.90641459106983, 4.039546496022705], [10.92374182475231, 3.9746902504203985], [10.941075139366463, 3.967012060713105], [10.958391741441599, 4.256259461177142], [10.975721642144173, 3.9390950492999717], [10.993059096552088, 4.032170489181343], [11.010382114956709, 4.268712293486598], [11.027718853821858, 4.158182545544503], [11.04504757473951, 4.0531859172407865], [11.062379305421425, 4.12065448303439], [11.07969339830934, 4.291452206423478], [11.097031161371525, 4.073769834465936], [11.114356523549905, 4.02124123420385], [11.131694327707022, 4.15122145154623], [11.149010086518858, 4.077154138016072], [11.166342284598286, 4.334000153587781], [11.183671116607488, 3.9876501641079862], [11.201005343265173, 4.139464499404936], [11.218326190409364, 3.969567608443349], [11.235655662865756, 4.008842879615092], [11.252988252827006, 3.998110151730173], [11.270318728742755, 4.287632152608592], [11.28764212594232, 4.385735309374968], [11.304978360537302, 3.9922323369023975], [11.322309605351453, 3.922380880489898], [11.339631040735778, 4.468865617315566], [11.356961475423505, 4.2863812071452525], [11.3742953818007, 4.102996382100713], [11.391616219537287, 4.2827312442729255], [11.40895287458725, 3.9206441743905023], [11.426277658244556, 4.2433285955233195], [11.44360754065933, 4.1205535467524514], [11.4609371922991, 4.002598545140175], [11.478261553806867, 4.014053577475356], [11.495596176448407, 4.305319716599538]], "merge_d2": [[10.819778284410283, 8.968011790104022], [10.837087609932846, 7.824416586052258], [10.854430887309706, 7.535399329276566], [10.871763339476235, 8.113400212947942], [10.889080441396876, 16.01611815621876], [10.90641459106983, 7.744622037159249], [10.92374182475231, 14.237422130578917], [10.941075139366463, 8.573178828514488], [10.958391741441599, 7.666984491275598], [10.975721642144173, 8.367409974751435], [10.993059096552088, 6.58219118472151], [11.010382114956709, 7.717179664453888], [11.027718853821858, 7.759914077433523], [11.04504757473951, 7.8220537831685295], [11.062379305421425, 8.312959150696738], [11.07969339830934, 7.394597872168885], [11.097031161371525, 7.502710067747568], [11.114356523549905, 8.368389024798955], [11.131694327707022, 7.477945887884966], [11.149010086518858, 7.333301826579349], [11.166342284598286, 8.156147192369467], [11.183671116607488, 8.304440219823322], [11.201005343265173, 7.30608296294858], [11.218326190409364, 7.7346424556265285], [11.235655662865756, 8.395630241813379], [11.252988252827006, 6.9559459608177905], [11.270318728742755, 8.654446236899226], [11.28764212594232, 15.221546862907918], [11.304978360537302, 7.361785077965247], [11.322309605351453, 8.022169607038919], [11.339631040735778, 17.094714168318795], [11.356961475423505, 8.862395925129938], [11.3742953818007, 9.097633475931765], [11.391616219537287, 8.338682719887219], [11.40895287458725, 7.287397838008894], [11.426277658244556, 7.24656000011009], [11.44360754065933, 7.037671320932365], [11.4609371922991, 8.51572356232095], [11.478261553806867, 7.227993139870461], [11.495596176448407, 7.818597340560146]], "argmin_dic": [[50000, 2], [50873, 2], [51763, 2], [52668, 2], [53588, 2], [54525, 2], [55478, 3], [56448, 2], [57434, 2], [58438, 2], [59460, 2], [60499, 2], [61557, 2], [62633, 2], [63728, 2], [64841, 2], [65975, 2], [67128, 2], [68302, 2], [69495, 2], [70710, 2], [71946, 2], [73204, 2], [74483, 2], [75785, 2], [77110, 2], [78458, 2], [79829, 2], [81225, 2], [82645, 2], [84089, 2], [85559, 2], [87055, 2], [88576, 2], [90125, 2], [91700, 2], [93303, 2], [94934, 2], [96593, 2], [98282, 2]], "time_elapsed": 11564.732491254807}