{"exact_d1": [], "exact_d2": [], "over": [[10.819778284410283, 11.402337583810882], [10.844470897000654, 10.430087617417778], [10.868568448579715, 11.049497790574552], [10.89209894598991, 10.234545801052763], [10.915088464214607, 10.586749363291329], [10.937561320066667, 10.687052176939494], [10.959540226785442, 12.130291729232187], [10.981046432006405, 10.892782720424357], [11.002099841204238, 11.268185576726856], [11.022719128406973, 10.328508089804807], [11.042921835724492, 10.586305270842885], [11.062724463020672, 11.496610492568973], [11.082142548877775, 10.231570698900276], [11.101190743848468, 11.374282147949932], [11.119882876860622, 10.649407963335506], [11.138232015528818, 10.631307681683174], [11.156250521031495, 10.868527284832775], [11.173950098130897, 9.9850140633929], [11.191341840842766, 10.320781993535071], [11.208436274202066, 10.636216117713357], [11.225243392518447, 12.185625959971114], [11.241772694469658, 10.729870144217983], [11.258033215341438, 10.877347426464855], [11.274033556687879, 11.805234182738138], [11.289781913656018, 10.437179230080604], [11.305286100191983, 10.575295153358114], [11.320553572322773, 10.399852025027563], [11.335591449687312, 11.171192864604198], [11.350406535472453, 10.526758227880643], [11.365005334893606, 10.101775206949952], [11.379394072345706, 11.56778015725435], [11.393578707337662, 10.640909015385294], [11.407564949312402, 9.770445732657564], [11.421358271444738, 10.609670779292422], [11.434963923500517, 12.014750056111867], [11.448386943832658, 10.261159403292277], [11.461632170582678, 9.78343200650924], [11.474704252150032, 10.50723664330069], [11.487607656985938, 10.492020283687832], [11.500346682763368, 10.260419387873391]], "merge_d1": [[10.819778284410283, 4.44213821508707], [10.844470897000654, 3.745256905611397], [10.868568448579715, 3.7605214875717143], [10.89209894598991, 3.7447953416638113], [10.915088464214607, 4.40955564252138], [10.937561320066667, 4.432522724924947], [10.959540226785442, 3.7717412391435405], [10.981046432006405, 3.714042775557849], [11.002099841204238, 3.7289304365949425], [11.022719128406973, 4.429445028298001], [11.042921835724492, 3.7174797061932403], [11.062724463020672, 3.782383693573562], [11.082142548877775, 4.43054333512666], [11.101190743848468, 4.443717687478364], [11.119882876860622, 4.433491908961779], [11.138232015528818, 3.7171819502756978], [11.156250521031495, 3.761284361480966], [11.173950098130897, 4.842012995768837], [11.191341840842766, 4.419946149898783], [11.208436274202066, 3.7501057655248697], [11.225243392518447, 3.723420641488796], [11.241772694469658, 4.445701519540447], [11.258033215341438, 3.7520004939613356], [11.274033556687879, 3.7422024460529237], [11.289781913656018, 3.7529814143056996], [11.305286100191983, 3.756479095769849], [11.320553572322773, 3.7396734212246012], [11.335591449687312, 4.486898109966477], [11.350406535472453, 3.753299826820775], [11.365005334893606, 4.4125462716108075], [11.379394072345706, 3.755669623608197], [11.393578707337662, 4.4632296486231064], [11.407564949312402, 4.901060966326667], [11.421358271444738, 4.456505674425806], [11.434963923500517, 3.783568722184318], [11.448386943832658, 4.879350499933004], [11.461632170582678, 4.834873701759059], [11.474704252150032, 3.733165757292782], [11.487607656985938, 3.7434400571950848], [11.500346682763368, 4.456447156127631]], "merge_d2": [[10.819778284410283, 7.596535348008337], [10.844470897000654, 6.943381290211287], [10.868568448579715, 6.794292229522778], [10.89209894598991, 6.705244876289365], [10.915088464214607, 7.42413496459399], [10.937561320066667, 7.301655011060371], [10.959540226785442, 7.229907606076492], [10.981046432006405, 6.986828758804712], [11.002099841204238, 6.823133303144227], [11.022719128406973, 7.238939260408355], [11.042921835724492, 6.847285789139526], [11.062724463020672, 6.998180190755195], [11.082142548877775, 7.222449499204315], [11.101190743848468, 7.604039954815515], [11.119882876860622, 7.5191239721072565], [11.138232015528818, 7.059204595649462], [11.156250521031495, 7.029807907933559], [11.173950098130897, 7.555452929354005], [11.191341840842766, 7.259089918869963], [11.208436274202066, 6.8866924047591915], [11.225243392518447, 7.222917323428018], [11.241772694469658, 7.488891187966671], [11.258033215341438, 6.999375350041218], [11.274033556687879, 7.071680603354781], [11.289781913656018, 6.787107872452542], [11.305286100191983, 6.888888507084148], [11.320553572322773, 6.858377849182155], [11.335591449687312, 7.535239323700343], [11.350406535472453, 6.823095284812303], [11.365005334893606, 7.146504539255691], [11.379394072345706, 6.981816493746909], [11.393578707337662, 7.321307689420191], [11.407564949312402, 7.502106107723592], [11.421358271444738, 7.3126123719133265], [11.434963923500517, 7.174598489587307], [11.448386943832658, 7.657450269895929], [11.461632170582678, 7.421030503025635], [11.474704252150032, 6.78467173592568], [11.487607656985938, 6.9437699359792555], [11.500346682763368, 7.2505225318094455]], "argmin_dic": [[50000, 3], [51250, 3], [52500, 3], [53750, 3], [55000, 3], [56250, 3], [57500, 3], [58750, 3], [60000, 3], [61250, 3], [62500, 3], [63750, 3], [65000, 3], [66250, 3], [67500, 3], [68750, 3], [70000, 3], [71250, 3], [72500, 3], [73750, 3], [75000, 3], [76250, 3], [77500, 3], [78750, 3], [80000, 3], [81250, 3], [82500, 3], [83750, 3], [85000, 3], [86250, 3], [87500, 3], [88750, 3], [90000, 3], [91250, 3], [92500, 3], [93750, 3], [95000, 3], [96250, 3], [97500, 3], [98750, 3]], "time_elapsed": 1572.1603546142578}