{"exact_d1": [], "exact_d2": [], "over": [[10.819778284410283, 11.583490677794002], [10.844470897000654, 10.449669021458023], [10.868568448579715, 10.439659396019588], [10.89209894598991, 10.885718060212312], [10.915088464214607, 10.486324250658274], [10.937561320066667, 10.292075904694364], [10.959540226785442, 10.43490048567933], [10.981046432006405, 11.322065749914511], [11.002099841204238, 11.391694798751711], [11.022719128406973, 10.517284204069304], [11.042921835724492, 10.564390551951709], [11.062724463020672, 10.44001662127477], [11.082142548877775, 11.180528360229156], [11.101190743848468, 10.177450164907741], [11.119882876860622, 11.32227684206974], [11.138232015528818, 10.774420825087471], [11.156250521031495, 10.259293016992709], [11.173950098130897, 10.571040196325738], [11.191341840842766, 9.97702356083305], [11.208436274202066, 10.868772067049264], [11.225243392518447, 10.313026074503357], [11.241772694469658, 11.108133696002158], [11.258033215341438, 10.387525404790951], [11.274033556687879, 10.472531173851028], [11.289781913656018, 10.448676444956043], [11.305286100191983, 10.53375371399168], [11.320553572322773, 10.247297643541383], [11.335591449687312, 10.352275049547396], [11.350406535472453, 11.60280474343261], [11.365005334893606, 10.784827523968017], [11.379394072345706, 10.167709046674716], [11.393578707337662, 10.783461120647543], [11.407564949312402, 10.697119855832051], [11.421358271444738, 10.437464506090206], [11.434963923500517, 10.59098181944216], [11.448386943832658, 10.173741183205648], [11.461632170582678, 11.543678331736913], [11.474704252150032, 10.365318497109124], [11.487607656985938, 10.722650624046757], [11.500346682763368, 11.445263053565261]], "merge_d1": [[10.819778284410283, 3.744882652430226], [10.844470897000654, 4.460593614969104], [10.868568448579715, 3.743896077910381], [10.89209894598991, 3.7830388117037157], [10.915088464214607, 3.7248354075071575], [10.937561320066667, 4.473939463665919], [10.959540226785442, 4.452475761830915], [10.981046432006405, 4.440795295892043], [11.002099841204238, 3.7460818263255136], [11.022719128406973, 4.822737160343421], [11.042921835724492, 3.7209510496849574], [11.062724463020672, 4.442063165373317], [11.082142548877775, 3.7265641841283776], [11.101190743848468, 4.412803607932114], [11.119882876860622, 3.7455987164884306], [11.138232015528818, 4.499981044654257], [11.156250521031495, 4.463651162923455], [11.173950098130897, 3.7307819122933856], [11.191341840842766, 4.855062048763281], [11.208436274202066, 3.7464612342655963], [11.225243392518447, 4.43930302544384], [11.241772694469658, 4.463873836623099], [11.258033215341438, 4.4652438849987615], [11.274033556687879, 3.7321375211267465], [11.289781913656018, 4.47782420357376], [11.305286100191983, 3.759094037298077], [11.320553572322773, 4.437329269399625], [11.335591449687312, 3.742506924796413], [11.350406535472453, 3.7561880733780737], [11.365005334893606, 3.750876211765699], [11.379394072345706, 4.482805760365456], [11.393578707337662, 3.749698016657983], [11.407564949312402, 4.459177068871316], [11.421358271444738, 4.412946201100736], [11.434963923500517, 3.7389474955433846], [11.448386943832658, 4.454526051521587], [11.461632170582678, 3.7541085996782], [11.474704252150032, 3.7503404436866896], [11.487607656985938, 3.7280476177922477], [11.500346682763368, 4.435712389010119]], "merge_d2": [[10.819778284410283, 6.958750762446612], [10.844470897000654, 7.2681232894633165], [10.868568448579715, 6.731780913961321], [10.89209894598991, 7.041528335928897], [10.915088464214607, 6.915045957035951], [10.937561320066667, 7.196670642913484], [10.959540226785442, 7.269928274728911], [10.981046432006405, 7.563667113350358], [11.002099841204238, 6.88417266876204], [11.022719128406973, 7.721619408477314], [11.042921835724492, 6.779283346277321], [11.062724463020672, 7.297726125390841], [11.082142548877775, 7.128194683651128], [11.101190743848468, 7.09718417195875], [11.119882876860622, 7.224537875747381], [11.138232015528818, 7.378743002375291], [11.156250521031495, 7.191363940768679], [11.173950098130897, 6.819884220276058], [11.191341840842766, 7.562355856532951], [11.208436274202066, 7.010944424745898], [11.225243392518447, 7.180945083838341], [11.241772694469658, 7.510421495096698], [11.258033215341438, 7.239218299614718], [11.274033556687879, 6.795050225874012], [11.289781913656018, 7.260991459381519], [11.305286100191983, 7.002673122380545], [11.320553572322773, 7.21504151290231], [11.335591449687312, 6.885069863102454], [11.350406535472453, 6.9965585152464325], [11.365005334893606, 6.934383420980152], [11.379394072345706, 7.183381493449815], [11.393578707337662, 6.940641976288325], [11.407564949312402, 7.326269243538746], [11.421358271444738, 7.319527375047203], [11.434963923500517, 6.845230026820137], [11.448386943832658, 7.090618998097988], [11.461632170582678, 6.949575374645523], [11.474704252150032, 6.914755348172392], [11.487607656985938, 6.906467658185981], [11.500346682763368, 7.641476362510975]], "argmin_dic": [[50000, 3], [51250, 3], [52500, 3], [53750, 3], [55000, 3], [56250, 3], [57500, 3], [58750, 3], [60000, 3], [61250, 3], [62500, 3], [63750, 3], [65000, 3], [66250, 3], [67500, 3], [68750, 3], [70000, 3], [71250, 3], [72500, 3], [73750, 3], [75000, 3], [76250, 3], [77500, 3], [78750, 3], [80000, 3], [81250, 3], [82500, 3], [83750, 3], [85000, 3], [86250, 3], [87500, 3], [88750, 3], [90000, 3], [91250, 3], [92500, 3], [93750, 3], [95000, 3], [96250, 3], [97500, 3], [98750, 3]], "time_elapsed": 1538.5554258823395}