{"exact_d1": [], "exact_d2": [], "over": [[10.819778284410283, 10.279570565287239], [10.844470897000654, 10.174840109489505], [10.868568448579715, 10.360170903371097], [10.89209894598991, 11.934625514168463], [10.915088464214607, 10.75346964345024], [10.937561320066667, 10.512187098839487], [10.959540226785442, 11.150304150117007], [10.981046432006405, 10.328184802704051], [11.002099841204238, 10.012240425004753], [11.022719128406973, 10.35524433817742], [11.042921835724492, 10.680446933451147], [11.062724463020672, 10.712646488575187], [11.082142548877775, 10.861251659672195], [11.101190743848468, 10.748593299033955], [11.119882876860622, 10.352542629158316], [11.138232015528818, 10.300435704234088], [11.156250521031495, 10.819436944179143], [11.173950098130897, 10.82910208161612], [11.191341840842766, 11.18866485250449], [11.208436274202066, 10.300688845258554], [11.225243392518447, 11.460351273885037], [11.241772694469658, 10.393941880011674], [11.258033215341438, 10.531921388504424], [11.274033556687879, 10.304647244762787], [11.289781913656018, 11.134053503687792], [11.305286100191983, 10.207050328384343], [11.320553572322773, 11.743763173178825], [11.335591449687312, 10.421532879323154], [11.350406535472453, 11.162427905062831], [11.365005334893606, 10.449383333971056], [11.379394072345706, 10.548881377251751], [11.393578707337662, 9.875957369456703], [11.407564949312402, 10.55776737114649], [11.421358271444738, 10.92873376687978], [11.434963923500517, 10.987949812182404], [11.448386943832658, 11.029329934387716], [11.461632170582678, 11.707278751429717], [11.474704252150032, 10.861923597328671], [11.487607656985938, 10.33399319727742], [11.500346682763368, 10.43849779225501]], "merge_d1": [[10.819778284410283, 4.445686630138208], [10.844470897000654, 4.437327701016558], [10.868568448579715, 4.467481448052729], [10.89209894598991, 3.739777100312799], [10.915088464214607, 4.448167103247643], [10.937561320066667, 4.430724265362883], [10.959540226785442, 3.751833330081239], [10.981046432006405, 4.415888220388754], [11.002099841204238, 4.89103319821321], [11.022719128406973, 3.7549559324917534], [11.042921835724492, 3.7267639472797183], [11.062724463020672, 3.7584662094714445], [11.082142548877775, 3.719596478036857], [11.101190743848468, 4.416812104810618], [11.119882876860622, 4.444715213752569], [11.138232015528818, 4.4250433055217], [11.156250521031495, 3.7491964833350826], [11.173950098130897, 3.760851365806036], [11.191341840842766, 4.455308089197421], [11.208436274202066, 4.846737349701424], [11.225243392518447, 3.7530851146979827], [11.241772694469658, 4.842842055943839], [11.258033215341438, 4.464021916544617], [11.274033556687879, 4.444143747759568], [11.289781913656018, 4.48222789231134], [11.305286100191983, 4.426213900678943], [11.320553572322773, 3.768286761672617], [11.335591449687312, 4.871602857279909], [11.350406535472453, 3.730065007579159], [11.365005334893606, 3.73614561154646], [11.379394072345706, 4.867406439659057], [11.393578707337662, 4.891927499258919], [11.407564949312402, 3.7485069314762365], [11.421358271444738, 4.439360302661179], [11.434963923500517, 4.4632728653894445], [11.448386943832658, 4.475633204987986], [11.461632170582678, 3.750192306886181], [11.474704252150032, 3.74732249256467], [11.487607656985938, 4.428492425496234], [11.500346682763368, 3.7530327469099216]], "merge_d2": [[10.819778284410283, 7.14201485873484], [10.844470897000654, 7.123925957141362], [10.868568448579715, 7.101400176634164], [10.89209894598991, 7.107808711411317], [10.915088464214607, 7.570653288888304], [10.937561320066667, 7.379367689024032], [10.959540226785442, 7.130897992312494], [10.981046432006405, 7.201989888447075], [11.002099841204238, 7.631837611289261], [11.022719128406973, 6.818890974847231], [11.042921835724492, 6.871862575650567], [11.062724463020672, 6.9320549694535885], [11.082142548877775, 6.968548003232984], [11.101190743848468, 7.354274146354215], [11.119882876860622, 7.317736088887796], [11.138232015528818, 7.183205621066499], [11.156250521031495, 6.9707368939612415], [11.173950098130897, 6.984828695326337], [11.191341840842766, 7.526775396718319], [11.208436274202066, 7.605042777234537], [11.225243392518447, 6.91733354118235], [11.241772694469658, 7.619452063539812], [11.258033215341438, 7.1937127520452675], [11.274033556687879, 7.07861194390026], [11.289781913656018, 7.524376592116294], [11.305286100191983, 7.19158432349985], [11.320553572322773, 7.073031867049489], [11.335591449687312, 7.745132195691351], [11.350406535472453, 7.125599781871924], [11.365005334893606, 6.936192254954346], [11.379394072345706, 7.788180221464545], [11.393578707337662, 7.594415421156865], [11.407564949312402, 6.844931039409483], [11.421358271444738, 7.395390807855473], [11.434963923500517, 7.446322796287348], [11.448386943832658, 7.474556531722078], [11.461632170582678, 7.0263134635354865], [11.474704252150032, 6.990358288218604], [11.487607656985938, 7.2061097353349215], [11.500346682763368, 6.790876203196157]], "argmin_dic": [[50000, 3], [51250, 3], [52500, 3], [53750, 3], [55000, 3], [56250, 3], [57500, 3], [58750, 3], [60000, 3], [61250, 3], [62500, 3], [63750, 3], [65000, 3], [66250, 3], [67500, 3], [68750, 3], [70000, 3], [71250, 3], [72500, 3], [73750, 3], [75000, 3], [76250, 3], [77500, 3], [78750, 3], [80000, 3], [81250, 3], [82500, 3], [83750, 3], [85000, 3], [86250, 3], [87500, 3], [88750, 3], [90000, 3], [91250, 3], [92500, 3], [93750, 3], [95000, 3], [96250, 3], [97500, 3], [98750, 3]], "time_elapsed": 1621.395265340805}