{"exact_d1": [], "exact_d2": [], "over": [[10.819778284410283, 10.460919862153547], [10.844470897000654, 11.85664130870087], [10.868568448579715, 10.339960270856256], [10.89209894598991, 10.934094595406565], [10.915088464214607, 10.498337109368732], [10.937561320066667, 10.631353562944089], [10.959540226785442, 10.559557600458609], [10.981046432006405, 10.311481867547753], [11.002099841204238, 10.225841983464383], [11.022719128406973, 10.757513957941782], [11.042921835724492, 9.613910524858321], [11.062724463020672, 10.652197799614552], [11.082142548877775, 10.800499660399002], [11.101190743848468, 10.540282587671497], [11.119882876860622, 11.408169146642665], [11.138232015528818, 10.356688182897292], [11.156250521031495, 10.663275756861402], [11.173950098130897, 10.304012306529202], [11.191341840842766, 10.524528938346643], [11.208436274202066, 10.661384549817223], [11.225243392518447, 10.40234131779906], [11.241772694469658, 10.07056850781859], [11.258033215341438, 10.802719486493695], [11.274033556687879, 11.703571900641037], [11.289781913656018, 10.823313846231095], [11.305286100191983, 11.141063386935762], [11.320553572322773, 10.266983402073894], [11.335591449687312, 10.33414856459308], [11.350406535472453, 10.423566220801886], [11.365005334893606, 10.206169333997293], [11.379394072345706, 9.573099134308139], [11.393578707337662, 11.079089953524251], [11.407564949312402, 10.560723928875365], [11.421358271444738, 11.019567203525554], [11.434963923500517, 11.020160298925699], [11.448386943832658, 10.259880757573532], [11.461632170582678, 11.033437974927338], [11.474704252150032, 10.533919504268587], [11.487607656985938, 10.467706492855015], [11.500346682763368, 10.879537324922444]], "merge_d1": [[10.819778284410283, 4.467060306989258], [10.844470897000654, 3.7544558068092293], [10.868568448579715, 4.454884471703829], [10.89209894598991, 3.7653427991389967], [10.915088464214607, 3.7634412396065873], [10.937561320066667, 3.749983712493552], [10.959540226785442, 4.469497474028996], [10.981046432006405, 4.438830505712106], [11.002099841204238, 4.471533590361316], [11.022719128406973, 4.428048999725517], [11.042921835724492, 4.83386829701117], [11.062724463020672, 3.750550080962122], [11.082142548877775, 3.75603089323841], [11.101190743848468, 4.437838433249319], [11.119882876860622, 4.459837594573212], [11.138232015528818, 3.752063357053244], [11.156250521031495, 4.398710672815055], [11.173950098130897, 4.454261835596978], [11.191341840842766, 3.7395121383425383], [11.208436274202066, 4.438118616198568], [11.225243392518447, 3.739478432921634], [11.241772694469658, 4.5021439217349455], [11.258033215341438, 4.4546363354155964], [11.274033556687879, 3.744398949479213], [11.289781913656018, 4.4350445050171885], [11.305286100191983, 3.7239116925463422], [11.320553572322773, 3.7585353182591406], [11.335591449687312, 4.4380074655047625], [11.350406535472453, 3.7386047975735663], [11.365005334893606, 4.88990502052737], [11.379394072345706, 4.883341521485085], [11.393578707337662, 3.742090087776896], [11.407564949312402, 4.41489650937787], [11.421358271444738, 3.7492319418085427], [11.434963923500517, 4.463338166820345], [11.448386943832658, 4.398098508748677], [11.461632170582678, 3.727736641632109], [11.474704252150032, 3.742241211770889], [11.487607656985938, 4.460642989778513], [11.500346682763368, 4.455780837105218]], "merge_d2": [[10.819778284410283, 7.301780966520475], [10.844470897000654, 7.088249724449348], [10.868568448579715, 7.234018805292798], [10.89209894598991, 7.034712771027316], [10.915088464214607, 6.930072795544269], [10.937561320066667, 6.881408861564679], [10.959540226785442, 7.285909731930315], [10.981046432006405, 7.181864796679131], [11.002099841204238, 7.245793799521466], [11.022719128406973, 7.3727042792339255], [11.042921835724492, 7.424652775976111], [11.062724463020672, 6.916305474450301], [11.082142548877775, 6.96565677496528], [11.101190743848468, 7.352991593561416], [11.119882876860622, 7.629265335390232], [11.138232015528818, 6.750716665518737], [11.156250521031495, 7.374429353022091], [11.173950098130897, 7.129182881900498], [11.191341840842766, 6.897112089286921], [11.208436274202066, 7.51362225636624], [11.225243392518447, 6.855301605136567], [11.241772694469658, 7.233935311433459], [11.258033215341438, 7.379508231646965], [11.274033556687879, 7.011929296822887], [11.289781913656018, 7.374282830342315], [11.305286100191983, 7.121210868964412], [11.320553572322773, 6.742503393594691], [11.335591449687312, 7.3203630093093635], [11.350406535472453, 6.879625708626622], [11.365005334893606, 7.650958693142392], [11.379394072345706, 7.466536986763868], [11.393578707337662, 7.060078087549175], [11.407564949312402, 7.2676170574624575], [11.421358271444738, 7.095134888640691], [11.434963923500517, 7.455705131284867], [11.448386943832658, 7.2290342057312404], [11.461632170582678, 7.050504600378322], [11.474704252150032, 6.831629674496388], [11.487607656985938, 7.314611991157439], [11.500346682763368, 7.405664779535856]], "argmin_dic": [[50000, 3], [51250, 3], [52500, 3], [53750, 3], [55000, 3], [56250, 3], [57500, 3], [58750, 3], [60000, 3], [61250, 3], [62500, 3], [63750, 3], [65000, 3], [66250, 3], [67500, 3], [68750, 3], [70000, 3], [71250, 3], [72500, 3], [73750, 3], [75000, 3], [76250, 3], [77500, 3], [78750, 3], [80000, 3], [81250, 3], [82500, 3], [83750, 3], [85000, 3], [86250, 3], [87500, 3], [88750, 3], [90000, 3], [91250, 3], [92500, 3], [93750, 3], [95000, 3], [96250, 3], [97500, 3], [98750, 3]], "time_elapsed": 1626.2629895210266}