{"exact_d1": [], "exact_d2": [], "over": [[10.819778284410283, 10.727680349966596], [10.844470897000654, 11.150097111531126], [10.868568448579715, 10.891355004295681], [10.89209894598991, 10.325072050717887], [10.915088464214607, 11.448034051314476], [10.937561320066667, 11.285974152876168], [10.959540226785442, 11.024536412348837], [10.981046432006405, 11.90289826346494], [11.002099841204238, 10.929317070342764], [11.022719128406973, 10.134352903961501], [11.042921835724492, 12.193092926742642], [11.062724463020672, 10.075859965713246], [11.082142548877775, 11.468912013669073], [11.101190743848468, 10.23192684256528], [11.119882876860622, 10.960734997580243], [11.138232015528818, 11.516226132785771], [11.156250521031495, 10.566020510267544], [11.173950098130897, 10.492451689856468], [11.191341840842766, 10.527888925386653], [11.208436274202066, 10.36074778390479], [11.225243392518447, 10.909472379699961], [11.241772694469658, 10.62822287760889], [11.258033215341438, 9.895108485138303], [11.274033556687879, 11.469836977684192], [11.289781913656018, 11.120955375817854], [11.305286100191983, 10.550674387327556], [11.320553572322773, 9.825871420828282], [11.335591449687312, 11.424941362659913], [11.350406535472453, 10.829042933973906], [11.365005334893606, 10.491684602579168], [11.379394072345706, 11.175082617354663], [11.393578707337662, 10.696050861063197], [11.407564949312402, 11.258126294088598], [11.421358271444738, 11.081686590240208], [11.434963923500517, 10.447881980658682], [11.448386943832658, 10.51782934775947], [11.461632170582678, 10.804150523085955], [11.474704252150032, 10.308434470648482], [11.487607656985938, 10.403496496785046], [11.500346682763368, 10.317981644148949]], "merge_d1": [[10.819778284410283, 4.413553379532086], [10.844470897000654, 4.486593531629955], [10.868568448579715, 3.75871762643022], [10.89209894598991, 3.7417487422115037], [10.915088464214607, 3.7364203241342997], [10.937561320066667, 3.7418142709958397], [10.959540226785442, 3.726379587497334], [10.981046432006405, 3.7610719015863263], [11.002099841204238, 3.7643403703594776], [11.022719128406973, 4.851827792903039], [11.042921835724492, 3.7436624776587863], [11.062724463020672, 4.817392217377538], [11.082142548877775, 3.747164360420281], [11.101190743848468, 3.7501741344705493], [11.119882876860622, 4.45927020947663], [11.138232015528818, 3.756167503486653], [11.156250521031495, 3.7387729839431763], [11.173950098130897, 4.461103718915833], [11.191341840842766, 4.4379523147645115], [11.208436274202066, 3.76529138072668], [11.225243392518447, 3.7672201888132384], [11.241772694469658, 3.7389588517795347], [11.258033215341438, 4.872413923952384], [11.274033556687879, 4.4505273132037155], [11.289781913656018, 3.763299829670632], [11.305286100191983, 3.739091766513075], [11.320553572322773, 4.840911906964869], [11.335591449687312, 4.4708256703212435], [11.350406535472453, 4.465825587801032], [11.365005334893606, 4.43656963902231], [11.379394072345706, 3.728217774688983], [11.393578707337662, 3.73425919366708], [11.407564949312402, 3.7389770452729887], [11.421358271444738, 4.441588553926467], [11.434963923500517, 4.465734175744983], [11.448386943832658, 3.7672587637450787], [11.461632170582678, 4.454922231974627], [11.474704252150032, 3.7664176197865546], [11.487607656985938, 4.425460128254939], [11.500346682763368, 4.437307558825547]], "merge_d2": [[10.819778284410283, 7.567990071766555], [10.844470897000654, 7.495678811636947], [10.868568448579715, 7.023578590458307], [10.89209894598991, 6.719911890196191], [10.915088464214607, 6.9189705418905385], [10.937561320066667, 6.852644172166982], [10.959540226785442, 7.049382629215722], [10.981046432006405, 7.115294409148645], [11.002099841204238, 7.038555506435822], [11.022719128406973, 7.553222257393175], [11.042921835724492, 7.233456048887087], [11.062724463020672, 7.552721637786889], [11.082142548877775, 6.900862322853334], [11.101190743848468, 6.691698222783952], [11.119882876860622, 7.460947142844886], [11.138232015528818, 6.95997688117423], [11.156250521031495, 6.993493013224402], [11.173950098130897, 7.4378993764175085], [11.191341840842766, 7.428282196149236], [11.208436274202066, 6.756040166529948], [11.225243392518447, 7.006952109229546], [11.241772694469658, 6.869834565103927], [11.258033215341438, 7.538851233709035], [11.274033556687879, 7.649873743925238], [11.289781913656018, 7.143702780151696], [11.305286100191983, 6.966960467572541], [11.320553572322773, 7.520693590154929], [11.335591449687312, 7.6280994866169936], [11.350406535472453, 7.383740428446936], [11.365005334893606, 7.396302171652805], [11.379394072345706, 7.1424414372859175], [11.393578707337662, 6.8804934675948415], [11.407564949312402, 6.842801632010843], [11.421358271444738, 7.5076991769176855], [11.434963923500517, 7.258881317829214], [11.448386943832658, 6.948882584323434], [11.461632170582678, 7.369589549045497], [11.474704252150032, 6.736288255722989], [11.487607656985938, 7.1477923537701225], [11.500346682763368, 7.281700076999808]], "argmin_dic": [[50000, 3], [51250, 3], [52500, 3], [53750, 3], [55000, 3], [56250, 3], [57500, 3], [58750, 3], [60000, 3], [61250, 3], [62500, 3], [63750, 3], [65000, 3], [66250, 3], [67500, 3], [68750, 3], [70000, 3], [71250, 3], [72500, 3], [73750, 3], [75000, 3], [76250, 3], [77500, 3], [78750, 3], [80000, 3], [81250, 3], [82500, 3], [83750, 3], [85000, 3], [86250, 3], [87500, 3], [88750, 3], [90000, 3], [91250, 3], [92500, 3], [93750, 3], [95000, 3], [96250, 3], [97500, 3], [98750, 3]], "time_elapsed": 1561.0471279621124}