{"exact_d1": [], "exact_d2": [], "over": [[10.819778284410283, 11.345663296764233], [10.844470897000654, 10.443225523065813], [10.868568448579715, 10.408113793045318], [10.89209894598991, 10.013086693399119], [10.915088464214607, 10.37801665381349], [10.937561320066667, 10.453822063410707], [10.959540226785442, 11.582301605595964], [10.981046432006405, 10.636583191276374], [11.002099841204238, 10.673541075046575], [11.022719128406973, 11.165329147632768], [11.042921835724492, 10.402919805925416], [11.062724463020672, 11.6640716064709], [11.082142548877775, 10.810702904312066], [11.101190743848468, 10.262426699052414], [11.119882876860622, 10.50571661698703], [11.138232015528818, 10.574203102384313], [11.156250521031495, 10.684880996656295], [11.173950098130897, 11.810068437061181], [11.191341840842766, 11.107951994207044], [11.208436274202066, 10.460272519183864], [11.225243392518447, 10.297681553791184], [11.241772694469658, 11.759556501230593], [11.258033215341438, 10.417729494652459], [11.274033556687879, 11.015898933844493], [11.289781913656018, 10.986890469879153], [11.305286100191983, 10.9742083005635], [11.320553572322773, 10.55537533259321], [11.335591449687312, 10.70616776705584], [11.350406535472453, 9.71643072770681], [11.365005334893606, 11.280715491832082], [11.379394072345706, 10.827274514963579], [11.393578707337662, 10.27046755390749], [11.407564949312402, 11.116910159502478], [11.421358271444738, 10.806742977362829], [11.434963923500517, 10.422812418410427], [11.448386943832658, 11.6583455661831], [11.461632170582678, 9.910362930011846], [11.474704252150032, 10.22722319750629], [11.487607656985938, 10.780024723650866], [11.500346682763368, 10.485055257805518]], "merge_d1": [[10.819778284410283, 3.7318804550777536], [10.844470897000654, 4.428949664518669], [10.868568448579715, 4.457880054226487], [10.89209894598991, 4.472711669167006], [10.915088464214607, 4.463036739434548], [10.937561320066667, 4.429462818862164], [10.959540226785442, 3.746340132922785], [10.981046432006405, 3.743892893966528], [11.002099841204238, 4.446275611092535], [11.022719128406973, 3.7554354076086476], [11.042921835724492, 3.7358149855139744], [11.062724463020672, 3.770845822331824], [11.082142548877775, 3.770027591506155], [11.101190743848468, 4.816020811759677], [11.119882876860622, 4.483632533907601], [11.138232015528818, 3.7429456327958963], [11.156250521031495, 3.755844160374526], [11.173950098130897, 3.7588671182910245], [11.191341840842766, 4.454767471895541], [11.208436274202066, 3.7296315224583205], [11.225243392518447, 4.452160847246776], [11.241772694469658, 3.7546158687363693], [11.258033215341438, 3.733087444975355], [11.274033556687879, 4.47370707684337], [11.289781913656018, 4.477265704047291], [11.305286100191983, 3.744490355951369], [11.320553572322773, 3.745252547913807], [11.335591449687312, 3.747363322325086], [11.350406535472453, 4.790832281072628], [11.365005334893606, 3.7366471297836013], [11.379394072345706, 4.460741002424304], [11.393578707337662, 4.433973224364801], [11.407564949312402, 3.76165875912556], [11.421358271444738, 4.448042883640024], [11.434963923500517, 4.460906570642794], [11.448386943832658, 3.738073063047308], [11.461632170582678, 4.821729832181797], [11.474704252150032, 4.446699269052306], [11.487607656985938, 4.454295729192992], [11.500346682763368, 3.750220229029669]], "merge_d2": [[10.819778284410283, 6.850209315838758], [10.844470897000654, 7.327968820596135], [10.868568448579715, 7.331517923778899], [10.89209894598991, 7.150055276354449], [10.915088464214607, 7.206585168204739], [10.937561320066667, 7.373019115310001], [10.959540226785442, 6.950712126815497], [10.981046432006405, 6.87627840858749], [11.002099841204238, 7.340876748868589], [11.022719128406973, 6.820554555201327], [11.042921835724492, 6.934296656369815], [11.062724463020672, 7.0209125594812205], [11.082142548877775, 6.962529353517886], [11.101190743848468, 7.603714689971823], [11.119882876860622, 7.047017437403908], [11.138232015528818, 7.1073061408264], [11.156250521031495, 6.933139969321335], [11.173950098130897, 7.095336375027051], [11.191341840842766, 7.489611251103273], [11.208436274202066, 6.791268622929101], [11.225243392518447, 7.160219648257167], [11.241772694469658, 7.04680986482745], [11.258033215341438, 6.7614394093198555], [11.274033556687879, 7.451229766583025], [11.289781913656018, 7.483340654828411], [11.305286100191983, 7.025809295383134], [11.320553572322773, 7.018885624926246], [11.335591449687312, 6.917328142957963], [11.350406535472453, 7.347154626810585], [11.365005334893606, 7.198476937589108], [11.379394072345706, 7.39056574326005], [11.393578707337662, 7.173370473195255], [11.407564949312402, 6.812827689736081], [11.421358271444738, 7.369788583560236], [11.434963923500517, 7.25396087321009], [11.448386943832658, 7.005908017435421], [11.461632170582678, 7.463067962489158], [11.474704252150032, 7.263897690123269], [11.487607656985938, 7.348170002566355], [11.500346682763368, 6.792295627298754]], "argmin_dic": [[50000, 3], [51250, 3], [52500, 3], [53750, 3], [55000, 3], [56250, 3], [57500, 3], [58750, 3], [60000, 3], [61250, 3], [62500, 3], [63750, 3], [65000, 3], [66250, 3], [67500, 3], [68750, 3], [70000, 3], [71250, 3], [72500, 3], [73750, 3], [75000, 3], [76250, 3], [77500, 3], [78750, 3], [80000, 3], [81250, 3], [82500, 3], [83750, 3], [85000, 3], [86250, 3], [87500, 3], [88750, 3], [90000, 3], [91250, 3], [92500, 3], [93750, 3], [95000, 3], [96250, 3], [97500, 3], [98750, 3]], "time_elapsed": 1454.5159320831299}