{"exact_d1": [], "exact_d2": [], "over": [[10.819778284410283, 11.672679977179145], [10.844470897000654, 10.950494300637173], [10.868568448579715, 10.234793281417536], [10.89209894598991, 9.904086032623846], [10.915088464214607, 10.33832825611697], [10.937561320066667, 10.959769904841734], [10.959540226785442, 10.887551722341408], [10.981046432006405, 11.253424240729181], [11.002099841204238, 10.473989358325662], [11.022719128406973, 11.173504001189064], [11.042921835724492, 10.847022400339403], [11.062724463020672, 11.247060557380552], [11.082142548877775, 11.73130747865482], [11.101190743848468, 10.77049975718248], [11.119882876860622, 10.988297708801264], [11.138232015528818, 11.98848382019344], [11.156250521031495, 9.974395831111247], [11.173950098130897, 10.382942680471404], [11.191341840842766, 10.261448226665847], [11.208436274202066, 10.648622398780189], [11.225243392518447, 10.461224639742854], [11.241772694469658, 9.94045727445958], [11.258033215341438, 10.35563334174028], [11.274033556687879, 11.27167126941959], [11.289781913656018, 10.47931034896339], [11.305286100191983, 11.460197112105664], [11.320553572322773, 10.431975912092856], [11.335591449687312, 11.221824408790352], [11.350406535472453, 10.955016018189916], [11.365005334893606, 10.687978965095285], [11.379394072345706, 10.797973210205573], [11.393578707337662, 10.51085140289009], [11.407564949312402, 10.5426235620905], [11.421358271444738, 11.566105802582854], [11.434963923500517, 11.137491473694398], [11.448386943832658, 10.491275220880265], [11.461632170582678, 11.091004024878147], [11.474704252150032, 10.14464419406656], [11.487607656985938, 10.486020323960423], [11.500346682763368, 9.952519054123334]], "merge_d1": [[10.819778284410283, 3.7663291950898166], [10.844470897000654, 3.7524375262597243], [10.868568448579715, 4.439724317543933], [10.89209894598991, 4.864177876579974], [10.915088464214607, 4.864014403134463], [10.937561320066667, 4.46577216995214], [10.959540226785442, 3.776931882608234], [10.981046432006405, 3.735796886652879], [11.002099841204238, 3.7450038340977945], [11.022719128406973, 4.430240047415166], [11.042921835724492, 3.7598602028533583], [11.062724463020672, 4.465524049496399], [11.082142548877775, 3.75936377735371], [11.101190743848468, 3.7235460204832895], [11.119882876860622, 4.463474104147378], [11.138232015528818, 3.7414227826144284], [11.156250521031495, 4.835666022703927], [11.173950098130897, 3.726153562398834], [11.191341840842766, 4.42855881875075], [11.208436274202066, 4.486331782615908], [11.225243392518447, 3.736957690177971], [11.241772694469658, 4.835328933282967], [11.258033215341438, 4.51026517718309], [11.274033556687879, 3.767875144851005], [11.289781913656018, 3.7373198973567114], [11.305286100191983, 3.758727665234874], [11.320553572322773, 4.835323315505301], [11.335591449687312, 4.4723269176369955], [11.350406535472453, 3.753553642670751], [11.365005334893606, 3.7457342391375366], [11.379394072345706, 4.4569559787274295], [11.393578707337662, 3.7306905671536783], [11.407564949312402, 3.7330682599232046], [11.421358271444738, 3.754750428264485], [11.434963923500517, 4.461697610943467], [11.448386943832658, 4.448989155029285], [11.461632170582678, 4.445724136681253], [11.474704252150032, 4.436505058733958], [11.487607656985938, 3.7500265714835233], [11.500346682763368, 4.421888788455468]], "merge_d2": [[10.819778284410283, 7.034150489813587], [10.844470897000654, 6.974841791593215], [10.868568448579715, 7.189839299956707], [10.89209894598991, 7.5168468014934815], [10.915088464214607, 7.620544995202171], [10.937561320066667, 7.425083511569183], [10.959540226785442, 7.044227179966315], [10.981046432006405, 6.819098249948991], [11.002099841204238, 6.9291443575564555], [11.022719128406973, 7.50524938152336], [11.042921835724492, 6.9848141363391845], [11.062724463020672, 7.557122656467447], [11.082142548877775, 7.057044377786597], [11.101190743848468, 7.141786972512392], [11.119882876860622, 7.461002811893653], [11.138232015528818, 7.130197475514102], [11.156250521031495, 7.556193052970645], [11.173950098130897, 6.749530184792991], [11.191341840842766, 7.250952408446294], [11.208436274202066, 7.3293650643985115], [11.225243392518447, 6.936549627996993], [11.241772694469658, 7.514109338682142], [11.258033215341438, 7.377011045168626], [11.274033556687879, 7.177691718931454], [11.289781913656018, 6.946988498990379], [11.305286100191983, 6.933929843473902], [11.320553572322773, 7.651454621661497], [11.335591449687312, 7.554742193465605], [11.350406535472453, 7.0352891276979665], [11.365005334893606, 7.134803088960437], [11.379394072345706, 7.387275195898339], [11.393578707337662, 6.909247030337733], [11.407564949312402, 6.832964126366289], [11.421358271444738, 6.961266941407775], [11.434963923500517, 7.503587828033421], [11.448386943832658, 7.397935301981639], [11.461632170582678, 7.471392049435544], [11.474704252150032, 7.095857214517688], [11.487607656985938, 6.949514401740466], [11.500346682763368, 7.0535372501883975]], "argmin_dic": [[50000, 3], [51250, 3], [52500, 3], [53750, 3], [55000, 3], [56250, 3], [57500, 3], [58750, 3], [60000, 3], [61250, 3], [62500, 3], [63750, 3], [65000, 3], [66250, 3], [67500, 3], [68750, 3], [70000, 3], [71250, 3], [72500, 3], [73750, 3], [75000, 3], [76250, 3], [77500, 3], [78750, 3], [80000, 3], [81250, 3], [82500, 3], [83750, 3], [85000, 3], [86250, 3], [87500, 3], [88750, 3], [90000, 3], [91250, 3], [92500, 3], [93750, 3], [95000, 3], [96250, 3], [97500, 3], [98750, 3]], "time_elapsed": 1564.2956290245056}