{"exact_d1": [], "exact_d2": [], "over": [[10.819778284410283, 10.49319037900111], [10.844470897000654, 10.585144483919802], [10.868568448579715, 10.377618569318312], [10.89209894598991, 10.826907107532627], [10.915088464214607, 10.149738788620457], [10.937561320066667, 10.527912113774335], [10.959540226785442, 10.917195960907936], [10.981046432006405, 10.26336419063228], [11.002099841204238, 10.691862497955134], [11.022719128406973, 11.047460970017184], [11.042921835724492, 10.299602056252148], [11.062724463020672, 9.992891960834074], [11.082142548877775, 10.381547490489048], [11.101190743848468, 11.90240898503407], [11.119882876860622, 11.81950681971798], [11.138232015528818, 10.313649993466772], [11.156250521031495, 10.324710231307707], [11.173950098130897, 9.954755837245196], [11.191341840842766, 10.405336644074186], [11.208436274202066, 10.508443866020052], [11.225243392518447, 11.034680950611444], [11.241772694469658, 10.181633409258229], [11.258033215341438, 9.827878616694418], [11.274033556687879, 10.497909953688572], [11.289781913656018, 10.60798796131383], [11.305286100191983, 11.072351948082602], [11.320553572322773, 10.603318621626991], [11.335591449687312, 10.467641195031254], [11.350406535472453, 11.750160830547394], [11.365005334893606, 10.843175567710773], [11.379394072345706, 10.282341843751551], [11.393578707337662, 11.740416339065973], [11.407564949312402, 11.006526215949489], [11.421358271444738, 10.670963494912934], [11.434963923500517, 10.59739980503135], [11.448386943832658, 10.467226054026955], [11.461632170582678, 10.7108248336055], [11.474704252150032, 10.88155063975194], [11.487607656985938, 10.472890210801278], [11.500346682763368, 10.447247982436528]], "merge_d1": [[10.819778284410283, 4.449842825078732], [10.844470897000654, 4.490070272585344], [10.868568448579715, 3.777004332691655], [10.89209894598991, 3.753309076445996], [10.915088464214607, 4.868475728244101], [10.937561320066667, 4.443740753545886], [10.959540226785442, 3.7315068229741697], [10.981046432006405, 4.4421763098932185], [11.002099841204238, 3.7530207507257676], [11.022719128406973, 4.424976000833014], [11.042921835724492, 4.862203101632757], [11.062724463020672, 4.818515543599555], [11.082142548877775, 4.447012819515923], [11.101190743848468, 3.7230474542803345], [11.119882876860622, 3.75732024002154], [11.138232015528818, 3.756791959414699], [11.156250521031495, 3.7377663456613845], [11.173950098130897, 4.817192683836908], [11.191341840842766, 3.7400269359103477], [11.208436274202066, 4.406569095877868], [11.225243392518447, 4.422414844953957], [11.241772694469658, 4.441124328992903], [11.258033215341438, 4.8364899994482675], [11.274033556687879, 3.7491557552003814], [11.289781913656018, 4.423636157005959], [11.305286100191983, 4.413901127213303], [11.320553572322773, 3.743621877874286], [11.335591449687312, 3.7495037253606367], [11.350406535472453, 4.449126387991754], [11.365005334893606, 3.752056539171039], [11.379394072345706, 4.4638911911786145], [11.393578707337662, 3.7473400725200525], [11.407564949312402, 3.7609562121487112], [11.421358271444738, 3.744305627799081], [11.434963923500517, 3.7193159323110296], [11.448386943832658, 4.450672888777567], [11.461632170582678, 3.739909026442965], [11.474704252150032, 3.7433995353033436], [11.487607656985938, 3.732925308243982], [11.500346682763368, 4.469630149941742]], "merge_d2": [[10.819778284410283, 7.2351497836887955], [10.844470897000654, 7.086844623886093], [10.868568448579715, 6.8293572757289525], [10.89209894598991, 6.962548317187805], [10.915088464214607, 7.574606676614093], [10.937561320066667, 7.288055722185933], [10.959540226785442, 7.005615649061988], [10.981046432006405, 7.215647116512397], [11.002099841204238, 6.9113506145404], [11.022719128406973, 7.43897809101239], [11.042921835724492, 7.624228103257962], [11.062724463020672, 7.4831306920571645], [11.082142548877775, 7.296699826780419], [11.101190743848468, 7.0842821077353415], [11.119882876860622, 7.073449813210067], [11.138232015528818, 6.750720978887996], [11.156250521031495, 6.85295147503388], [11.173950098130897, 7.508114156852785], [11.191341840842766, 6.948523735210518], [11.208436274202066, 7.316180707404117], [11.225243392518447, 7.458153330839042], [11.241772694469658, 7.105336329912955], [11.258033215341438, 7.485330384887641], [11.274033556687879, 7.034610247696793], [11.289781913656018, 7.314932712949273], [11.305286100191983, 7.464196857142504], [11.320553572322773, 6.874661673780642], [11.335591449687312, 7.006890315789575], [11.350406535472453, 7.772405130237488], [11.365005334893606, 6.98847340383871], [11.379394072345706, 7.235746675807959], [11.393578707337662, 7.041886040830345], [11.407564949312402, 7.069102431547544], [11.421358271444738, 6.880692372588523], [11.434963923500517, 7.031093864070642], [11.448386943832658, 7.286004390950369], [11.461632170582678, 6.909330356615397], [11.474704252150032, 6.996739890629146], [11.487607656985938, 6.789492536313178], [11.500346682763368, 7.4038800074686195]], "argmin_dic": [[50000, 3], [51250, 3], [52500, 3], [53750, 3], [55000, 3], [56250, 3], [57500, 3], [58750, 3], [60000, 3], [61250, 3], [62500, 3], [63750, 3], [65000, 3], [66250, 3], [67500, 3], [68750, 3], [70000, 3], [71250, 3], [72500, 3], [73750, 3], [75000, 3], [76250, 3], [77500, 3], [78750, 3], [80000, 3], [81250, 3], [82500, 3], [83750, 3], [85000, 3], [86250, 3], [87500, 3], [88750, 3], [90000, 3], [91250, 3], [92500, 3], [93750, 3], [95000, 3], [96250, 3], [97500, 3], [98750, 3]], "time_elapsed": 1662.463322877884}