{"exact": [], "over": [], "merge": [[10.46310334047155, 7.4263478388141735], [10.46310334047155, 5.770256971378354], [10.46310334047155, 6.709827494833305], [10.46310334047155, 6.055491263310448], [10.46310334047155, 6.99888848981356], [10.46310334047155, 7.51006713511872], [10.46310334047155, 7.023411890153169], [10.46310334047155, 7.186100661784067], [10.46310334047155, 4.520816555076011], [10.46310334047155, 4.633768309090868], [10.46310334047155, 5.7385630077205745], [10.46310334047155, 6.904320324870559], [10.46310334047155, 6.400102862998701], [10.46310334047155, 5.576101312998719], [10.46310334047155, 5.241686682925191], [10.46310334047155, 8.65022826304868], [10.46310334047155, 4.605198197635865], [10.46310334047155, 6.683055494106264], [10.46310334047155, 5.652750656724124], [10.46310334047155, 6.048051956585838], [10.46310334047155, 7.945219241927015], [10.46310334047155, 7.205130716136622], [10.46310334047155, 7.052427303293249], [10.46310334047155, 8.55843895839979], [10.46310334047155, 5.5520598090996085], [10.46310334047155, 8.789304917344806], [10.46310334047155, 6.824676439582485], [10.46310334047155, 8.535052147353712], [10.46310334047155, 6.955971688923216], [10.46310334047155, 5.474152088076902], [10.46310334047155, 5.721537111393086], [10.46310334047155, 5.259047230044767], [10.46310334047155, 5.573407909853014], [10.46310334047155, 4.95683026156651], [10.46310334047155, 6.87948838368906], [10.46310334047155, 5.408643419358288], [10.46310334047155, 6.224210395486222], [10.46310334047155, 8.325098664136595], [10.46310334047155, 5.268544376901143], [10.46310334047155, 7.2861942279203245]], "argmin_dic": [[35000, 2], [35000, 3], [35000, 3], [35000, 2], [35000, 2], [35000, 2], [35000, 2], [35000, 2], [35000, 2], [35000, 2], [35000, 2], [35000, 2], [35000, 2], [35000, 3], [35000, 2], [35000, 2], [35000, 2], [35000, 3], [35000, 2], [35000, 2], [35000, 2], [35000, 2], [35000, 2], [35000, 2], [35000, 2], [35000, 2], [35000, 2], [35000, 2], [35000, 2], [35000, 2], [35000, 2], [35000, 2], [35000, 3], [35000, 3], [35000, 2], [35000, 2], [35000, 2], [35000, 2], [35000, 2], [35000, 2]], "time_elapsed": 1696.5212392807007}