{"exact": [], "over": [], "merge": [[8.160518247477505, 8.906436159519492], [8.160518247477505, 7.533772962549772], [8.160518247477505, 5.592548525087629], [8.160518247477505, 7.438082874939685], [8.160518247477505, 4.733261487099383], [8.160518247477505, 7.336300149985086], [8.160518247477505, 4.620742978549697], [8.160518247477505, 5.947824185775828], [8.160518247477505, 9.292197262866328], [8.160518247477505, 7.422558792024999], [8.160518247477505, 6.847391425805372], [8.160518247477505, 6.2336195509430175], [8.160518247477505, 5.670944682586278], [8.160518247477505, 8.741107702208906], [8.160518247477505, 7.11489369357781], [8.160518247477505, 6.704285496673942], [8.160518247477505, 6.7260250372821435], [8.160518247477505, 6.967427014791626], [8.160518247477505, 7.746194524839882], [8.160518247477505, 6.689353953085288], [8.160518247477505, 8.073092762447462], [8.160518247477505, 8.744982955727053], [8.160518247477505, 6.6304951979987505], [8.160518247477505, 9.150431931597401], [8.160518247477505, 8.249851123077867], [8.160518247477505, 9.701601157716764], [8.160518247477505, 8.32353851995008], [8.160518247477505, 5.566370453056511], [8.160518247477505, 6.69747767363179], [8.160518247477505, 7.960527069590756], [8.160518247477505, 6.19212514129303], [8.160518247477505, 6.476884736619581], [8.160518247477505, 6.556006141533221], [8.160518247477505, 7.381713299566533], [8.160518247477505, 9.16428420197011], [8.160518247477505, 9.785821710499626], [8.160518247477505, 7.050525612973911], [8.160518247477505, 9.683415919620256], [8.160518247477505, 6.0004365245900875], [8.160518247477505, 8.211289164072538]], "argmin_dic": [[3500, 3], [3500, 3], [3500, 3], [3500, 1], [3500, 2], [3500, 3], [3500, 2], [3500, 2], [3500, 2], [3500, 2], [3500, 2], [3500, 3], [3500, 2], [3500, 2], [3500, 3], [3500, 3], [3500, 2], [3500, 2], [3500, 3], [3500, 3], [3500, 2], [3500, 3], [3500, 3], [3500, 3], [3500, 2], [3500, 3], [3500, 3], [3500, 2], [3500, 2], [3500, 3], [3500, 3], [3500, 3], [3500, 2], [3500, 3], [3500, 3], [3500, 3], [3500, 2], [3500, 3], [3500, 3], [3500, 3]], "time_elapsed": 186.87089586257935}