{"exact": [[4.605170185988092, 35.02830913664124], [7.862112211662748, 10.542245093280224], [8.535818655539403, 8.61174081009034], [8.934718614016768, 7.009795464100334], [9.219101877644755, 7.123237172255355], [9.440260907569415, 6.5556291326454], [9.621257258762592, 6.676903206516289], [9.774460286799892, 7.042526861373934], [9.907280350774824, 9.807774689974906], [10.024509780783578, 9.670808311413495], [10.12942719115234, 9.492171035899863], [10.224374684168994, 9.228248779131555], [10.311083721653247, 9.13478510012564], [10.390870532175569, 9.489891785629124], [10.464759111782492, 9.448176206895662], [10.533561804120112, 7.336629855897773], [10.597933888827693, 9.306813662624926], [10.658411631962718, 9.557430261741702], [10.715439468861323, 6.970879437495943], [10.769389843677056, 7.364100482916258], [10.820577964580847, 9.271384749712373], [10.869272962256426, 10.162693543894571], [10.91570645503712, 9.412683633194122], [10.960079211941625, 9.825239933095649], [11.00256639901588, 9.35672167372975], [11.04332175574582, 9.503649645096678], [11.08248095315105, 7.077817537522354], [11.120164318733623, 9.485578485554239], [11.156479066341598, 6.643800698791508], [11.191521135113415, 7.017429108173234], [11.225376716963682, 7.027695787792429], [11.258123533843245, 9.829491853984822], [11.28983191240606, 9.414206134594357], [11.320565693461432, 7.031386418315312], [11.350383005783868, 9.894641848203534], [11.379336927855848, 7.1372244995388625], [11.407476056472662, 9.7652940137797], [11.434844997510183, 9.308114138716348], [11.461484791301833, 7.20189617770702], [11.487433282809286, 7.083941754601359], [11.512725444967561, 6.782962219236021]], "over": [[4.605170185988092, 40.82334360734756], [7.862112211662748, 16.67983930978267], [8.535818655539403, 12.316911900589849], [8.934718614016768, 20.368150167912287], [9.219101877644755, 13.682819384323762], [9.440260907569415, 17.31831130306493], [9.621257258762592, 11.711279055141983], [9.774460286799892, 18.040200096298847], [9.907280350774824, 11.57444959544803], [10.024509780783578, 16.43602569162006], [10.12942719115234, 17.38619406384504], [10.224374684168994, 17.89810016806309], [10.311083721653247, 15.804219716710268], [10.390870532175569, 17.30671454119543], [10.464759111782492, 16.16800434067611], [10.533561804120112, 16.22471841346027], [10.597933888827693, 15.819418180884556], [10.658411631962718, 17.44262321532807], [10.715439468861323, 11.202661239655914], [10.769389843677056, 14.963261306035735], [10.820577964580847, 12.35093329732189], [10.869272962256426, 16.72447891668723], [10.91570645503712, 15.822758414373078], [10.960079211941625, 16.531175773748014], [11.00256639901588, 12.950912928457909], [11.04332175574582, 17.599580218298048], [11.08248095315105, 16.727911598412106], [11.120164318733623, 11.60000648012285], [11.156479066341598, 14.392852840789228], [11.191521135113415, 17.067050303251275], [11.225376716963682, 16.065800140763727], [11.258123533843245, 15.338824437694264], [11.28983191240606, 12.163531813629964], [11.320565693461432, 15.789997692800041], [11.350383005783868, 12.12066845582992], [11.379336927855848, 18.09946169247222], [11.407476056472662, 11.165761964032304], [11.434844997510183, 15.707385173480835], [11.461484791301833, 17.092784669885035], [11.487433282809286, 16.44798279742574], [11.512725444967561, 17.076599588969692]], "merge": [[4.605170185988092, 18.97046057802917], [7.862112211662748, 5.593415101011727], [8.535818655539403, 7.8899951637286145], [8.934718614016768, 9.170305479536598], [9.219101877644755, 6.740972008640986], [9.440260907569415, 7.227801699237426], [9.621257258762592, 4.5190220900471765], [9.774460286799892, 7.075559423514533], [9.907280350774824, 7.421314813123721], [10.024509780783578, 7.067233493123002], [10.12942719115234, 5.873791286138691], [10.224374684168994, 8.817399576779945], [10.311083721653247, 6.3478633024652185], [10.390870532175569, 5.636646833616696], [10.464759111782492, 7.50610272262782], [10.533561804120112, 7.532953036190936], [10.597933888827693, 5.7622161413223045], [10.658411631962718, 7.0350118320332875], [10.715439468861323, 6.43706130712958], [10.769389843677056, 6.203252138227397], [10.820577964580847, 6.823040775319136], [10.869272962256426, 6.329226208387759], [10.91570645503712, 5.164446660370134], [10.960079211941625, 6.135476666586605], [11.00256639901588, 7.149305566738899], [11.04332175574582, 7.630663135294182], [11.08248095315105, 4.515678200950388], [11.120164318733623, 6.010183382891946], [11.156479066341598, 5.519206228369441], [11.191521135113415, 6.870860894801172], [11.225376716963682, 6.65666693603205], [11.258123533843245, 6.506262937923035], [11.28983191240606, 6.1400527995908005], [11.320565693461432, 5.850149857812636], [11.350383005783868, 6.262417879864958], [11.379336927855848, 5.991476447148329], [11.407476056472662, 6.890105490448315], [11.434844997510183, 6.884967376289668], [11.461484791301833, 5.5176783871062165], [11.487433282809286, 8.48636288599122], [11.512725444967561, 7.160611733602416]], "time_elapsed": 5639.405601501465}