{"exact": [[6.907755278982137, 8.936492121518949], [8.153349757998892, 8.603066264825483], [8.691146498539675, 9.251088463880784], [9.038958755220563, 8.937609991498793], [9.296518068217235, 9.250038915087547], [9.501142571764207, 6.346629243765535], [9.670924779305427, 9.771999509155393], [9.816021526754852, 9.668615468541217], [9.94270826568941, 6.88771362003198], [10.055135102145268, 8.977616756310798], [10.156189906091882, 9.42571242596169], [10.247963389017864, 6.93434199051995], [10.332017933575289, 9.061672816810875], [10.409551859200409, 7.155516909616573], [10.481504425842441, 9.359566567067793], [10.548625513909712, 9.179874530318603], [10.611523345589823, 9.708179860402307], [10.67069806139613, 9.085149558485975], [10.726565902688105, 9.355416306015066], [10.779476987636757, 9.47225235427493], [10.829728615263452, 9.92576656329668], [10.8775753831365, 6.632945514355026], [10.923236992778513, 6.854222546481544], [10.966904349300577, 9.788292652828476], [11.008744383922906, 6.4678223607255605], [11.04890390740204, 9.236329037638892], [11.087512719052368, 9.594139920719089], [11.124686137527133, 9.965084323293944], [11.160527077798756, 7.096631075811423], [11.195127768613824, 9.367001569896013], [11.228571182611121, 10.05430885987777], [11.260932234926955, 9.95462686609677], [11.292278793854607, 9.457800367470966], [11.322672537849993, 9.725081866334342], [11.352169686090834, 6.884149334072954], [11.38082162433689, 9.79799616886339], [11.40867544359643, 10.002702519023977], [11.435774405781814, 6.957409134707048], [11.462158347916576, 9.437928949958351], [11.487864034374857, 9.90623578634722]], "over": [[6.907755278982137, 22.143303164573116], [8.153349757998892, 12.204257204399797], [8.691146498539675, 17.9548320322703], [9.038958755220563, 9.825578374215075], [9.296518068217235, 15.93630256441007], [9.501142571764207, 17.15123218386169], [9.670924779305427, 12.610600087287203], [9.816021526754852, 15.684550067228578], [9.94270826568941, 13.673609131359395], [10.055135102145268, 12.060526498549116], [10.156189906091882, 15.54442355013703], [10.247963389017864, 17.464090549520044], [10.332017933575289, 15.679818760034046], [10.409551859200409, 16.415065056589903], [10.481504425842441, 12.895041455673665], [10.548625513909712, 17.141958381678187], [10.611523345589823, 17.867011474820323], [10.67069806139613, 12.262376943598044], [10.726565902688105, 16.069446035539332], [10.779476987636757, 13.372252143205035], [10.829728615263452, 15.250387340581895], [10.8775753831365, 15.984368014279697], [10.923236992778513, 15.257576116884538], [10.966904349300577, 18.93597607909704], [11.008744383922906, 12.748701985762466], [11.04890390740204, 16.15826963995688], [11.087512719052368, 17.961955102750235], [11.124686137527133, 17.385436494754114], [11.160527077798756, 13.13159834858034], [11.195127768613824, 16.715011070065447], [11.228571182611121, 15.648743000845583], [11.260932234926955, 13.836045478906385], [11.292278793854607, 12.28577373200718], [11.322672537849993, 16.249714912370514], [11.352169686090834, 15.96965639372596], [11.38082162433689, 16.257402066122257], [11.40867544359643, 17.541387765045936], [11.435774405781814, 17.806052465371124], [11.462158347916576, 15.550628337530364], [11.487864034374857, 14.95631653617992]], "merge": [[6.907755278982137, 10.948553299609676], [8.153349757998892, 9.466505065822764], [8.691146498539675, 6.9037913096821475], [9.038958755220563, 7.372593686882424], [9.296518068217235, 5.115685217906775], [9.501142571764207, 5.861033184842457], [9.670924779305427, 7.4891674112984346], [9.816021526754852, 5.928315755950779], [9.94270826568941, 7.237051394538637], [10.055135102145268, 5.6630741203401], [10.156189906091882, 5.167341792439113], [10.247963389017864, 4.541769845077987], [10.332017933575289, 6.673500939400031], [10.409551859200409, 6.707294357648125], [10.481504425842441, 4.3742391020186355], [10.548625513909712, 7.356908099512158], [10.611523345589823, 5.122295860058978], [10.67069806139613, 5.799012152732239], [10.726565902688105, 6.412045973157639], [10.779476987636757, 6.877209323157901], [10.829728615263452, 6.143830195436758], [10.8775753831365, 6.03110509280612], [10.923236992778513, 6.646924192930815], [10.966904349300577, 7.112384689469634], [11.008744383922906, 7.129932077712357], [11.04890390740204, 5.737532678729866], [11.087512719052368, 6.568200575054593], [11.124686137527133, 5.356370198691343], [11.160527077798756, 5.575629056604181], [11.195127768613824, 4.427470098392012], [11.228571182611121, 6.095955011395791], [11.260932234926955, 6.956355797851239], [11.292278793854607, 5.822860509775335], [11.322672537849993, 5.519079440999973], [11.352169686090834, 4.729400103242355], [11.38082162433689, 4.723037659746569], [11.40867544359643, 7.62659969507835], [11.435774405781814, 5.904007501609985], [11.462158347916576, 5.363251486403265], [11.487864034374857, 7.306090659854856]], "time_elapsed": 5097.833742618561}