{"exact": [], "over": [], "merge": [[8.160518247477505, 5.270110689736275], [8.160518247477505, 4.883883174840576], [8.160518247477505, 7.089447865292002], [8.160518247477505, 6.125849751312505], [8.160518247477505, 5.508916938311], [8.160518247477505, 5.871906203974465], [8.160518247477505, 5.277303444542161], [8.160518247477505, 8.592139409684608], [8.160518247477505, 7.1229133377705], [8.160518247477505, 5.757702357541838], [8.160518247477505, 7.42060274787291], [8.160518247477505, 5.547235478954646], [8.160518247477505, 6.658951039330291], [8.160518247477505, 6.787331779410191], [8.160518247477505, 6.360316163066119], [8.160518247477505, 7.4896895107232675], [8.160518247477505, 7.774467107217091], [8.160518247477505, 6.174507279612341], [8.160518247477505, 6.068465883780367], [8.160518247477505, 4.246596168968096], [8.160518247477505, 4.5001201076366675], [8.160518247477505, 7.530814329600491], [8.160518247477505, 5.636274958262773], [8.160518247477505, 6.194998796899558], [8.160518247477505, 8.31912857256296], [8.160518247477505, 8.258048234332751], [8.160518247477505, 8.389472500446061], [8.160518247477505, 4.867949225207549], [8.160518247477505, 4.025281908156144], [8.160518247477505, 6.375469488009762], [8.160518247477505, 7.435602608918047], [8.160518247477505, 8.75797654962787], [8.160518247477505, 8.247984253360254], [8.160518247477505, 5.514312614743115], [8.160518247477505, 9.77308981840178], [8.160518247477505, 6.7393490274557655], [8.160518247477505, 6.4286301241059345], [8.160518247477505, 9.837385946954821], [8.160518247477505, 6.381643407480856], [8.160518247477505, 6.588605645950412]], "argmin_dic": [[3500, 3], [3500, 3], [3500, 3], [3500, 3], [3500, 3], [3500, 3], [3500, 2], [3500, 3], [3500, 3], [3500, 3], [3500, 3], [3500, 2], [3500, 3], [3500, 2], [3500, 2], [3500, 3], [3500, 3], [3500, 2], [3500, 2], [3500, 2], [3500, 2], [3500, 2], [3500, 3], [3500, 3], [3500, 3], [3500, 3], [3500, 3], [3500, 2], [3500, 2], [3500, 3], [3500, 3], [3500, 3], [3500, 2], [3500, 1], [3500, 3], [3500, 2], [3500, 3], [3500, 3], [3500, 3], [3500, 3]], "time_elapsed": 174.20726990699768}