{"exact": [[9.615805480084347, 7.73873236464149], [9.748294663130427, 6.735339875198248], [9.86526633971593, 9.24220391126807], [9.969977293804961, 9.72500263663931], [10.06475570013225, 6.586857170710553], [10.151323716440709, 9.387849806539881], [10.23099111917458, 9.17880121961093], [10.304777289233812, 7.107847459741618], [10.373491181781864, 9.870416551573882], [10.437785532487261, 9.261595159263514], [10.49819466028282, 9.667724053482637], [10.555161484889497, 6.767611053742922], [10.60905725309463, 6.864886382074202], [10.660196214585818, 7.025366676035012], [10.708846723703001, 9.183372206897696], [10.755239763272712, 7.006715248091636], [10.799575577092764, 9.33420326440905], [10.842028893345104, 9.451917208357472], [10.882753083571671, 7.149194192546945], [10.921883507347436, 9.458017658286684], [10.959540226785442, 9.228877516260948], [10.995830228190643, 9.415960916585142], [11.030849254490224, 9.996715529345995], [11.064683327506005, 9.552760695587384], [11.097410021008562, 10.023385488885369], [11.129099531965545, 6.855782038106893], [11.159815587195991, 7.066678990153635], [11.189616214875297, 9.275617575877684], [11.218554404367652, 9.691784660643341], [11.246678673238513, 9.630970849435569], [11.274033556687879, 9.350073519950742], [11.300660031803202, 9.685484767332428], [11.326595886778735, 6.8926725317695], [11.351876043451814, 9.344577227392962], [11.376532840064673, 9.522530195297495], [11.400596279996309, 10.061647463692609], [11.424094251263613, 6.821634355659987], [11.44705272081952, 9.436221345538359], [11.469495907042893, 9.752675898794228], [11.491446433293104, 6.856005993426425]], "over": [[9.615805480084347, 16.091869584679976], [9.748294663130427, 15.744852249770371], [9.86526633971593, 15.997654553838535], [9.969977293804961, 17.328337638242274], [10.06475570013225, 15.793887632661068], [10.151323716440709, 16.63529918843759], [10.23099111917458, 17.061540820774987], [10.304777289233812, 13.626122546676491], [10.373491181781864, 15.628477131753499], [10.437785532487261, 17.62844898251882], [10.49819466028282, 17.885913880267598], [10.555161484889497, 12.995865984498957], [10.60905725309463, 11.70519008903309], [10.660196214585818, 13.6781120268862], [10.708846723703001, 15.890920625103865], [10.755239763272712, 17.13516668790177], [10.799575577092764, 17.248393381321534], [10.842028893345104, 15.890368156623879], [10.882753083571671, 15.464687130922421], [10.921883507347436, 15.747793785322266], [10.959540226785442, 13.951020427097028], [10.995830228190643, 15.349969647825821], [11.030849254490224, 16.305766959281527], [11.064683327506005, 15.982794878904885], [11.097410021008562, 17.593985418918177], [11.129099531965545, 11.395354322131444], [11.159815587195991, 11.269825384571524], [11.189616214875297, 14.292292003537804], [11.218554404367652, 16.390902661766187], [11.246678673238513, 15.972660689516436], [11.274033556687879, 15.181502857412829], [11.300660031803202, 10.927784452960276], [11.326595886778735, 15.945694032348904], [11.351876043451814, 12.337078593166174], [11.376532840064673, 16.859914453014436], [11.400596279996309, 16.38467448422815], [11.424094251263613, 15.915124029892889], [11.44705272081952, 12.252925846530806], [11.469495907042893, 16.372835126325693], [11.491446433293104, 16.197177037050697]], "merge": [[9.615805480084347, 4.615681768946684], [9.748294663130427, 5.841011949490051], [9.86526633971593, 8.546546925071812], [9.969977293804961, 6.346393416354896], [10.06475570013225, 5.082074821585604], [10.151323716440709, 5.591698556254708], [10.23099111917458, 5.192408053570629], [10.304777289233812, 6.056251751736562], [10.373491181781864, 6.169142820993409], [10.437785532487261, 6.263780502295998], [10.49819466028282, 6.142248176431087], [10.555161484889497, 5.259046911484524], [10.60905725309463, 5.910325669104445], [10.660196214585818, 5.117299953687953], [10.708846723703001, 5.613307882976814], [10.755239763272712, 6.220195438717641], [10.799575577092764, 5.890494678528378], [10.842028893345104, 5.999050207494404], [10.882753083571671, 7.549777089714883], [10.921883507347436, 5.796081008646018], [10.959540226785442, 5.872030625865151], [10.995830228190643, 5.56746512671445], [11.030849254490224, 7.4242183292039075], [11.064683327506005, 5.305853538748913], [11.097410021008562, 7.824664711028433], [11.129099531965545, 5.163418789373508], [11.159815587195991, 5.565029260514112], [11.189616214875297, 6.133312933398082], [11.218554404367652, 6.499189931282095], [11.246678673238513, 6.843830519586448], [11.274033556687879, 5.9517748316051815], [11.300660031803202, 6.86562428967938], [11.326595886778735, 7.372741740050037], [11.351876043451814, 7.014175673629539], [11.376532840064673, 6.09910150794186], [11.400596279996309, 7.685784757873829], [11.424094251263613, 6.8119401391625045], [11.44705272081952, 5.610045472507884], [11.469495907042893, 7.273888573140224], [11.491446433293104, 5.307564729905892]], "time_elapsed": 5795.852800369263}