{"exact_d1": [[11.512925464970229, 3.8114163262628993]], "exact_d2": [[11.512925464970229, 7.627179807738727]], "over": [[11.512925464970229, 12.303060884040999]], "merge_d1": [[11.512925464970229, 4.398245184822856]], "merge_d2": [[11.512925464970229, 6.80783163037074]], "argmin_dic": [[100000, 2]], "time_elapsed": 309.59383058547974}