{"exact_d1": [[11.512925464970229, 3.826188429505679]], "exact_d2": [[11.512925464970229, 5.789749789743367]], "over": [[11.512925464970229, 10.075244133584471]], "merge_d1": [[11.512925464970229, 4.125672450876647]], "merge_d2": [[11.512925464970229, 6.2373321607355345]], "argmin_dic": [[100000, 2]], "time_elapsed": 166.3925700187683}