{"exact_d1": [[11.512925464970229, 3.8670103630398502]], "exact_d2": [[11.512925464970229, 7.6559467559629795]], "over": [[11.512925464970229, 10.791356493133833]], "merge_d1": [[11.512925464970229, 4.189825677701584]], "merge_d2": [[11.512925464970229, 6.804456153616805]], "argmin_dic": [[100000, 2]], "time_elapsed": 407.2845265865326}