{"exact_d1": [[11.512925464970229, 3.7525566132022807]], "exact_d2": [[11.512925464970229, 6.845611858686521]], "over": [[11.512925464970229, 14.734773085509103]], "merge_d1": [[11.512925464970229, 4.1508365705940715]], "merge_d2": [[11.512925464970229, 7.826169930498906]], "argmin_dic": [[100000, 2]], "time_elapsed": 314.24136114120483}