{"exact_d1": [[11.512925464970229, 3.819201592146926]], "exact_d2": [[11.512925464970229, 7.6042908904434645]], "over": [[11.512925464970229, 9.267876769578915]], "merge_d1": [[11.512925464970229, 4.152092334859332]], "merge_d2": [[11.512925464970229, 7.054021152860018]], "argmin_dic": [[100000, 2]], "time_elapsed": 286.1394901275635}