{"exact_d1": [[11.512925464970229, 3.795571410848677]], "exact_d2": [[11.512925464970229, 7.082285273065611]], "over": [[11.512925464970229, 11.825688492731953]], "merge_d1": [[11.512925464970229, 4.232465462434868]], "merge_d2": [[11.512925464970229, 6.62924105161599]], "argmin_dic": [[100000, 2]], "time_elapsed": 201.8189573287964}