{"exact_d1": [[11.512925464970229, 3.9245080338303415]], "exact_d2": [[11.512925464970229, 7.70432049894268]], "over": [[11.512925464970229, 16.264456209480606]], "merge_d1": [[11.512925464970229, 4.073737736078088]], "merge_d2": [[11.512925464970229, 8.565273749574189]], "argmin_dic": [[100000, 2]], "time_elapsed": 600.2115654945374}