{"exact_d1": [[11.512925464970229, 3.894642594493557]], "exact_d2": [[11.512925464970229, 6.92216837075258]], "over": [[11.512925464970229, 9.772266140269215]], "merge_d1": [[11.512925464970229, 4.323522183844168]], "merge_d2": [[11.512925464970229, 6.509002174922023]], "argmin_dic": [[100000, 2]], "time_elapsed": 256.6717026233673}