{"exact_d1": [[11.512925464970229, 3.884431580723592]], "exact_d2": [[11.512925464970229, 6.988638049139989]], "over": [[11.512925464970229, 10.208999187292918]], "merge_d1": [[11.512925464970229, 4.314973031701193]], "merge_d2": [[11.512925464970229, 6.481715704853035]], "argmin_dic": [[100000, 2]], "time_elapsed": 286.1318664550781}