{"exact_d1": [[11.512925464970229, 3.7919126993501377]], "exact_d2": [[11.512925464970229, 7.371605110053215]], "over": [[11.512925464970229, 10.112956645571616]], "merge_d1": [[11.512925464970229, 4.222310658154284]], "merge_d2": [[11.512925464970229, 5.946179077351143]], "argmin_dic": [[100000, 2]], "time_elapsed": 220.40051889419556}