{"exact_d1": [[11.512925464970229, 3.8793063265544054]], "exact_d2": [[11.512925464970229, 7.0767902056698855]], "over": [[11.512925464970229, 8.584749602618597]], "merge_d1": [[11.512925464970229, 4.1249761114946]], "merge_d2": [[11.512925464970229, 5.672804367483481]], "argmin_dic": [[100000, 2]], "time_elapsed": 197.22563409805298}