{"exact_d1": [[11.512925464970229, 3.9325663825535933]], "exact_d2": [[11.512925464970229, 7.013459136772958]], "over": [[11.512925464970229, 11.393327803327802]], "merge_d1": [[11.512925464970229, 4.37593863525586]], "merge_d2": [[11.512925464970229, 7.2680141084055805]], "argmin_dic": [[100000, 2]], "time_elapsed": 367.9309415817261}