{"exact_d1": [[11.512925464970229, 3.8894406370914836]], "exact_d2": [[11.512925464970229, 6.916133884331822]], "over": [[11.512925464970229, 11.95128769124818]], "merge_d1": [[11.512925464970229, 4.224634134900957]], "merge_d2": [[11.512925464970229, 6.856345597879827]], "argmin_dic": [[100000, 2]], "time_elapsed": 324.0907304286957}