{"exact_d1": [[11.512925464970229, 3.8331896013515356]], "exact_d2": [[11.512925464970229, 6.714370774752305]], "over": [[11.512925464970229, 12.610525955396941]], "merge_d1": [[11.512925464970229, 4.240683641863654]], "merge_d2": [[11.512925464970229, 7.0829568850419715]], "argmin_dic": [[100000, 2]], "time_elapsed": 207.01785588264465}