{"exact_d1": [[11.512925464970229, 3.9486368968220056]], "exact_d2": [[11.512925464970229, 7.641683219345385]], "over": [[11.512925464970229, 12.416381417130271]], "merge_d1": [[11.512925464970229, 4.296476088019159]], "merge_d2": [[11.512925464970229, 7.584987015765023]], "argmin_dic": [[100000, 2]], "time_elapsed": 225.31896424293518}