{"exact_d1": [[11.512925464970229, 3.750995187363439]], "exact_d2": [[11.512925464970229, 6.834016554435642]], "over": [[11.512925464970229, 10.635607330547794]], "merge_d1": [[11.512925464970229, 4.225880747767057]], "merge_d2": [[11.512925464970229, 6.605578399860037]], "argmin_dic": [[100000, 2]], "time_elapsed": 351.7578411102295}