{"exact_d1": [[11.512925464970229, 3.726712749823592]], "exact_d2": [[11.512925464970229, 6.53107910656029]], "over": [[11.512925464970229, 12.319358373182935]], "merge_d1": [[11.512925464970229, 4.21522855572717]], "merge_d2": [[11.512925464970229, 7.120927217940537]], "argmin_dic": [[100000, 2]], "time_elapsed": 276.00746989250183}