{"exact_d1": [[11.512925464970229, 3.9194312577041197]], "exact_d2": [[11.512925464970229, 7.029422463371799]], "over": [[11.512925464970229, 12.565664955361212]], "merge_d1": [[11.512925464970229, 4.306640569425966]], "merge_d2": [[11.512925464970229, 8.198310965619937]], "argmin_dic": [[100000, 2]], "time_elapsed": 292.2454056739807}