{"exact_d1": [[11.512925464970229, 3.9765698876054363]], "exact_d2": [[11.512925464970229, 7.7060478736239455]], "over": [[11.512925464970229, 9.365071821673956]], "merge_d1": [[11.512925464970229, 4.260118866513458]], "merge_d2": [[11.512925464970229, 6.130722480253671]], "argmin_dic": [[100000, 2]], "time_elapsed": 433.4225859642029}