{"exact_d1": [[11.512925464970229, 3.7676840901619646]], "exact_d2": [[11.512925464970229, 7.038345739794837]], "over": [[11.512925464970229, 10.032383254648623]], "merge_d1": [[11.512925464970229, 4.119233772489867]], "merge_d2": [[11.512925464970229, 5.815565715357528]], "argmin_dic": [[100000, 2]], "time_elapsed": 233.32691979408264}