{"exact_d1": [[11.512925464970229, 3.7876645553448713]], "exact_d2": [[11.512925464970229, 6.749946505269642]], "over": [[11.512925464970229, 9.517512485738889]], "merge_d1": [[11.512925464970229, 4.283609424639241]], "merge_d2": [[11.512925464970229, 6.252332466421316]], "argmin_dic": [[100000, 2]], "time_elapsed": 365.0372667312622}