{"exact_d1": [[11.512925464970229, 3.900156555938118]], "exact_d2": [[11.512925464970229, 7.345252781243291]], "over": [[11.512925464970229, 10.328258311729694]], "merge_d1": [[11.512925464970229, 4.335211406586634]], "merge_d2": [[11.512925464970229, 6.875726296255323]], "argmin_dic": [[100000, 2]], "time_elapsed": 225.50959062576294}