{"exact_d1": [[11.512925464970229, 3.8291863905686094]], "exact_d2": [[11.512925464970229, 7.488494639067591]], "over": [[11.512925464970229, 10.055135403790267]], "merge_d1": [[11.512925464970229, 4.096133539704778]], "merge_d2": [[11.512925464970229, 5.844561332218468]], "argmin_dic": [[100000, 2]], "time_elapsed": 188.19222927093506}