{"exact_d1": [[11.512925464970229, 3.821715895050031]], "exact_d2": [[11.512925464970229, 6.625641014243855]], "over": [[11.512925464970229, 12.748853196169774]], "merge_d1": [[11.512925464970229, 4.221295041710373]], "merge_d2": [[11.512925464970229, 6.801893674040364]], "argmin_dic": [[100000, 2]], "time_elapsed": 257.4902832508087}