{"exact_d1": [[11.512925464970229, 3.927791581677707]], "exact_d2": [[11.512925464970229, 7.35358481672986]], "over": [[11.512925464970229, 10.968913420660549]], "merge_d1": [[11.512925464970229, 4.2255306102469055]], "merge_d2": [[11.512925464970229, 6.140836300733212]], "argmin_dic": [[100000, 2]], "time_elapsed": 354.1222450733185}