{"exact_d1": [[11.512925464970229, 3.930717495701769]], "exact_d2": [[11.512925464970229, 7.594073477678441]], "over": [[11.512925464970229, 16.49905111186388]], "merge_d1": [[11.512925464970229, 4.18952674690933]], "merge_d2": [[11.512925464970229, 8.769522180533286]], "argmin_dic": [[100000, 2]], "time_elapsed": 260.85150504112244}