{"exact_d1": [[11.512925464970229, 3.8951267059495986]], "exact_d2": [[11.512925464970229, 6.89637044342424]], "over": [[11.512925464970229, 15.669305485467968]], "merge_d1": [[11.512925464970229, 4.340994178325012]], "merge_d2": [[11.512925464970229, 7.880298387338318]], "argmin_dic": [[100000, 2]], "time_elapsed": 449.89628076553345}