{"exact_d1": [[11.512925464970229, 3.9708359460880094]], "exact_d2": [[11.512925464970229, 7.764782116158808]], "over": [[11.512925464970229, 12.576090026482005]], "merge_d1": [[11.512925464970229, 4.269797507587569]], "merge_d2": [[11.512925464970229, 7.135907271583736]], "argmin_dic": [[100000, 2]], "time_elapsed": 174.44015407562256}