{"exact_d1": [[11.512925464970229, 3.950207047275756]], "exact_d2": [[11.512925464970229, 7.60774761736011]], "over": [[11.512925464970229, 12.224544896639998]], "merge_d1": [[11.512925464970229, 4.364110829345414]], "merge_d2": [[11.512925464970229, 7.991796617010589]], "argmin_dic": [[100000, 2]], "time_elapsed": 260.770227432251}