{"exact_d1": [[11.512925464970229, 3.76820935760671]], "exact_d2": [[11.512925464970229, 6.766588107477167]], "over": [[11.512925464970229, 12.647444905540114]], "merge_d1": [[11.512925464970229, 4.225954666798487]], "merge_d2": [[11.512925464970229, 7.144310444918615]], "argmin_dic": [[100000, 2]], "time_elapsed": 195.25889825820923}