{"exact_d1": [[11.512925464970229, 3.7888340176982673]], "exact_d2": [[11.512925464970229, 7.256953639916375]], "over": [[11.512925464970229, 10.232238977500902]], "merge_d1": [[11.512925464970229, 4.208305790034593]], "merge_d2": [[11.512925464970229, 6.588040128085605]], "argmin_dic": [[100000, 2]], "time_elapsed": 180.48653483390808}