{"exact_d1": [[11.512925464970229, 3.771893768706342]], "exact_d2": [[11.512925464970229, 6.4310407027307575]], "over": [[11.512925464970229, 10.025235824660161]], "merge_d1": [[11.512925464970229, 4.1582605907878465]], "merge_d2": [[11.512925464970229, 5.820112911721866]], "argmin_dic": [[100000, 2]], "time_elapsed": 189.07296514511108}