{"exact_d1": [[11.512925464970229, 3.7906380259918526]], "exact_d2": [[11.512925464970229, 7.185075291405043]], "over": [[11.512925464970229, 13.404891872982963]], "merge_d1": [[11.512925464970229, 4.294674680706894]], "merge_d2": [[11.512925464970229, 7.806286438951021]], "argmin_dic": [[100000, 2]], "time_elapsed": 147.81450510025024}