{"exact_d1": [[11.512925464970229, 3.798317434797103]], "exact_d2": [[11.512925464970229, 7.411958417062103]], "over": [[11.512925464970229, 12.575057354960746]], "merge_d1": [[11.512925464970229, 4.22212026699428]], "merge_d2": [[11.512925464970229, 6.825833450227634]], "argmin_dic": [[100000, 2]], "time_elapsed": 184.55949091911316}