{"exact_d1": [[11.512925464970229, 3.875193006073531]], "exact_d2": [[11.512925464970229, 6.789768508109521]], "over": [[11.512925464970229, 9.016680623534269]], "merge_d1": [[11.512925464970229, 4.324832843193075]], "merge_d2": [[11.512925464970229, 6.187258409450363]], "argmin_dic": [[100000, 2]], "time_elapsed": 489.04524517059326}