{"exact_d1": [[11.512925464970229, 3.950108969917019]], "exact_d2": [[11.512925464970229, 7.281198019196165]], "over": [[11.512925464970229, 14.121600063485554]], "merge_d1": [[11.512925464970229, 4.3384213769894275]], "merge_d2": [[11.512925464970229, 7.70765572458949]], "argmin_dic": [[100000, 2]], "time_elapsed": 281.124192237854}