{"exact_d1": [[11.512925464970229, 3.727009438782174]], "exact_d2": [[11.512925464970229, 6.406065783200997]], "over": [[11.512925464970229, 9.73046652734035]], "merge_d1": [[11.512925464970229, 4.107687549497585]], "merge_d2": [[11.512925464970229, 6.041907186457103]], "argmin_dic": [[100000, 2]], "time_elapsed": 144.8084123134613}