{"exact_d1": [[11.512925464970229, 3.74159902744748]], "exact_d2": [[11.512925464970229, 6.508657425024971]], "over": [[11.512925464970229, 9.779132176315631]], "merge_d1": [[11.512925464970229, 4.316396378808103]], "merge_d2": [[11.512925464970229, 6.659704651123482]], "argmin_dic": [[100000, 2]], "time_elapsed": 190.2104001045227}