{"exact_d1": [[11.512925464970229, 3.8547705690075578]], "exact_d2": [[11.512925464970229, 6.853698725866146]], "over": [[11.512925464970229, 10.074406674435672]], "merge_d1": [[11.512925464970229, 4.239376338464614]], "merge_d2": [[11.512925464970229, 6.656350030599035]], "argmin_dic": [[100000, 2]], "time_elapsed": 430.90890884399414}