{"exact_d1": [[11.512925464970229, 3.891977952117077]], "exact_d2": [[11.512925464970229, 7.391401744322373]], "over": [[11.512925464970229, 14.029175112759905]], "merge_d1": [[11.512925464970229, 4.283557774904703]], "merge_d2": [[11.512925464970229, 8.105707662209113]], "argmin_dic": [[100000, 2]], "time_elapsed": 225.496520280838}