{"exact_d1": [[11.512925464970229, 3.811739549320915]], "exact_d2": [[11.512925464970229, 6.7851326439742365]], "over": [[11.512925464970229, 12.031850827341074]], "merge_d1": [[11.512925464970229, 4.249075900587104]], "merge_d2": [[11.512925464970229, 7.0916063169296315]], "argmin_dic": [[100000, 2]], "time_elapsed": 241.3973879814148}