{"exact_d1": [[11.512925464970229, 3.946606250587779]], "exact_d2": [[11.512925464970229, 7.708626271376396]], "over": [[11.512925464970229, 16.535851002946266]], "merge_d1": [[11.512925464970229, 4.466366491702902]], "merge_d2": [[11.512925464970229, 8.98360711809245]], "argmin_dic": [[100000, 2]], "time_elapsed": 334.19060349464417}