{"exact_d1": [[11.512925464970229, 3.962355254029117]], "exact_d2": [[11.512925464970229, 7.660573175555067]], "over": [[11.512925464970229, 9.720517938842825]], "merge_d1": [[11.512925464970229, 4.202298343134929]], "merge_d2": [[11.512925464970229, 6.869288976845648]], "argmin_dic": [[100000, 2]], "time_elapsed": 319.52702260017395}