{"exact_d1": [[11.512925464970229, 3.7758093306189213]], "exact_d2": [[11.512925464970229, 7.069783334529974]], "over": [[11.512925464970229, 11.928138965878912]], "merge_d1": [[11.512925464970229, 4.236846942753865]], "merge_d2": [[11.512925464970229, 6.859946104301674]], "argmin_dic": [[100000, 2]], "time_elapsed": 197.37860226631165}