{"exact_d1": [[11.512925464970229, 3.7616320770384655]], "exact_d2": [[11.512925464970229, 7.012893510308284]], "over": [[11.512925464970229, 10.414979015004405]], "merge_d1": [[11.512925464970229, 4.2208412673969855]], "merge_d2": [[11.512925464970229, 6.836646755035579]], "argmin_dic": [[100000, 2]], "time_elapsed": 193.76597237586975}