{"exact_d1": [[11.512925464970229, 3.776677253956497]], "exact_d2": [[11.512925464970229, 6.43025958787507]], "over": [[11.512925464970229, 14.655380999456863]], "merge_d1": [[11.512925464970229, 4.05280876662578]], "merge_d2": [[11.512925464970229, 7.764164151466273]], "argmin_dic": [[100000, 2]], "time_elapsed": 244.97424721717834}