{"exact_d1": [[11.512925464970229, 3.883205437094839]], "exact_d2": [[11.512925464970229, 6.9884027175713115]], "over": [[11.512925464970229, 9.241453854857985]], "merge_d1": [[11.512925464970229, 4.36774567178161]], "merge_d2": [[11.512925464970229, 6.289303611849008]], "argmin_dic": [[100000, 2]], "time_elapsed": 363.60305070877075}