{"exact_d1": [[11.512925464970229, 3.7094318519541765]], "exact_d2": [[11.512925464970229, 6.618183279959065]], "over": [[11.512925464970229, 9.65291511494411]], "merge_d1": [[11.512925464970229, 4.20695498136668]], "merge_d2": [[11.512925464970229, 6.357113354375772]], "argmin_dic": [[100000, 2]], "time_elapsed": 163.39955592155457}