{"exact_d1": [[11.512925464970229, 3.7441807967789456]], "exact_d2": [[11.512925464970229, 6.708644691724333]], "over": [[11.512925464970229, 10.492155603715517]], "merge_d1": [[11.512925464970229, 4.362234571738645]], "merge_d2": [[11.512925464970229, 6.632255990393987]], "argmin_dic": [[100000, 2]], "time_elapsed": 229.16844177246094}