{"exact_d1": [[11.512925464970229, 3.8666527731364395]], "exact_d2": [[11.512925464970229, 6.8821570820060805]], "over": [[11.512925464970229, 11.014710316510312]], "merge_d1": [[11.512925464970229, 4.230854022174783]], "merge_d2": [[11.512925464970229, 6.699567595172196]], "argmin_dic": [[100000, 2]], "time_elapsed": 376.4580364227295}