{"exact_d1": [[11.512925464970229, 3.8987130948389126]], "exact_d2": [[11.512925464970229, 6.968986318905516]], "over": [[11.512925464970229, 10.148505741488243]], "merge_d1": [[11.512925464970229, 4.236795671246322]], "merge_d2": [[11.512925464970229, 6.282472827477737]], "argmin_dic": [[100000, 2]], "time_elapsed": 483.74544620513916}