{"exact_d1": [[11.512925464970229, 3.93952085768705]], "exact_d2": [[11.512925464970229, 7.311798109000422]], "over": [[11.512925464970229, 10.464540021587306]], "merge_d1": [[11.512925464970229, 4.337675489964363]], "merge_d2": [[11.512925464970229, 7.260062127307983]], "argmin_dic": [[100000, 2]], "time_elapsed": 241.95277094841003}