{"exact_d1": [[11.512925464970229, 3.755335720771719]], "exact_d2": [[11.512925464970229, 7.017018322933177]], "over": [[11.512925464970229, 12.498427903706862]], "merge_d1": [[11.512925464970229, 4.38266042405298]], "merge_d2": [[11.512925464970229, 7.857367266410045]], "argmin_dic": [[100000, 2]], "time_elapsed": 173.91541361808777}