{"exact_d1": [[11.512925464970229, 3.7140268102471743]], "exact_d2": [[11.512925464970229, 6.290278262667377]], "over": [[11.512925464970229, 14.590579276904034]], "merge_d1": [[11.512925464970229, 4.122837318891367]], "merge_d2": [[11.512925464970229, 7.957371098418938]], "argmin_dic": [[100000, 2]], "time_elapsed": 176.59734582901}