{"exact_d1": [[11.512925464970229, 3.7394400563945673]], "exact_d2": [[11.512925464970229, 6.466587393550101]], "over": [[11.512925464970229, 8.235087517474108]], "merge_d1": [[11.512925464970229, 4.222599135402877]], "merge_d2": [[11.512925464970229, 6.209108572112369]], "argmin_dic": [[100000, 2]], "time_elapsed": 442.31801867485046}