{"exact_d1": [[11.512925464970229, 3.9006213084844155]], "exact_d2": [[11.512925464970229, 7.214865320695275]], "over": [[11.512925464970229, 12.59437526873008]], "merge_d1": [[11.512925464970229, 4.239023557220827]], "merge_d2": [[11.512925464970229, 7.218131334068102]], "argmin_dic": [[100000, 2]], "time_elapsed": 177.04339289665222}