{"exact_d1": [[11.512925464970229, 3.9107199780632027]], "exact_d2": [[11.512925464970229, 8.037349229008733]], "over": [[11.512925464970229, 10.646701822477421]], "merge_d1": [[11.512925464970229, 4.339547017721048]], "merge_d2": [[11.512925464970229, 7.278859987685446]], "argmin_dic": [[100000, 2]], "time_elapsed": 433.6822898387909}