{"exact_d1": [[11.512925464970229, 3.785630669089729]], "exact_d2": [[11.512925464970229, 7.3475204239954985]], "over": [[11.512925464970229, 12.071229742586928]], "merge_d1": [[11.512925464970229, 4.197094361984989]], "merge_d2": [[11.512925464970229, 6.6486693411202245]], "argmin_dic": [[100000, 2]], "time_elapsed": 136.1689260005951}