{"exact_d1": [[11.512925464970229, 3.88072269079454]], "exact_d2": [[11.512925464970229, 6.975044399624435]], "over": [[11.512925464970229, 9.851355834913054]], "merge_d1": [[11.512925464970229, 4.390090128955416]], "merge_d2": [[11.512925464970229, 7.025923888072873]], "argmin_dic": [[100000, 2]], "time_elapsed": 416.9762008190155}