{"exact_d1": [[11.512925464970229, 3.775690205701199]], "exact_d2": [[11.512925464970229, 7.0071809671141985]], "over": [[11.512925464970229, 13.364629569814394]], "merge_d1": [[11.512925464970229, 4.306971672115952]], "merge_d2": [[11.512925464970229, 8.065879395262481]], "argmin_dic": [[100000, 2]], "time_elapsed": 213.19837403297424}