{"exact_d1": [[11.512925464970229, 3.7784471264569692]], "exact_d2": [[11.512925464970229, 6.669730676063663]], "over": [[11.512925464970229, 14.947021116385912]], "merge_d1": [[11.512925464970229, 4.0567932591722276]], "merge_d2": [[11.512925464970229, 8.024542861744782]], "argmin_dic": [[100000, 2]], "time_elapsed": 303.7328360080719}