{"exact_d1": [[11.512925464970229, 3.8465525950612705]], "exact_d2": [[11.512925464970229, 7.604075888992889]], "over": [[11.512925464970229, 16.147958955846505]], "merge_d1": [[11.512925464970229, 4.202928791055406]], "merge_d2": [[11.512925464970229, 8.486601506011125]], "argmin_dic": [[100000, 2]], "time_elapsed": 319.8218801021576}