{"exact_d1": [[11.512925464970229, 3.937654222545916]], "exact_d2": [[11.512925464970229, 7.52059696222479]], "over": [[11.512925464970229, 9.96182772326196]], "merge_d1": [[11.512925464970229, 4.229587353911851]], "merge_d2": [[11.512925464970229, 6.080995740659266]], "argmin_dic": [[100000, 2]], "time_elapsed": 249.8033730983734}