{"exact_d1": [[11.512925464970229, 3.757061935711702]], "exact_d2": [[11.512925464970229, 6.932802936444551]], "over": [[11.512925464970229, 12.92447062804314]], "merge_d1": [[11.512925464970229, 4.248422952529337]], "merge_d2": [[11.512925464970229, 7.119298971452523]], "argmin_dic": [[100000, 2]], "time_elapsed": 284.3200616836548}