{"exact_d1": [[11.512925464970229, 3.883403072139261]], "exact_d2": [[11.512925464970229, 7.049138461363789]], "over": [[11.512925464970229, 11.717573257341039]], "merge_d1": [[11.512925464970229, 4.268414698459808]], "merge_d2": [[11.512925464970229, 6.3992501524852985]], "argmin_dic": [[100000, 2]], "time_elapsed": 235.69792985916138}