{"exact_d1": [[11.512925464970229, 3.8569549572810145]], "exact_d2": [[11.512925464970229, 7.8668397028807036]], "over": [[11.512925464970229, 10.512719576823848]], "merge_d1": [[11.512925464970229, 4.231590586665813]], "merge_d2": [[11.512925464970229, 6.535716251184932]], "argmin_dic": [[100000, 2]], "time_elapsed": 169.89810228347778}