{"exact_d1": [[11.512925464970229, 3.801497806159789]], "exact_d2": [[11.512925464970229, 6.9047944949844355]], "over": [[11.512925464970229, 12.31074612644123]], "merge_d1": [[11.512925464970229, 4.3182213966873295]], "merge_d2": [[11.512925464970229, 7.512559742782962]], "argmin_dic": [[100000, 2]], "time_elapsed": 195.29085278511047}