{"exact_d1": [[11.512925464970229, 3.9010295446431607]], "exact_d2": [[11.512925464970229, 7.0204207499711275]], "over": [[11.512925464970229, 16.085055816626355]], "merge_d1": [[11.512925464970229, 4.3415227194322]], "merge_d2": [[11.512925464970229, 8.027232317285709]], "argmin_dic": [[100000, 2]], "time_elapsed": 291.6222577095032}