{"exact_d1": [[11.512925464970229, 3.7706788188141283]], "exact_d2": [[11.512925464970229, 6.2629826785396805]], "over": [[11.512925464970229, 9.769575442701258]], "merge_d1": [[11.512925464970229, 4.131696799887264]], "merge_d2": [[11.512925464970229, 5.945834392980976]], "argmin_dic": [[100000, 2]], "time_elapsed": 194.61006617546082}