{"exact_d1": [[11.512925464970229, 3.7644212564181525]], "exact_d2": [[11.512925464970229, 7.0771186303236355]], "over": [[11.512925464970229, 8.423376091394273]], "merge_d1": [[11.512925464970229, 4.149777199831816]], "merge_d2": [[11.512925464970229, 5.793900942910015]], "argmin_dic": [[100000, 2]], "time_elapsed": 176.55155205726624}