{"exact_d1": [[11.512925464970229, 3.791801229249295]], "exact_d2": [[11.512925464970229, 6.7358918418520455]], "over": [[11.512925464970229, 10.176817314092851]], "merge_d1": [[11.512925464970229, 4.33449127262717]], "merge_d2": [[11.512925464970229, 7.126436154636652]], "argmin_dic": [[100000, 2]], "time_elapsed": 223.39129853248596}