{"exact_d1": [[11.512925464970229, 3.8994785201522815]], "exact_d2": [[11.512925464970229, 7.0418100213936645]], "over": [[11.512925464970229, 12.317909321041922]], "merge_d1": [[11.512925464970229, 4.298773624143674]], "merge_d2": [[11.512925464970229, 8.1888279703443]], "argmin_dic": [[100000, 2]], "time_elapsed": 248.4737160205841}