{"exact_d1": [[11.512925464970229, 3.754158203684201]], "exact_d2": [[11.512925464970229, 6.722512462748337]], "over": [[11.512925464970229, 9.083334354736028]], "merge_d1": [[11.512925464970229, 4.242255519308013]], "merge_d2": [[11.512925464970229, 5.676899317678665]], "argmin_dic": [[100000, 2]], "time_elapsed": 485.5462408065796}