{"exact_d1": [[11.512925464970229, 3.7201437095648844]], "exact_d2": [[11.512925464970229, 6.879965312639844]], "over": [[11.512925464970229, 17.22275994472742]], "merge_d1": [[11.512925464970229, 4.209192134306735]], "merge_d2": [[11.512925464970229, 9.087919192187522]], "argmin_dic": [[100000, 2]], "time_elapsed": 233.26781296730042}