{"exact_d1": [[11.512925464970229, 3.943068154316747]], "exact_d2": [[11.512925464970229, 7.565373392673916]], "over": [[11.512925464970229, 8.970911278406312]], "merge_d1": [[11.512925464970229, 4.306390697270922]], "merge_d2": [[11.512925464970229, 6.194849342433215]], "argmin_dic": [[100000, 2]], "time_elapsed": 258.6757357120514}