{"exact_d1": [[11.512925464970229, 3.7774799481840518]], "exact_d2": [[11.512925464970229, 6.536103308148731]], "over": [[11.512925464970229, 11.12997614739899]], "merge_d1": [[11.512925464970229, 4.1203229851024545]], "merge_d2": [[11.512925464970229, 6.25100954383042]], "argmin_dic": [[100000, 2]], "time_elapsed": 368.64864921569824}