{"exact_d1": [[11.512925464970229, 3.8586179261076397]], "exact_d2": [[11.512925464970229, 8.224310183377472]], "over": [[11.512925464970229, 10.8077114762337]], "merge_d1": [[11.512925464970229, 4.218022807180672]], "merge_d2": [[11.512925464970229, 6.830555213067312]], "argmin_dic": [[100000, 2]], "time_elapsed": 305.43385100364685}