{"exact_d1": [[11.512925464970229, 3.761263448656958]], "exact_d2": [[11.512925464970229, 7.198081782339345]], "over": [[11.512925464970229, 12.558289040607608]], "merge_d1": [[11.512925464970229, 4.367636809285527]], "merge_d2": [[11.512925464970229, 7.033922712357022]], "argmin_dic": [[100000, 2]], "time_elapsed": 389.4054636955261}