{"exact_d1": [[11.512925464970229, 3.9010902516251944]], "exact_d2": [[11.512925464970229, 7.245752062996138]], "over": [[11.512925464970229, 11.730470209108914]], "merge_d1": [[11.512925464970229, 4.231991038078919]], "merge_d2": [[11.512925464970229, 6.44006995984809]], "argmin_dic": [[100000, 2]], "time_elapsed": 208.0797643661499}