{"exact_d1": [[11.512925464970229, 3.8053257155860067]], "exact_d2": [[11.512925464970229, 7.380772152752085]], "over": [[11.512925464970229, 11.578000248962672]], "merge_d1": [[11.512925464970229, 4.211738207451256]], "merge_d2": [[11.512925464970229, 6.073555975014401]], "argmin_dic": [[100000, 2]], "time_elapsed": 234.42159152030945}