{"exact_d1": [[11.512925464970229, 3.9064687304327963]], "exact_d2": [[11.512925464970229, 7.438237466758359]], "over": [[11.512925464970229, 9.923005217627475]], "merge_d1": [[11.512925464970229, 4.202689638244792]], "merge_d2": [[11.512925464970229, 7.179715662147684]], "argmin_dic": [[100000, 2]], "time_elapsed": 408.7023184299469}