{"exact_d1": [[11.512925464970229, 3.734076456886178]], "exact_d2": [[11.512925464970229, 6.791274383645532]], "over": [[11.512925464970229, 10.819606879313715]], "merge_d1": [[11.512925464970229, 4.325675569134667]], "merge_d2": [[11.512925464970229, 7.517353817715129]], "argmin_dic": [[100000, 2]], "time_elapsed": 221.02655577659607}