{"exact_d1": [[11.512925464970229, 3.9416418803487394]], "exact_d2": [[11.512925464970229, 7.367234026160021]], "over": [[11.512925464970229, 11.267239775630284]], "merge_d1": [[11.512925464970229, 4.185006850870372]], "merge_d2": [[11.512925464970229, 7.181677357166228]], "argmin_dic": [[100000, 2]], "time_elapsed": 345.87300086021423}