{"exact_d1": [[11.512925464970229, 3.792551903990124]], "exact_d2": [[11.512925464970229, 7.105852980065499]], "over": [[11.512925464970229, 13.365927762011294]], "merge_d1": [[11.512925464970229, 4.168778535142935]], "merge_d2": [[11.512925464970229, 7.071331461094678]], "argmin_dic": [[100000, 2]], "time_elapsed": 213.63871049880981}