{"exact_d1": [[11.512925464970229, 3.7290005221902445]], "exact_d2": [[11.512925464970229, 5.9485223688062865]], "over": [[11.512925464970229, 9.134103704839514]], "merge_d1": [[11.512925464970229, 4.124027160294078]], "merge_d2": [[11.512925464970229, 5.841234130063784]], "argmin_dic": [[100000, 2]], "time_elapsed": 176.02366185188293}