{"exact_d1": [[11.512925464970229, 3.7163314913117214]], "exact_d2": [[11.512925464970229, 6.201141946956487]], "over": [[11.512925464970229, 15.187908158554182]], "merge_d1": [[11.512925464970229, 4.17052662798127]], "merge_d2": [[11.512925464970229, 8.035144726463018]], "argmin_dic": [[100000, 2]], "time_elapsed": 220.16903972625732}