{"exact_d1": [[11.512925464970229, 3.8440060039532242]], "exact_d2": [[11.512925464970229, 6.639839144367545]], "over": [[11.512925464970229, 11.814768898935032]], "merge_d1": [[11.512925464970229, 4.21034639030068]], "merge_d2": [[11.512925464970229, 6.900272556756916]], "argmin_dic": [[100000, 2]], "time_elapsed": 229.15288424491882}