{"exact_d1": [[11.512925464970229, 3.819940939739936]], "exact_d2": [[11.512925464970229, 7.165212191770271]], "over": [[11.512925464970229, 10.390572722256822]], "merge_d1": [[11.512925464970229, 4.144582850512342]], "merge_d2": [[11.512925464970229, 5.6442712073207915]], "argmin_dic": [[100000, 2]], "time_elapsed": 404.12994289398193}