{"exact_d1": [[11.512925464970229, 3.770384640684709]], "exact_d2": [[11.512925464970229, 6.911421446366151]], "over": [[11.512925464970229, 8.406447790758165]], "merge_d1": [[11.512925464970229, 4.262410314284656]], "merge_d2": [[11.512925464970229, 6.261709253984623]], "argmin_dic": [[100000, 2]], "time_elapsed": 171.86093401908875}