{"exact_d1": [[11.512925464970229, 3.8950861567813284]], "exact_d2": [[11.512925464970229, 6.523889931058265]], "over": [[11.512925464970229, 10.37213774301713]], "merge_d1": [[11.512925464970229, 4.211399656238988]], "merge_d2": [[11.512925464970229, 6.282844471099589]], "argmin_dic": [[100000, 2]], "time_elapsed": 240.59960460662842}