{"exact_d1": [[11.512925464970229, 3.8585706444177803]], "exact_d2": [[11.512925464970229, 7.097358515144903]], "over": [[11.512925464970229, 10.14027130396428]], "merge_d1": [[11.512925464970229, 4.321232984594794]], "merge_d2": [[11.512925464970229, 6.8520636330428255]], "argmin_dic": [[100000, 2]], "time_elapsed": 407.37295627593994}