{"exact_d1": [[11.512925464970229, 3.9156018330834113]], "exact_d2": [[11.512925464970229, 6.921713693696862]], "over": [[11.512925464970229, 11.412278536056585]], "merge_d1": [[11.512925464970229, 4.219840012591378]], "merge_d2": [[11.512925464970229, 7.1935175926078125]], "argmin_dic": [[100000, 2]], "time_elapsed": 221.04987621307373}