{"exact_d1": [[11.512925464970229, 3.862385134487379]], "exact_d2": [[11.512925464970229, 6.794977315660664]], "over": [[11.512925464970229, 9.951640137181691]], "merge_d1": [[11.512925464970229, 4.196154570489345]], "merge_d2": [[11.512925464970229, 6.438012649946139]], "argmin_dic": [[100000, 2]], "time_elapsed": 220.86940240859985}