{"exact_d1": [[11.512925464970229, 3.75648069312779]], "exact_d2": [[11.512925464970229, 6.784115813610216]], "over": [[11.512925464970229, 8.892037516719554]], "merge_d1": [[11.512925464970229, 4.151762686115852]], "merge_d2": [[11.512925464970229, 5.881013750215545]], "argmin_dic": [[100000, 2]], "time_elapsed": 192.23797845840454}