{"exact_d1": [[11.512925464970229, 3.671513216695365]], "exact_d2": [[11.512925464970229, 6.126424938980766]], "over": [[11.512925464970229, 10.536019230333737]], "merge_d1": [[11.512925464970229, 4.230448373063916]], "merge_d2": [[11.512925464970229, 6.447551463047401]], "argmin_dic": [[100000, 2]], "time_elapsed": 397.21486353874207}