{"exact_d1": [[11.512925464970229, 3.730510689730323]], "exact_d2": [[11.512925464970229, 6.60882995887024]], "over": [[11.512925464970229, 11.30775067697699]], "merge_d1": [[11.512925464970229, 4.182583887364884]], "merge_d2": [[11.512925464970229, 7.0535145640082995]], "argmin_dic": [[100000, 2]], "time_elapsed": 262.2360694408417}