{"exact_d1": [[11.512925464970229, 3.7618947961000684]], "exact_d2": [[11.512925464970229, 6.799013680977694]], "over": [[11.512925464970229, 11.053482828375207]], "merge_d1": [[11.512925464970229, 4.291159846797587]], "merge_d2": [[11.512925464970229, 7.00406288724538]], "argmin_dic": [[100000, 2]], "time_elapsed": 302.20388078689575}