{"exact_d1": [[11.512925464970229, 3.795666555615718]], "exact_d2": [[11.512925464970229, 7.490775976575651]], "over": [[11.512925464970229, 9.995922815152925]], "merge_d1": [[11.512925464970229, 4.113324538584752]], "merge_d2": [[11.512925464970229, 6.340512451360398]], "argmin_dic": [[100000, 2]], "time_elapsed": 293.11755990982056}