{"exact_d1": [[11.512925464970229, 3.759873727052633]], "exact_d2": [[11.512925464970229, 7.028339649531957]], "over": [[11.512925464970229, 14.539122130543692]], "merge_d1": [[11.512925464970229, 4.2058900379923205]], "merge_d2": [[11.512925464970229, 7.326163657532175]], "argmin_dic": [[100000, 2]], "time_elapsed": 222.7546808719635}