{"exact_d1": [[11.512925464970229, 3.8780818437254556]], "exact_d2": [[11.512925464970229, 7.259060960038228]], "over": [[11.512925464970229, 12.269212673258119]], "merge_d1": [[11.512925464970229, 4.284766653980942]], "merge_d2": [[11.512925464970229, 8.062768675849451]], "argmin_dic": [[100000, 2]], "time_elapsed": 635.7225365638733}