{"exact_d1": [[11.512925464970229, 3.8165326713472534]], "exact_d2": [[11.512925464970229, 7.467813442080606]], "over": [[11.512925464970229, 13.741941935018197]], "merge_d1": [[11.512925464970229, 4.286981112296136]], "merge_d2": [[11.512925464970229, 7.597816512120716]], "argmin_dic": [[100000, 2]], "time_elapsed": 280.7207293510437}