{"exact_d1": [[11.512925464970229, 3.879000301434406]], "exact_d2": [[11.512925464970229, 7.072809807191102]], "over": [[11.512925464970229, 14.136455143049517]], "merge_d1": [[11.512925464970229, 4.3175094297832075]], "merge_d2": [[11.512925464970229, 8.390612348883593]], "argmin_dic": [[100000, 2]], "time_elapsed": 466.4365441799164}