{"exact_d1": [[11.512925464970229, 3.8838596066133566]], "exact_d2": [[11.512925464970229, 7.172420757840702]], "over": [[11.512925464970229, 9.878364577263325]], "merge_d1": [[11.512925464970229, 4.2519460898756725]], "merge_d2": [[11.512925464970229, 5.853502371484058]], "argmin_dic": [[100000, 2]], "time_elapsed": 235.2474241256714}