{"exact_d1": [[11.512925464970229, 3.7259119333570934]], "exact_d2": [[11.512925464970229, 6.535225966627246]], "over": [[11.512925464970229, 15.659101655056798]], "merge_d1": [[11.512925464970229, 4.173493090410169]], "merge_d2": [[11.512925464970229, 8.246978302316093]], "argmin_dic": [[100000, 2]], "time_elapsed": 199.33553433418274}