{"exact_d1": [[11.512925464970229, 3.7272366282055116]], "exact_d2": [[11.512925464970229, 6.75231866489649]], "over": [[11.512925464970229, 9.824888932242224]], "merge_d1": [[11.512925464970229, 4.140417259718725]], "merge_d2": [[11.512925464970229, 6.564554864960328]], "argmin_dic": [[100000, 2]], "time_elapsed": 191.76479077339172}