{"exact_d1": [[11.512925464970229, 3.7465352673953554]], "exact_d2": [[11.512925464970229, 5.8772816359587745]], "over": [[11.512925464970229, 7.872200095197036]], "merge_d1": [[11.512925464970229, 4.283536012999164]], "merge_d2": [[11.512925464970229, 5.945753478610299]], "argmin_dic": [[100000, 2]], "time_elapsed": 363.3486099243164}