{"exact_d1": [[11.512925464970229, 3.8282434082629098]], "exact_d2": [[11.512925464970229, 7.5733030810461734]], "over": [[11.512925464970229, 8.947387847707542]], "merge_d1": [[11.512925464970229, 4.374663657764814]], "merge_d2": [[11.512925464970229, 6.27688742821386]], "argmin_dic": [[100000, 2]], "time_elapsed": 302.59441018104553}