{"exact_d1": [[11.512925464970229, 3.833433871090415]], "exact_d2": [[11.512925464970229, 7.036945531842237]], "over": [[11.512925464970229, 9.551262836015798]], "merge_d1": [[11.512925464970229, 4.187117266055974]], "merge_d2": [[11.512925464970229, 6.056853317438035]], "argmin_dic": [[100000, 2]], "time_elapsed": 268.1759355068207}