{"exact_d1": [[11.512925464970229, 3.953614615004369]], "exact_d2": [[11.512925464970229, 8.140422836383173]], "over": [[11.512925464970229, 14.77208285030043]], "merge_d1": [[11.512925464970229, 4.229456421486957]], "merge_d2": [[11.512925464970229, 7.485112291516313]], "argmin_dic": [[100000, 2]], "time_elapsed": 412.7314484119415}