{"exact_d1": [[11.512925464970229, 3.93728612357038]], "exact_d2": [[11.512925464970229, 7.460136865408652]], "over": [[11.512925464970229, 9.282655642421325]], "merge_d1": [[11.512925464970229, 4.147918255776986]], "merge_d2": [[11.512925464970229, 5.947363274069503]], "argmin_dic": [[100000, 2]], "time_elapsed": 345.3122453689575}