{"exact_d1": [[11.512925464970229, 3.7873600649808323]], "exact_d2": [[11.512925464970229, 7.161173683844807]], "over": [[11.512925464970229, 11.169552702840436]], "merge_d1": [[11.512925464970229, 4.224931324421095]], "merge_d2": [[11.512925464970229, 6.40780413126271]], "argmin_dic": [[100000, 2]], "time_elapsed": 188.08727025985718}