{"exact_d1": [[11.512925464970229, 3.793310853932248]], "exact_d2": [[11.512925464970229, 7.167402701470419]], "over": [[11.512925464970229, 9.40118521808983]], "merge_d1": [[11.512925464970229, 4.165354762869017]], "merge_d2": [[11.512925464970229, 6.405664808650403]], "argmin_dic": [[100000, 2]], "time_elapsed": 180.60669875144958}