{"exact_d1": [[11.512925464970229, 3.929120434515935]], "exact_d2": [[11.512925464970229, 6.940461111476887]], "over": [[11.512925464970229, 9.490459555510522]], "merge_d1": [[11.512925464970229, 4.372605617442911]], "merge_d2": [[11.512925464970229, 6.335439725983733]], "argmin_dic": [[100000, 2]], "time_elapsed": 445.549067735672}