{"exact_d1": [[11.512925464970229, 3.9194019073482766]], "exact_d2": [[11.512925464970229, 7.2181915771891285]], "over": [[11.512925464970229, 9.140067036854678]], "merge_d1": [[11.512925464970229, 4.284785865497682]], "merge_d2": [[11.512925464970229, 6.421688565152794]], "argmin_dic": [[100000, 2]], "time_elapsed": 431.9685137271881}