{"exact_d1": [[11.512925464970229, 3.7761506090081194]], "exact_d2": [[11.512925464970229, 6.20014158524284]], "over": [[11.512925464970229, 10.327798717052277]], "merge_d1": [[11.512925464970229, 4.302064657373982]], "merge_d2": [[11.512925464970229, 6.627074206643642]], "argmin_dic": [[100000, 2]], "time_elapsed": 316.6779832839966}