{"exact_d1": [[11.512925464970229, 3.7549382346735185]], "exact_d2": [[11.512925464970229, 6.650231778471943]], "over": [[11.512925464970229, 11.606938509165486]], "merge_d1": [[11.512925464970229, 4.201576341224195]], "merge_d2": [[11.512925464970229, 6.838140559351707]], "argmin_dic": [[100000, 2]], "time_elapsed": 171.64240646362305}