{"exact_d1": [[11.512925464970229, 3.9194697442578312]], "exact_d2": [[11.512925464970229, 7.3691825107377635]], "over": [[11.512925464970229, 10.18772847162617]], "merge_d1": [[11.512925464970229, 4.323171867148479]], "merge_d2": [[11.512925464970229, 6.778729718472676]], "argmin_dic": [[100000, 2]], "time_elapsed": 242.1679208278656}