{"exact_d1": [[11.512925464970229, 3.882494417912471]], "exact_d2": [[11.512925464970229, 7.296885277955713]], "over": [[11.512925464970229, 10.987204460360987]], "merge_d1": [[11.512925464970229, 4.295470335940382]], "merge_d2": [[11.512925464970229, 7.5654333070954625]], "argmin_dic": [[100000, 2]], "time_elapsed": 438.56957936286926}