{"exact_d1": [[11.512925464970229, 3.9684518351284623]], "exact_d2": [[11.512925464970229, 7.9065039739994]], "over": [[11.512925464970229, 11.254936148131806]], "merge_d1": [[11.512925464970229, 4.126327251188778]], "merge_d2": [[11.512925464970229, 7.0848931773095245]], "argmin_dic": [[100000, 2]], "time_elapsed": 261.5253667831421}