{"exact_d1": [[11.512925464970229, 3.868777669237531]], "exact_d2": [[11.512925464970229, 7.117727674204738]], "over": [[11.512925464970229, 9.599294824243044]], "merge_d1": [[11.512925464970229, 4.331623337217009]], "merge_d2": [[11.512925464970229, 6.992561852288663]], "argmin_dic": [[100000, 2]], "time_elapsed": 187.5764389038086}