{"exact_d1": [[11.512925464970229, 3.890679580591897]], "exact_d2": [[11.512925464970229, 7.338975694557549]], "over": [[11.512925464970229, 12.136243439564655]], "merge_d1": [[11.512925464970229, 4.213521886115147]], "merge_d2": [[11.512925464970229, 6.579770864708658]], "argmin_dic": [[100000, 2]], "time_elapsed": 224.12121438980103}