{"exact_d1": [[11.512925464970229, 3.6988878432577907]], "exact_d2": [[11.512925464970229, 6.294958136973567]], "over": [[11.512925464970229, 10.038278058588906]], "merge_d1": [[11.512925464970229, 4.207443151613154]], "merge_d2": [[11.512925464970229, 6.212531554743345]], "argmin_dic": [[100000, 2]], "time_elapsed": 348.921906709671}