{"exact_d1": [[11.512925464970229, 3.891632903383209]], "exact_d2": [[11.512925464970229, 7.695552890879688]], "over": [[11.512925464970229, 11.240711117711982]], "merge_d1": [[11.512925464970229, 4.212595130082669]], "merge_d2": [[11.512925464970229, 6.474052061000479]], "argmin_dic": [[100000, 2]], "time_elapsed": 242.9166955947876}