{"exact_d1": [[11.512925464970229, 3.722811223083625]], "exact_d2": [[11.512925464970229, 6.863533720122316]], "over": [[11.512925464970229, 10.009683922654077]], "merge_d1": [[11.512925464970229, 4.2539013135631585]], "merge_d2": [[11.512925464970229, 6.659341866460298]], "argmin_dic": [[100000, 2]], "time_elapsed": 293.85834193229675}