{"exact_d1": [[11.512925464970229, 3.9128532820952735]], "exact_d2": [[11.512925464970229, 7.000459551976689]], "over": [[11.512925464970229, 12.978907494770908]], "merge_d1": [[11.512925464970229, 4.253732330060013]], "merge_d2": [[11.512925464970229, 6.990311241403411]], "argmin_dic": [[100000, 2]], "time_elapsed": 240.0104055404663}