{"exact_d1": [[11.512925464970229, 3.818686597779814]], "exact_d2": [[11.512925464970229, 7.661518944374688]], "over": [[11.512925464970229, 11.239255869713547]], "merge_d1": [[11.512925464970229, 4.2081691049662195]], "merge_d2": [[11.512925464970229, 6.732919952446626]], "argmin_dic": [[100000, 2]], "time_elapsed": 311.6271319389343}