{"exact_d1": [[11.512925464970229, 3.722207820489729]], "exact_d2": [[11.512925464970229, 6.459764831246474]], "over": [[11.512925464970229, 9.895889544669547]], "merge_d1": [[11.512925464970229, 4.24480739601484]], "merge_d2": [[11.512925464970229, 6.679102754824269]], "argmin_dic": [[100000, 2]], "time_elapsed": 197.7617847919464}