{"exact_d1": [[11.512925464970229, 3.8752797018795992]], "exact_d2": [[11.512925464970229, 6.7636615586466755]], "over": [[11.512925464970229, 11.02404238683266]], "merge_d1": [[11.512925464970229, 4.209427881274923]], "merge_d2": [[11.512925464970229, 7.133188897217969]], "argmin_dic": [[100000, 2]], "time_elapsed": 370.8328413963318}