{"exact_d1": [[11.512925464970229, 3.7722755947987743]], "exact_d2": [[11.512925464970229, 7.077556485586545]], "over": [[11.512925464970229, 9.57543075078013]], "merge_d1": [[11.512925464970229, 4.255768584778719]], "merge_d2": [[11.512925464970229, 6.533645156629283]], "argmin_dic": [[100000, 2]], "time_elapsed": 210.8886113166809}