{"exact_d1": [[11.512925464970229, 3.7486321414847805]], "exact_d2": [[11.512925464970229, 7.03267574701691]], "over": [[11.512925464970229, 11.313799799168859]], "merge_d1": [[11.512925464970229, 4.242992644137152]], "merge_d2": [[11.512925464970229, 6.933065754290927]], "argmin_dic": [[100000, 2]], "time_elapsed": 329.30064630508423}