{"exact_d1": [[11.512925464970229, 3.694659383420314]], "exact_d2": [[11.512925464970229, 6.3155685318193475]], "over": [[11.512925464970229, 8.640449028151759]], "merge_d1": [[11.512925464970229, 4.271491682382449]], "merge_d2": [[11.512925464970229, 5.972586560856915]], "argmin_dic": [[100000, 2]], "time_elapsed": 333.1591124534607}