{"exact_d1": [[11.512925464970229, 3.712401697246387]], "exact_d2": [[11.512925464970229, 6.4066515255609175]], "over": [[11.512925464970229, 9.510233440288484]], "merge_d1": [[11.512925464970229, 4.229795733571502]], "merge_d2": [[11.512925464970229, 6.519370627628231]], "argmin_dic": [[100000, 2]], "time_elapsed": 285.1491358280182}