{"exact_d1": [[11.512925464970229, 3.885248402908233]], "exact_d2": [[11.512925464970229, 6.699451544270014]], "over": [[11.512925464970229, 12.048825199229311]], "merge_d1": [[11.512925464970229, 4.24937542663565]], "merge_d2": [[11.512925464970229, 6.743263559651783]], "argmin_dic": [[100000, 2]], "time_elapsed": 457.3792507648468}