{"exact_d1": [[11.512925464970229, 3.8383056570067993]], "exact_d2": [[11.512925464970229, 6.619482320026236]], "over": [[11.512925464970229, 10.640206964835109]], "merge_d1": [[11.512925464970229, 4.283669468134769]], "merge_d2": [[11.512925464970229, 7.257834897458761]], "argmin_dic": [[100000, 2]], "time_elapsed": 251.74089884757996}