{"exact_d1": [[11.512925464970229, 3.962962927680195]], "exact_d2": [[11.512925464970229, 7.369099935745539]], "over": [[11.512925464970229, 8.470870720486182]], "merge_d1": [[11.512925464970229, 4.165082026195657]], "merge_d2": [[11.512925464970229, 5.798263773461495]], "argmin_dic": [[100000, 2]], "time_elapsed": 248.80121874809265}