{"exact_d1": [[11.512925464970229, 3.893645925981349]], "exact_d2": [[11.512925464970229, 6.652866345849487]], "over": [[11.512925464970229, 10.198527732248321]], "merge_d1": [[11.512925464970229, 4.211578912302629]], "merge_d2": [[11.512925464970229, 6.2772940993464506]], "argmin_dic": [[100000, 2]], "time_elapsed": 209.77615094184875}