{"exact_d1": [[11.512925464970229, 3.9334016401489875]], "exact_d2": [[11.512925464970229, 7.228761732287734]], "over": [[11.512925464970229, 13.390593076926729]], "merge_d1": [[11.512925464970229, 4.246852818568016]], "merge_d2": [[11.512925464970229, 7.214782716622782]], "argmin_dic": [[100000, 2]], "time_elapsed": 241.88797569274902}