{"exact_d1": [[11.512925464970229, 3.9292777847577565]], "exact_d2": [[11.512925464970229, 7.14539642707136]], "over": [[11.512925464970229, 9.384902665799482]], "merge_d1": [[11.512925464970229, 4.196218580478936]], "merge_d2": [[11.512925464970229, 5.933766575301334]], "argmin_dic": [[100000, 2]], "time_elapsed": 356.73544478416443}