{"exact_d1": [[11.512925464970229, 3.958742590237304]], "exact_d2": [[11.512925464970229, 7.4673132725258355]], "over": [[11.512925464970229, 9.148816297991642]], "merge_d1": [[11.512925464970229, 4.366159065860144]], "merge_d2": [[11.512925464970229, 6.980815700125497]], "argmin_dic": [[100000, 2]], "time_elapsed": 441.33895349502563}