{"exact_d1": [[11.512925464970229, 3.7814722043144937]], "exact_d2": [[11.512925464970229, 7.008412777954731]], "over": [[11.512925464970229, 10.002528177085344]], "merge_d1": [[11.512925464970229, 4.299923491248463]], "merge_d2": [[11.512925464970229, 6.857401516891481]], "argmin_dic": [[100000, 2]], "time_elapsed": 263.38089966773987}