{"exact_d1": [[11.512925464970229, 3.761510203907916]], "exact_d2": [[11.512925464970229, 6.816078183242986]], "over": [[11.512925464970229, 9.260120204253159]], "merge_d1": [[11.512925464970229, 4.198584672267833]], "merge_d2": [[11.512925464970229, 5.892275006486275]], "argmin_dic": [[100000, 2]], "time_elapsed": 185.039457321167}