{"exact_d1": [[11.512925464970229, 3.9066300825124847]], "exact_d2": [[11.512925464970229, 7.537825569314311]], "over": [[11.512925464970229, 11.523747183645169]], "merge_d1": [[11.512925464970229, 4.190253142887377]], "merge_d2": [[11.512925464970229, 7.261098423944655]], "argmin_dic": [[100000, 2]], "time_elapsed": 196.0102858543396}