{"exact_d1": [[11.512925464970229, 3.916653477245477]], "exact_d2": [[11.512925464970229, 7.445250373558436]], "over": [[11.512925464970229, 17.594337477483098]], "merge_d1": [[11.512925464970229, 4.3348790402689845]], "merge_d2": [[11.512925464970229, 9.187140258707032]], "argmin_dic": [[100000, 2]], "time_elapsed": 478.8182566165924}