{"exact_d1": [[11.512925464970229, 3.966690435476469]], "exact_d2": [[11.512925464970229, 7.911846210281117]], "over": [[11.512925464970229, 11.02119210442692]], "merge_d1": [[11.512925464970229, 4.283259608539487]], "merge_d2": [[11.512925464970229, 6.836339830468419]], "argmin_dic": [[100000, 2]], "time_elapsed": 511.4222536087036}