{"exact_d1": [[11.512925464970229, 3.7884241404631736]], "exact_d2": [[11.512925464970229, 7.330259124979067]], "over": [[11.512925464970229, 12.569326406027857]], "merge_d1": [[11.512925464970229, 4.336210590417982]], "merge_d2": [[11.512925464970229, 8.01548698667142]], "argmin_dic": [[100000, 2]], "time_elapsed": 390.20046615600586}