{"exact_d1": [[11.512925464970229, 3.752188237652399]], "exact_d2": [[11.512925464970229, 6.770726718542097]], "over": [[11.512925464970229, 9.695582527568472]], "merge_d1": [[11.512925464970229, 4.144049065504537]], "merge_d2": [[11.512925464970229, 6.420966099946058]], "argmin_dic": [[100000, 2]], "time_elapsed": 331.1103661060333}