{"exact_d1": [[11.512925464970229, 3.796529400394514]], "exact_d2": [[11.512925464970229, 6.760992505834468]], "over": [[11.512925464970229, 10.338266280262674]], "merge_d1": [[11.512925464970229, 4.314541087225681]], "merge_d2": [[11.512925464970229, 7.2031837631254]], "argmin_dic": [[100000, 2]], "time_elapsed": 256.0389988422394}