{"exact_d1": [[11.512925464970229, 3.893328906769715]], "exact_d2": [[11.512925464970229, 6.749190787279519]], "over": [[11.512925464970229, 13.112635579954592]], "merge_d1": [[11.512925464970229, 4.314666298536437]], "merge_d2": [[11.512925464970229, 7.646451033804874]], "argmin_dic": [[100000, 2]], "time_elapsed": 427.77401518821716}