{"exact_d1": [[11.512925464970229, 3.7342281123892715]], "exact_d2": [[11.512925464970229, 6.557918555880785]], "over": [[11.512925464970229, 10.309194943072573]], "merge_d1": [[11.512925464970229, 4.23006878418581]], "merge_d2": [[11.512925464970229, 6.480805816414774]], "argmin_dic": [[100000, 2]], "time_elapsed": 170.8753113746643}