{"exact_d1": [[11.512925464970229, 3.7399536055174387]], "exact_d2": [[11.512925464970229, 6.112855569912663]], "over": [[11.512925464970229, 10.402179400960275]], "merge_d1": [[11.512925464970229, 4.217029489396395]], "merge_d2": [[11.512925464970229, 6.439536637202926]], "argmin_dic": [[100000, 2]], "time_elapsed": 177.71849870681763}