{"exact_d1": [[11.512925464970229, 3.7333187675688224]], "exact_d2": [[11.512925464970229, 6.593461599689637]], "over": [[11.512925464970229, 11.714745980712575]], "merge_d1": [[11.512925464970229, 4.260932597655589]], "merge_d2": [[11.512925464970229, 6.980969098361029]], "argmin_dic": [[100000, 2]], "time_elapsed": 160.84729075431824}