{"exact_d1": [[11.512925464970229, 3.924447823403234]], "exact_d2": [[11.512925464970229, 6.941088186866837]], "over": [[11.512925464970229, 9.847919397448763]], "merge_d1": [[11.512925464970229, 4.1299932734903715]], "merge_d2": [[11.512925464970229, 6.125188479253181]], "argmin_dic": [[100000, 2]], "time_elapsed": 226.99443697929382}