{"exact_d1": [[11.512925464970229, 3.722911481541054]], "exact_d2": [[11.512925464970229, 6.379043805765057]], "over": [[11.512925464970229, 9.474601876984716]], "merge_d1": [[11.512925464970229, 4.250791752030005]], "merge_d2": [[11.512925464970229, 6.159032342638568]], "argmin_dic": [[100000, 2]], "time_elapsed": 188.02843618392944}