{"exact_d1": [[11.512925464970229, 3.8562189876475235]], "exact_d2": [[11.512925464970229, 6.658763022796022]], "over": [[11.512925464970229, 16.677355873538826]], "merge_d1": [[11.512925464970229, 4.338814039058565]], "merge_d2": [[11.512925464970229, 8.360318360220846]], "argmin_dic": [[100000, 2]], "time_elapsed": 506.4273908138275}