{"exact_d1": [[11.512925464970229, 3.8079853444750795]], "exact_d2": [[11.512925464970229, 7.358696205939178]], "over": [[11.512925464970229, 12.684102859856019]], "merge_d1": [[11.512925464970229, 4.246853608534095]], "merge_d2": [[11.512925464970229, 7.113297543090632]], "argmin_dic": [[100000, 2]], "time_elapsed": 360.59309697151184}