{"exact_d1": [[11.512925464970229, 3.9323289733014146]], "exact_d2": [[11.512925464970229, 7.358303308509839]], "over": [[11.512925464970229, 12.24378124173568]], "merge_d1": [[11.512925464970229, 4.24453944843735]], "merge_d2": [[11.512925464970229, 7.245057291117961]], "argmin_dic": [[100000, 2]], "time_elapsed": 392.5947027206421}