{"exact_d1": [[11.512925464970229, 3.7732470156069544]], "exact_d2": [[11.512925464970229, 7.296516978320766]], "over": [[11.512925464970229, 10.861415566960614]], "merge_d1": [[11.512925464970229, 4.194700581665478]], "merge_d2": [[11.512925464970229, 6.584705217920066]], "argmin_dic": [[100000, 2]], "time_elapsed": 329.71046471595764}