{"exact_d1": [[11.512925464970229, 3.846917119318543]], "exact_d2": [[11.512925464970229, 6.957448761356154]], "over": [[11.512925464970229, 13.353446198134042]], "merge_d1": [[11.512925464970229, 4.2850031378966325]], "merge_d2": [[11.512925464970229, 7.589903645791394]], "argmin_dic": [[100000, 2]], "time_elapsed": 252.40164923667908}