{"exact_d1": [[11.512925464970229, 3.735805358242249]], "exact_d2": [[11.512925464970229, 6.632269967745421]], "over": [[11.512925464970229, 9.054563768126611]], "merge_d1": [[11.512925464970229, 4.318948298760638]], "merge_d2": [[11.512925464970229, 6.3085319326042155]], "argmin_dic": [[100000, 2]], "time_elapsed": 344.0284285545349}