{"exact_d1": [[11.512925464970229, 3.9225092312822505]], "exact_d2": [[11.512925464970229, 7.5295619942747445]], "over": [[11.512925464970229, 15.44171392662788]], "merge_d1": [[11.512925464970229, 4.045629459899795]], "merge_d2": [[11.512925464970229, 8.137918557248158]], "argmin_dic": [[100000, 2]], "time_elapsed": 533.5277414321899}