{"exact_d1": [[11.512925464970229, 3.845936965862868]], "exact_d2": [[11.512925464970229, 6.596415995675594]], "over": [[11.512925464970229, 10.148111782633073]], "merge_d1": [[11.512925464970229, 4.279404646663618]], "merge_d2": [[11.512925464970229, 7.099457781136003]], "argmin_dic": [[100000, 2]], "time_elapsed": 233.87725591659546}