{"exact_d1": [[11.512925464970229, 3.8480927420602846]], "exact_d2": [[11.512925464970229, 7.132908553967686]], "over": [[11.512925464970229, 15.636925071728626]], "merge_d1": [[11.512925464970229, 4.37460943484601]], "merge_d2": [[11.512925464970229, 8.651324901941365]], "argmin_dic": [[100000, 2]], "time_elapsed": 316.253853559494}