{"exact_d1": [[11.512925464970229, 3.950818678782124]], "exact_d2": [[11.512925464970229, 7.725521331832774]], "over": [[11.512925464970229, 9.417693108155522]], "merge_d1": [[11.512925464970229, 4.332246192818232]], "merge_d2": [[11.512925464970229, 6.327683407857582]], "argmin_dic": [[100000, 2]], "time_elapsed": 481.0267140865326}