{"exact_d1": [[11.512925464970229, 3.899034672055364]], "exact_d2": [[11.512925464970229, 7.153159152916784]], "over": [[11.512925464970229, 11.154056761428512]], "merge_d1": [[11.512925464970229, 4.225840048226484]], "merge_d2": [[11.512925464970229, 6.755010149604166]], "argmin_dic": [[100000, 2]], "time_elapsed": 376.34704422950745}