{"exact_d1": [[11.512925464970229, 3.813771779925923]], "exact_d2": [[11.512925464970229, 7.1949962230701585]], "over": [[11.512925464970229, 10.839619032040245]], "merge_d1": [[11.512925464970229, 4.1847736526288175]], "merge_d2": [[11.512925464970229, 6.978130713043659]], "argmin_dic": [[100000, 2]], "time_elapsed": 179.5180163383484}