{"exact_d1": [[11.512925464970229, 3.7733506516363624]], "exact_d2": [[11.512925464970229, 7.138624324814157]], "over": [[11.512925464970229, 10.370612503189921]], "merge_d1": [[11.512925464970229, 4.261793105793081]], "merge_d2": [[11.512925464970229, 6.4412833568920975]], "argmin_dic": [[100000, 2]], "time_elapsed": 218.28532719612122}