{"exact_d1": [[11.512925464970229, 3.795300778908887]], "exact_d2": [[11.512925464970229, 7.206724976902613]], "over": [[11.512925464970229, 11.66837769529986]], "merge_d1": [[11.512925464970229, 4.2033527779591715]], "merge_d2": [[11.512925464970229, 6.836395916341368]], "argmin_dic": [[100000, 2]], "time_elapsed": 152.50927925109863}