{"exact_d1": [[11.512925464970229, 3.933372858477426]], "exact_d2": [[11.512925464970229, 7.303813563578367]], "over": [[11.512925464970229, 11.642296465753564]], "merge_d1": [[11.512925464970229, 4.312578371938613]], "merge_d2": [[11.512925464970229, 6.523287397171116]], "argmin_dic": [[100000, 2]], "time_elapsed": 186.45703601837158}