{"exact_d1": [[11.512925464970229, 3.769206898022805]], "exact_d2": [[11.512925464970229, 6.7506271692583475]], "over": [[11.512925464970229, 12.541220217520454]], "merge_d1": [[11.512925464970229, 4.240411382508035]], "merge_d2": [[11.512925464970229, 6.967080989890551]], "argmin_dic": [[100000, 2]], "time_elapsed": 154.45445561408997}