{"exact_d1": [[11.512925464970229, 3.9181467566987203]], "exact_d2": [[11.512925464970229, 7.497181171520689]], "over": [[11.512925464970229, 12.457223239658326]], "merge_d1": [[11.512925464970229, 4.198636532848565]], "merge_d2": [[11.512925464970229, 7.0052179092312485]], "argmin_dic": [[100000, 2]], "time_elapsed": 358.3905794620514}