{"exact_d1": [[11.512925464970229, 3.8558503400786637]], "exact_d2": [[11.512925464970229, 6.849202754919027]], "over": [[11.512925464970229, 11.249429434953562]], "merge_d1": [[11.512925464970229, 4.235556808377888]], "merge_d2": [[11.512925464970229, 6.940585693448498]], "argmin_dic": [[100000, 2]], "time_elapsed": 209.37199354171753}