{"exact_d1": [[11.512925464970229, 3.8419345192100782]], "exact_d2": [[11.512925464970229, 6.774872775701135]], "over": [[11.512925464970229, 17.23524988096363]], "merge_d1": [[11.512925464970229, 4.15807924426624]], "merge_d2": [[11.512925464970229, 9.167767861882364]], "argmin_dic": [[100000, 2]], "time_elapsed": 356.43808484077454}