{"exact_d1": [[11.512925464970229, 3.790951999262184]], "exact_d2": [[11.512925464970229, 7.140908281291662]], "over": [[11.512925464970229, 10.375420486014866]], "merge_d1": [[11.512925464970229, 4.261632117518322]], "merge_d2": [[11.512925464970229, 7.078738886038096]], "argmin_dic": [[100000, 2]], "time_elapsed": 252.5867428779602}