{"exact_d1": [[11.512925464970229, 3.828632910468855]], "exact_d2": [[11.512925464970229, 6.401612073716426]], "over": [[11.512925464970229, 9.737323266712531]], "merge_d1": [[11.512925464970229, 4.152741622699232]], "merge_d2": [[11.512925464970229, 6.388919844483348]], "argmin_dic": [[100000, 2]], "time_elapsed": 433.4721140861511}