{"exact_d1": [[11.512925464970229, 3.7039023921410053]], "exact_d2": [[11.512925464970229, 6.211915069338349]], "over": [[11.512925464970229, 15.077960444425065]], "merge_d1": [[11.512925464970229, 4.360383888265179]], "merge_d2": [[11.512925464970229, 8.153969097715095]], "argmin_dic": [[100000, 2]], "time_elapsed": 260.57786226272583}