{"exact_d1": [[11.512925464970229, 3.92914119571297]], "exact_d2": [[11.512925464970229, 7.577429435755833]], "over": [[11.512925464970229, 11.95058410162349]], "merge_d1": [[11.512925464970229, 4.326863285546702]], "merge_d2": [[11.512925464970229, 6.489722894003209]], "argmin_dic": [[100000, 2]], "time_elapsed": 215.08507013320923}