{"exact_d1": [[11.512925464970229, 3.7609528795671436]], "exact_d2": [[11.512925464970229, 6.800676367947719]], "over": [[11.512925464970229, 10.570885794796379]], "merge_d1": [[11.512925464970229, 4.280540270780626]], "merge_d2": [[11.512925464970229, 6.7150521676195]], "argmin_dic": [[100000, 2]], "time_elapsed": 367.587304353714}