{"exact_d1": [[11.512925464970229, 3.7732871830293027]], "exact_d2": [[11.512925464970229, 6.991247846622262]], "over": [[11.512925464970229, 8.672150183360754]], "merge_d1": [[11.512925464970229, 4.2208426746423005]], "merge_d2": [[11.512925464970229, 6.0320100606965985]], "argmin_dic": [[100000, 2]], "time_elapsed": 173.4612922668457}