{"exact_d1": [[11.512925464970229, 3.915099715164283]], "exact_d2": [[11.512925464970229, 6.8509957596098365]], "over": [[11.512925464970229, 8.85353560026938]], "merge_d1": [[11.512925464970229, 4.283958287312631]], "merge_d2": [[11.512925464970229, 6.425690242642441]], "argmin_dic": [[100000, 2]], "time_elapsed": 428.5926580429077}