{"exact_d1": [[11.512925464970229, 3.868575200574678]], "exact_d2": [[11.512925464970229, 7.395594652328469]], "over": [[11.512925464970229, 12.198248859689377]], "merge_d1": [[11.512925464970229, 4.241389655278799]], "merge_d2": [[11.512925464970229, 7.711998925003093]], "argmin_dic": [[100000, 2]], "time_elapsed": 344.08141255378723}