{"exact_d1": [[11.512925464970229, 3.879466837206793]], "exact_d2": [[11.512925464970229, 6.921264944672003]], "over": [[11.512925464970229, 10.154785764474354]], "merge_d1": [[11.512925464970229, 4.225664309601313]], "merge_d2": [[11.512925464970229, 6.85735371632681]], "argmin_dic": [[100000, 2]], "time_elapsed": 301.7171161174774}