{"exact_d1": [[11.512925464970229, 3.8275295041263684]], "exact_d2": [[11.512925464970229, 6.9578766037759445]], "over": [[11.512925464970229, 10.093818068528186]], "merge_d1": [[11.512925464970229, 4.276866602366507]], "merge_d2": [[11.512925464970229, 6.289788226921935]], "argmin_dic": [[100000, 2]], "time_elapsed": 225.85581421852112}