{"exact_d1": [[11.512925464970229, 3.923871302125337]], "exact_d2": [[11.512925464970229, 7.235839746778586]], "over": [[11.512925464970229, 12.305728452533172]], "merge_d1": [[11.512925464970229, 4.328863111869106]], "merge_d2": [[11.512925464970229, 6.71291605936889]], "argmin_dic": [[100000, 2]], "time_elapsed": 285.86909079551697}