{"exact_d1": [[11.512925464970229, 3.7615719453555196]], "exact_d2": [[11.512925464970229, 6.824067470081842]], "over": [[11.512925464970229, 14.137909164134973]], "merge_d1": [[11.512925464970229, 4.047356723133654]], "merge_d2": [[11.512925464970229, 7.509018060532017]], "argmin_dic": [[100000, 2]], "time_elapsed": 255.8161337375641}