{"exact": [[4.605170185988092, 3.9856692816163735], [5.849324779946859, 3.987793378852418], [6.386879319362645, 15.72633664301726], [6.734591659972948, 3.9839865214264636], [6.992096427415888, 3.9849229222337677], [7.19668657083435, 3.9843527049750627], [7.366445148327599, 3.9838363401259596], [7.511524648390866, 12.301008659015459], [7.638198244285779, 12.233876666817125], [7.750614732770409, 12.76387839675139], [7.851661177889265, 14.071837296352367], [7.943427767876373, 3.9840428316897554], [8.027476530860483, 3.9842193136413595], [8.105005537547246, 3.9843162252415456], [8.17695386822578, 3.9839512282622027], [8.244071270295786, 3.9841000179994346], [8.306965865368573, 3.9839545925699764], [8.366137716496281, 3.9839298979575], [8.422003004412488, 14.37025911310836], [8.474911799159631, 13.663781477149582], [8.525161361065415, 3.9841038130152064], [8.57300625623545, 3.984004160313604], [8.618666160346871, 12.705703827993801], [8.662331957082475, 13.324782178252999], [8.704170559746386, 12.776207611344107], [8.744328763999984, 3.9840675014249647], [8.782936356349264, 3.984607459162348], [8.820108644508608, 12.354372623804878], [8.855948534052018, 11.923883371900041], [8.890548245606167, 3.9840805740874794], [8.92399074475818, 13.031091810041078], [8.956350940490871, 3.984015637142588], [8.987696695703624, 12.821222807683059], [9.018089684104343, 12.88325028199267], [9.047586120674756, 12.284716243162551], [9.076237387452702, 12.534984371457568], [9.104090572133472, 3.984250829508991], [9.131188933670746, 13.41538315117464], [9.157572306437528, 3.9841856302540317], [9.183277452426493, 13.887991217057538]], "over": [], "merge": [], "argmin_dic": [], "time_elapsed": 7.621249675750732}