{"exact": [[4.605170185988092, 65.54695242943423], [5.849324779946859, 3.9850285741613583], [6.386879319362645, 3.9836747202111638], [6.734591659972948, 11.77237967019647], [6.992096427415888, 3.9836254702669427], [7.19668657083435, 13.131580944182032], [7.366445148327599, 12.999216005539525], [7.511524648390866, 3.984491232638107], [7.638198244285779, 3.9839443516454853], [7.750614732770409, 3.984354734181844], [7.851661177889265, 13.167761459086542], [7.943427767876373, 12.787994445382406], [8.027476530860483, 12.449835966595225], [8.105005537547246, 3.9844785566222094], [8.17695386822578, 3.984211869852383], [8.244071270295786, 13.529853622784094], [8.306965865368573, 3.9835799981563533], [8.366137716496281, 3.9838986552813775], [8.422003004412488, 3.984131631914962], [8.474911799159631, 12.34548612507269], [8.525161361065415, 3.9838532199730112], [8.57300625623545, 3.9839790601652623], [8.618666160346871, 3.9841031233084876], [8.662331957082475, 3.9839531133854686], [8.704170559746386, 3.9842377661703763], [8.744328763999984, 12.816414368843883], [8.782936356349264, 13.459547692224536], [8.820108644508608, 3.984345321364467], [8.855948534052018, 12.890631123418002], [8.890548245606167, 3.984252365759789], [8.92399074475818, 3.983994147363792], [8.956350940490871, 12.577846035821782], [8.987696695703624, 3.983873824586893], [9.018089684104343, 3.9842134137889005], [9.047586120674756, 3.9842284044581926], [9.076237387452702, 12.436141290267908], [9.104090572133472, 12.471981044012448], [9.131188933670746, 12.383783760100242], [9.157572306437528, 3.9837311692396216], [9.183277452426493, 3.9843063128992653]], "over": [], "merge": [], "argmin_dic": [], "time_elapsed": 7.306967496871948}