{"exact_d1": [[9.546812608597396, -1.4111713542307496], [9.595942850988095, -1.3762232274204116], [9.64510534912921, -1.411958371204005], [9.69424690639091, -1.3715965005987498], [9.743377484107393, -1.4121471710776836], [9.792555991828847, -1.3305746722059093], [9.841718526138497, -1.4176428264220393], [9.890858136135986, -1.422953733443408], [9.9400123272185, -1.4414028265846912], [9.989160534274278, -1.4242682974371899], [10.038324342758338, -1.4331953226458813], [10.087474388649143, -1.4025955709527844], [10.136621037879685, -1.4192437930534163], [10.185767560073915, -1.42174501230666], [10.234947247333796, -1.3955233483741345], [10.28407919836827, -1.4333727567448153], [10.333254953167257, -1.4043944612543575], [10.382388978717474, -1.4097256290020908], [10.431553700684521, -1.4178194435787015], [10.480690630565247, -1.4176528253219567], [10.529853699405722, -1.4424771024683438], [10.579005242826247, -1.432673885570141], [10.62815762466823, -1.4277856755637228], [10.677315698578214, -1.4246725876187556], [10.726478083244823, -1.4059124414512476], [10.775617388624513, -1.4357585127288157], [10.824785726220822, -1.4076844284987813], [10.873925502480729, -1.425951013717849], [10.923074671219148, -1.4224017620570362], [10.972241827536752, -1.4267122785969102], [11.021395804220033, -1.4068931315287685], [11.070537002757467, -1.4158935272616353], [11.119690265719694, -1.4129616722265357], [11.168842338867679, -1.4182740283707407], [11.218003917306978, -1.4241775660242408], [11.267152795595656, -1.4196524292239299], [11.316302123465414, -1.4243742780931623], [11.365457406606833, -1.432508307532754], [11.414617797184146, -1.4188257014367662], [11.463766732887986, -1.4204888918597742]], "exact_d2": [[9.546812608597396, -1.4111713542307496], [9.595942850988095, -1.3762232274204116], [9.64510534912921, -1.4121137313259944], [9.69424690639091, -1.3715965005987498], [9.743377484107393, -1.4124146585313542], [9.792555991828847, -1.330574672205909], [9.841718526138497, -1.4176428264220393], [9.890858136135986, -1.423396168780014], [9.9400123272185, -1.4414028265846912], [9.989160534274278, -1.4248751530794712], [10.038324342758338, -1.43427526836287], [10.087474388649143, -1.403066628566629], [10.136621037879685, -1.4192437930534163], [10.185767560073915, -1.4220088199680139], [10.234947247333796, -1.3955233483741343], [10.28407919836827, -1.433717917534804], [10.333254953167257, -1.4043944612543575], [10.382388978717474, -1.409725629002091], [10.431553700684521, -1.4178194435787015], [10.480690630565247, -1.4176528253219567], [10.529853699405722, -1.4430121043964126], [10.579005242826247, -1.432673885570141], [10.62815762466823, -1.4279838652298669], [10.677315698578214, -1.4253674037581852], [10.726478083244823, -1.4061119881965052], [10.775617388624513, -1.4357585127288157], [10.824785726220822, -1.4078214506828501], [10.873925502480729, -1.425951013717849], [10.923074671219148, -1.4224017620570362], [10.972241827536752, -1.4267122785969102], [11.021395804220033, -1.4068931315287685], [11.070537002757467, -1.4160138201057595], [11.119690265719694, -1.4129929356878315], [11.168842338867679, -1.4182822130965083], [11.218003917306978, -1.4244939783519777], [11.267152795595656, -1.4196524292239299], [11.316302123465414, -1.4243742780931623], [11.365457406606833, -1.4325083075327543], [11.414617797184146, -1.4188257014367662], [11.463766732887986, -1.4204888918597742]], "over": [[9.546812608597396, -1.1376853759410297], [9.595942850988095, -1.3755092726148832], [9.64510534912921, -1.4120077026800189], [9.69424690639091, -1.3722475732423889], [9.743377484107393, 4.013282133009099], [9.792555991828847, -0.5618961455555277], [9.841718526138497, -1.4175802055555324], [9.890858136135986, -0.5124577874634387], [9.9400123272185, -1.4430537993753318], [9.989160534274278, 3.143881507253614], [10.038324342758338, -0.781626162658577], [10.087474388649143, -1.4030944756383243], [10.136621037879685, 2.0266074983018822], [10.185767560073915, -1.4215631104075466], [10.234947247333796, 2.4423626389907107], [10.28407919836827, -1.433052902969512], [10.333254953167257, -0.3556991800351089], [10.382388978717474, 1.776491186713471], [10.431553700684521, -1.1518696454835864], [10.480690630565247, -1.4178271681142571], [10.529853699405722, -1.442768734593689], [10.579005242826247, 1.3025814366429933], [10.62815762466823, -1.4274363913984147], [10.677315698578214, 4.685703393565683], [10.726478083244823, -1.4055915061204427], [10.775617388624513, -1.4354414347674118], [10.824785726220822, 3.36841906318139], [10.873925502480729, -1.4255884096346623], [10.923074671219148, -1.4220163535847103], [10.972241827536752, -1.1622540032378057], [11.021395804220033, 2.6958532967762063], [11.070537002757467, 2.660803746529103], [11.119690265719694, -1.3285005304381692], [11.168842338867679, -1.0164973473231294], [11.218003917306978, -1.2361662865447498], [11.267152795595656, -1.4191908168786784], [11.316302123465414, -1.3898836155328234], [11.365457406606833, -1.432441711158331], [11.414617797184146, -1.4184466370212687], [11.463766732887986, 0.43263329680964246]], "merge_d1": [[9.546812608597396, -0.8203319787047972], [9.595942850988095, -1.375194367178755], [9.64510534912921, -1.4114941136688839], [9.69424690639091, -1.371839239606338], [9.743377484107393, 0.3600579162623267], [9.792555991828847, -0.7310696842473269], [9.841718526138497, -1.4170242739406322], [9.890858136135986, -0.4639135966921618], [9.9400123272185, -1.4424852666313475], [9.989160534274278, 0.039912054868458384], [10.038324342758338, -0.654950811073776], [10.087474388649143, -1.4025600010807895], [10.136621037879685, -0.05653753241699984], [10.185767560073915, -1.421031922163524], [10.234947247333796, 0.09227500773908605], [10.28407919836827, -1.4326317078242734], [10.333254953167257, -0.6625411670738433], [10.382388978717474, 0.042427185961698755], [10.431553700684521, -0.7429542743683443], [10.480690630565247, -1.4172472747477545], [10.529853699405722, -1.4421968462675747], [10.579005242826247, -0.3380759979905736], [10.62815762466823, -1.4269158429287823], [10.677315698578214, 0.3690838620499385], [10.726478083244823, -1.4050426674692527], [10.775617388624513, -1.4350256408972186], [10.824785726220822, 0.15458153592893184], [10.873925502480729, -1.4250466973271954], [10.923074671219148, -1.4215178524446512], [10.972241827536752, -0.6699537002441996], [11.021395804220033, 0.09112794282538995], [11.070537002757467, -0.07465070526250846], [11.119690265719694, -0.731597663958118], [11.168842338867679, -0.7962088291191016], [11.218003917306978, -0.7085603441410202], [11.267152795595656, -1.4186369460431463], [11.316302123465414, -0.7641439155138409], [11.365457406606833, -1.4319123604032773], [11.414617797184146, -1.4179225889081823], [11.463766732887986, -0.6001747585596295]],