{"exact": [[4.605170185988092, 3.9839460377792824], [5.849324779946859, 3.987154731150121], [6.386879319362645, 12.999967276797822], [6.734591659972948, 10.721252765981944], [6.992096427415888, 12.10375634218389], [7.19668657083435, 12.835330227390498], [7.366445148327599, 3.9843928048984014], [7.511524648390866, 12.571116110329745], [7.638198244285779, 3.985742807406652], [7.750614732770409, 3.983940638493547], [7.851661177889265, 3.9837960904303906], [7.943427767876373, 12.661885294002811], [8.027476530860483, 12.51694520480689], [8.105005537547246, 3.984135947594252], [8.17695386822578, 12.962313374996253], [8.244071270295786, 3.9844031399978133], [8.306965865368573, 3.9834442619611075], [8.366137716496281, 3.9839232056945915], [8.422003004412488, 3.9841167308754457], [8.474911799159631, 12.567389976399166], [8.525161361065415, 14.038613099518983], [8.57300625623545, 12.897383137036996], [8.618666160346871, 12.814713420061384], [8.662331957082475, 13.500736130143784], [8.704170559746386, 12.31894343533356], [8.744328763999984, 3.98389643770706], [8.782936356349264, 3.9837852055480565], [8.820108644508608, 13.863561241344117], [8.855948534052018, 3.9844997246932996], [8.890548245606167, 12.978778660733061], [8.92399074475818, 12.747485458286118], [8.956350940490871, 12.523372993544891], [8.987696695703624, 12.743937664507689], [9.018089684104343, 3.983912647291952], [9.047586120674756, 3.984020906896698], [9.076237387452702, 13.12130710510547], [9.104090572133472, 3.9837137828130262], [9.131188933670746, 3.9842830013936448], [9.157572306437528, 3.9841409585319707], [9.183277452426493, 12.589121330453565]], "over": [], "merge": [], "argmin_dic": [], "time_elapsed": 7.332518100738525}