{"exact": [[4.605170185988092, 3.983048060280743], [5.849324779946859, 3.9836912315504365], [6.386879319362645, 3.9850963417598764], [6.734591659972948, 13.918565106460369], [6.992096427415888, 3.9851457304108817], [7.19668657083435, 12.37955177430667], [7.366445148327599, 14.452656039308662], [7.511524648390866, 3.9841584372493717], [7.638198244285779, 3.9839684774903246], [7.750614732770409, 3.984448918343192], [7.851661177889265, 3.9842478497426685], [7.943427767876373, 13.36481763348624], [8.027476530860483, 3.9843672156369028], [8.105005537547246, 11.172326325570225], [8.17695386822578, 13.06445970319072], [8.244071270295786, 3.984016273407799], [8.306965865368573, 11.892574915564087], [8.366137716496281, 13.832546412158246], [8.422003004412488, 12.41016369254203], [8.474911799159631, 13.359314649476177], [8.525161361065415, 12.371492901414966], [8.57300625623545, 3.984028755279288], [8.618666160346871, 3.9841537052854306], [8.662331957082475, 12.57177505549249], [8.704170559746386, 12.287777737547536], [8.744328763999984, 11.883526870042687], [8.782936356349264, 3.9839631189897826], [8.820108644508608, 3.9837574525345523], [8.855948534052018, 3.9839594709300545], [8.890548245606167, 3.9840335553059165], [8.92399074475818, 3.984010546117468], [8.956350940490871, 3.984245838893094], [8.987696695703624, 3.983991731634739], [9.018089684104343, 12.631305049335907], [9.047586120674756, 12.426356255857595], [9.076237387452702, 12.878777006120657], [9.104090572133472, 13.186290085173495], [9.131188933670746, 3.9840033679140423], [9.157572306437528, 3.983808165794524], [9.183277452426493, 13.004242686128947]], "over": [], "merge": [], "argmin_dic": [], "time_elapsed": 6.906044006347656}