{"exact": [[4.605170185988092, 10.438409104569262], [5.849324779946859, 3.9841421510305173], [6.386879319362645, 3.984771856190645], [6.734591659972948, 3.9846857347426496], [6.992096427415888, 3.9838117263880584], [7.19668657083435, 12.541089981304458], [7.366445148327599, 12.789888480220826], [7.511524648390866, 13.28651353654333], [7.638198244285779, 11.553557261186219], [7.750614732770409, 3.984333854049987], [7.851661177889265, 13.48514408833772], [7.943427767876373, 3.98417245302807], [8.027476530860483, 13.013738673764989], [8.105005537547246, 3.984457391116252], [8.17695386822578, 3.98439172046648], [8.244071270295786, 3.984157545791958], [8.306965865368573, 12.713700746708605], [8.366137716496281, 3.9837017850948495], [8.422003004412488, 3.983708640098729], [8.474911799159631, 12.692925286645462], [8.525161361065415, 12.662658137348808], [8.57300625623545, 13.883159721721876], [8.618666160346871, 3.984126001926011], [8.662331957082475, 3.9837343896957553], [8.704170559746386, 12.746762043322427], [8.744328763999984, 12.850380484881173], [8.782936356349264, 3.984276199237003], [8.820108644508608, 3.9840570295394606], [8.855948534052018, 13.687422360316742], [8.890548245606167, 3.9840273487538513], [8.92399074475818, 3.984117725592227], [8.956350940490871, 13.103344645865727], [8.987696695703624, 3.9840749252268757], [9.018089684104343, 3.984038147837012], [9.047586120674756, 12.349789032708841], [9.076237387452702, 3.9840799535669684], [9.104090572133472, 13.282824511979946], [9.131188933670746, 13.703718555509983], [9.157572306437528, 12.532077982799914], [9.183277452426493, 3.9841188344056544]], "over": [], "merge": [], "argmin_dic": [], "time_elapsed": 6.777918815612793}