{"exact": [[4.605170185988092, 10.574092821185074], [5.849324779946859, 3.983743374432263], [6.386879319362645, 15.547735171128181], [6.734591659972948, 12.079559357741287], [6.992096427415888, 13.313423054097015], [7.19668657083435, 12.287130450531752], [7.366445148327599, 14.125993309301561], [7.511524648390866, 14.302768462426195], [7.638198244285779, 12.637553436343762], [7.750614732770409, 3.984195058204753], [7.851661177889265, 12.51260136266373], [7.943427767876373, 3.983601855755206], [8.027476530860483, 3.984308179789577], [8.105005537547246, 14.416067360657157], [8.17695386822578, 13.38207573224183], [8.244071270295786, 11.436281005364066], [8.306965865368573, 12.613983834124667], [8.366137716496281, 3.9842870069760656], [8.422003004412488, 3.9840123783131065], [8.474911799159631, 13.438907506985558], [8.525161361065415, 13.418509780464166], [8.57300625623545, 12.402498522955627], [8.618666160346871, 13.434879899518407], [8.662331957082475, 13.500154741107409], [8.704170559746386, 3.9839803992542717], [8.744328763999984, 14.498288998323567], [8.782936356349264, 3.9840781636498006], [8.820108644508608, 3.983630170695614], [8.855948534052018, 3.9841399894850817], [8.890548245606167, 3.984266129461151], [8.92399074475818, 3.984304413981215], [8.956350940490871, 3.984019137793082], [8.987696695703624, 12.675054605587658], [9.018089684104343, 3.984146172867138], [9.047586120674756, 3.983916143099735], [9.076237387452702, 12.905173608258877], [9.104090572133472, 3.9841092120382147], [9.131188933670746, 13.636688944311212], [9.157572306437528, 3.9842480167840204], [9.183277452426493, 3.9840047143816353]], "over": [], "merge": [], "argmin_dic": [], "time_elapsed": 7.077985763549805}