{"exact_d1": [[9.210340371976184, -1.3420592924678123], [9.26785427817679, -1.429861890052959], [9.325453179076687, -1.4140885443210447], [9.383032379794294, -1.4226325053553084], [9.44057869576626, -1.430722921203684], [9.498147436616115, -1.4174179514136416], [9.555701556014641, -1.3471664521760103], [9.61326893243235, -1.3325159618398799], [9.670798588378387, -1.4109388304131247], [9.728419624453482, -1.4140165884741258], [9.785941988681085, -1.4338468567992673], [9.843525211363445, -1.4323215166323304], [9.901084667919818, -1.4395898710423005], [9.958638397000977, -1.4395964769162894], [10.016235712227882, -1.4147491377806745], [10.073778699946109, -1.3577148007065796], [10.131339999578072, -1.4239469999911296], [10.188929618044561, -1.435179313150543], [10.246474238267561, -1.3464625161438928], [10.304040616283272, -1.414225746437306], [10.36160835987009, -1.4231369731572245], [10.41918130769898, -1.4192391000681532], [10.476752620919227, -1.412381368661229], [10.534307099477882, -1.4263149434859297], [10.591873415994362, -1.4190364177192238], [10.649440632919003, -1.4455868772865288], [10.707012640565683, -1.4106124131146933], [10.764582648942334, -1.4275383462651894], [10.822135503983962, -1.4380865568150865], [10.87970619299017, -1.416063079852715], [10.937276835160228, -1.4187347058849438], [10.994840220474977, -1.4132525338275623], [11.05239680608701, -1.4279288406079231], [11.109967212073245, -1.4276203218627512], [11.167529530327974, -1.4277406787950184], [11.225096715095173, -1.4174751666420349], [11.28265658871343, -1.4279350757850182], [11.340225472120236, -1.42374517035268], [11.397795157716597, -1.4130494461769973], [11.455359909435817, -1.424929547241205]], "exact_d2": [[9.210340371976184, -1.3420592924678123], [9.26785427817679, -1.429861890052959], [9.325453179076687, -1.4140885443210447], [9.383032379794294, -1.4226325053553086], [9.44057869576626, -1.430722921203684], [9.498147436616115, -1.4174179514136416], [9.555701556014641, -1.3471664521760105], [9.61326893243235, -1.3325159618398799], [9.670798588378387, -1.4109388304131247], [9.728419624453482, -1.4140165884741258], [9.785941988681085, -1.4338468567992673], [9.843525211363445, -1.4323215166323304], [9.901084667919818, -1.4395898710423005], [9.958638397000977, -1.4395964769162892], [10.016235712227882, -1.4147491377806745], [10.073778699946109, -1.3577148007065798], [10.131339999578072, -1.4239469999911294], [10.188929618044561, -1.435179313150543], [10.246474238267561, -1.3464625161438928], [10.304040616283272, -1.4142257464373058], [10.36160835987009, -1.4231369731572243], [10.41918130769898, -1.4192391000681532], [10.476752620919227, -1.412381368661229], [10.534307099477882, -1.4263149434859295], [10.591873415994362, -1.4190364177192238], [10.649440632919003, -1.4455868772865288], [10.707012640565683, -1.4106124131146933], [10.764582648942334, -1.4275383462651894], [10.822135503983962, -1.4380865568150865], [10.87970619299017, -1.416063079852715], [10.937276835160228, -1.4187347058849438], [10.994840220474977, -1.4132525338275623], [11.05239680608701, -1.4279288406079231], [11.109967212073245, -1.4276203218627512], [11.167529530327974, -1.4277406787950184], [11.225096715095173, -1.417475166642035], [11.28265658871343, -1.4279350757850182], [11.340225472120236, -1.42374517035268], [11.397795157716597, -1.4130494461769973], [11.455359909435817, -1.424929547241205]], "over": [[9.210340371976184, -1.353033745133351], [9.26785427817679, -1.4292768687855608], [9.325453179076687, -0.4516256118256005], [9.383032379794294, 1.5797137908778356], [9.44057869576626, -0.932095566825747], [9.498147436616115, -1.4179103362746877], [9.555701556014641, -0.5281025119262028], [9.61326893243235, -1.331573417855744], [9.670798588378387, -1.4104572503562467], [9.728419624453482, -1.414652135760852], [9.785941988681085, -1.4339227567010027], [9.843525211363445, -1.1722821864309845], [9.901084667919818, -1.439503074895951], [9.958638397000977, -1.4402714066498172], [10.016235712227882, -1.414521690059669], [10.073778699946109, -1.1294374389167186], [10.131339999578072, -1.4236506454917364], [10.188929618044561, 0.13153552850066974], [10.246474238267561, -1.1028835808563233], [10.304040616283272, -1.1140397721150852], [10.36160835987009, -1.4229318654768612], [10.41918130769898, -1.471916335349016], [10.476752620919227, 4.1081165957624535], [10.534307099477882, -1.4259575482695404], [10.591873415994362, -1.419786316025322], [10.649440632919003, -1.445197068901612], [10.707012640565683, -1.30011141336395], [10.764582648942334, -1.4271389430077286], [10.822135503983962, -1.4379761234672268], [10.87970619299017, -1.4156671128366116], [10.937276835160228, -1.4188947759765205], [10.994840220474977, -1.4134693293728091], [11.05239680608701, 1.7936529745244638], [11.109967212073245, -1.3073384667010401], [11.167529530327974, -1.4273523684009604], [11.225096715095173, -1.4169796677162816], [11.28265658871343, -1.180877620181839], [11.340225472120236, -1.4235456232041488], [11.397795157716597, 1.2619861257059204], [11.455359909435817, -1.4247873979878278]], "merge_d1": [[9.210340371976184, -0.7604247670150284], [9.26785427817679, -1.4288216974602865], [9.325453179076687, -0.5619399646085168], [9.383032379794294, -0.3370515697454795], [9.44057869576626, -0.6670516906518443], [9.498147436616115, -1.4175235172159315], [9.555701556014641, -0.19576461825608946], [9.61326893243235, -1.3311598187923146], [9.670798588378387, -1.4100254081235646], [9.728419624453482, -1.4143895739467043], [9.785941988681085, -1.433344704482196], [9.843525211363445, -0.972743560466139], [9.901084667919818, -1.4389846907858745], [9.958638397000977, -1.439738979189841], [10.016235712227882, -1.4140040161576786], [10.073778699946109, -0.7271726974484699], [10.131339999578072, -1.4230748698081603], [10.188929618044561, -0.46910032403061597], [10.246474238267561, -0.6533670621561295], [10.304040616283272, -0.717227765224139], [10.36160835987009, -1.4223218238133215], [10.41918130769898, -0.8098980649760456], [10.476752620919227, 0.7202373047047699], [10.534307099477882, -1.425406283515311], [10.591873415994362, -1.4192916312661052], [10.649440632919003, -1.444613757831264], [10.707012640565683, -0.7152432585700002], [10.764582648942334, -1.4266094865928953], [10.822135503983962, -1.4374059189422996], [10.87970619299017, -1.4151427578654874], [10.937276835160228, -1.4183177075338314], [10.994840220474977, -1.412932016827803], [11.05239680608701, -0.23407758473041856], [11.109967212073245, -0.7330751376771341], [11.167529530327974, -1.426771290685518], [11.225096715095173, -1.4164545540630697], [11.28265658871343, -0.7363251255803835], [11.340225472120236, -1.4230557342220151], [11.397795157716597, -0.3277311132971658], [11.455359909435817, -1.4242295751562708]],