{"exact": [[4.605170185988092, 68.60359543819487], [5.849324779946859, 3.983944474674505], [6.386879319362645, 3.9850461053236135], [6.734591659972948, 11.053221574761583], [6.992096427415888, 11.821359283624773], [7.19668657083435, 13.021961769430504], [7.366445148327599, 3.984087286603904], [7.511524648390866, 3.9837374225448787], [7.638198244285779, 12.697399299568099], [7.750614732770409, 13.840535971757493], [7.851661177889265, 11.800610744121508], [7.943427767876373, 3.9846064035536983], [8.027476530860483, 12.398210858278011], [8.105005537547246, 12.838823880910699], [8.17695386822578, 13.285916305229948], [8.244071270295786, 12.323690473611247], [8.306965865368573, 3.9837238752851496], [8.366137716496281, 3.984038346383165], [8.422003004412488, 13.583562567799932], [8.474911799159631, 3.984387413709618], [8.525161361065415, 12.046450915605156], [8.57300625623545, 3.984462319723302], [8.618666160346871, 11.964599208177322], [8.662331957082475, 3.984481154937516], [8.704170559746386, 3.9842086628240785], [8.744328763999984, 3.9840410805327955], [8.782936356349264, 12.85211068221691], [8.820108644508608, 12.352284155256887], [8.855948534052018, 3.9841207417816147], [8.890548245606167, 13.28221509301979], [8.92399074475818, 3.984338573550981], [8.956350940490871, 13.119968808431562], [8.987696695703624, 3.984867410278284], [9.018089684104343, 12.912552846792227], [9.047586120674756, 12.935026168536423], [9.076237387452702, 3.9839066073651184], [9.104090572133472, 3.98402225432834], [9.131188933670746, 13.403208185754261], [9.157572306437528, 12.246265202862098], [9.183277452426493, 3.9843480410277925]], "over": [], "merge": [], "argmin_dic": [], "time_elapsed": 6.888038873672485}