{"exact": [[4.605170185988092, 3.98393290715837], [5.849324779946859, 12.054341772530568], [6.386879319362645, 12.98879168539811], [6.734591659972948, 3.9848990620073885], [6.992096427415888, 3.985003565048507], [7.19668657083435, 3.9839572143458133], [7.366445148327599, 13.84308828151208], [7.511524648390866, 3.9841267466148462], [7.638198244285779, 14.584591892282507], [7.750614732770409, 3.9839029561742962], [7.851661177889265, 12.324706837386925], [7.943427767876373, 12.516593801119244], [8.027476530860483, 3.9837982647412584], [8.105005537547246, 3.983818997397454], [8.17695386822578, 3.983846589814938], [8.244071270295786, 3.9844343366803], [8.306965865368573, 3.983639923565031], [8.366137716496281, 3.984003336614681], [8.422003004412488, 3.984370397377507], [8.474911799159631, 12.597891320176776], [8.525161361065415, 13.37481239581436], [8.57300625623545, 12.95162530854452], [8.618666160346871, 13.837446683416488], [8.662331957082475, 3.983488296161234], [8.704170559746386, 13.697094566282589], [8.744328763999984, 12.744655214941348], [8.782936356349264, 3.983946272960336], [8.820108644508608, 12.900599139366022], [8.855948534052018, 13.398158513923613], [8.890548245606167, 12.244085598298271], [8.92399074475818, 3.983639805445956], [8.956350940490871, 12.104287782472404], [8.987696695703624, 3.984393941147541], [9.018089684104343, 12.755762136100422], [9.047586120674756, 12.340404579958994], [9.076237387452702, 12.77579189194716], [9.104090572133472, 3.98404504047318], [9.131188933670746, 3.9841720533093645], [9.157572306437528, 12.540308337165536], [9.183277452426493, 12.229813251138898]], "over": [], "merge": [], "argmin_dic": [], "time_elapsed": 6.711947917938232}