{"exact": [[4.605170185988092, 3.984062042064974], [5.849324779946859, 12.094384517253074], [6.386879319362645, 3.985048392065008], [6.734591659972948, 3.983759402567996], [6.992096427415888, 3.9850329327270035], [7.19668657083435, 3.9845473414636916], [7.366445148327599, 12.54092405055235], [7.511524648390866, 11.818656697742199], [7.638198244285779, 3.9840036519138295], [7.750614732770409, 12.30527942406113], [7.851661177889265, 12.778687138082974], [7.943427767876373, 13.56114039692227], [8.027476530860483, 12.710020296490544], [8.105005537547246, 13.594164619145664], [8.17695386822578, 12.443287710430555], [8.244071270295786, 3.983967777950305], [8.306965865368573, 13.272058738511644], [8.366137716496281, 3.9837810803094222], [8.422003004412488, 12.106265432869424], [8.474911799159631, 3.9844773639709437], [8.525161361065415, 3.983843888748686], [8.57300625623545, 12.361498243661433], [8.618666160346871, 12.85684385969006], [8.662331957082475, 12.451354306208248], [8.704170559746386, 3.983898221320071], [8.744328763999984, 13.058237979806803], [8.782936356349264, 12.897254571782122], [8.820108644508608, 3.9841599058878314], [8.855948534052018, 3.9840152542957528], [8.890548245606167, 12.817675393000316], [8.92399074475818, 3.984068848441559], [8.956350940490871, 3.983885023495733], [8.987696695703624, 13.402884579019098], [9.018089684104343, 3.9841372493244247], [9.047586120674756, 3.9843148459650752], [9.076237387452702, 13.359000715327513], [9.104090572133472, 13.301505024391396], [9.131188933670746, 12.38870034276522], [9.157572306437528, 12.528377876345374], [9.183277452426493, 12.822507291317464]], "over": [], "merge": [], "argmin_dic": [], "time_elapsed": 7.4105384349823}