{"exact_d1": [[9.546812608597396, -1.430013637089583], [9.595942850988095, -1.4108174026873135], [9.64510534912921, -1.4378644472332545], [9.69424690639091, -1.4342657066820408], [9.743377484107393, -1.422477889086391], [9.792555991828847, -1.4192457475734843], [9.841718526138497, -1.4270220347795157], [9.890858136135986, -1.4322714158638612], [9.9400123272185, -1.4366378291023638], [9.989160534274278, -1.4270990671388144], [10.038324342758338, -1.4247007304881714], [10.087474388649143, -1.422628603765008], [10.136621037879685, -1.419712087293367], [10.185767560073915, -1.420244639156142], [10.234947247333796, -1.4158716770971413], [10.28407919836827, -1.4265649805766107], [10.333254953167257, -1.4139288739604559], [10.382388978717474, -1.4321954143136564], [10.431553700684521, -1.4236938504721388], [10.480690630565247, -1.4218809069743321], [10.529853699405722, -1.4183884921174874], [10.579005242826247, -1.4302674340444494], [10.62815762466823, -1.4186789459153841], [10.677315698578214, -1.4212724606063365], [10.726478083244823, -1.4344289394202807], [10.775617388624513, -1.431609420015779], [10.824785726220822, -1.4245934125769002], [10.873925502480729, -1.4299655984160053], [10.923074671219148, -1.4271309391829032], [10.972241827536752, -1.4291374512104729], [11.021395804220033, -1.4253327126664526], [11.070537002757467, -1.431627227210794], [11.119690265719694, -1.4170438398224954], [11.168842338867679, -1.4226292518866046], [11.218003917306978, -1.4208514493304292], [11.267152795595656, -1.434057403537778], [11.316302123465414, -1.4291321708029996], [11.365457406606833, -1.4270594818120674], [11.414617797184146, -1.4258451886555048], [11.463766732887986, -1.4220187562259339]], "exact_d2": [[9.546812608597396, -1.4300136370895828], [9.595942850988095, -1.4108174026873135], [9.64510534912921, -1.4386522477364114], [9.69424690639091, -1.434274702660584], [9.743377484107393, -1.4224778890863912], [9.792555991828847, -1.4195565617165125], [9.841718526138497, -1.4270220347795157], [9.890858136135986, -1.4326829149077036], [9.9400123272185, -1.4367095682009956], [9.989160534274278, -1.4274937538550123], [10.038324342758338, -1.4247007304881714], [10.087474388649143, -1.4226286037650082], [10.136621037879685, -1.4203478144706634], [10.185767560073915, -1.420752308089279], [10.234947247333796, -1.4158716770971416], [10.28407919836827, -1.4273539793908967], [10.333254953167257, -1.4139288739604559], [10.382388978717474, -1.4321954143136564], [10.431553700684521, -1.4236938504721388], [10.480690630565247, -1.4218809069743321], [10.529853699405722, -1.4188502609183018], [10.579005242826247, -1.4302674340444494], [10.62815762466823, -1.4194566565093643], [10.677315698578214, -1.4212724606063363], [10.726478083244823, -1.4344289394202807], [10.775617388624513, -1.4316934929818645], [10.824785726220822, -1.4245934125769002], [10.873925502480729, -1.4299655984160053], [10.923074671219148, -1.4271309391829032], [10.972241827536752, -1.4296178225058906], [11.021395804220033, -1.4255774061573017], [11.070537002757467, -1.431810427921071], [11.119690265719694, -1.4170438398224954], [11.168842338867679, -1.422725850431455], [11.218003917306978, -1.4208514493304292], [11.267152795595656, -1.4341451251001904], [11.316302123465414, -1.4291321708029996], [11.365457406606833, -1.4270594818120672], [11.414617797184146, -1.4258451886555048], [11.463766732887986, -1.4220187562259339]], "over": [[9.546812608597396, -1.4297341908651564], [9.595942850988095, -0.40337218059498375], [9.64510534912921, -0.47622176899938284], [9.69424690639091, -0.07888844706154388], [9.743377484107393, -1.4236028188715582], [9.792555991828847, 0.10120881988399606], [9.841718526138497, -0.48777823440713497], [9.890858136135986, -1.4323465048165362], [9.9400123272185, -1.4353747178645866], [9.989160534274278, -1.4272001795846005], [10.038324342758338, -1.4243783090613231], [10.087474388649143, -0.5085718810268323], [10.136621037879685, -0.09217142452999207], [10.185767560073915, -1.4204072773180336], [10.234947247333796, -1.4167176964305574], [10.28407919836827, -0.3718415230457585], [10.333254953167257, -0.2080250783947979], [10.382388978717474, -1.4321096205937387], [10.431553700684521, -0.16903455985714316], [10.480690630565247, -1.4227158808445666], [10.529853699405722, -0.5035152735320929], [10.579005242826247, -0.1362441041807166], [10.62815762466823, -0.3303566177892324], [10.677315698578214, -1.421398056456334], [10.726478083244823, -0.20115019251682287], [10.775617388624513, -0.1876126294788223], [10.824785726220822, -0.44224306037225153], [10.873925502480729, -1.43085870777136], [10.923074671219148, -0.12725767595154194], [10.972241827536752, -1.4294183301549177], [11.021395804220033, -1.4251048797071062], [11.070537002757467, -0.43544483997996586], [11.119690265719694, -0.4140002463932402], [11.168842338867679, -0.40525476947639383], [11.218003917306978, -0.14477184324199724], [11.267152795595656, -0.3740363506291529], [11.316302123465414, -0.36701523650865997], [11.365457406606833, -0.32578706838807875], [11.414617797184146, -1.4258591721672291], [11.463766732887986, -1.4225054419337055]], "merge_d1": [[9.546812608597396, -1.4290228020013998], [9.595942850988095, -0.03072782597773897], [9.64510534912921, -0.0959129667545159], [9.69424690639091, 0.21974993849218402], [9.743377484107393, -1.4230054754929562], [9.792555991828847, 0.1565878320649442], [9.841718526138497, -0.11203699569172551], [9.890858136135986, -1.4317028891643064], [9.9400123272185, -1.435411080758338], [9.989160534274278, -1.4264830436227207], [10.038324342758338, -1.4237580441991402], [10.087474388649143, -0.11904059660673853], [10.136621037879685, 0.14473717073877074], [10.185767560073915, -1.4197334933243329], [10.234947247333796, -1.4161343180623247], [10.28407919836827, -0.012168612020856945], [10.333254953167257, 0.1761567819616924], [10.382388978717474, -1.4315306705167152], [10.431553700684521, 0.21222690391508423], [10.480690630565247, -1.4219948578572534], [10.529853699405722, -0.11379230044596217], [10.579005242826247, 0.23869820993882196], [10.62815762466823, 0.024435900644252495], [10.677315698578214, -1.4207688824601494], [10.726478083244823, -0.15758601664014368], [10.775617388624513, 0.1832200602436511], [10.824785726220822, -0.0696154079121453], [10.873925502480729, -1.430174867248442], [10.923074671219148, 0.2508109016309853], [10.972241827536752, -1.4287660241371039], [11.021395804220033, -1.4244706493443522], [11.070537002757467, -0.06346953130721876], [11.119690265719694, -0.04193581593349826], [11.168842338867679, -0.03823838497646741], [11.218003917306978, 0.21447264579707426], [11.267152795595656, -0.011516647456306012], [11.316302123465414, -0.00685800506089823], [11.365457406606833, 0.02762539484625861], [11.414617797184146, -1.4254473724393497], [11.463766732887986, -1.4217772898704408]],