{"exact": [[4.605170185988092, 20.807407333284406], [5.849324779946859, 20.79698710560011], [6.386879319362645, 20.797340740932903], [6.734591659972948, 20.799543438154366], [6.992096427415888, 20.794473046080306], [7.19668657083435, 20.80100172424867], [7.366445148327599, 20.79703624570441], [7.511524648390866, 20.799707274431594], [7.638198244285779, 20.797400037245648], [7.750614732770409, 20.795376909656646], [7.851661177889265, 20.794163787190367], [7.943427767876373, 20.796660997391413], [8.027476530860483, 20.796479612524895], [8.105005537547246, 20.79444323624467], [8.17695386822578, 20.800333560896355], [8.244071270295786, 20.79852986639744], [8.306965865368573, 20.79544580335448], [8.366137716496281, 20.799240540506403], [8.422003004412488, 20.798005962784217], [8.474911799159631, 20.795855495355788], [8.525161361065415, 20.798235831607307], [8.57300625623545, 20.79983950845268], [8.618666160346871, 20.798786300887144], [8.662331957082475, 20.798879274351588], [8.704170559746386, 20.799298828395546], [8.744328763999984, 20.79750670703133], [8.782936356349264, 20.799081071094985], [8.820108644508608, 20.796578019223325], [8.855948534052018, 20.796926144045663], [8.890548245606167, 20.798489398547478], [8.92399074475818, 20.799067722661526], [8.956350940490871, 20.79550365511419], [8.987696695703624, 20.797019841064255], [9.018089684104343, 20.798233551141276], [9.047586120674756, 20.798322730887584], [9.076237387452702, 20.796813629574597], [9.104090572133472, 20.79713431560078], [9.131188933670746, 20.798023612926084], [9.157572306437528, 20.79754030706998], [9.183277452426493, 20.798491139461866]], "over": [[4.605170185988092, 57.840676275938755], [5.849324779946859, 55.66629201801043], [6.386879319362645, 56.00448802020806], [6.734591659972948, 49.78224487579459], [6.992096427415888, 55.661235689775715], [7.19668657083435, 56.079640934549786], [7.366445148327599, 55.83736032809074], [7.511524648390866, 49.296153361119494], [7.638198244285779, 50.358542862597865], [7.750614732770409, 48.87081639914666], [7.851661177889265, 55.89025115203068], [7.943427767876373, 56.02822192033466], [8.027476530860483, 55.57738383453917], [8.105005537547246, 55.877738728207426], [8.17695386822578, 49.312891113332704], [8.244071270295786, 56.02187651949295], [8.306965865368573, 55.93223248831768], [8.366137716496281, 55.69222315689784], [8.422003004412488, 55.12600658717096], [8.474911799159631, 55.98609772578416], [8.525161361065415, 62.3942154929593], [8.57300625623545, 56.1129649219422], [8.618666160346871, 55.79354786416118], [8.662331957082475, 55.939433716677804], [8.704170559746386, 54.76702222918754], [8.744328763999984, 55.96646418781538], [8.782936356349264, 56.011831715749715], [8.820108644508608, 55.978577701622726], [8.855948534052018, 55.83271820210028], [8.890548245606167, 56.01152526697402], [8.92399074475818, 55.86248032661866], [8.956350940490871, 55.799095849517876], [8.987696695703624, 56.01534549044958], [9.018089684104343, 56.003056603000374], [9.047586120674756, 50.17488100482247], [9.076237387452702, 62.38957768611692], [9.104090572133472, 49.34860047666528], [9.131188933670746, 55.904651787573734], [9.157572306437528, 50.10448681090155], [9.183277452426493, 56.04119019365911]], "merge": [[4.605170185988092, 23.49597159893701], [5.849324779946859, 21.014079509539012], [6.386879319362645, 21.463217341391847], [6.734591659972948, 21.835025852332954], [6.992096427415888, 21.03047940027911], [7.19668657083435, 21.475116666455857], [7.366445148327599, 22.004795913172643], [7.511524648390866, 21.334780439756138], [7.638198244285779, 21.998128060994244], [7.750614732770409, 20.976528919989967], [7.851661177889265, 21.487058282355378], [7.943427767876373, 21.43332650837713], [8.027476530860483, 20.88541461301753], [8.105005537547246, 21.416527827460158], [8.17695386822578, 21.324092626913448], [8.244071270295786, 21.422341129875882], [8.306965865368573, 21.392355881887877], [8.366137716496281, 22.00366185327589], [8.422003004412488, 21.8470282593965], [8.474911799159631, 21.33023850087782], [8.525161361065415, 20.798590219604606], [8.57300625623545, 21.473190752876782], [8.618666160346871, 21.140203499879505], [8.662331957082475, 21.28073319126608], [8.704170559746386, 21.88413197497147], [8.744328763999984, 21.402425924549195], [8.782936356349264, 21.421372354311536], [8.820108644508608, 21.321026421225397], [8.855948534052018, 21.207463376052974], [8.890548245606167, 21.427082888955624], [8.92399074475818, 21.437371609316934], [8.956350940490871, 21.173786352055973], [8.987696695703624, 21.42489070819406], [9.018089684104343, 21.3430722973129], [9.047586120674756, 22.15825645435812], [9.076237387452702, 20.79705213037159], [9.104090572133472, 21.327289413943276], [9.131188933670746, 21.24438367318591], [9.157572306437528, 22.1375875018087], [9.183277452426493, 21.43167228915436]], "argmin_dic": [[100, 2], [347, 2], [594, 2], [841, 2], [1088, 5], [1335, 2], [1582, 2], [1829, 2], [2076, 2], [2323, 2], [2570, 3], [2817, 2], [3064, 2], [3311, 3], [3558, 2], [3805, 2], [4052, 2], [4299, 2], [4546, 2], [4793, 2], [5040, 2], [5287, 2], [5534, 2], [5781, 2], [6028, 2], [6275, 2], [6522, 2], [6769, 2], [7016, 2], [7263, 2], [7510, 3], [7757, 2], [8004, 2], [8251, 2], [8498, 2], [8745, 2], [8992, 2], [9239, 2], [9486, 2], [9733, 2]], "time_elapsed": 2532.593823671341}