{"exact": [[4.605170185988092, 3.9870289545534354], [5.849324779946859, 12.479951840787077], [6.386879319362645, 24.367306765437466], [6.734591659972948, 12.673591525296453], [6.992096427415888, 3.984473646016592], [7.19668657083435, 12.93404230813567], [7.366445148327599, 13.588068701379713], [7.511524648390866, 13.500661042669325], [7.638198244285779, 3.983947020281584], [7.750614732770409, 3.983885409539674], [7.851661177889265, 13.674227877371523], [7.943427767876373, 11.8376097815177], [8.027476530860483, 3.984194503253045], [8.105005537547246, 3.9847612333609543], [8.17695386822578, 3.9839319608305885], [8.244071270295786, 3.9848026962501777], [8.306965865368573, 13.824212484640325], [8.366137716496281, 13.551602612744258], [8.422003004412488, 11.633804126437475], [8.474911799159631, 3.9841377964177536], [8.525161361065415, 3.9840324226426196], [8.57300625623545, 3.9854655716183007], [8.618666160346871, 3.9839536568660097], [8.662331957082475, 3.9841823460165675], [8.704170559746386, 3.9838504272808617], [8.744328763999984, 12.180675680225518], [8.782936356349264, 13.262918149152656], [8.820108644508608, 12.995995206806546], [8.855948534052018, 13.370156911289476], [8.890548245606167, 3.9843445708985894], [8.92399074475818, 3.9840210093611965], [8.956350940490871, 3.98393941589908], [8.987696695703624, 3.9842901653345315], [9.018089684104343, 12.463186317496163], [9.047586120674756, 3.983999003280022], [9.076237387452702, 13.042870228748741], [9.104090572133472, 3.983940632794139], [9.131188933670746, 3.9840765675501304], [9.157572306437528, 13.134966871014914], [9.183277452426493, 12.766950112147859]], "over": [], "merge": [], "argmin_dic": [], "time_elapsed": 7.114029169082642}