{"exact": [[4.605170185988092, 3.9856031956217093], [5.849324779946859, 14.89554818658929], [6.386879319362645, 11.85933327160292], [6.734591659972948, 10.899732525646304], [6.992096427415888, 3.9841181761647246], [7.19668657083435, 15.172654509978448], [7.366445148327599, 3.9842611618872636], [7.511524648390866, 3.984668403683229], [7.638198244285779, 3.983566408526489], [7.750614732770409, 3.983997804762438], [7.851661177889265, 13.48289127927877], [7.943427767876373, 3.9845413425009277], [8.027476530860483, 3.9835225095224027], [8.105005537547246, 12.435637548886298], [8.17695386822578, 3.9838561550679654], [8.244071270295786, 13.93519838930052], [8.306965865368573, 13.047539164374243], [8.366137716496281, 13.060615191027832], [8.422003004412488, 3.984765893519198], [8.474911799159631, 12.26715960125218], [8.525161361065415, 3.9837019237304006], [8.57300625623545, 3.9836264085310904], [8.618666160346871, 3.9840674126771556], [8.662331957082475, 3.9844365071473384], [8.704170559746386, 12.73910013497365], [8.744328763999984, 3.9837826295124708], [8.782936356349264, 13.334311798484931], [8.820108644508608, 12.734901731334308], [8.855948534052018, 3.9842295211393486], [8.890548245606167, 3.9843179966983495], [8.92399074475818, 13.31714379271836], [8.956350940490871, 3.9841001633775344], [8.987696695703624, 12.431198437442665], [9.018089684104343, 3.9841243013980185], [9.047586120674756, 3.9842147714617133], [9.076237387452702, 12.765946854574626], [9.104090572133472, 3.983799244192124], [9.131188933670746, 3.9841109715016136], [9.157572306437528, 12.435328882038563], [9.183277452426493, 3.983995586859845]], "over": [], "merge": [], "argmin_dic": [], "time_elapsed": 7.116380453109741}