{"exact": [[4.605170185988092, 105.28115944450212], [5.849324779946859, 12.528506785092702], [6.386879319362645, 13.45503485731072], [6.734591659972948, 14.635621133111622], [6.992096427415888, 3.984627991221995], [7.19668657083435, 14.4809157466518], [7.366445148327599, 11.742551800846124], [7.511524648390866, 3.9847149117805203], [7.638198244285779, 13.083241469090268], [7.750614732770409, 3.9842450437386003], [7.851661177889265, 12.806728735250864], [7.943427767876373, 3.9847811552345687], [8.027476530860483, 14.058141127467128], [8.105005537547246, 13.182402049585201], [8.17695386822578, 3.9847262834306245], [8.244071270295786, 3.983874630016626], [8.306965865368573, 12.948814342157506], [8.366137716496281, 12.159219880880523], [8.422003004412488, 3.9846472834204016], [8.474911799159631, 13.075452828899424], [8.525161361065415, 3.984063758487398], [8.57300625623545, 3.9839610317797676], [8.618666160346871, 3.983907009991029], [8.662331957082475, 13.081527174006135], [8.704170559746386, 3.983566833746758], [8.744328763999984, 3.984178872349569], [8.782936356349264, 12.303183445982922], [8.820108644508608, 3.98400570359545], [8.855948534052018, 12.917275434000496], [8.890548245606167, 12.740169498621652], [8.92399074475818, 13.085801830900866], [8.956350940490871, 3.984273025112911], [8.987696695703624, 3.984084269747388], [9.018089684104343, 12.495036482109526], [9.047586120674756, 12.364126652430686], [9.076237387452702, 3.9838362597006225], [9.104090572133472, 3.984071609936455], [9.131188933670746, 12.72716664424102], [9.157572306437528, 3.984248939204945], [9.183277452426493, 12.482310709771413]], "over": [], "merge": [], "argmin_dic": [], "time_elapsed": 7.15864372253418}