{"exact": [[4.605170185988092, 20.594670946035876], [5.849324779946859, 16.759114025546264], [6.386879319362645, 3.984046780146197], [6.734591659972948, 3.984169126427114], [6.992096427415888, 12.465099905365427], [7.19668657083435, 3.983851823662559], [7.366445148327599, 13.4974944261041], [7.511524648390866, 3.984219808615688], [7.638198244285779, 3.983986543834865], [7.750614732770409, 3.9844813835409547], [7.851661177889265, 3.9847141675380864], [7.943427767876373, 12.572990681968133], [8.027476530860483, 13.29292803317778], [8.105005537547246, 3.9839077534365437], [8.17695386822578, 12.040410373230799], [8.244071270295786, 12.092827413690703], [8.306965865368573, 3.9837712600999082], [8.366137716496281, 13.715141064123133], [8.422003004412488, 13.628964628783043], [8.474911799159631, 3.983883830506236], [8.525161361065415, 11.3196750791332], [8.57300625623545, 3.9844767652929685], [8.618666160346871, 12.68044709493121], [8.662331957082475, 13.521193547864167], [8.704170559746386, 3.983861360277456], [8.744328763999984, 12.789536453658066], [8.782936356349264, 12.787083088721566], [8.820108644508608, 3.984147220776814], [8.855948534052018, 3.984269064105994], [8.890548245606167, 3.9841402595445303], [8.92399074475818, 12.4114454001106], [8.956350940490871, 3.98423706056945], [8.987696695703624, 12.810362811036947], [9.018089684104343, 11.88230105082882], [9.047586120674756, 12.336663347335335], [9.076237387452702, 3.9842350421764747], [9.104090572133472, 3.983748620808065], [9.131188933670746, 12.779131183628943], [9.157572306437528, 12.802163684392553], [9.183277452426493, 3.9839943826078303]], "over": [], "merge": [], "argmin_dic": [], "time_elapsed": 7.223642349243164}