{"exact": [[4.605170185988092, 3.991559862156106], [5.849324779946859, 11.077286811562228], [6.386879319362645, 3.985006265749165], [6.734591659972948, 3.9831727336757647], [6.992096427415888, 13.46679306782368], [7.19668657083435, 12.769209227181264], [7.366445148327599, 14.26539502254396], [7.511524648390866, 3.9849276432717193], [7.638198244285779, 3.9838882792269343], [7.750614732770409, 3.9843625181186613], [7.851661177889265, 13.452388037231515], [7.943427767876373, 3.9846324934587156], [8.027476530860483, 3.9839931780057602], [8.105005537547246, 3.983642630671267], [8.17695386822578, 3.9844554291231358], [8.244071270295786, 13.695725500153477], [8.306965865368573, 12.928665453471938], [8.366137716496281, 12.756840579687891], [8.422003004412488, 13.013581071821587], [8.474911799159631, 3.984394092618162], [8.525161361065415, 3.984002610478702], [8.57300625623545, 3.9837815040537325], [8.618666160346871, 3.9846329355978436], [8.662331957082475, 13.561026849071196], [8.704170559746386, 3.9836492241746058], [8.744328763999984, 3.984233080808483], [8.782936356349264, 3.9839148156451833], [8.820108644508608, 3.9841012555866686], [8.855948534052018, 12.940682868726554], [8.890548245606167, 12.632578768789527], [8.92399074475818, 3.9840775787555214], [8.956350940490871, 12.43974149608996], [8.987696695703624, 3.984361591440002], [9.018089684104343, 12.928482620656295], [9.047586120674756, 3.98421778560572], [9.076237387452702, 3.984404599818322], [9.104090572133472, 13.250009256868482], [9.131188933670746, 3.9841446642594067], [9.157572306437528, 3.98387838956594], [9.183277452426493, 3.984233364003268]], "over": [], "merge": [], "argmin_dic": [], "time_elapsed": 6.822351455688477}