{"exact_d1": [[9.546812608597396, -1.434625041576387], [9.595942850988095, -1.4286318680446675], [9.64510534912921, -1.378294388469327], [9.69424690639091, -1.41602560818442], [9.743377484107393, -1.412234051740804], [9.792555991828847, -1.387576008509114], [9.841718526138497, -1.371944990877772], [9.890858136135986, -1.4151712009258877], [9.9400123272185, -1.3719081003141478], [9.989160534274278, -1.4353181578138967], [10.038324342758338, -1.396936724765618], [10.087474388649143, -1.4055147051521393], [10.136621037879685, -1.4200220646038149], [10.185767560073915, -1.4081348094593944], [10.234947247333796, -1.38270554200622], [10.28407919836827, -1.3974848957021064], [10.333254953167257, -1.409282296271175], [10.382388978717474, -1.4221355561171112], [10.431553700684521, -1.427834833776485], [10.480690630565247, -1.4248783698808918], [10.529853699405722, -1.4221561001666017], [10.579005242826247, -1.404491436956451], [10.62815762466823, -1.4181720196549705], [10.677315698578214, -1.4100855948060034], [10.726478083244823, -1.4417150150976086], [10.775617388624513, -1.424978268952605], [10.824785726220822, -1.4358085757501484], [10.873925502480729, -1.410974762769199], [10.923074671219148, -1.3760287820642283], [10.972241827536752, -1.4233409273939823], [11.021395804220033, -1.4199962715133885], [11.070537002757467, -1.4106752206390911], [11.119690265719694, -1.4230981990707734], [11.168842338867679, -1.4252117776542685], [11.218003917306978, -1.4207737097963327], [11.267152795595656, -1.4231253350942141], [11.316302123465414, -1.4337073096029114], [11.365457406606833, -1.4233522817627116], [11.414617797184146, -1.4269201714594442], [11.463766732887986, -1.4207611788120051]], "exact_d2": [[9.546812608597396, -1.4349191908878114], [9.595942850988095, -1.4288374555216465], [9.64510534912921, -1.3782943884693268], [9.69424690639091, -1.41602560818442], [9.743377484107393, -1.41232888217137], [9.792555991828847, -1.387576008509114], [9.841718526138497, -1.371944990877772], [9.890858136135986, -1.4151712009258877], [9.9400123272185, -1.3725049988076101], [9.989160534274278, -1.4353181578138967], [10.038324342758338, -1.3973628399566913], [10.087474388649143, -1.4055147051521393], [10.136621037879685, -1.4200220646038149], [10.185767560073915, -1.4081348094593944], [10.234947247333796, -1.382789282220755], [10.28407919836827, -1.3974848957021067], [10.333254953167257, -1.4094899465692927], [10.382388978717474, -1.4221355561171112], [10.431553700684521, -1.4286098050244567], [10.480690630565247, -1.4249496881226618], [10.529853699405722, -1.4221561001666017], [10.579005242826247, -1.404491436956451], [10.62815762466823, -1.4186374716429995], [10.677315698578214, -1.4100855948060034], [10.726478083244823, -1.4419202041386538], [10.775617388624513, -1.424978268952605], [10.824785726220822, -1.4358085757501484], [10.873925502480729, -1.4110324134994527], [10.923074671219148, -1.376109187259653], [10.972241827536752, -1.4233794877683814], [11.021395804220033, -1.4203384349479262], [11.070537002757467, -1.4106752206390911], [11.119690265719694, -1.4232872919396942], [11.168842338867679, -1.4252117776542685], [11.218003917306978, -1.4207737097963327], [11.267152795595656, -1.4232463603677032], [11.316302123465414, -1.4337073096029114], [11.365457406606833, -1.42357474041987], [11.414617797184146, -1.4269201714594442], [11.463766732887986, -1.4210374531260765]], "over": [[9.546812608597396, 3.393344876882751], [9.595942850988095, -1.4286359066833658], [9.64510534912921, -0.8364595059195364], [9.69424690639091, -1.416447790450176], [9.743377484107393, 6.062920225587611], [9.792555991828847, -1.1793000826581332], [9.841718526138497, -1.3726144927616135], [9.890858136135986, 2.3814814747100637], [9.9400123272185, -1.1481832557425646], [9.989160534274278, -1.3266364282981595], [10.038324342758338, -1.3971983189632564], [10.087474388649143, -1.5824673902163189], [10.136621037879685, -1.4887826895715706], [10.185767560073915, -1.4082179227348977], [10.234947247333796, -1.3821522807606104], [10.28407919836827, -1.3975458524607045], [10.333254953167257, -0.4885791382314439], [10.382388978717474, -1.5042672091736973], [10.431553700684521, -1.4603041637700782], [10.480690630565247, 3.169141535354669], [10.529853699405722, -1.4582716612294924], [10.579005242826247, -1.4042938657041646], [10.62815762466823, 1.9937058152808553], [10.677315698578214, 0.07274295014061284], [10.726478083244823, -1.4416267760257007], [10.775617388624513, -1.4248754762160925], [10.824785726220822, -1.435506066930266], [10.873925502480729, -1.4105560968363762], [10.923074671219148, -1.3755145674618876], [10.972241827536752, -1.334714322729905], [11.021395804220033, 2.9740525662842683], [11.070537002757467, -1.1882964081820866], [11.119690265719694, -1.4228562447821358], [11.168842338867679, -0.9434937124731951], [11.218003917306978, -1.420558837391005], [11.267152795595656, -1.422730034517378], [11.316302123465414, -1.4334077564588883], [11.365457406606833, 3.7910707376032775], [11.414617797184146, -1.4270244236961274], [11.463766732887986, -1.4205862202541117]], "merge_d1": [[9.546812608597396, 0.011219991243499292], [9.595942850988095, -1.4282624571243823], [9.64510534912921, -0.979850856225626], [9.69424690639091, -1.415991628599353], [9.743377484107393, 1.3420015150138058], [9.792555991828847, -0.7452880371498163], [9.841718526138497, -1.3721612876657823], [9.890858136135986, -0.042965393883484256], [9.9400123272185, -0.7419349149022301], [9.989160534274278, -0.7982886180120974], [10.038324342758338, -1.396662650108507], [10.087474388649143, -0.9878008021328559], [10.136621037879685, -0.8427567097732833], [10.185767560073915, -1.407741067919626], [10.234947247333796, -1.381654319930795], [10.28407919836827, -1.3970263941205245], [10.333254953167257, -0.29533495210890903], [10.382388978717474, -0.8659788962076441], [10.431553700684521, -0.8143268330717784], [10.480690630565247, 0.05749713531019008], [10.529853699405722, -0.8027768034600018], [10.579005242826247, -1.4036977772782346], [10.62815762466823, -0.8894533572061935], [10.677315698578214, -1.256303901934666], [10.726478083244823, -1.4409801986150972], [10.775617388624513, -1.4243885687100892], [10.824785726220822, -1.4349965076029325], [10.873925502480729, -1.4100282759787692], [10.923074671219148, -1.3750625960973486], [10.972241827536752, -0.7386241676220265], [11.021395804220033, 0.06586167952433342], [11.070537002757467, -0.6630024491565675], [11.119690265719694, -1.4222929119977494], [11.168842338867679, -0.7645838546566421], [11.218003917306978, -1.4200148354837712], [11.267152795595656, -1.4222344848729649], [11.316302123465414, -1.4328371869466994], [11.365457406606833, 0.17995248872626024], [11.414617797184146, -1.4264845332131968], [11.463766732887986, -1.4201285028524135]],