{"exact": [[4.605170185988092, 4.002403598484224], [5.849324779946859, 12.901248912723586], [6.386879319362645, 3.9831871349120487], [6.734591659972948, 12.912938604531416], [6.992096427415888, 13.036786433670393], [7.19668657083435, 3.9848934188637335], [7.366445148327599, 11.526307979120341], [7.511524648390866, 3.9835220736146124], [7.638198244285779, 12.421970592485627], [7.750614732770409, 15.028528185229034], [7.851661177889265, 12.881459555158504], [7.943427767876373, 3.983548928295035], [8.027476530860483, 13.777070912011963], [8.105005537547246, 12.914575381382585], [8.17695386822578, 3.9843145166961995], [8.244071270295786, 12.656158718802311], [8.306965865368573, 3.984309923834654], [8.366137716496281, 3.9841180995556336], [8.422003004412488, 3.984490739775604], [8.474911799159631, 3.984451263271442], [8.525161361065415, 3.983978116263036], [8.57300625623545, 12.289156591245357], [8.618666160346871, 12.156530366072571], [8.662331957082475, 3.9842792109228564], [8.704170559746386, 12.769175481334008], [8.744328763999984, 3.9838781806809966], [8.782936356349264, 12.645805020785797], [8.820108644508608, 13.410498199135635], [8.855948534052018, 3.984106319268978], [8.890548245606167, 3.984013156616534], [8.92399074475818, 12.855413981235206], [8.956350940490871, 3.984325394312176], [8.987696695703624, 12.722876724749018], [9.018089684104343, 3.9838923659141425], [9.047586120674756, 12.640272560581076], [9.076237387452702, 3.983872891622916], [9.104090572133472, 3.9840039321484837], [9.131188933670746, 3.984125260125425], [9.157572306437528, 12.195065812807655], [9.183277452426493, 12.992738157361655]], "over": [], "merge": [], "argmin_dic": [], "time_elapsed": 7.444262504577637}