{"exact": [[4.605170185988092, 13.110467031692052], [5.849324779946859, 3.9895022550553465], [6.386879319362645, 3.9839510499859663], [6.734591659972948, 3.9842865713777003], [6.992096427415888, 10.537950219893926], [7.19668657083435, 13.452989222596663], [7.366445148327599, 12.74355506271439], [7.511524648390866, 3.9840939910873803], [7.638198244285779, 3.984148469364897], [7.750614732770409, 3.984207216623853], [7.851661177889265, 12.450481340373841], [7.943427767876373, 3.9842086891402757], [8.027476530860483, 3.9839145709105566], [8.105005537547246, 11.913433389117467], [8.17695386822578, 12.744987963352843], [8.244071270295786, 3.9843713456831713], [8.306965865368573, 3.9842768345052484], [8.366137716496281, 12.702412276609941], [8.422003004412488, 11.861816939175528], [8.474911799159631, 3.984050257950249], [8.525161361065415, 12.080090433725363], [8.57300625623545, 3.984651635549201], [8.618666160346871, 12.561455827238108], [8.662331957082475, 3.9847001914134816], [8.704170559746386, 12.674622504137368], [8.744328763999984, 11.755179917662844], [8.782936356349264, 13.065408113791424], [8.820108644508608, 12.90578875080634], [8.855948534052018, 12.354782660250791], [8.890548245606167, 3.9841867835102045], [8.92399074475818, 3.984167709435645], [8.956350940490871, 3.9843139328560455], [8.987696695703624, 3.984241458652334], [9.018089684104343, 3.9837326140969402], [9.047586120674756, 3.9838898965791607], [9.076237387452702, 3.9841055303251984], [9.104090572133472, 3.9841569781510633], [9.131188933670746, 14.056858698488393], [9.157572306437528, 12.788086906324168], [9.183277452426493, 3.983737064263722]], "over": [], "merge": [], "argmin_dic": [], "time_elapsed": 6.8738954067230225}