{"exact": [[4.605170185988092, 16.88486367346656], [5.849324779946859, 3.9844858608688214], [6.386879319362645, 3.9833116161939164], [6.734591659972948, 3.983799056439088], [6.992096427415888, 10.475250318737347], [7.19668657083435, 13.265581683948987], [7.366445148327599, 12.871732443507845], [7.511524648390866, 12.513353738893645], [7.638198244285779, 12.247116975605346], [7.750614732770409, 14.343745507095448], [7.851661177889265, 3.984366114918881], [7.943427767876373, 12.824121557969217], [8.027476530860483, 3.9841532713737204], [8.105005537547246, 13.675641138161625], [8.17695386822578, 12.12935409161801], [8.244071270295786, 3.9843570598362685], [8.306965865368573, 3.9842848676254827], [8.366137716496281, 3.9841764979396355], [8.422003004412488, 13.362460650796246], [8.474911799159631, 3.9841596746597223], [8.525161361065415, 3.9840516328833573], [8.57300625623545, 3.983998187174404], [8.618666160346871, 13.109005755658382], [8.662331957082475, 3.9844110138629625], [8.704170559746386, 12.766677101972759], [8.744328763999984, 12.631129229759466], [8.782936356349264, 13.085004137729007], [8.820108644508608, 3.984711049770181], [8.855948534052018, 12.383209510562391], [8.890548245606167, 3.9837830326772368], [8.92399074475818, 13.314128254868413], [8.956350940490871, 3.9839823346165013], [8.987696695703624, 3.983661257910576], [9.018089684104343, 12.985915443837737], [9.047586120674756, 12.488491575371661], [9.076237387452702, 12.557431306207269], [9.104090572133472, 13.363974227376493], [9.131188933670746, 3.9835620769859204], [9.157572306437528, 3.983657028750171], [9.183277452426493, 3.983852226940301]], "over": [], "merge": [], "argmin_dic": [], "time_elapsed": 6.952263116836548}