{"exact_d1": [[9.546812608597396, -1.4214427544072417], [9.595942850988095, -1.4221137579721135], [9.64510534912921, -1.4305090510220297], [9.69424690639091, -1.4230603660043684], [9.743377484107393, -1.4265077970084805], [9.792555991828847, -1.4243335018203307], [9.841718526138497, -1.4211429444075294], [9.890858136135986, -1.4141398368205393], [9.9400123272185, -1.4337891151020778], [9.989160534274278, -1.4137972643442425], [10.038324342758338, -1.424406483308676], [10.087474388649143, -1.4252166142103433], [10.136621037879685, -1.4263792929298942], [10.185767560073915, -1.4140597915401665], [10.234947247333796, -1.4231991357193463], [10.28407919836827, -1.4187066666158885], [10.333254953167257, -1.4277055621511205], [10.382388978717474, -1.4277089469682247], [10.431553700684521, -1.435478640845505], [10.480690630565247, -1.4337588059755046], [10.529853699405722, -1.426865284765274], [10.579005242826247, -1.4271032840503621], [10.62815762466823, -1.43219827837092], [10.677315698578214, -1.4168882766470103], [10.726478083244823, -1.4275512703885487], [10.775617388624513, -1.4257692684358543], [10.824785726220822, -1.4296751782666903], [10.873925502480729, -1.4236847370461583], [10.923074671219148, -1.4247282280809814], [10.972241827536752, -1.4187209127517422], [11.021395804220033, -1.4273222968204669], [11.070537002757467, -1.4220149332758294], [11.119690265719694, -1.4199544168919132], [11.168842338867679, -1.420284219555864], [11.218003917306978, -1.4231477899576852], [11.267152795595656, -1.4240138375027944], [11.316302123465414, -1.4230932759479242], [11.365457406606833, -1.4346192573398746], [11.414617797184146, -1.4211010241062663], [11.463766732887986, -1.432625535106227]], "exact_d2": [[9.546812608597396, -1.4217858597914899], [9.595942850988095, -1.4225718913814773], [9.64510534912921, -1.4315851165489781], [9.69424690639091, -1.4230603660043684], [9.743377484107393, -1.4272330044767858], [9.792555991828847, -1.4246643272308281], [9.841718526138497, -1.4211429444075294], [9.890858136135986, -1.4148203865834805], [9.9400123272185, -1.4348554614522038], [9.989160534274278, -1.4137972643442425], [10.038324342758338, -1.4248656629729364], [10.087474388649143, -1.4257541173812651], [10.136621037879685, -1.4263792929298942], [10.185767560073915, -1.4140597915401665], [10.234947247333796, -1.4235790844034124], [10.28407919836827, -1.4187066666158885], [10.333254953167257, -1.4284830803461623], [10.382388978717474, -1.4277089469682247], [10.431553700684521, -1.4361726763204157], [10.480690630565247, -1.4337588059755046], [10.529853699405722, -1.4268830995510864], [10.579005242826247, -1.4271392920365957], [10.62815762466823, -1.432214349810727], [10.677315698578214, -1.4168882766470103], [10.726478083244823, -1.4275512703885485], [10.775617388624513, -1.4261822309297394], [10.824785726220822, -1.4296751782666903], [10.873925502480729, -1.4240331518068312], [10.923074671219148, -1.4247306367772399], [10.972241827536752, -1.4188033424336313], [11.021395804220033, -1.4273578403121547], [11.070537002757467, -1.4224179098011573], [11.119690265719694, -1.4199936837861256], [11.168842338867679, -1.4206271992873811], [11.218003917306978, -1.4231477899576852], [11.267152795595656, -1.4241114999760105], [11.316302123465414, -1.4230932759479242], [11.365457406606833, -1.4346192573398746], [11.414617797184146, -1.4211010241062665], [11.463766732887986, -1.4326369171209075]], "over": [[9.546812608597396, -1.4216432117073947], [9.595942850988095, -0.31947442003026316], [9.64510534912921, -0.17155424897696267], [9.69424690639091, -1.4231584389919036], [9.743377484107393, -0.2005937074036117], [9.792555991828847, -1.4243556018162873], [9.841718526138497, -1.4215975704474755], [9.890858136135986, -0.4147209041033872], [9.9400123272185, -0.2387964574581657], [9.989160534274278, -1.4141287532070919], [10.038324342758338, -0.4201931182917578], [10.087474388649143, -0.08356709140649081], [10.136621037879685, -1.4270749473467055], [10.185767560073915, -0.2045157711330374], [10.234947247333796, -0.23780318286811258], [10.28407919836827, -0.11804215796912965], [10.333254953167257, -1.4282785844632782], [10.382388978717474, -1.4273655829562741], [10.431553700684521, -0.5043044529845646], [10.480690630565247, -1.434366613044637], [10.529853699405722, -0.19892145836825648], [10.579005242826247, -0.15149580139418023], [10.62815762466823, -1.4319210980354866], [10.677315698578214, -1.4179663635334865], [10.726478083244823, -1.4275979431619636], [10.775617388624513, -0.46856730649228817], [10.824785726220822, -1.4298926375457266], [10.873925502480729, -1.4237191206853919], [10.923074671219148, -0.4521710920894397], [10.972241827536752, -1.4181368069876148], [11.021395804220033, -1.4263244894816687], [11.070537002757467, -0.17915221325571662], [11.119690265719694, -1.4196810499393748], [11.168842338867679, -1.4203880788374692], [11.218003917306978, -0.1491724860640189], [11.267152795595656, -0.5536229975292306], [11.316302123465414, -0.4166666631511208], [11.365457406606833, -0.13869861162764924], [11.414617797184146, -0.4591565203282146], [11.463766732887986, -0.1695819385352189]], "merge_d1": [[9.546812608597396, -1.420938670642491], [9.595942850988095, 0.025754818258851543], [9.64510534912921, 0.1973055485863695], [9.69424690639091, -1.4223998734043053], [9.743377484107393, 0.16163529312686586], [9.792555991828847, -1.4236743268039074], [9.841718526138497, -1.4209151260806585], [9.890858136135986, -0.03954518205192177], [9.9400123272185, 0.07364274072508517], [9.989160534274278, -1.413392273550186], [10.038324342758338, -0.0504398883944937], [10.087474388649143, 0.16498921953944884], [10.136621037879685, -1.427044636184225], [10.185767560073915, 0.1686004516342193], [10.234947247333796, 0.10003868495674836], [10.28407919836827, 0.1763242365928271], [10.333254953167257, -1.427491271171618], [10.382388978717474, -1.4265414874825626], [10.431553700684521, -0.11745573118771714], [10.480690630565247, -1.433694877928499], [10.529853699405722, 0.18555694388034483], [10.579005242826247, 0.22878039591634666], [10.62815762466823, -1.4311414312056834], [10.677315698578214, -1.4173883043479045], [10.726478083244823, -1.4268513793861162], [10.775617388624513, -0.09037067413982501], [10.824785726220822, -1.4291410426833109], [10.873925502480729, -1.4229400512479127], [10.923074671219148, -0.07551995371536994], [10.972241827536752, -1.4175956769976672], [11.021395804220033, -1.4261610719163913], [11.070537002757467, 0.20131800334753017], [11.119690265719694, -1.4189332875314682], [11.168842338867679, -1.4195920098001114], [11.218003917306978, 0.2193170431053129], [11.267152795595656, -0.1571810673573422], [11.316302123465414, -0.04625293385287404], [11.365457406606833, 0.2382628090513094], [11.414617797184146, -0.08174169604348548], [11.463766732887986, 0.20749332313899907]],