{"exact": [[4.605170185988092, 3.986085881484998], [5.849324779946859, 3.9866972185608462], [6.386879319362645, 15.622449648926331], [6.734591659972948, 3.986189660985262], [6.992096427415888, 3.9838178138757683], [7.19668657083435, 3.984563161310635], [7.366445148327599, 13.530794044701771], [7.511524648390866, 13.99626592782386], [7.638198244285779, 13.229537309848087], [7.750614732770409, 12.92069585144872], [7.851661177889265, 12.1273294393291], [7.943427767876373, 13.52417004553747], [8.027476530860483, 12.542249412440398], [8.105005537547246, 3.984637179532164], [8.17695386822578, 3.9834272737040424], [8.244071270295786, 12.651319296418201], [8.306965865368573, 3.984022084226475], [8.366137716496281, 3.9841876551258655], [8.422003004412488, 12.81888700249782], [8.474911799159631, 3.9839331154795623], [8.525161361065415, 12.92962775813607], [8.57300625623545, 13.170527092677311], [8.618666160346871, 3.9847797072820477], [8.662331957082475, 3.983952258111113], [8.704170559746386, 3.983936408143895], [8.744328763999984, 12.671325079328659], [8.782936356349264, 3.9835766547472233], [8.820108644508608, 12.476778687299733], [8.855948534052018, 3.984180690845817], [8.890548245606167, 12.217913146675842], [8.92399074475818, 12.791316064381835], [8.956350940490871, 13.207026956511326], [8.987696695703624, 3.9839985632612596], [9.018089684104343, 13.017812628521474], [9.047586120674756, 3.98404155413028], [9.076237387452702, 3.9838537663575866], [9.104090572133472, 3.983909998672517], [9.131188933670746, 3.9842838092479185], [9.157572306437528, 3.9838953487817985], [9.183277452426493, 3.9840382283744744]], "over": [], "merge": [], "argmin_dic": [], "time_elapsed": 7.2834532260894775}