{"exact": [[4.605170185988092, 9.253607640801608], [5.849324779946859, 13.381184098470595], [6.386879319362645, 16.05596154540254], [6.734591659972948, 13.162228739837772], [6.992096427415888, 3.984008498339866], [7.19668657083435, 3.984315975374527], [7.366445148327599, 13.357757260803856], [7.511524648390866, 11.421085709234474], [7.638198244285779, 13.230119214610689], [7.750614732770409, 3.983876249864802], [7.851661177889265, 13.238279540186339], [7.943427767876373, 3.9837306394424883], [8.027476530860483, 3.984328837661809], [8.105005537547246, 3.9842554420789353], [8.17695386822578, 3.983707514265127], [8.244071270295786, 12.538708656487458], [8.306965865368573, 12.9452694699486], [8.366137716496281, 3.984034489099525], [8.422003004412488, 3.9841135827712577], [8.474911799159631, 13.841178198056053], [8.525161361065415, 3.983918384328896], [8.57300625623545, 12.431630085948278], [8.618666160346871, 3.9839429282004204], [8.662331957082475, 3.984147877306385], [8.704170559746386, 13.068188347975985], [8.744328763999984, 12.260343411286932], [8.782936356349264, 3.983706187654936], [8.820108644508608, 3.9842664796753846], [8.855948534052018, 13.455401489432386], [8.890548245606167, 3.983800774092288], [8.92399074475818, 3.984018261224815], [8.956350940490871, 12.311848433349137], [8.987696695703624, 3.9839971667672693], [9.018089684104343, 3.9841927546421134], [9.047586120674756, 3.98406845227445], [9.076237387452702, 3.984146686272412], [9.104090572133472, 3.984067376639838], [9.131188933670746, 3.9841710506752595], [9.157572306437528, 13.061964854113725], [9.183277452426493, 12.86341742014278]], "over": [], "merge": [], "argmin_dic": [], "time_elapsed": 7.215510845184326}