{"exact": [[4.605170185988092, 3.9856979769917014], [5.849324779946859, 3.983752814125681], [6.386879319362645, 3.9841155421556795], [6.734591659972948, 3.9844233041779997], [6.992096427415888, 14.893836455643726], [7.19668657083435, 13.39003336342726], [7.366445148327599, 11.283717845637804], [7.511524648390866, 3.984161803695322], [7.638198244285779, 3.983979325738699], [7.750614732770409, 13.266312317427467], [7.851661177889265, 3.984242924035086], [7.943427767876373, 3.9840342756027334], [8.027476530860483, 3.9843378151784106], [8.105005537547246, 13.931216027740106], [8.17695386822578, 3.9838941221644766], [8.244071270295786, 15.088094637931816], [8.306965865368573, 3.9838072121111665], [8.366137716496281, 12.43414596945839], [8.422003004412488, 13.389056417146456], [8.474911799159631, 3.9841373191435183], [8.525161361065415, 12.989027734680223], [8.57300625623545, 3.9840206647885563], [8.618666160346871, 12.726123129846314], [8.662331957082475, 3.983798684990171], [8.704170559746386, 3.983924310899793], [8.744328763999984, 3.983621697800205], [8.782936356349264, 3.9841223441947706], [8.820108644508608, 3.9838817885523548], [8.855948534052018, 3.9836974452034237], [8.890548245606167, 12.399592525656315], [8.92399074475818, 13.598271300663713], [8.956350940490871, 13.10701680329853], [8.987696695703624, 3.984297632919657], [9.018089684104343, 3.984042996663301], [9.047586120674756, 3.984137903353287], [9.076237387452702, 12.658102930082913], [9.104090572133472, 13.330680840599857], [9.131188933670746, 12.735951294435894], [9.157572306437528, 3.984860142850984], [9.183277452426493, 3.9838348981463723]], "over": [], "merge": [], "argmin_dic": [], "time_elapsed": 6.945505380630493}