{"exact": [[4.605170185988092, 169.71789410471737], [5.849324779946859, 3.9861008049201962], [6.386879319362645, 12.073794189138306], [6.734591659972948, 3.984077284225522], [6.992096427415888, 3.9844321825207154], [7.19668657083435, 11.184633029614833], [7.366445148327599, 3.9845178816060782], [7.511524648390866, 13.070446660737367], [7.638198244285779, 12.603564299728847], [7.750614732770409, 12.930973601570047], [7.851661177889265, 13.19938833569722], [7.943427767876373, 13.414156620105961], [8.027476530860483, 12.009198383417361], [8.105005537547246, 3.9840848194405707], [8.17695386822578, 11.855187112275182], [8.244071270295786, 12.279660086168702], [8.306965865368573, 13.771055207522545], [8.366137716496281, 12.198449504444318], [8.422003004412488, 13.278956705127131], [8.474911799159631, 3.9837576578788614], [8.525161361065415, 3.984783389430697], [8.57300625623545, 3.98384121185261], [8.618666160346871, 13.596343021131789], [8.662331957082475, 3.983739142141074], [8.704170559746386, 12.751397209084194], [8.744328763999984, 12.334102373307498], [8.782936356349264, 13.472493326697315], [8.820108644508608, 3.9839587142459836], [8.855948534052018, 12.601082370209284], [8.890548245606167, 13.054064299610502], [8.92399074475818, 12.522011866915868], [8.956350940490871, 3.9838465056320826], [8.987696695703624, 12.998326599654977], [9.018089684104343, 13.398861014934445], [9.047586120674756, 12.834748541646125], [9.076237387452702, 12.495586662748034], [9.104090572133472, 12.190876833776194], [9.131188933670746, 13.254872664611241], [9.157572306437528, 3.984142379432141], [9.183277452426493, 3.9843943385948335]], "over": [], "merge": [], "argmin_dic": [], "time_elapsed": 6.646705389022827}