{"exact": [[4.605170185988092, 12.024155389188627], [5.849324779946859, 23.18373586776874], [6.386879319362645, 3.9845416944320853], [6.734591659972948, 14.293191642280936], [6.992096427415888, 11.792859293771802], [7.19668657083435, 3.9870070085720015], [7.366445148327599, 11.52584121787806], [7.511524648390866, 13.19686444611501], [7.638198244285779, 3.984161043031187], [7.750614732770409, 13.03396805086646], [7.851661177889265, 13.728640822148495], [7.943427767876373, 3.9839738336344332], [8.027476530860483, 3.9842831161129184], [8.105005537547246, 13.192806322144035], [8.17695386822578, 3.983984983608912], [8.244071270295786, 12.88110806133674], [8.306965865368573, 3.984281901361206], [8.366137716496281, 13.722654787927569], [8.422003004412488, 14.344024745845363], [8.474911799159631, 3.9840487007896512], [8.525161361065415, 15.726745056492621], [8.57300625623545, 3.9840352814084055], [8.618666160346871, 12.890572224009526], [8.662331957082475, 3.9840566279384153], [8.704170559746386, 3.983877023140272], [8.744328763999984, 12.591794530962092], [8.782936356349264, 3.9841008360420753], [8.820108644508608, 3.9840324002208756], [8.855948534052018, 14.043933111240595], [8.890548245606167, 3.984153829527845], [8.92399074475818, 3.984368727739037], [8.956350940490871, 3.984171471402336], [8.987696695703624, 13.252988682779657], [9.018089684104343, 3.984063401756114], [9.047586120674756, 3.983805276246244], [9.076237387452702, 3.984149776116207], [9.104090572133472, 11.973014261492807], [9.131188933670746, 3.9838476093511908], [9.157572306437528, 12.719695963968693], [9.183277452426493, 13.05461295616223]], "over": [], "merge": [], "argmin_dic": [], "time_elapsed": 6.874396324157715}