{"exact": [[4.605170185988092, 3.985162217435007], [5.849324779946859, 3.9828050891710967], [6.386879319362645, 3.983206706913201], [6.734591659972948, 3.9845380924534903], [6.992096427415888, 3.984061637212727], [7.19668657083435, 13.379021761683843], [7.366445148327599, 12.519455413913693], [7.511524648390866, 3.984549600309193], [7.638198244285779, 13.007616511720483], [7.750614732770409, 3.9838193221206053], [7.851661177889265, 13.165347225403917], [7.943427767876373, 13.064879338554693], [8.027476530860483, 3.983638258336731], [8.105005537547246, 3.9838380748513136], [8.17695386822578, 3.9841568086388577], [8.244071270295786, 3.985034536869428], [8.306965865368573, 3.9842852910619984], [8.366137716496281, 12.868224695535408], [8.422003004412488, 3.983775993785352], [8.474911799159631, 12.925272900882774], [8.525161361065415, 13.361824406839498], [8.57300625623545, 13.883344346099058], [8.618666160346871, 3.9843180566521066], [8.662331957082475, 3.983977157172765], [8.704170559746386, 11.823519933639265], [8.744328763999984, 12.820276385788196], [8.782936356349264, 3.9840318191514723], [8.820108644508608, 12.46800313908452], [8.855948534052018, 12.470765386185453], [8.890548245606167, 3.984051724119178], [8.92399074475818, 3.9840875742560224], [8.956350940490871, 3.9840868805574465], [8.987696695703624, 3.9843108264149776], [9.018089684104343, 14.009950142721138], [9.047586120674756, 3.9837612271289795], [9.076237387452702, 12.853287805659479], [9.104090572133472, 3.9840933125827505], [9.131188933670746, 3.983794459573186], [9.157572306437528, 13.42572132942323], [9.183277452426493, 12.958394266258834]], "over": [], "merge": [], "argmin_dic": [], "time_elapsed": 7.215268611907959}