{"exact": [[4.605170185988092, 3.983893789324967], [5.849324779946859, 22.472557019304983], [6.386879319362645, 12.769717074104674], [6.734591659972948, 20.422357505956104], [6.992096427415888, 14.437414790191923], [7.19668657083435, 3.98382961960802], [7.366445148327599, 3.98478826667967], [7.511524648390866, 13.726409720140943], [7.638198244285779, 3.9837639172288983], [7.750614732770409, 3.9842947226861423], [7.851661177889265, 11.914153622002619], [7.943427767876373, 3.9839525282888233], [8.027476530860483, 12.553486941425453], [8.105005537547246, 12.546497636325501], [8.17695386822578, 3.9837046041589184], [8.244071270295786, 13.691164618624294], [8.306965865368573, 3.9834934189996627], [8.366137716496281, 3.983795776421965], [8.422003004412488, 12.582359348694164], [8.474911799159631, 12.87227010374778], [8.525161361065415, 3.9842846786583297], [8.57300625623545, 3.984222461756188], [8.618666160346871, 13.206165399658252], [8.662331957082475, 3.983766746891173], [8.704170559746386, 3.98398417148761], [8.744328763999984, 13.022133902688566], [8.782936356349264, 3.9841422974250804], [8.820108644508608, 13.13928271152885], [8.855948534052018, 12.266963509829777], [8.890548245606167, 11.59284449120219], [8.92399074475818, 3.984436145105006], [8.956350940490871, 12.258195023645444], [8.987696695703624, 12.782451121885778], [9.018089684104343, 13.186987127776561], [9.047586120674756, 3.9843551386423774], [9.076237387452702, 12.61524417464248], [9.104090572133472, 12.697599857161961], [9.131188933670746, 12.05715312603696], [9.157572306437528, 3.9838723139343832], [9.183277452426493, 3.9839306803494994]], "over": [], "merge": [], "argmin_dic": [], "time_elapsed": 7.02038311958313}