{"exact": [[4.605170185988092, 20.790954965520687], [5.849324779946859, 20.794920959450472], [6.386879319362645, 20.801097232874234], [6.734591659972948, 20.79834175210401], [6.992096427415888, 20.797653139468217], [7.19668657083435, 20.797188116117212], [7.366445148327599, 20.80015287741704], [7.511524648390866, 20.795293747854302], [7.638198244285779, 20.7966694666594], [7.750614732770409, 20.79933720504272], [7.851661177889265, 20.797971623441704], [7.943427767876373, 20.79620635584346], [8.027476530860483, 20.795061834552595], [8.105005537547246, 20.796700527339283], [8.17695386822578, 20.79851853408647], [8.244071270295786, 20.799933806010497], [8.306965865368573, 20.799880099907302], [8.366137716496281, 20.79717673351336], [8.422003004412488, 20.79797246075928], [8.474911799159631, 20.79544458297843], [8.525161361065415, 20.797110266298613], [8.57300625623545, 20.796091437167497], [8.618666160346871, 20.797876748231182], [8.662331957082475, 20.796922955408952], [8.704170559746386, 20.79794701841303], [8.744328763999984, 20.796313797863323], [8.782936356349264, 20.79655007064023], [8.820108644508608, 20.797768194617245], [8.855948534052018, 20.797951542392095], [8.890548245606167, 20.797862674110053], [8.92399074475818, 20.79785120863833], [8.956350940490871, 20.798405214575467], [8.987696695703624, 20.797200899789416], [9.018089684104343, 20.797027288865625], [9.047586120674756, 20.797286573632185], [9.076237387452702, 20.799529494711727], [9.104090572133472, 20.798992938460284], [9.131188933670746, 20.797852373859648], [9.157572306437528, 20.79577804701402], [9.183277452426493, 20.79695646086449]], "over": [[4.605170185988092, 62.37276152790481], [5.849324779946859, 50.44645229432976], [6.386879319362645, 49.0432836805759], [6.734591659972948, 56.15825451131316], [6.992096427415888, 55.56380941108388], [7.19668657083435, 56.027007922615915], [7.366445148327599, 49.55926007599573], [7.511524648390866, 49.2042133969585], [7.638198244285779, 49.00311129650142], [7.750614732770409, 50.39221456507333], [7.851661177889265, 49.176910885659886], [7.943427767876373, 55.536325122748956], [8.027476530860483, 50.04118480328975], [8.105005537547246, 49.81497418095673], [8.17695386822578, 55.73275508062703], [8.244071270295786, 56.02008835696539], [8.306965865368573, 50.41787867515402], [8.366137716496281, 49.790804696100686], [8.422003004412488, 49.271589751473726], [8.474911799159631, 49.56738717906686], [8.525161361065415, 49.801724774958195], [8.57300625623545, 50.233876833108546], [8.618666160346871, 56.13105702292215], [8.662331957082475, 62.3897711922077], [8.704170559746386, 55.37428160290841], [8.744328763999984, 62.387669125327356], [8.782936356349264, 55.84558815655222], [8.820108644508608, 55.23054576667578], [8.855948534052018, 49.57930977248967], [8.890548245606167, 56.028333071467515], [8.92399074475818, 56.023217713692816], [8.956350940490871, 49.18565435746577], [8.987696695703624, 50.21473676241338], [9.018089684104343, 62.38958300779135], [9.047586120674756, 62.390820023661746], [9.076237387452702, 49.525604080040914], [9.104090572133472, 62.395651895469165], [9.131188933670746, 49.6767860790853], [9.157572306437528, 49.32904850845939], [9.183277452426493, 49.48383936616258]], "merge": [[4.605170185988092, 20.791293514874994], [5.849324779946859, 22.3368898316879], [6.386879319362645, 20.99051260519478], [6.734591659972948, 21.47406220488573], [6.992096427415888, 22.1964790245129], [7.19668657083435, 21.372719458821482], [7.366445148327599, 21.591100287671534], [7.511524648390866, 21.27075921335892], [7.638198244285779, 21.120305778484425], [7.750614732770409, 22.453883378865207], [7.851661177889265, 21.218167244899337], [7.943427767876373, 22.034361556156817], [8.027476530860483, 21.97770630379917], [8.105005537547246, 21.80223498206937], [8.17695386822578, 21.074055565465788], [8.244071270295786, 21.41467067588703], [8.306965865368573, 22.331474964356516], [8.366137716496281, 21.792496443491192], [8.422003004412488, 21.251657614059724], [8.474911799159631, 21.602898498478094], [8.525161361065415, 21.85209898365032], [8.57300625623545, 22.40175316114047], [8.618666160346871, 21.55493008257367], [8.662331957082475, 20.79713647902969], [8.704170559746386, 22.121760545956946], [8.744328763999984, 20.79670200886881], [8.782936356349264, 21.225173032506643], [8.820108644508608, 22.090509933556678], [8.855948534052018, 21.552310159899605], [8.890548245606167, 21.428916241840362], [8.92399074475818, 21.424469864517153], [8.956350940490871, 21.267577529463214], [8.987696695703624, 22.346674543338395], [9.018089684104343, 20.79709477615894], [9.047586120674756, 20.797452066491065], [9.076237387452702, 21.51879319820185], [9.104090572133472, 20.799096350227675], [9.131188933670746, 21.682597044562954], [9.157572306437528, 21.271176768119094], [9.183277452426493, 21.49278566357718]], "argmin_dic": [[100, 5], [347, 2], [594, 3], [841, 2], [1088, 2], [1335, 2], [1582, 2], [1829, 2], [2076, 2], [2323, 2], [2570, 2], [2817, 2], [3064, 2], [3311, 2], [3558, 2], [3805, 2], [4052, 2], [4299, 2], [4546, 2], [4793, 2], [5040, 2], [5287, 2], [5534, 2], [5781, 2], [6028, 2], [6275, 2], [6522, 2], [6769, 2], [7016, 2], [7263, 2], [7510, 2], [7757, 2], [8004, 2], [8251, 2], [8498, 2], [8745, 2], [8992, 2], [9239, 2], [9486, 3], [9733, 2]], "time_elapsed": 1746.6107552051544}