{"exact": [[4.605170185988092, 10.014568818273137], [5.849324779946859, 14.597863610021115], [6.386879319362645, 13.089335480667616], [6.734591659972948, 14.358532170162459], [6.992096427415888, 3.984423938447204], [7.19668657083435, 3.983955035476299], [7.366445148327599, 13.364639483926052], [7.511524648390866, 12.059087938216349], [7.638198244285779, 3.9840639657161527], [7.750614732770409, 3.9844522447537973], [7.851661177889265, 3.983724923247037], [7.943427767876373, 3.9831472061171813], [8.027476530860483, 12.233337752675995], [8.105005537547246, 3.984220601198221], [8.17695386822578, 3.983989875200772], [8.244071270295786, 3.9839954860676214], [8.306965865368573, 3.984029710208804], [8.366137716496281, 3.983915167234913], [8.422003004412488, 3.9842244283418893], [8.474911799159631, 3.9845415415218213], [8.525161361065415, 12.41953922743842], [8.57300625623545, 3.9837933642611443], [8.618666160346871, 3.9840496567837302], [8.662331957082475, 3.9841066308945736], [8.704170559746386, 3.9840245650754142], [8.744328763999984, 12.563837894281104], [8.782936356349264, 3.9839865126141807], [8.820108644508608, 13.186756896483555], [8.855948534052018, 3.9839345656818117], [8.890548245606167, 13.083764349780568], [8.92399074475818, 3.9842973058261837], [8.956350940490871, 3.9840223298503585], [8.987696695703624, 12.90302323585415], [9.018089684104343, 13.443992598227746], [9.047586120674756, 12.575902363265502], [9.076237387452702, 3.983808274203336], [9.104090572133472, 12.394498536181738], [9.131188933670746, 12.740528229764816], [9.157572306437528, 3.9838620433969236], [9.183277452426493, 3.9842522526951605]], "over": [], "merge": [], "argmin_dic": [], "time_elapsed": 7.441630840301514}