{"exact": [[4.605170185988092, 3.983971043911469], [5.849324779946859, 15.94898086950636], [6.386879319362645, 3.983947791775422], [6.734591659972948, 3.984017870259408], [6.992096427415888, 13.655935185985538], [7.19668657083435, 3.985019108068769], [7.366445148327599, 3.984112897049461], [7.511524648390866, 3.9843495458290725], [7.638198244285779, 3.9847754159075914], [7.750614732770409, 12.47320814025509], [7.851661177889265, 11.300983786547437], [7.943427767876373, 12.867299652241652], [8.027476530860483, 12.663591079516051], [8.105005537547246, 3.98418903819523], [8.17695386822578, 3.9840328766072814], [8.244071270295786, 3.984458704157288], [8.306965865368573, 3.983918781404366], [8.366137716496281, 13.524351654480403], [8.422003004412488, 12.525423647440528], [8.474911799159631, 12.434935650575088], [8.525161361065415, 3.9837896363869], [8.57300625623545, 3.9841269306996128], [8.618666160346871, 12.412436331010632], [8.662331957082475, 12.513081866821855], [8.704170559746386, 3.9840775505149226], [8.744328763999984, 12.673897435593709], [8.782936356349264, 12.74101565135107], [8.820108644508608, 3.9839518626894055], [8.855948534052018, 3.9842068420747143], [8.890548245606167, 3.9839305694423808], [8.92399074475818, 3.9838910340554183], [8.956350940490871, 13.239515824529258], [8.987696695703624, 3.983916217397827], [9.018089684104343, 13.166070913080958], [9.047586120674756, 3.9838066009376076], [9.076237387452702, 3.9844446687059807], [9.104090572133472, 12.734693445937232], [9.131188933670746, 11.969721530774478], [9.157572306437528, 3.9838603948997124], [9.183277452426493, 13.079668769175374]], "over": [], "merge": [], "argmin_dic": [], "time_elapsed": 7.271202564239502}