{"exact": [[4.605170185988092, 15.690003907580252], [5.849324779946859, 3.9836965897629777], [6.386879319362645, 3.9837571989947276], [6.734591659972948, 13.935070630541153], [6.992096427415888, 11.159389112162183], [7.19668657083435, 15.610231403577968], [7.366445148327599, 3.9833446717406518], [7.511524648390866, 3.9840165615642817], [7.638198244285779, 3.98395990320705], [7.750614732770409, 12.818642025760564], [7.851661177889265, 13.147510136390563], [7.943427767876373, 3.9842730440979426], [8.027476530860483, 12.987529886023593], [8.105005537547246, 3.984296872080197], [8.17695386822578, 3.984845913564816], [8.244071270295786, 3.9837552111347887], [8.306965865368573, 3.9838928175161956], [8.366137716496281, 3.9839483891371876], [8.422003004412488, 3.9844699480821526], [8.474911799159631, 12.961240202297747], [8.525161361065415, 3.9845080785198843], [8.57300625623545, 12.220997965540011], [8.618666160346871, 3.984215368104283], [8.662331957082475, 13.300730941164936], [8.704170559746386, 3.984202777074464], [8.744328763999984, 12.400037039119413], [8.782936356349264, 3.984282879859828], [8.820108644508608, 3.983772984814251], [8.855948534052018, 3.983951751002349], [8.890548245606167, 3.9838729456762776], [8.92399074475818, 3.984588251893184], [8.956350940490871, 12.92989795554574], [8.987696695703624, 12.73297582434367], [9.018089684104343, 12.763720123559134], [9.047586120674756, 12.342407634679683], [9.076237387452702, 13.795449644115154], [9.104090572133472, 13.503001159448209], [9.131188933670746, 12.66418022464801], [9.157572306437528, 3.983648814432968], [9.183277452426493, 3.984180099344243]], "over": [], "merge": [], "argmin_dic": [], "time_elapsed": 6.785304307937622}