{"exact": [[4.605170185988092, 20.313364550023756], [5.849324779946859, 14.007382600434894], [6.386879319362645, 3.983539227908612], [6.734591659972948, 14.124008542668745], [6.992096427415888, 3.9840709030750987], [7.19668657083435, 3.9842331577785366], [7.366445148327599, 3.9841848856504067], [7.511524648390866, 3.9838297936107674], [7.638198244285779, 3.9837721245225497], [7.750614732770409, 3.9844881470326388], [7.851661177889265, 3.9836476753024197], [7.943427767876373, 3.983627345917608], [8.027476530860483, 12.738628319046624], [8.105005537547246, 3.9839028437949224], [8.17695386822578, 12.281817431248923], [8.244071270295786, 3.984065739554343], [8.306965865368573, 3.9838849593446484], [8.366137716496281, 12.780647088842489], [8.422003004412488, 3.9839172968173755], [8.474911799159631, 3.9842639384016545], [8.525161361065415, 12.770215541911796], [8.57300625623545, 11.8687868439064], [8.618666160346871, 3.983867927687386], [8.662331957082475, 3.9840480655613], [8.704170559746386, 12.847001360218117], [8.744328763999984, 12.255874920030111], [8.782936356349264, 3.984474214665305], [8.820108644508608, 3.984137589420966], [8.855948534052018, 13.503930020310428], [8.890548245606167, 12.585494690485582], [8.92399074475818, 12.982375628398898], [8.956350940490871, 12.219377169770404], [8.987696695703624, 3.983944580443971], [9.018089684104343, 3.984366833720486], [9.047586120674756, 12.52184971673186], [9.076237387452702, 13.056188204311592], [9.104090572133472, 3.9837995731773654], [9.131188933670746, 3.9845815201230934], [9.157572306437528, 12.936363149144073], [9.183277452426493, 13.08286528911822]], "over": [], "merge": [], "argmin_dic": [], "time_elapsed": 7.29980993270874}