{"exact": [[4.605170185988092, 20.792496319523107], [5.849324779946859, 20.799592915517504], [6.386879319362645, 20.798718554840008], [6.734591659972948, 20.795367865110812], [6.992096427415888, 20.796208144480445], [7.19668657083435, 20.796822345979372], [7.366445148327599, 20.796958880535282], [7.511524648390866, 20.799110507820014], [7.638198244285779, 20.79815762696935], [7.750614732770409, 20.795067553799367], [7.851661177889265, 20.79845281812634], [7.943427767876373, 20.79530127981214], [8.027476530860483, 20.797195804456006], [8.105005537547246, 20.798213970751952], [8.17695386822578, 20.797291324789963], [8.244071270295786, 20.80078204260334], [8.306965865368573, 20.799654980507828], [8.366137716496281, 20.79708403703231], [8.422003004412488, 20.79674729069122], [8.474911799159631, 20.79797316411435], [8.525161361065415, 20.799286242102898], [8.57300625623545, 20.79752707102783], [8.618666160346871, 20.795205401573728], [8.662331957082475, 20.79664567087878], [8.704170559746386, 20.797631977221208], [8.744328763999984, 20.795658933734696], [8.782936356349264, 20.79639091834108], [8.820108644508608, 20.797811735060694], [8.855948534052018, 20.79679419433135], [8.890548245606167, 20.798048924394074], [8.92399074475818, 20.79773245654875], [8.956350940490871, 20.796810137669215], [8.987696695703624, 20.798005792838712], [9.018089684104343, 20.79717279352031], [9.047586120674756, 20.799588565682736], [9.076237387452702, 20.798098557052587], [9.104090572133472, 20.797092115272115], [9.131188933670746, 20.79726501397483], [9.157572306437528, 20.799559943208983], [9.183277452426493, 20.798625231134828]], "over": [[4.605170185988092, 50.090766959950706], [5.849324779946859, 55.96782849285807], [6.386879319362645, 56.0659302635301], [6.734591659972948, 49.893235380848715], [6.992096427415888, 56.01548874304525], [7.19668657083435, 49.469910444124885], [7.366445148327599, 55.87566678975659], [7.511524648390866, 55.48131511077868], [7.638198244285779, 55.882124219941176], [7.750614732770409, 62.3841016748648], [7.851661177889265, 55.83804527445197], [7.943427767876373, 50.53361954605755], [8.027476530860483, 55.78072233305917], [8.105005537547246, 54.96000460845054], [8.17695386822578, 55.88677434198298], [8.244071270295786, 49.66892665026267], [8.306965865368573, 55.81938392278281], [8.366137716496281, 49.85404722624648], [8.422003004412488, 49.770002472158275], [8.474911799159631, 55.97636532717963], [8.525161361065415, 51.626149301870186], [8.57300625623545, 62.39198798768716], [8.618666160346871, 62.384330684309376], [8.662331957082475, 62.38847880704901], [8.704170559746386, 49.33766516786793], [8.744328763999984, 56.026654173430344], [8.782936356349264, 49.761703720184705], [8.820108644508608, 50.64332176757659], [8.855948534052018, 49.79672196264102], [8.890548245606167, 49.8141685454763], [8.92399074475818, 56.04903211164919], [8.956350940490871, 49.21386906558426], [8.987696695703624, 55.55696495054178], [9.018089684104343, 50.60907837792965], [9.047586120674756, 56.02920987866631], [9.076237387452702, 56.04437131619928], [9.104090572133472, 49.44536665496214], [9.131188933670746, 56.05410377466659], [9.157572306437528, 62.39753558084154], [9.183277452426493, 49.83594089582439]], "merge": [[4.605170185988092, 22.334944114124227], [5.849324779946859, 21.378878896525347], [6.386879319362645, 21.70713527501727], [6.734591659972948, 21.827486960345365], [6.992096427415888, 21.42972960508232], [7.19668657083435, 21.546625827995843], [7.366445148327599, 21.266818535742313], [7.511524648390866, 22.034446227700975], [7.638198244285779, 21.237415819826854], [7.750614732770409, 20.795158646431254], [7.851661177889265, 21.245600179788784], [7.943427767876373, 22.52769666326876], [8.027476530860483, 21.192866264573023], [8.105005537547246, 21.88892274058504], [8.17695386822578, 21.264070585674958], [8.244071270295786, 21.650251175315564], [8.306965865368573, 21.389377002858357], [8.366137716496281, 21.82473134302572], [8.422003004412488, 21.772674476737578], [8.474911799159631, 21.318217954323934], [8.525161361065415, 23.516004062049525], [8.57300625623545, 20.797813051930422], [8.618666160346871, 20.79531606634162], [8.662331957082475, 20.79668924240426], [8.704170559746386, 21.273449606667125], [8.744328763999984, 21.519440022052624], [8.782936356349264, 21.789028122431194], [8.820108644508608, 22.63762508785994], [8.855948534052018, 21.806823170382906], [8.890548245606167, 21.762322669483762], [8.92399074475818, 21.435649655546307], [8.956350940490871, 21.27379384296801], [8.987696695703624, 22.01426429876134], [9.018089684104343, 22.62737484762985], [9.047586120674756, 21.4273481435118], [9.076237387452702, 21.434729192800056], [9.104090572133472, 21.447668397094496], [9.131188933670746, 21.432227844515584], [9.157572306437528, 20.799734796150332], [9.183277452426493, 21.840987714308177]], "argmin_dic": [[100, 2], [347, 2], [594, 3], [841, 2], [1088, 2], [1335, 2], [1582, 2], [1829, 2], [2076, 2], [2323, 2], [2570, 5], [2817, 2], [3064, 5], [3311, 2], [3558, 2], [3805, 2], [4052, 3], [4299, 2], [4546, 2], [4793, 2], [5040, 2], [5287, 2], [5534, 2], [5781, 2], [6028, 2], [6275, 2], [6522, 2], [6769, 2], [7016, 2], [7263, 2], [7510, 2], [7757, 2], [8004, 2], [8251, 2], [8498, 2], [8745, 2], [8992, 2], [9239, 2], [9486, 2], [9733, 2]], "time_elapsed": 1994.7681875228882}