{"exact": [[4.605170185988092, 12.718282594805373], [5.849324779946859, 14.170656390712248], [6.386879319362645, 3.9839687049072525], [6.734591659972948, 11.480381914598173], [6.992096427415888, 13.742300121160044], [7.19668657083435, 14.072969359357419], [7.366445148327599, 13.36425817263242], [7.511524648390866, 13.855512316715252], [7.638198244285779, 14.845644899312287], [7.750614732770409, 3.9837141818534247], [7.851661177889265, 14.169205650455918], [7.943427767876373, 3.9842914444552346], [8.027476530860483, 12.194581342819648], [8.105005537547246, 13.202375149287136], [8.17695386822578, 15.461699715387747], [8.244071270295786, 11.706276760929137], [8.306965865368573, 13.421754630405001], [8.366137716496281, 12.98377325432715], [8.422003004412488, 3.9840255181472544], [8.474911799159631, 11.981242904885862], [8.525161361065415, 3.9839592026081236], [8.57300625623545, 3.9835066843572635], [8.618666160346871, 13.018968731614372], [8.662331957082475, 3.9845123692721054], [8.704170559746386, 12.342709109097223], [8.744328763999984, 13.206795784416938], [8.782936356349264, 3.9842277649078985], [8.820108644508608, 3.984060732631465], [8.855948534052018, 13.173311734004036], [8.890548245606167, 12.995353184276572], [8.92399074475818, 3.9844088708740015], [8.956350940490871, 12.721622898623155], [8.987696695703624, 12.707465478031414], [9.018089684104343, 3.9842610302026764], [9.047586120674756, 12.799865553585793], [9.076237387452702, 12.53862404619573], [9.104090572133472, 12.643770837959954], [9.131188933670746, 12.766926606317876], [9.157572306437528, 3.984341238671228], [9.183277452426493, 13.262463272751553]], "over": [], "merge": [], "argmin_dic": [], "time_elapsed": 7.043239116668701}