{"exact": [[4.605170185988092, 3.9869181527491295], [5.849324779946859, 3.9833660581574497], [6.386879319362645, 3.9844689505799606], [6.734591659972948, 10.695013375679196], [6.992096427415888, 14.40637574424455], [7.19668657083435, 3.983310371241523], [7.366445148327599, 3.9832675700487625], [7.511524648390866, 3.9850004448295495], [7.638198244285779, 11.134440619466481], [7.750614732770409, 3.9846483656887326], [7.851661177889265, 12.87923010328958], [7.943427767876373, 13.324913085555503], [8.027476530860483, 3.984049839896044], [8.105005537547246, 13.895748389460863], [8.17695386822578, 12.219758731306], [8.244071270295786, 3.9836514714574944], [8.306965865368573, 3.9840559631767984], [8.366137716496281, 12.83459028441689], [8.422003004412488, 13.236366042878934], [8.474911799159631, 13.110620583995166], [8.525161361065415, 12.61218645603434], [8.57300625623545, 12.713864934445754], [8.618666160346871, 3.9841173849990246], [8.662331957082475, 13.168814909861267], [8.704170559746386, 3.9838948305153883], [8.744328763999984, 12.660634461804158], [8.782936356349264, 12.538848279061014], [8.820108644508608, 12.631340326827218], [8.855948534052018, 3.984135435296076], [8.890548245606167, 12.82760386703848], [8.92399074475818, 3.9841956700690555], [8.956350940490871, 12.897221878290168], [8.987696695703624, 12.671646747427891], [9.018089684104343, 3.9838410136668663], [9.047586120674756, 3.9838052016848047], [9.076237387452702, 3.98387012864409], [9.104090572133472, 12.716795588500421], [9.131188933670746, 12.065503857108231], [9.157572306437528, 12.968499057859303], [9.183277452426493, 12.21946116602104]], "over": [], "merge": [], "argmin_dic": [], "time_elapsed": 7.149163246154785}