{"exact": [[4.605170185988092, 3.9847009446845303], [5.849324779946859, 3.9861478561413297], [6.386879319362645, 3.9836069910201926], [6.734591659972948, 13.737550442510086], [6.992096427415888, 11.882073723890674], [7.19668657083435, 3.984175640873127], [7.366445148327599, 3.984317335692343], [7.511524648390866, 13.364639492567676], [7.638198244285779, 13.857180773592916], [7.750614732770409, 3.9839146828491687], [7.851661177889265, 12.664708861487833], [7.943427767876373, 3.9843270798570174], [8.027476530860483, 13.57280898115513], [8.105005537547246, 11.812302771885802], [8.17695386822578, 3.9842645049289818], [8.244071270295786, 3.9843421998094506], [8.306965865368573, 3.9839679575900973], [8.366137716496281, 13.393172224204346], [8.422003004412488, 11.470854328289207], [8.474911799159631, 3.9838441978246686], [8.525161361065415, 13.107725643551817], [8.57300625623545, 12.648278082611174], [8.618666160346871, 12.395938430399093], [8.662331957082475, 12.789954059249034], [8.704170559746386, 3.984023843264067], [8.744328763999984, 3.9845315850637695], [8.782936356349264, 12.957351088072501], [8.820108644508608, 3.9839521625603584], [8.855948534052018, 12.736068014841202], [8.890548245606167, 13.10399917431001], [8.92399074475818, 3.9845753113497584], [8.956350940490871, 3.9839729170002616], [8.987696695703624, 3.9842497766135434], [9.018089684104343, 13.232022752674807], [9.047586120674756, 12.681079392271705], [9.076237387452702, 3.984043514725959], [9.104090572133472, 13.024565087819587], [9.131188933670746, 3.98393945222548], [9.157572306437528, 3.9841662134364824], [9.183277452426493, 3.984534015203861]], "over": [], "merge": [], "argmin_dic": [], "time_elapsed": 7.335300445556641}