{"exact_d1": [[9.210340371976184, -1.3680757969851942], [9.26785427817679, -1.4565345619465764], [9.325453179076687, -1.3591256563489926], [9.383032379794294, -1.351436050217532], [9.44057869576626, -1.4278802137345696], [9.498147436616115, -1.420463473143432], [9.555701556014641, -1.4237599339912839], [9.61326893243235, -1.419120694424987], [9.670798588378387, -1.4279071109465868], [9.728419624453482, -1.373952128326328], [9.785941988681085, -1.4222599608601578], [9.843525211363445, -1.4394046257016313], [9.901084667919818, -1.4412108994662058], [9.958638397000977, -1.4139402386381517], [10.016235712227882, -1.420010432419443], [10.073778699946109, -1.359709900581003], [10.131339999578072, -1.408969067425613], [10.188929618044561, -1.4102491648196862], [10.246474238267561, -1.3203657042165753], [10.304040616283272, -1.4127896154338913], [10.36160835987009, -1.4196203165480787], [10.41918130769898, -1.4083736406572214], [10.476752620919227, -1.4162216306126536], [10.534307099477882, -1.4198452602139044], [10.591873415994362, -1.416585453622877], [10.649440632919003, -1.41560055839851], [10.707012640565683, -1.4195434690922675], [10.764582648942334, -1.422922326184467], [10.822135503983962, -1.4271394640687156], [10.87970619299017, -1.4238636362230772], [10.937276835160228, -1.4132167614879685], [10.994840220474977, -1.4291190624162957], [11.05239680608701, -1.3871067906464771], [11.109967212073245, -1.41560109895442], [11.167529530327974, -1.4302843057402312], [11.225096715095173, -1.4321865217134366], [11.28265658871343, -1.409886474626863], [11.340225472120236, -1.4148255456590555], [11.397795157716597, -1.4265417419870943], [11.455359909435817, -1.4173849921573125]], "exact_d2": [[9.210340371976184, -1.3680757969851944], [9.26785427817679, -1.4565345619465766], [9.325453179076687, -1.3591256563489926], [9.383032379794294, -1.351436050217532], [9.44057869576626, -1.4278802137345696], [9.498147436616115, -1.420463473143432], [9.555701556014641, -1.4237599339912839], [9.61326893243235, -1.419120694424987], [9.670798588378387, -1.427907110946587], [9.728419624453482, -1.3739521283263283], [9.785941988681085, -1.4222599608601578], [9.843525211363445, -1.4394046257016313], [9.901084667919818, -1.4412108994662056], [9.958638397000977, -1.4139402386381517], [10.016235712227882, -1.420010432419443], [10.073778699946109, -1.359709900581003], [10.131339999578072, -1.408969067425613], [10.188929618044561, -1.4102491648196862], [10.246474238267561, -1.3203657042165753], [10.304040616283272, -1.4127896154338913], [10.36160835987009, -1.4196203165480787], [10.41918130769898, -1.4083736406572214], [10.476752620919227, -1.4162216306126536], [10.534307099477882, -1.4198452602139044], [10.591873415994362, -1.416585453622877], [10.649440632919003, -1.41560055839851], [10.707012640565683, -1.4195434690922675], [10.764582648942334, -1.422922326184467], [10.822135503983962, -1.4271394640687156], [10.87970619299017, -1.4238636362230772], [10.937276835160228, -1.4132167614879685], [10.994840220474977, -1.4291190624162957], [11.05239680608701, -1.3871067906464774], [11.109967212073245, -1.41560109895442], [11.167529530327974, -1.4302843057402312], [11.225096715095173, -1.4321865217134366], [11.28265658871343, -1.409886474626863], [11.340225472120236, -1.4148255456590555], [11.397795157716597, -1.4265417419870943], [11.455359909435817, -1.4173849921573125]], "over": [[9.210340371976184, -1.3696874266279264], [9.26785427817679, -1.456475648806267], [9.325453179076687, -0.8266603142748943], [9.383032379794294, 1.2792821379106878], [9.44057869576626, -1.4294668411354985], [9.498147436616115, -1.4204289604975353], [9.555701556014641, -0.6268511354343121], [9.61326893243235, -1.4197838122509037], [9.670798588378387, 3.0136641832151043], [9.728419624453482, -1.067311223865307], [9.785941988681085, -1.4222087616076822], [9.843525211363445, -1.4389788485522996], [9.901084667919818, -1.0585116338892655], [9.958638397000977, 0.2028030089221792], [10.016235712227882, -0.8953893786524816], [10.073778699946109, -1.3603921989569234], [10.131339999578072, -1.0186647271124663], [10.188929618044561, -1.410093755441335], [10.246474238267561, -1.3200138238801988], [10.304040616283272, -1.4142749639350394], [10.36160835987009, -1.305277872143339], [10.41918130769898, -1.4079692533052328], [10.476752620919227, -1.4123627916067323], [10.534307099477882, -1.4199837158174913], [10.591873415994362, -1.314515796028432], [10.649440632919003, -1.415223635106267], [10.707012640565683, -1.4191067233830126], [10.764582648942334, -1.422671789095265], [10.822135503983962, 4.222377427168105], [10.87970619299017, -1.28120128720998], [10.937276835160228, 1.6526674056202761], [10.994840220474977, -1.4288544591394665], [11.05239680608701, -1.3866380449234152], [11.109967212073245, -1.416022869490861], [11.167529530327974, -1.3780690938328504], [11.225096715095173, 2.2591750294981794], [11.28265658871343, -1.4750632026744601], [11.340225472120236, -1.414327900480045], [11.397795157716597, -1.5333055535227227], [11.455359909435817, -1.4393095918511558]], "merge_d1": [[9.210340371976184, -1.3691607296099197], [9.26785427817679, -1.455950702953871], [9.325453179076687, -0.7175675170645722], [9.383032379794294, -1.0506969043562011], [9.44057869576626, -1.4289533522956046], [9.498147436616115, -1.4198813664363408], [9.555701556014641, -0.2752010505788022], [9.61326893243235, -1.4191704351550123], [9.670798588378387, 0.022122094186697947], [9.728419624453482, -0.6499701757250699], [9.785941988681085, -1.4216765377982368], [9.843525211363445, -1.4385186076518894], [9.901084667919818, -0.7163866740174898], [9.958638397000977, -0.4637685612808868], [10.016235712227882, -0.7058040198070664], [10.073778699946109, -1.3599868795781282], [10.131339999578072, -0.7230568146904109], [10.188929618044561, -1.4095650444464212], [10.246474238267561, -1.3195311169734318], [10.304040616283272, -1.4137381118013042], [10.36160835987009, -0.7402352484815325], [10.41918130769898, -1.4074090320100507], [10.476752620919227, -0.7790675728286698], [10.534307099477882, -1.4194688379856422], [10.591873415994362, -0.7338581980710265], [10.649440632919003, -1.4146431974688354], [10.707012640565683, -1.4185708416839355], [10.764582648942334, -1.4221637955487194], [10.822135503983962, 0.6490120855200858], [10.87970619299017, -0.7257190713452087], [10.937276835160228, -0.24233618129160386], [10.994840220474977, -1.4284001285372638], [11.05239680608701, -1.386117891088075], [11.109967212073245, -1.415424799755687], [11.167529530327974, -0.7749794470486053], [11.225096715095173, -0.2470401496785725], [11.28265658871343, -0.8120973937710497], [11.340225472120236, -1.41382891490768], [11.397795157716597, -0.8507768105491154], [11.455359909435817, -0.7910951827515049]],