{"exact": [[4.605170185988092, 12.752631053607908], [5.849324779946859, 3.983971616246608], [6.386879319362645, 12.601890988310668], [6.734591659972948, 13.561380567279059], [6.992096427415888, 3.983641545518454], [7.19668657083435, 12.718952557529768], [7.366445148327599, 13.637369850104397], [7.511524648390866, 3.9845054139990084], [7.638198244285779, 3.984043507745043], [7.750614732770409, 3.984021010164701], [7.851661177889265, 12.670593268078255], [7.943427767876373, 12.060604428794226], [8.027476530860483, 12.142218869404193], [8.105005537547246, 3.9844988314373446], [8.17695386822578, 12.025571984816514], [8.244071270295786, 12.872716621979409], [8.306965865368573, 12.72701577625954], [8.366137716496281, 13.147711154652235], [8.422003004412488, 3.984000581859979], [8.474911799159631, 3.9844611592523482], [8.525161361065415, 13.959121871903532], [8.57300625623545, 13.010203058023528], [8.618666160346871, 12.324705793053262], [8.662331957082475, 3.9840109644889026], [8.704170559746386, 3.9838432418540144], [8.744328763999984, 12.714824358584734], [8.782936356349264, 3.984262874760095], [8.820108644508608, 12.885005551921653], [8.855948534052018, 3.984361710322048], [8.890548245606167, 3.984400254954134], [8.92399074475818, 12.94836117175737], [8.956350940490871, 3.9844569664712006], [8.987696695703624, 12.787725552323431], [9.018089684104343, 3.9841228806567046], [9.047586120674756, 13.19994479324312], [9.076237387452702, 12.70936132806797], [9.104090572133472, 3.9844605763835705], [9.131188933670746, 12.47875729193354], [9.157572306437528, 3.983975941623739], [9.183277452426493, 3.9842187038402685]], "over": [], "merge": [], "argmin_dic": [], "time_elapsed": 7.25606107711792}