{"exact": [[4.605170185988092, 3.9832904128975772], [5.849324779946859, 11.876993552320974], [6.386879319362645, 14.163723301601312], [6.734591659972948, 3.9842398998959347], [6.992096427415888, 12.984281068932948], [7.19668657083435, 3.9847476232741417], [7.366445148327599, 11.657109987568322], [7.511524648390866, 3.9835177464600213], [7.638198244285779, 3.9844081839899097], [7.750614732770409, 13.085855605079832], [7.851661177889265, 13.086014362444521], [7.943427767876373, 3.983696986460605], [8.027476530860483, 3.9850139542319467], [8.105005537547246, 14.003581471057776], [8.17695386822578, 12.969692946776805], [8.244071270295786, 3.98373899556264], [8.306965865368573, 3.983750830455218], [8.366137716496281, 12.767638340224218], [8.422003004412488, 3.98366467653746], [8.474911799159631, 13.370744158812343], [8.525161361065415, 13.478625566143245], [8.57300625623545, 13.603882080120814], [8.618666160346871, 3.9844588577383506], [8.662331957082475, 13.133547723195425], [8.704170559746386, 3.9841752966114847], [8.744328763999984, 3.9844025453986665], [8.782936356349264, 13.3375000098113], [8.820108644508608, 3.9840783932431165], [8.855948534052018, 3.9843872132818956], [8.890548245606167, 3.983876240064048], [8.92399074475818, 12.14309488965255], [8.956350940490871, 3.983932103721526], [8.987696695703624, 13.072360866952963], [9.018089684104343, 13.127954013070413], [9.047586120674756, 12.542443962768642], [9.076237387452702, 3.984013627154255], [9.104090572133472, 3.9842294693339295], [9.131188933670746, 12.908705542626064], [9.157572306437528, 12.963022381961386], [9.183277452426493, 12.235215278780213]], "over": [], "merge": [], "argmin_dic": [], "time_elapsed": 6.972427129745483}