{"exact": [[4.605170185988092, 12.733719973935564], [5.849324779946859, 12.690299496591201], [6.386879319362645, 3.9844579287195296], [6.734591659972948, 11.903030963938255], [6.992096427415888, 12.579914150022514], [7.19668657083435, 11.64053809811202], [7.366445148327599, 3.983927512826217], [7.511524648390866, 12.972921529637961], [7.638198244285779, 3.984240823455688], [7.750614732770409, 3.9839480918855648], [7.851661177889265, 13.47144224703569], [7.943427767876373, 13.734000333633452], [8.027476530860483, 12.869766019479073], [8.105005537547246, 3.984019334320835], [8.17695386822578, 12.131290339140001], [8.244071270295786, 13.85965259092341], [8.306965865368573, 3.9842241127614653], [8.366137716496281, 13.966923937001798], [8.422003004412488, 13.129450227215436], [8.474911799159631, 12.521672920067775], [8.525161361065415, 3.984132998567109], [8.57300625623545, 3.9841168054726253], [8.618666160346871, 3.9842630532640952], [8.662331957082475, 12.707778839141602], [8.704170559746386, 12.62408511505683], [8.744328763999984, 3.9844614472776216], [8.782936356349264, 12.819394569370008], [8.820108644508608, 3.983948718166245], [8.855948534052018, 13.914047815461567], [8.890548245606167, 3.9844304844195286], [8.92399074475818, 3.9842462641426435], [8.956350940490871, 3.9837539058065117], [8.987696695703624, 3.9839458317490246], [9.018089684104343, 3.9841088572884287], [9.047586120674756, 13.71409350758662], [9.076237387452702, 12.817811854390376], [9.104090572133472, 3.9840577577326153], [9.131188933670746, 3.9837003024473328], [9.157572306437528, 12.337026587472565], [9.183277452426493, 3.9842924397284603]], "over": [], "merge": [], "argmin_dic": [], "time_elapsed": 7.015684127807617}