{"exact_d1": [[9.546812608597396, -1.4347381690426653], [9.595942850988095, -1.415228968830599], [9.64510534912921, -1.3992179941506775], [9.69424690639091, -1.3288991157111683], [9.743377484107393, -1.3600154439430618], [9.792555991828847, -1.364495750799852], [9.841718526138497, -1.4148222637425834], [9.890858136135986, -1.4199409225635207], [9.9400123272185, -1.3971429043414152], [9.989160534274278, -1.4198521992212845], [10.038324342758338, -1.4247511369904045], [10.087474388649143, -1.398346513136427], [10.136621037879685, -1.4238704426147766], [10.185767560073915, -1.3934071693038985], [10.234947247333796, -1.437928682101076], [10.28407919836827, -1.4296619262220946], [10.333254953167257, -1.4163440601107884], [10.382388978717474, -1.4090178014877248], [10.431553700684521, -1.4188618773006425], [10.480690630565247, -1.3986694316878727], [10.529853699405722, -1.4115958767572758], [10.579005242826247, -1.4172127448008511], [10.62815762466823, -1.422408529197539], [10.677315698578214, -1.383209328026022], [10.726478083244823, -1.4186940333709437], [10.775617388624513, -1.4167653116422245], [10.824785726220822, -1.4254861592041015], [10.873925502480729, -1.4228158149308294], [10.923074671219148, -1.3886773244075503], [10.972241827536752, -1.4342327745104646], [11.021395804220033, -1.4217506495606855], [11.070537002757467, -1.4083003105413308], [11.119690265719694, -1.4380897221569267], [11.168842338867679, -1.4089807973498696], [11.218003917306978, -1.4336803086685395], [11.267152795595656, -1.4279817412850317], [11.316302123465414, -1.3945067797047306], [11.365457406606833, -1.4156067680920268], [11.414617797184146, -1.4317742950918373], [11.463766732887986, -1.4179949887621013]], "exact_d2": [[9.546812608597396, -1.4348608100248204], [9.595942850988095, -1.4152289688305988], [9.64510534912921, -1.400197065726839], [9.69424690639091, -1.3290610136073078], [9.743377484107393, -1.3602757531556504], [9.792555991828847, -1.3652989756025549], [9.841718526138497, -1.4148974614230416], [9.890858136135986, -1.4199409225635207], [9.9400123272185, -1.3971429043414152], [9.989160534274278, -1.4198521992212847], [10.038324342758338, -1.4253921854674243], [10.087474388649143, -1.3985767208039233], [10.136621037879685, -1.4240883640099438], [10.185767560073915, -1.3936640219757068], [10.234947247333796, -1.4383397212391353], [10.28407919836827, -1.4296619262220949], [10.333254953167257, -1.4170595155950363], [10.382388978717474, -1.4090178014877248], [10.431553700684521, -1.419229827073762], [10.480690630565247, -1.3986694316878727], [10.529853699405722, -1.4117229567397362], [10.579005242826247, -1.4172127448008511], [10.62815762466823, -1.4225760913955217], [10.677315698578214, -1.383209328026022], [10.726478083244823, -1.4186940333709437], [10.775617388624513, -1.417354940126604], [10.824785726220822, -1.4258689446062651], [10.873925502480729, -1.4233251817138715], [10.923074671219148, -1.3887291117523137], [10.972241827536752, -1.4342327745104646], [11.021395804220033, -1.4217506495606855], [11.070537002757467, -1.4086073548226221], [11.119690265719694, -1.4380897221569269], [11.168842338867679, -1.4089807973498696], [11.218003917306978, -1.4336803086685395], [11.267152795595656, -1.4279817412850317], [11.316302123465414, -1.3946471404988343], [11.365457406606833, -1.4158271780386698], [11.414617797184146, -1.4317996832191742], [11.463766732887986, -1.4182429908807248]], "over": [[9.546812608597396, -1.0862209055618277], [9.595942850988095, -1.416700324521985], [9.64510534912921, -1.4014697786409773], [9.69424690639091, -0.8519565212326343], [9.743377484107393, -0.5543898903262291], [9.792555991828847, -1.3663462763629595], [9.841718526138497, -1.4145871285937688], [9.890858136135986, -1.2893085280706829], [9.9400123272185, -1.3969281232417996], [9.989160534274278, -1.4200949467418698], [10.038324342758338, -1.4255834896042767], [10.087474388649143, 2.57582370529272], [10.136621037879685, -0.3808884824833709], [10.185767560073915, -1.4518009721100018], [10.234947247333796, -1.4379413918023098], [10.28407919836827, -1.0164952347471348], [10.333254953167257, -1.4171152879643372], [10.382388978717474, -1.408872810290651], [10.431553700684521, -1.4820837752204497], [10.480690630565247, -1.3984752239169749], [10.529853699405722, -1.4112865961920804], [10.579005242826247, -1.417010194215058], [10.62815762466823, 1.8372328605611725], [10.677315698578214, 1.617244711013715], [10.726478083244823, -1.4183828743186175], [10.775617388624513, -1.4541856375081672], [10.824785726220822, -1.4258111100442765], [10.873925502480729, 2.1213603159407897], [10.923074671219148, -1.5507906941659149], [10.972241827536752, -1.4340809480024939], [11.021395804220033, -1.4218373907328363], [11.070537002757467, -1.4086521367583815], [11.119690265719694, -1.4384370303047718], [11.168842338867679, -1.3792785605655038], [11.218003917306978, -1.4138221522889018], [11.267152795595656, -1.427489909090291], [11.316302123465414, -1.3471105275578745], [11.365457406606833, -1.2070463498967665], [11.414617797184146, -1.4313991705627787], [11.463766732887986, -1.3622868012843168]], "merge_d1": [[9.546812608597396, -0.7390992156361815], [9.595942850988095, -1.4161760122417173], [9.64510534912921, -1.4010294838542756], [9.69424690639091, -0.6496158407529262], [9.743377484107393, -0.2578890334971894], [9.792555991828847, -1.3658389286990347], [9.841718526138497, -1.4140253623536188], [9.890858136135986, -0.7164356559121392], [9.9400123272185, -1.3964538184839965], [9.989160534274278, -1.4195289655250873], [10.038324342758338, -1.425035629796903], [10.087474388649143, 0.05684672087687086], [10.136621037879685, -0.26132432709975306], [10.185767560073915, -0.7972236723845302], [10.234947247333796, -1.4374106686753325], [10.28407919836827, -1.0229770289239897], [10.333254953167257, -1.4166448319377232], [10.382388978717474, -1.4083726550121538], [10.431553700684521, -0.8609668565272144], [10.480690630565247, -1.3979519566483807], [10.529853699405722, -1.4107716665650958], [10.579005242826247, -1.416551092610926], [10.62815762466823, -0.20236641800481867], [10.677315698578214, 0.6923795685866212], [10.726478083244823, -1.4178714125781289], [10.775617388624513, -0.8055719513437385], [10.824785726220822, -1.4252668246614852], [10.873925502480729, -0.2496038460761236], [10.923074671219148, -0.8526589111780849], [10.972241827536752, -1.4334208093041465], [11.021395804220033, -1.4214044637038856], [11.070537002757467, -1.4081056609700828], [11.119690265719694, -1.437936307492689], [11.168842338867679, -0.774957593478938], [11.218003917306978, -0.7770626060285061], [11.267152795595656, -1.4269419381047945], [11.316302123465414, -0.7443906777580206], [11.365457406606833, -0.6847969584133623], [11.414617797184146, -1.430833508589765], [11.463766732887986, -0.7446948378111335]],