{"exact": [[4.605170185988092, 20.806508469181946], [5.849324779946859, 20.79095309334982], [6.386879319362645, 20.796164386411697], [6.734591659972948, 20.79731176281778], [6.992096427415888, 20.8006777304244], [7.19668657083435, 20.795355244915527], [7.366445148327599, 20.798161297244295], [7.511524648390866, 20.798259339164755], [7.638198244285779, 20.79720654020999], [7.750614732770409, 20.79950422606717], [7.851661177889265, 20.79448335923296], [7.943427767876373, 20.797268398538083], [8.027476530860483, 20.79693943204147], [8.105005537547246, 20.797132032791698], [8.17695386822578, 20.79908738849019], [8.244071270295786, 20.795719590589446], [8.306965865368573, 20.79699789858038], [8.366137716496281, 20.79890962351841], [8.422003004412488, 20.798023976122668], [8.474911799159631, 20.800452610395226], [8.525161361065415, 20.799195688079784], [8.57300625623545, 20.796136687402143], [8.618666160346871, 20.79762997924471], [8.662331957082475, 20.796651959192243], [8.704170559746386, 20.797884606051458], [8.744328763999984, 20.797983374982817], [8.782936356349264, 20.797803274763847], [8.820108644508608, 20.798210145645907], [8.855948534052018, 20.797562368582124], [8.890548245606167, 20.798864532921314], [8.92399074475818, 20.798029167459596], [8.956350940490871, 20.797003650927355], [8.987696695703624, 20.797521024502476], [9.018089684104343, 20.798862022574284], [9.047586120674756, 20.798699868605073], [9.076237387452702, 20.79802611293083], [9.104090572133472, 20.797393232653683], [9.131188933670746, 20.797723730885835], [9.157572306437528, 20.79713635667749], [9.183277452426493, 20.799089873266066]], "over": [[4.605170185988092, 56.094256418014524], [5.849324779946859, 56.072327961373105], [6.386879319362645, 49.630169275356856], [6.734591659972948, 56.102093609386515], [6.992096427415888, 48.973449960091784], [7.19668657083435, 56.05280774457336], [7.366445148327599, 62.393936474185104], [7.511524648390866, 55.9917273175139], [7.638198244285779, 62.39042745680704], [7.750614732770409, 55.466063196724754], [7.851661177889265, 49.92461432534983], [7.943427767876373, 55.85524429973593], [8.027476530860483, 49.09788800779937], [8.105005537547246, 49.67899754469461], [8.17695386822578, 49.840492999488774], [8.244071270295786, 49.905244421482294], [8.306965865368573, 49.20670090515601], [8.366137716496281, 49.569489771286044], [8.422003004412488, 56.003059206418726], [8.474911799159631, 56.03278155676449], [8.525161361065415, 55.921993543321335], [8.57300625623545, 49.80030476432941], [8.618666160346871, 56.03570911845212], [8.662331957082475, 62.38870997528409], [8.704170559746386, 55.92658691784788], [8.744328763999984, 49.72934152987346], [8.782936356349264, 50.14230267033669], [8.820108644508608, 55.43169070292969], [8.855948534052018, 49.44596556883493], [8.890548245606167, 49.81070086553764], [8.92399074475818, 62.39290696092423], [8.956350940490871, 55.9588084190493], [8.987696695703624, 49.61665688806413], [9.018089684104343, 62.39545329665388], [9.047586120674756, 56.01721122080439], [9.076237387452702, 55.689493938564105], [9.104090572133472, 62.39093600383773], [9.131188933670746, 55.303507558545625], [9.157572306437528, 55.904138993762515], [9.183277452426493, 55.747399274233295]], "merge": [[4.605170185988092, 21.66153216548611], [5.849324779946859, 21.50602988262738], [6.386879319362645, 21.45407723645124], [6.734591659972948, 21.575353554170484], [6.992096427415888, 21.056236789660655], [7.19668657083435, 15.148724136496494], [7.366445148327599, 20.798519245353834], [7.511524648390866, 21.424523381608715], [7.638198244285779, 20.797311937129123], [7.750614732770409, 22.040019996546977], [7.851661177889265, 21.996548897067143], [7.943427767876373, 21.224594008525305], [8.027476530860483, 21.145344006157355], [8.105005537547246, 21.68367802019918], [8.17695386822578, 21.85266878434035], [8.244071270295786, 21.89556651561334], [8.306965865368573, 21.2786052346434], [8.366137716496281, 21.55933788589242], [8.422003004412488, 21.415968801132507], [8.474911799159631, 21.369172623404673], [8.525161361065415, 21.496748491892966], [8.57300625623545, 21.787733935697247], [8.618666160346871, 21.430289619507263], [8.662331957082475, 20.796743165412714], [8.704170559746386, 21.327646390275618], [8.744328763999984, 21.7339361233381], [8.782936356349264, 22.13945355583215], [8.820108644508608, 22.020526291891443], [8.855948534052018, 21.40897749670424], [8.890548245606167, 21.72048823724653], [8.92399074475818, 20.79812212862585], [8.956350940490871, 21.301500422008914], [8.987696695703624, 21.57354805807166], [9.018089684104343, 20.79899842044066], [9.047586120674756, 21.353200976996845], [9.076237387452702, 22.030673282781308], [9.104090572133472, 20.79751784754361], [9.131188933670746, 21.8754317918792], [9.157572306437528, 21.46524061936628], [9.183277452426493, 21.113153117278948]], "argmin_dic": [[100, 3], [347, 2], [594, 2], [841, 2], [1088, 3], [1335, 3], [1582, 2], [1829, 2], [2076, 2], [2323, 2], [2570, 2], [2817, 2], [3064, 5], [3311, 2], [3558, 2], [3805, 2], [4052, 2], [4299, 2], [4546, 2], [4793, 2], [5040, 3], [5287, 2], [5534, 2], [5781, 2], [6028, 5], [6275, 2], [6522, 2], [6769, 2], [7016, 2], [7263, 2], [7510, 2], [7757, 2], [8004, 2], [8251, 2], [8498, 2], [8745, 2], [8992, 2], [9239, 2], [9486, 3], [9733, 2]], "time_elapsed": 2019.7955858707428}