{"exact": [[4.605170185988092, 20.79919737304227], [5.849324779946859, 20.80064838443915], [6.386879319362645, 20.79180269019242], [6.734591659972948, 20.79632796864535], [6.992096427415888, 20.797018224240116], [7.19668657083435, 20.798528640633652], [7.366445148327599, 20.79885436146767], [7.511524648390866, 20.800290671302687], [7.638198244285779, 20.796772929181156], [7.750614732770409, 20.795157602468116], [7.851661177889265, 20.79909377747354], [7.943427767876373, 20.79931192928883], [8.027476530860483, 20.797606603887008], [8.105005537547246, 20.79665444078351], [8.17695386822578, 20.7971147115311], [8.244071270295786, 20.799094831778433], [8.306965865368573, 20.797688031236465], [8.366137716496281, 20.798256373559937], [8.422003004412488, 20.795483451235494], [8.474911799159631, 20.797764958673554], [8.525161361065415, 20.795543528067995], [8.57300625623545, 20.798523408495164], [8.618666160346871, 20.797855970355638], [8.662331957082475, 20.796595990763397], [8.704170559746386, 20.79922044561371], [8.744328763999984, 20.797597650694147], [8.782936356349264, 20.7984504045596], [8.820108644508608, 20.798749847929955], [8.855948534052018, 20.796621727333733], [8.890548245606167, 20.797803419261587], [8.92399074475818, 20.798316929155234], [8.956350940490871, 20.797127338315818], [8.987696695703624, 20.79685365883936], [9.018089684104343, 20.799872438283487], [9.047586120674756, 20.797261284639024], [9.076237387452702, 20.797366626444113], [9.104090572133472, 20.79685113075385], [9.131188933670746, 20.79677265273787], [9.157572306437528, 20.7967646164693], [9.183277452426493, 20.797329688530475]], "over": [[4.605170185988092, 62.392255857803285], [5.849324779946859, 53.653491134274105], [6.386879319362645, 50.70818209755849], [6.734591659972948, 50.13659989957587], [6.992096427415888, 49.91629419604235], [7.19668657083435, 49.715415488324375], [7.366445148327599, 55.832737942211516], [7.511524648390866, 55.89934127558132], [7.638198244285779, 62.38924770810402], [7.750614732770409, 49.24765667564797], [7.851661177889265, 55.81437040513566], [7.943427767876373, 55.79309574989246], [8.027476530860483, 55.04568467384616], [8.105005537547246, 55.975743626483485], [8.17695386822578, 55.18590718113184], [8.244071270295786, 62.396186362749546], [8.306965865368573, 50.35756357859533], [8.366137716496281, 49.29299800022751], [8.422003004412488, 62.384852258828175], [8.474911799159631, 49.34792921225648], [8.525161361065415, 55.87946557370587], [8.57300625623545, 50.744746660156096], [8.618666160346871, 55.49420001716267], [8.662331957082475, 56.0493423922644], [8.704170559746386, 56.02580019949934], [8.744328763999984, 56.05662234014092], [8.782936356349264, 56.036317990522335], [8.820108644508608, 55.85207180510623], [8.855948534052018, 51.11786301282343], [8.890548245606167, 56.033958497361056], [8.92399074475818, 49.74080515912064], [8.956350940490871, 49.819093097742126], [8.987696695703624, 56.01412099030501], [9.018089684104343, 49.533814279333676], [9.047586120674756, 55.74323310714773], [9.076237387452702, 56.020419227523256], [9.104090572133472, 55.843541097722344], [9.131188933670746, 56.0222824328693], [9.157572306437528, 55.40409714394576], [9.183277452426493, 56.180494525479325]], "merge": [[4.605170185988092, 20.798769729939888], [5.849324779946859, 21.10149257891724], [6.386879319362645, 22.574635154190297], [6.734591659972948, 22.079842599035903], [6.992096427415888, 21.71902879358888], [7.19668657083435, 21.654510751754728], [7.366445148327599, 14.600038544469587], [7.511524648390866, 21.23488058556531], [7.638198244285779, 20.796866604900217], [7.750614732770409, 21.254235379029225], [7.851661177889265, 21.1720350680569], [7.943427767876373, 21.215513215036857], [8.027476530860483, 21.75479551725637], [8.105005537547246, 22.134212454138847], [8.17695386822578, 22.035426092101947], [8.244071270295786, 20.799187845886312], [8.306965865368573, 22.31495579722414], [8.366137716496281, 21.30313621603128], [8.422003004412488, 20.79544265305532], [8.474911799159631, 21.400630681503667], [8.525161361065415, 21.46325615932554], [8.57300625623545, 22.718421396027896], [8.618666160346871, 22.001040110475504], [8.662331957082475, 21.439128370144463], [8.704170559746386, 21.42485731029963], [8.744328763999984, 21.435142807456256], [8.782936356349264, 21.427490341948367], [8.820108644508608, 21.2602479433603], [8.855948534052018, 23.060802966843003], [8.890548245606167, 21.428041479660266], [8.92399074475818, 21.758382461419444], [8.956350940490871, 21.81548067327181], [8.987696695703624, 21.3564846937588], [9.018089684104343, 21.54967035939412], [9.047586120674756, 21.1015363572603], [9.076237387452702, 21.422507393842352], [9.104090572133472, 21.22936944878393], [9.131188933670746, 21.426158643419313], [9.157572306437528, 21.87898677602837], [9.183277452426493, 21.58529595760693]], "argmin_dic": [[100, 2], [347, 2], [594, 2], [841, 2], [1088, 2], [1335, 2], [1582, 3], [1829, 2], [2076, 2], [2323, 2], [2570, 2], [2817, 5], [3064, 2], [3311, 2], [3558, 2], [3805, 2], [4052, 2], [4299, 2], [4546, 5], [4793, 2], [5040, 3], [5287, 2], [5534, 2], [5781, 2], [6028, 2], [6275, 2], [6522, 2], [6769, 5], [7016, 2], [7263, 2], [7510, 3], [7757, 2], [8004, 2], [8251, 2], [8498, 2], [8745, 2], [8992, 2], [9239, 2], [9486, 2], [9733, 2]], "time_elapsed": 1704.2459616661072}