{"exact_d1": [[9.546812608597396, -1.439882730994365], [9.595942850988095, -1.433798106959479], [9.64510534912921, -1.3012967914584066], [9.69424690639091, -1.3826869722491306], [9.743377484107393, -1.4474749951223185], [9.792555991828847, -1.4198499511130922], [9.841718526138497, -1.3867535048566713], [9.890858136135986, -1.409030762069449], [9.9400123272185, -1.3783545747563217], [9.989160534274278, -1.4412214712925242], [10.038324342758338, -1.438260242600125], [10.087474388649143, -1.3991791543890013], [10.136621037879685, -1.4203370274752212], [10.185767560073915, -1.3919802725485684], [10.234947247333796, -1.421623512523133], [10.28407919836827, -1.4347293727102974], [10.333254953167257, -1.418389990440645], [10.382388978717474, -1.4259098459163715], [10.431553700684521, -1.4443706741144393], [10.480690630565247, -1.4279152105502175], [10.529853699405722, -1.4191334897037329], [10.579005242826247, -1.4016760209534311], [10.62815762466823, -1.4160184792546162], [10.677315698578214, -1.419640948277146], [10.726478083244823, -1.4250801046868704], [10.775617388624513, -1.4314051696356298], [10.824785726220822, -1.4397392008911216], [10.873925502480729, -1.4088074012977119], [10.923074671219148, -1.410707411762741], [10.972241827536752, -1.4192780062673762], [11.021395804220033, -1.4133409387060456], [11.070537002757467, -1.417671944711615], [11.119690265719694, -1.4351230160194344], [11.168842338867679, -1.4253673433387806], [11.218003917306978, -1.4374628038788533], [11.267152795595656, -1.407685160347663], [11.316302123465414, -1.424116596692742], [11.365457406606833, -1.4345790967234449], [11.414617797184146, -1.4185556942903916], [11.463766732887986, -1.4145540314220033]], "exact_d2": [[9.546812608597396, -1.4400808037325845], [9.595942850988095, -1.433801539921204], [9.64510534912921, -1.3012967914584066], [9.69424690639091, -1.3826869722491304], [9.743377484107393, -1.4483131678603418], [9.792555991828847, -1.4198499511130922], [9.841718526138497, -1.3867535048566713], [9.890858136135986, -1.40931848530371], [9.9400123272185, -1.3783545747563217], [9.989160534274278, -1.4412214712925244], [10.038324342758338, -1.438260242600125], [10.087474388649143, -1.3991791543890013], [10.136621037879685, -1.4204099578825335], [10.185767560073915, -1.392305331803569], [10.234947247333796, -1.4219564774557731], [10.28407919836827, -1.4349206950904836], [10.333254953167257, -1.4184297638978238], [10.382388978717474, -1.4262772486962398], [10.431553700684521, -1.4443706741144393], [10.480690630565247, -1.4279152105502175], [10.529853699405722, -1.4191334897037329], [10.579005242826247, -1.4016760209534311], [10.62815762466823, -1.4160184792546162], [10.677315698578214, -1.419640948277146], [10.726478083244823, -1.4250801046868704], [10.775617388624513, -1.4317342288725101], [10.824785726220822, -1.4397437249214269], [10.873925502480729, -1.4088074012977119], [10.923074671219148, -1.4107308396727642], [10.972241827536752, -1.4193082585357069], [11.021395804220033, -1.4136669763544558], [11.070537002757467, -1.417671944711615], [11.119690265719694, -1.4351230160194342], [11.168842338867679, -1.4253673433387806], [11.218003917306978, -1.4377425880961088], [11.267152795595656, -1.407685160347663], [11.316302123465414, -1.424116596692742], [11.365457406606833, -1.4348773674856103], [11.414617797184146, -1.4187795532708016], [11.463766732887986, -1.4145540314220033]], "over": [[9.546812608597396, -1.4597000036840488], [9.595942850988095, 1.9306614138060716], [9.64510534912921, -1.3019381080135939], [9.69424690639091, 0.3303434137305045], [9.743377484107393, -1.4488215388007402], [9.792555991828847, -1.419545631505894], [9.841718526138497, -0.700546195995831], [9.890858136135986, -1.409102486850073], [9.9400123272185, -1.7399763180255736], [9.989160534274278, -1.3375615797552376], [10.038324342758338, -1.437990388427487], [10.087474388649143, -0.8257952249120813], [10.136621037879685, 4.158280507644506], [10.185767560073915, 4.659676864565519], [10.234947247333796, -1.4212854932837056], [10.28407919836827, -1.4343964101118845], [10.333254953167257, -1.4178818145458951], [10.382388978717474, 1.45920553824258], [10.431553700684521, -1.5965956281739497], [10.480690630565247, -1.4277028208673967], [10.529853699405722, -1.4194689089505108], [10.579005242826247, -1.401477637648227], [10.62815762466823, -1.402401729770286], [10.677315698578214, -0.7070103789147728], [10.726478083244823, 4.088794018154651], [10.775617388624513, -1.4314845068351552], [10.824785726220822, -1.2381406771786627], [10.873925502480729, -1.4082833005797506], [10.923074671219148, 0.9849301292848787], [10.972241827536752, -1.3488389145917927], [11.021395804220033, -1.4134099615031], [11.070537002757467, -1.4173122885702838], [11.119690265719694, -1.3113274561531851], [11.168842338867679, 0.3970011503238188], [11.218003917306978, 2.4629492597777873], [11.267152795595656, -1.3392696307578393], [11.316302123465414, -1.3934657390503442], [11.365457406606833, -1.6155827521168127], [11.414617797184146, 3.1911775239269873], [11.463766732887986, 1.7518131867398783]], "merge_d1": [[9.546812608597396, -0.8356914435545117], [9.595942850988095, -0.26449655603451605], [9.64510534912921, -1.3015907981778712], [9.69424690639091, -1.2332162199283987], [9.743377484107393, -1.448358242258861], [9.792555991828847, -1.419108559338441], [9.841718526138497, -0.3849776560354649], [9.890858136135986, -1.408678072263498], [9.9400123272185, -0.998723097754566], [9.989160534274278, -0.7629723256488076], [10.038324342758338, -1.4374333286247118], [10.087474388649143, -0.8876733955102145], [10.136621037879685, 0.6165982394232794], [10.185767560073915, 0.04831041124669817], [10.234947247333796, -1.4208830384639843], [10.28407919836827, -1.4339374361209871], [10.333254953167257, -1.4174019814043175], [10.382388978717474, -0.35349226757974744], [10.431553700684521, -1.0319212502015314], [10.480690630565247, -1.4271979709949123], [10.529853699405722, -1.4190269756188172], [10.579005242826247, -1.400880308620721], [10.62815762466823, -0.7678364286794745], [10.677315698578214, -0.6826763332417743], [10.726478083244823, 0.6781643913877037], [10.775617388624513, -1.4309312650134656], [10.824785726220822, -0.7539974764291509], [10.873925502480729, -1.4077315605186314], [10.923074671219148, -0.35211186571638525], [10.972241827536752, -0.7579454228937018], [11.021395804220033, -1.412860866543788], [11.070537002757467, -1.416776998092579], [11.119690265719694, -0.8895238903729853], [11.168842338867679, -0.5191874008405617], [11.218003917306978, 0.09583600840478733], [11.267152795595656, -0.8967429261145284], [11.316302123465414, -0.7709129110872099], [11.365457406606833, -0.9137750077565094], [11.414617797184146, 0.15364678585105898], [11.463766732887986, -0.18355089523464935]],