{"exact_d1": [[9.546812608597396, -1.3721337949653054], [9.595942850988095, -1.4037437769859802], [9.64510534912921, -1.4121150435774996], [9.69424690639091, -1.4040880076429525], [9.743377484107393, -1.4127704617746515], [9.792555991828847, -1.4265207066356196], [9.841718526138497, -1.3024469104282819], [9.890858136135986, -1.4291022302395036], [9.9400123272185, -1.4021790399025287], [9.989160534274278, -1.410356286776236], [10.038324342758338, -1.4259014575540137], [10.087474388649143, -1.4205539386013406], [10.136621037879685, -1.4261648694373046], [10.185767560073915, -1.4125930313255421], [10.234947247333796, -1.433290756801003], [10.28407919836827, -1.359236813536301], [10.333254953167257, -1.4336930217659725], [10.382388978717474, -1.444359376983408], [10.431553700684521, -1.4088678403671502], [10.480690630565247, -1.4278943951514866], [10.529853699405722, -1.397420698302796], [10.579005242826247, -1.3711547363311798], [10.62815762466823, -1.4202288344662353], [10.677315698578214, -1.4072076476465498], [10.726478083244823, -1.4093147972028148], [10.775617388624513, -1.411382805074788], [10.824785726220822, -1.4165224291426468], [10.873925502480729, -1.4062258983226024], [10.923074671219148, -1.4191555371146394], [10.972241827536752, -1.3983780451838115], [11.021395804220033, -1.4042627155847835], [11.070537002757467, -1.4114280961466925], [11.119690265719694, -1.4240463749554215], [11.168842338867679, -1.4156990198888615], [11.218003917306978, -1.4324286793998358], [11.267152795595656, -1.4226603828094557], [11.316302123465414, -1.4157357353636395], [11.365457406606833, -1.421220718688957], [11.414617797184146, -1.432738623261849], [11.463766732887986, -1.4276133074049777]], "exact_d2": [[9.546812608597396, -1.3721337949653052], [9.595942850988095, -1.4039629427047748], [9.64510534912921, -1.4121150435774998], [9.69424690639091, -1.4040880076429525], [9.743377484107393, -1.4127704617746515], [9.792555991828847, -1.4270744628351635], [9.841718526138497, -1.3024469104282819], [9.890858136135986, -1.4291343240800995], [9.9400123272185, -1.4026355624761673], [9.989160534274278, -1.410356286776236], [10.038324342758338, -1.4259014575540137], [10.087474388649143, -1.420900101163007], [10.136621037879685, -1.4261648694373046], [10.185767560073915, -1.4130288725524531], [10.234947247333796, -1.433290756801003], [10.28407919836827, -1.359236813536301], [10.333254953167257, -1.4336930217659725], [10.382388978717474, -1.444359376983408], [10.431553700684521, -1.4089539428142053], [10.480690630565247, -1.4279167100235106], [10.529853699405722, -1.397420698302796], [10.579005242826247, -1.3711547363311796], [10.62815762466823, -1.4204684327469566], [10.677315698578214, -1.4072076476465498], [10.726478083244823, -1.4093261025733572], [10.775617388624513, -1.4113828050747883], [10.824785726220822, -1.4165224291426468], [10.873925502480729, -1.4064647455936896], [10.923074671219148, -1.4194617617082539], [10.972241827536752, -1.3987186970008338], [11.021395804220033, -1.4045677141379478], [11.070537002757467, -1.4114280961466925], [11.119690265719694, -1.4240463749554215], [11.168842338867679, -1.4161686494065802], [11.218003917306978, -1.4326702315518829], [11.267152795595656, -1.4226603828094557], [11.316302123465414, -1.4158488905376976], [11.365457406606833, -1.421220718688957], [11.414617797184146, -1.4329755875829355], [11.463766732887986, -1.4277344045907852]], "over": [[9.546812608597396, -1.373363537355384], [9.595942850988095, 3.4469639191871644], [9.64510534912921, -1.1822345649537989], [9.69424690639091, -1.3628720823784375], [9.743377484107393, 0.3651277946386263], [9.792555991828847, 1.8920329297551608], [9.841718526138497, -0.07902172631244123], [9.890858136135986, -1.428645864898993], [9.9400123272185, -1.4025236021876657], [9.989160534274278, -1.1437492832573128], [10.038324342758338, -1.4258409585164729], [10.087474388649143, -1.4207757517309219], [10.136621037879685, -1.4258135720844405], [10.185767560073915, -1.4126874634232445], [10.234947247333796, -1.43392452923056], [10.28407919836827, -1.3605140211104838], [10.333254953167257, -1.21211851407588], [10.382388978717474, -1.4627518593243392], [10.431553700684521, -1.240072707980147], [10.480690630565247, 2.9008381933150895], [10.529853699405722, -1.3984392024352865], [10.579005242826247, -1.4332765257635813], [10.62815762466823, -1.0400780373721887], [10.677315698578214, -1.4067864502463296], [10.726478083244823, -1.4088551458917586], [10.775617388624513, -1.4113800295254368], [10.824785726220822, -1.3246306479874594], [10.873925502480729, -1.4011725679206792], [10.923074671219148, -1.4530721502323252], [10.972241827536752, -1.3981500433145957], [11.021395804220033, 0.22308611247271307], [11.070537002757467, -0.09559065847614584], [11.119690265719694, -1.4884740666100245], [11.168842338867679, -1.4161153337643706], [11.218003917306978, 0.6082561087607512], [11.267152795595656, -1.3764380302007095], [11.316302123465414, -1.4153938602152425], [11.365457406606833, -1.4211021137526794], [11.414617797184146, -1.432569854033395], [11.463766732887986, -1.4272613712999314]], "merge_d1": [[9.546812608597396, -1.3727918374894421], [9.595942850988095, 0.39162045795879985], [9.64510534912921, -0.6770932125048135], [9.69424690639091, -0.764930085786187], [9.743377484107393, -0.27745025770147647], [9.792555991828847, -0.08350247839686886], [9.841718526138497, -0.182914010095456], [9.890858136135986, -1.4280357273082507], [9.9400123272185, -1.4019372492184767], [9.989160534274278, -0.758443031493759], [10.038324342758338, -1.4252289229030672], [10.087474388649143, -1.4201831692088218], [10.136621037879685, -1.4252404738094395], [10.185767560073915, -1.412182763036006], [10.234947247333796, -1.4333617267745389], [10.28407919836827, -1.360053782649763], [10.333254953167257, -0.7652247084274417], [10.382388978717474, -0.8220016531803296], [10.431553700684521, -1.226375937698767], [10.480690630565247, 0.010412133455105894], [10.529853699405722, -1.3979359905200581], [10.579005242826247, -0.7962205756557622], [10.62815762466823, -0.7182454608160432], [10.677315698578214, -1.40624370163096], [10.726478083244823, -1.4083025293720999], [10.775617388624513, -1.4108880659135485], [10.824785726220822, -0.7752601026930148], [10.873925502480729, -0.7650410374215402], [10.923074671219148, -0.8060107081007689], [10.972241827536752, -1.3976394969219244], [11.021395804220033, -0.6524822559423455], [11.070537002757467, -0.8924029527715216], [11.119690265719694, -0.9223328994493804], [11.168842338867679, -1.415572844240226], [11.218003917306978, 0.03889421896715814], [11.267152795595656, -0.7777902886443321], [11.316302123465414, -1.4148076369447786], [11.365457406606833, -1.4205783417372808], [11.414617797184146, -1.4320581424338332], [11.463766732887986, -1.4267067976596364]],