{"exact_d1": [[9.546812608597396, -1.4289142057140511], [9.595942850988095, -1.4181260042433192], [9.64510534912921, -1.416267199431817], [9.69424690639091, -1.4247766457897617], [9.743377484107393, -1.417179011730371], [9.792555991828847, -1.4338825649121358], [9.841718526138497, -1.4304591891714473], [9.890858136135986, -1.430485805744474], [9.9400123272185, -1.4314897038439938], [9.989160534274278, -1.4308279339112997], [10.038324342758338, -1.4334150602434974], [10.087474388649143, -1.4189819428511763], [10.136621037879685, -1.4294897589296662], [10.185767560073915, -1.4204494601077478], [10.234947247333796, -1.4251706728295086], [10.28407919836827, -1.4355559694059903], [10.333254953167257, -1.4225066252135834], [10.382388978717474, -1.4277377540407872], [10.431553700684521, -1.4241181790016495], [10.480690630565247, -1.4177801728788655], [10.529853699405722, -1.4174374834972345], [10.579005242826247, -1.4398590279647436], [10.62815762466823, -1.4298404422305595], [10.677315698578214, -1.4148030283061113], [10.726478083244823, -1.4211087378755025], [10.775617388624513, -1.4255097304286979], [10.824785726220822, -1.4367478251553927], [10.873925502480729, -1.427829397507143], [10.923074671219148, -1.4314210276550143], [10.972241827536752, -1.415795820455493], [11.021395804220033, -1.430578727279883], [11.070537002757467, -1.4240782849165703], [11.119690265719694, -1.4219185935897825], [11.168842338867679, -1.426333843378454], [11.218003917306978, -1.4240570665540129], [11.267152795595656, -1.4197918240275997], [11.316302123465414, -1.419423148647541], [11.365457406606833, -1.4363562210951162], [11.414617797184146, -1.4294611160329247], [11.463766732887986, -1.4220671606369595]], "exact_d2": [[9.546812608597396, -1.4305420516118434], [9.595942850988095, -1.4181260042433192], [9.64510534912921, -1.4163176276864964], [9.69424690639091, -1.4253292735338072], [9.743377484107393, -1.4171790117303709], [9.792555991828847, -1.4351079735748065], [9.841718526138497, -1.4307258317781968], [9.890858136135986, -1.4304858057444743], [9.9400123272185, -1.4324527487539618], [9.989160534274278, -1.4308279339113], [10.038324342758338, -1.4334150602434974], [10.087474388649143, -1.4189819428511763], [10.136621037879685, -1.4300080570488751], [10.185767560073915, -1.4208311554803141], [10.234947247333796, -1.4259001775520816], [10.28407919836827, -1.4355559694059903], [10.333254953167257, -1.4225066252135834], [10.382388978717474, -1.4286608702864474], [10.431553700684521, -1.4244363424962576], [10.480690630565247, -1.4177801728788655], [10.529853699405722, -1.4174374834972345], [10.579005242826247, -1.4399832376638044], [10.62815762466823, -1.430180131473619], [10.677315698578214, -1.4148030283061113], [10.726478083244823, -1.421183722009706], [10.775617388624513, -1.4255097304286979], [10.824785726220822, -1.436747825155393], [10.873925502480729, -1.427829397507143], [10.923074671219148, -1.4314210276550143], [10.972241827536752, -1.4160594013571584], [11.021395804220033, -1.430578727279883], [11.070537002757467, -1.4243447012058412], [11.119690265719694, -1.4219185935897825], [11.168842338867679, -1.426507585211078], [11.218003917306978, -1.4244074106534337], [11.267152795595656, -1.4197918240275995], [11.316302123465414, -1.419423148647541], [11.365457406606833, -1.4363562210951162], [11.414617797184146, -1.4297473685175746], [11.463766732887986, -1.4220671606369595]], "over": [[9.546812608597396, -0.46368139615336984], [9.595942850988095, -0.36812181817731743], [9.64510534912921, -1.4159309489771685], [9.69424690639091, -0.4579784342693008], [9.743377484107393, -1.4169102319237319], [9.792555991828847, -1.435504271158597], [9.841718526138497, -0.13532334049043643], [9.890858136135986, -0.5033436948635637], [9.9400123272185, -0.09278270280104044], [9.989160534274278, -1.430850888214602], [10.038324342758338, -1.434267819953325], [10.087474388649143, -0.1221809021403986], [10.136621037879685, -0.25094618946246744], [10.185767560073915, -1.4205446726123103], [10.234947247333796, -0.2158374732330693], [10.28407919836827, -1.4360111900613202], [10.333254953167257, -1.4227825312276756], [10.382388978717474, -0.5836909577694274], [10.431553700684521, -1.424310476784525], [10.480690630565247, -0.26801059262434435], [10.529853699405722, -1.4170155238637774], [10.579005242826247, -0.14859854832107566], [10.62815762466823, -1.429775545783005], [10.677315698578214, -0.3038181939824262], [10.726478083244823, -1.4208758807948927], [10.775617388624513, -1.4251667622594397], [10.824785726220822, -1.4374243815707717], [10.873925502480729, -0.1709058772174978], [10.923074671219148, -1.4320864328498553], [10.972241827536752, -0.14158234270652603], [11.021395804220033, -1.4305122160803676], [11.070537002757467, -1.4240097306630222], [11.119690265719694, -1.4224023393576883], [11.168842338867679, -1.4259851322752495], [11.218003917306978, -0.527292916458598], [11.267152795595656, -0.14526621377413598], [11.316302123465414, -0.5467137447084164], [11.365457406606833, -0.22893105025511304], [11.414617797184146, -0.4136621430506781], [11.463766732887986, -0.36249533518126037]], "merge_d1": [[9.546812608597396, -0.08455744230877907], [9.595942850988095, -0.0070041984123063155], [9.64510534912921, -1.4151400834028038], [9.69424690639091, -0.08827119419623781], [9.743377484107393, -1.41613718767773], [9.792555991828847, -1.4347577253481838], [9.841718526138497, 0.24278201466090538], [9.890858136135986, -0.1215086622498796], [9.9400123272185, 0.22676789073980827], [9.989160534274278, -1.4301197092179914], [10.038324342758338, -1.4337767350485082], [10.087474388649143, 0.20773604681066823], [10.136621037879685, 0.12576265682734206], [10.185767560073915, -1.4198072909568349], [10.234947247333796, 0.15368579536542926], [10.28407919836827, -1.4353554969424918], [10.333254953167257, -1.4219734313631889], [10.382388978717474, -0.1851046717465492], [10.431553700684521, -1.4235074826301128], [10.480690630565247, 0.11949919647408426], [10.529853699405722, -1.4165207531554274], [10.579005242826247, 0.22212446002594088], [10.62815762466823, -1.429130423406885], [10.677315698578214, 0.04397456779097018], [10.726478083244823, -1.4202423677955518], [10.775617388624513, -1.4244625862636502], [10.824785726220822, -1.4369245203398935], [10.873925502480729, 0.20984691397429708], [10.923074671219148, -1.4314157801014924], [10.972241827536752, 0.2169167573783064], [11.021395804220033, -1.4297662867973568], [11.070537002757467, -1.423284163127792], [11.119690265719694, -1.4219111055885905], [11.168842338867679, -1.4252767477846824], [11.218003917306978, -0.13850251975462124], [11.267152795595656, 0.22921231147619026], [11.316302123465414, -0.14840287571353683], [11.365457406606833, 0.15018151316619482], [11.414617797184146, -0.044644243768916465], [11.463766732887986, -0.00024283852931989984]],