{"exact": [[4.605170185988092, 8.992552538262268], [5.849324779946859, 3.985658172725017], [6.386879319362645, 3.9838941081549266], [6.734591659972948, 3.985945977318918], [6.992096427415888, 10.825029727927094], [7.19668657083435, 3.9839768436760408], [7.366445148327599, 3.985378266402017], [7.511524648390866, 3.9841500722514733], [7.638198244285779, 3.983676298218491], [7.750614732770409, 3.9837098540435667], [7.851661177889265, 12.264952675424277], [7.943427767876373, 3.984482678268166], [8.027476530860483, 13.68039942233324], [8.105005537547246, 12.61210978813776], [8.17695386822578, 11.937534035990742], [8.244071270295786, 11.890843806143975], [8.306965865368573, 12.926105894268547], [8.366137716496281, 3.984558047587374], [8.422003004412488, 3.9844167978007525], [8.474911799159631, 13.385774643321863], [8.525161361065415, 3.9837435204162275], [8.57300625623545, 3.9839531976317537], [8.618666160346871, 11.999930714609862], [8.662331957082475, 12.489296369858279], [8.704170559746386, 3.9841121905883212], [8.744328763999984, 13.236804311121045], [8.782936356349264, 13.264262001102688], [8.820108644508608, 3.9839732620156556], [8.855948534052018, 3.9842045792420335], [8.890548245606167, 12.739317178214678], [8.92399074475818, 3.9841421814793896], [8.956350940490871, 12.838320226717519], [8.987696695703624, 13.115738788401663], [9.018089684104343, 3.9838232127599995], [9.047586120674756, 3.9839937689508016], [9.076237387452702, 13.021986062621645], [9.104090572133472, 3.9841783534086104], [9.131188933670746, 12.667366105497672], [9.157572306437528, 3.9839351808133707], [9.183277452426493, 3.9838927711989456]], "over": [], "merge": [], "argmin_dic": [], "time_elapsed": 7.111798524856567}