{"exact": [[4.605170185988092, 3.9844773964907834], [5.849324779946859, 13.8831555306887], [6.386879319362645, 15.433157887497867], [6.734591659972948, 3.9833134426735506], [6.992096427415888, 3.983889387348894], [7.19668657083435, 3.9848817359049526], [7.366445148327599, 15.013789094908416], [7.511524648390866, 14.507993018370255], [7.638198244285779, 3.984434714776922], [7.750614732770409, 12.377098929472908], [7.851661177889265, 3.984323022511757], [7.943427767876373, 13.371281846805646], [8.027476530860483, 15.193430413911416], [8.105005537547246, 3.9837805023092474], [8.17695386822578, 12.267284429886145], [8.244071270295786, 13.610401205495792], [8.306965865368573, 12.808916147783195], [8.366137716496281, 3.9837377148500464], [8.422003004412488, 3.9843142343620515], [8.474911799159631, 3.9838831771207524], [8.525161361065415, 3.984004764025044], [8.57300625623545, 12.922246658877043], [8.618666160346871, 3.984002775544612], [8.662331957082475, 3.984329104412364], [8.704170559746386, 13.391702163626276], [8.744328763999984, 12.021623931420477], [8.782936356349264, 3.9842220812221694], [8.820108644508608, 3.9839401666414496], [8.855948534052018, 12.576548837104315], [8.890548245606167, 13.241797644631335], [8.92399074475818, 3.983856653543724], [8.956350940490871, 3.9843337545003834], [8.987696695703624, 12.314660918660342], [9.018089684104343, 13.33913952773453], [9.047586120674756, 3.9838771798187675], [9.076237387452702, 3.984419765565725], [9.104090572133472, 3.983804811810574], [9.131188933670746, 3.9838903839133075], [9.157572306437528, 12.488011550627833], [9.183277452426493, 13.038137013525343]], "over": [], "merge": [], "argmin_dic": [], "time_elapsed": 7.245811939239502}