{"exact": [[6.907755278982137, 10.965915836084868], [8.153349757998892, 9.665295104081343], [8.691146498539675, 9.013573521476909], [9.038958755220563, 9.481004654447267], [9.296518068217235, 8.965212317694887], [9.501142571764207, 6.593139272347603], [9.670924779305427, 7.0323510185849045], [9.816021526754852, 9.336677184151382], [9.94270826568941, 7.5266340834405225], [10.055135102145268, 9.31338533861235], [10.156189906091882, 7.730097118400127], [10.247963389017864, 10.163385657593182], [10.332017933575289, 9.180658220709098], [10.409551859200409, 6.9618432420111285], [10.481504425842441, 7.211270673447058], [10.548625513909712, 6.370132765534395], [10.611523345589823, 9.362838115210053], [10.67069806139613, 9.23110675191991], [10.726565902688105, 9.45047222749356], [10.779476987636757, 9.591583354434928], [10.829728615263452, 9.948885683319418], [10.8775753831365, 9.238059868806857], [10.923236992778513, 6.805271256550803], [10.966904349300577, 9.088045214859962], [11.008744383922906, 9.425574383604395], [11.04890390740204, 7.291553394613886], [11.087512719052368, 9.87685128566104], [11.124686137527133, 6.843156878803717], [11.160527077798756, 9.723599629315105], [11.195127768613824, 9.981951126498123], [11.228571182611121, 6.851491387876475], [11.260932234926955, 9.822725720234109], [11.292278793854607, 9.783295444387374], [11.322672537849993, 6.774493100406834], [11.352169686090834, 9.389499684880171], [11.38082162433689, 6.818363272323775], [11.40867544359643, 9.238363548200127], [11.435774405781814, 7.218455993231328], [11.462158347916576, 9.295653160276242], [11.487864034374857, 9.415829618639087]], "over": [[6.907755278982137, 14.481575654117503], [8.153349757998892, 19.616737908138518], [8.691146498539675, 15.5165248583383], [9.038958755220563, 14.224565237848807], [9.296518068217235, 13.690002455344363], [9.501142571764207, 14.61706304050551], [9.670924779305427, 16.370070167788324], [9.816021526754852, 13.693874079054739], [9.94270826568941, 12.616290365788625], [10.055135102145268, 12.205616591441084], [10.156189906091882, 16.980733386446996], [10.247963389017864, 11.637796815451155], [10.332017933575289, 15.448042066541001], [10.409551859200409, 11.61337747722602], [10.481504425842441, 17.09140691939013], [10.548625513909712, 15.264697202393501], [10.611523345589823, 14.850306684739826], [10.67069806139613, 14.845529095398863], [10.726565902688105, 14.2608457775585], [10.779476987636757, 17.233380984316472], [10.829728615263452, 15.714149524258112], [10.8775753831365, 15.569681581885927], [10.923236992778513, 13.53835243075927], [10.966904349300577, 14.94617051511189], [11.008744383922906, 11.420571431586636], [11.04890390740204, 16.308848398847196], [11.087512719052368, 13.987637402784824], [11.124686137527133, 17.396294955401757], [11.160527077798756, 12.338026176963695], [11.195127768613824, 13.572224181074098], [11.228571182611121, 15.48024020464801], [11.260932234926955, 15.846583919165836], [11.292278793854607, 15.887838188618998], [11.322672537849993, 17.816751828314306], [11.352169686090834, 12.546824037542978], [11.38082162433689, 18.367975663442067], [11.40867544359643, 15.980324729246796], [11.435774405781814, 12.864401487061931], [11.462158347916576, 12.849404310655716], [11.487864034374857, 12.364834028872245]], "merge": [[6.907755278982137, 6.429906875446222], [8.153349757998892, 7.837833126595858], [8.691146498539675, 6.36755376141072], [9.038958755220563, 5.92735052755371], [9.296518068217235, 5.461321190462741], [9.501142571764207, 5.700049350828744], [9.670924779305427, 6.463269781531197], [9.816021526754852, 5.468402163468483], [9.94270826568941, 4.41719220913035], [10.055135102145268, 4.406541634731231], [10.156189906091882, 8.806603565114115], [10.247963389017864, 5.567898449192839], [10.332017933575289, 7.163770505253493], [10.409551859200409, 6.068553707661973], [10.481504425842441, 8.983225065376269], [10.548625513909712, 5.886251951187724], [10.611523345589823, 5.909121158379042], [10.67069806139613, 5.783753580594101], [10.726565902688105, 5.657070994687708], [10.779476987636757, 6.936261558585428], [10.829728615263452, 6.210304569440875], [10.8775753831365, 6.0961509499437465], [10.923236992778513, 5.4333981110433145], [10.966904349300577, 5.950802642287273], [11.008744383922906, 5.657137967581296], [11.04890390740204, 7.212570979132418], [11.087512719052368, 5.62959912678971], [11.124686137527133, 7.00764665211678], [11.160527077798756, 4.795861236294956], [11.195127768613824, 4.529163404420243], [11.228571182611121, 6.250752452854862], [11.260932234926955, 5.954363188069259], [11.292278793854607, 7.428026990589416], [11.322672537849993, 7.403816471413814], [11.352169686090834, 5.706248677463692], [11.38082162433689, 7.370832559796647], [11.40867544359643, 6.003123652822845], [11.435774405781814, 6.242471302527959], [11.462158347916576, 4.394973813713589], [11.487864034374857, 5.284718483463832]], "argmin_dic": [[1000, 3], [3475, 3], [5950, 2], [8425, 3], [10900, 3], [13375, 3], [15850, 2], [18325, 2], [20800, 2], [23275, 2], [25750, 2], [28225, 2], [30700, 2], [33175, 2], [35650, 3], [38125, 2], [40600, 2], [43075, 2], [45550, 2], [48025, 2], [50500, 2], [52975, 2], [55450, 2], [57925, 2], [60400, 2], [62875, 2], [65350, 2], [67825, 2], [70300, 2], [72775, 2], [75250, 2], [77725, 2], [80200, 2], [82675, 2], [85150, 2], [87625, 2], [90100, 2], [92575, 2], [95050, 2], [97525, 2]], "time_elapsed": 2373.5783364772797}