{"exact": [[6.907755278982137, 10.202077632203743], [8.153349757998892, 9.917857512106966], [8.691146498539675, 9.293995427774123], [9.038958755220563, 5.77873499726948], [9.296518068217235, 9.863956159406273], [9.501142571764207, 9.227960473163346], [9.670924779305427, 6.6930415698396555], [9.816021526754852, 9.477463973214217], [9.94270826568941, 9.259667083317755], [10.055135102145268, 6.947399643101887], [10.156189906091882, 15.058774495035367], [10.247963389017864, 6.382520954346027], [10.332017933575289, 9.573154246421458], [10.409551859200409, 9.761023510044279], [10.481504425842441, 9.428139063375635], [10.548625513909712, 9.926737493237317], [10.611523345589823, 10.020574381261865], [10.67069806139613, 6.901522749968717], [10.726565902688105, 6.617173634337112], [10.779476987636757, 10.218764139615104], [10.829728615263452, 7.288774037414479], [10.8775753831365, 9.657650998603645], [10.923236992778513, 9.829339181632138], [10.966904349300577, 9.837097616411002], [11.008744383922906, 9.515361319949305], [11.04890390740204, 9.138947398630004], [11.087512719052368, 6.493063442622329], [11.124686137527133, 6.7806721152814085], [11.160527077798756, 7.216150295122475], [11.195127768613824, 9.759163019833617], [11.228571182611121, 9.547817722463622], [11.260932234926955, 9.482868124111766], [11.292278793854607, 9.319424788376057], [11.322672537849993, 9.45473209732479], [11.352169686090834, 9.186301065726093], [11.38082162433689, 7.016324344705219], [11.40867544359643, 9.514421568987792], [11.435774405781814, 9.380371513167294], [11.462158347916576, 9.26897006992137], [11.487864034374857, 9.372082263248803]], "over": [[6.907755278982137, 20.251712168015107], [8.153349757998892, 13.239801366179735], [8.691146498539675, 12.748944876243332], [9.038958755220563, 16.110604293844123], [9.296518068217235, 18.35636810573573], [9.501142571764207, 15.227128826540595], [9.670924779305427, 17.78753658433232], [9.816021526754852, 16.036918620684464], [9.94270826568941, 11.111268095593358], [10.055135102145268, 16.33572116297769], [10.156189906091882, 16.038329581599033], [10.247963389017864, 16.213630848127867], [10.332017933575289, 15.933256147945915], [10.409551859200409, 17.35829246727459], [10.481504425842441, 11.53662549296754], [10.548625513909712, 15.958502858784888], [10.611523345589823, 14.36401381876664], [10.67069806139613, 16.525398365758686], [10.726565902688105, 15.595238635779417], [10.779476987636757, 16.07087720194088], [10.829728615263452, 13.744666451066685], [10.8775753831365, 13.93257401313381], [10.923236992778513, 14.382602909967494], [10.966904349300577, 15.267602370858569], [11.008744383922906, 16.17746415859812], [11.04890390740204, 15.259073550446397], [11.087512719052368, 17.09719180808776], [11.124686137527133, 12.140418369916011], [11.160527077798756, 12.96146714314526], [11.195127768613824, 16.72589161065947], [11.228571182611121, 13.092242228756444], [11.260932234926955, 13.32539794712875], [11.292278793854607, 15.661609140098719], [11.322672537849993, 10.70331286303481], [11.352169686090834, 11.536140845257679], [11.38082162433689, 12.114453263610017], [11.40867544359643, 18.486513660643336], [11.435774405781814, 17.93649088905406], [11.462158347916576, 11.781963818348695], [11.487864034374857, 13.222571719128434]], "merge": [[6.907755278982137, 6.355390188858868], [8.153349757998892, 5.5000568059068575], [8.691146498539675, 7.290888647898307], [9.038958755220563, 8.38907475460221], [9.296518068217235, 7.9567125421192415], [9.501142571764207, 6.411646991523121], [9.670924779305427, 6.302295552871564], [9.816021526754852, 8.494696889250891], [9.94270826568941, 5.485781322343834], [10.055135102145268, 6.129305679778164], [10.156189906091882, 6.286155337105883], [10.247963389017864, 7.154827398816748], [10.332017933575289, 8.244360956434969], [10.409551859200409, 9.010099197202631], [10.481504425842441, 5.41069110770506], [10.548625513909712, 7.40796111038533], [10.611523345589823, 6.18484689512432], [10.67069806139613, 8.511916850749172], [10.726565902688105, 5.663169571025193], [10.779476987636757, 7.5097113432626825], [10.829728615263452, 5.412088415503302], [10.8775753831365, 5.574231441002091], [10.923236992778513, 7.3738031627586915], [10.966904349300577, 6.912542003225422], [11.008744383922906, 7.2751052490111245], [11.04890390740204, 6.028680944867914], [11.087512719052368, 6.430274798465096], [11.124686137527133, 5.345047070162441], [11.160527077798756, 4.484261042883507], [11.195127768613824, 6.0220217981155395], [11.228571182611121, 4.588724518974364], [11.260932234926955, 5.9827771532533935], [11.292278793854607, 6.592758217352853], [11.322672537849993, 5.266366036760573], [11.352169686090834, 5.671212904064126], [11.38082162433689, 4.3964209118381845], [11.40867544359643, 7.144873662803664], [11.435774405781814, 7.4103712958947545], [11.462158347916576, 4.360025311447984], [11.487864034374857, 5.5177942340623005]], "argmin_dic": [[1000, 2], [3475, 2], [5950, 2], [8425, 2], [10900, 3], [13375, 2], [15850, 2], [18325, 3], [20800, 2], [23275, 2], [25750, 2], [28225, 2], [30700, 2], [33175, 2], [35650, 2], [38125, 2], [40600, 2], [43075, 2], [45550, 2], [48025, 2], [50500, 3], [52975, 2], [55450, 2], [57925, 2], [60400, 2], [62875, 2], [65350, 2], [67825, 2], [70300, 2], [72775, 2], [75250, 2], [77725, 2], [80200, 2], [82675, 2], [85150, 2], [87625, 2], [90100, 2], [92575, 2], [95050, 2], [97525, 2]], "time_elapsed": 2935.9501655101776}