{"exact": [[6.907755278982137, 9.516799395657152], [8.153349757998892, 9.627700930833582], [8.691146498539675, 10.046557258201897], [9.038958755220563, 10.016703666600678], [9.296518068217235, 9.136612536567647], [9.501142571764207, 9.759997614987345], [9.670924779305427, 9.568335150662804], [9.816021526754852, 9.534985541912768], [9.94270826568941, 7.120430370117763], [10.055135102145268, 10.447126282138957], [10.156189906091882, 9.990717508023623], [10.247963389017864, 9.506369628612212], [10.332017933575289, 9.835496336326733], [10.409551859200409, 6.876415996841159], [10.481504425842441, 9.151470826727547], [10.548625513909712, 10.021572961694881], [10.611523345589823, 6.73724003051918], [10.67069806139613, 9.48785069226715], [10.726565902688105, 7.372641264041177], [10.779476987636757, 9.332358144348511], [10.829728615263452, 9.32159567942238], [10.8775753831365, 10.019274486141049], [10.923236992778513, 7.095769202501487], [10.966904349300577, 7.132496696242322], [11.008744383922906, 6.868615949197399], [11.04890390740204, 9.768646889681012], [11.087512719052368, 9.4386309217533], [11.124686137527133, 6.937816064506794], [11.160527077798756, 9.86982980716665], [11.195127768613824, 9.258663951280758], [11.228571182611121, 6.7656707219839625], [11.260932234926955, 6.731580948998116], [11.292278793854607, 9.694009952894417], [11.322672537849993, 7.1363026322042895], [11.352169686090834, 9.253216724478948], [11.38082162433689, 9.24590480025248], [11.40867544359643, 9.384767754176961], [11.435774405781814, 9.477805160515304], [11.462158347916576, 9.881775142457915], [11.487864034374857, 6.890748386607613]], "over": [[6.907755278982137, 21.820482811652386], [8.153349757998892, 16.602907043590307], [8.691146498539675, 16.43838830240897], [9.038958755220563, 16.053066803696577], [9.296518068217235, 17.551942075033736], [9.501142571764207, 20.735555220537655], [9.670924779305427, 14.14938628492007], [9.816021526754852, 18.03371466729103], [9.94270826568941, 17.071891903276736], [10.055135102145268, 17.60874396412217], [10.156189906091882, 15.897726091623122], [10.247963389017864, 16.08507916098403], [10.332017933575289, 16.052976642833887], [10.409551859200409, 16.585282230773547], [10.481504425842441, 13.008556934690539], [10.548625513909712, 16.804917987029125], [10.611523345589823, 15.88047027984269], [10.67069806139613, 16.12169230151966], [10.726565902688105, 14.792423421618611], [10.779476987636757, 11.194984985024284], [10.829728615263452, 16.17835289732315], [10.8775753831365, 16.274118983655374], [10.923236992778513, 14.307864428421437], [10.966904349300577, 18.269856675337174], [11.008744383922906, 15.560409020295063], [11.04890390740204, 15.083846965340813], [11.087512719052368, 10.907684261323908], [11.124686137527133, 14.506105348311937], [11.160527077798756, 15.106498358784545], [11.195127768613824, 18.235401421214156], [11.228571182611121, 16.189758020244696], [11.260932234926955, 16.079754377366612], [11.292278793854607, 16.272879026868292], [11.322672537849993, 12.775921044103429], [11.352169686090834, 15.906598046746199], [11.38082162433689, 13.857519683837555], [11.40867544359643, 17.357348061828567], [11.435774405781814, 16.151326956117042], [11.462158347916576, 14.015614630466063], [11.487864034374857, 17.288696429750626]], "merge": [[6.907755278982137, 8.92275294517891], [8.153349757998892, 8.278967996605447], [8.691146498539675, 8.164337859128139], [9.038958755220563, 4.800644239211416], [9.296518068217235, 7.149080124655156], [9.501142571764207, 8.119476834201933], [9.670924779305427, 5.702088006609844], [9.816021526754852, 6.895188321352355], [9.94270826568941, 8.807550785062249], [10.055135102145268, 8.088628592549336], [10.156189906091882, 6.042241647280659], [10.247963389017864, 8.647790575033861], [10.332017933575289, 7.170278843530079], [10.409551859200409, 7.331514815490291], [10.481504425842441, 5.83110611379349], [10.548625513909712, 6.525373817099066], [10.611523345589823, 8.210771018547304], [10.67069806139613, 6.351245013452874], [10.726565902688105, 5.587836995662175], [10.779476987636757, 4.254860734281124], [10.829728615263452, 6.958053469034277], [10.8775753831365, 5.879458364217196], [10.923236992778513, 5.175604829818903], [10.966904349300577, 7.2763770228998546], [11.008744383922906, 6.074262095822811], [11.04890390740204, 6.730750642827765], [11.087512719052368, 4.466561393228131], [11.124686137527133, 5.830417240405515], [11.160527077798756, 5.9163742763217915], [11.195127768613824, 6.432084128210563], [11.228571182611121, 6.123377142623339], [11.260932234926955, 6.437764183524334], [11.292278793854607, 7.602500324414938], [11.322672537849993, 4.356559039160797], [11.352169686090834, 6.4216872166438135], [11.38082162433689, 5.073003955623383], [11.40867544359643, 6.297590751566183], [11.435774405781814, 6.638722173549592], [11.462158347916576, 5.597704037990056], [11.487864034374857, 7.242991791033351]], "argmin_dic": [[1000, 3], [3475, 2], [5950, 2], [8425, 3], [10900, 2], [13375, 3], [15850, 2], [18325, 2], [20800, 2], [23275, 2], [25750, 2], [28225, 2], [30700, 2], [33175, 2], [35650, 3], [38125, 2], [40600, 2], [43075, 2], [45550, 2], [48025, 2], [50500, 2], [52975, 2], [55450, 2], [57925, 2], [60400, 2], [62875, 2], [65350, 2], [67825, 2], [70300, 2], [72775, 2], [75250, 2], [77725, 2], [80200, 2], [82675, 2], [85150, 2], [87625, 2], [90100, 2], [92575, 2], [95050, 2], [97525, 2]], "time_elapsed": 2829.561637401581}