{"exact": [[6.907755278982137, 14.082909504143938], [8.153349757998892, 10.444132261153154], [8.691146498539675, 9.579082337863648], [9.038958755220563, 9.276041898895073], [9.296518068217235, 8.74622413250677], [9.501142571764207, 9.51929026368412], [9.670924779305427, 8.372259995078164], [9.816021526754852, 8.959590029995493], [9.94270826568941, 9.792139872229235], [10.055135102145268, 6.491302400710498], [10.156189906091882, 6.639780521243993], [10.247963389017864, 9.272335484908444], [10.332017933575289, 9.220931720119298], [10.409551859200409, 10.202440399236387], [10.481504425842441, 6.888277624338407], [10.548625513909712, 9.16058450749192], [10.611523345589823, 9.688051614802449], [10.67069806139613, 6.913184513340261], [10.726565902688105, 9.486603964817721], [10.779476987636757, 9.212354215614281], [10.829728615263452, 9.442654267046741], [10.8775753831365, 6.935508653761294], [10.923236992778513, 9.234039129400069], [10.966904349300577, 9.956726531227812], [11.008744383922906, 7.359179401260576], [11.04890390740204, 9.851328805858309], [11.087512719052368, 9.253969117614119], [11.124686137527133, 9.663535959001186], [11.160527077798756, 9.69945891628862], [11.195127768613824, 9.734337921719698], [11.228571182611121, 10.00384323251745], [11.260932234926955, 9.731574386536753], [11.292278793854607, 9.118050484110555], [11.322672537849993, 9.212397530056316], [11.352169686090834, 9.505618078877744], [11.38082162433689, 9.749574769016572], [11.40867544359643, 9.336339782720778], [11.435774405781814, 9.680018106193772], [11.462158347916576, 9.80839771966118], [11.487864034374857, 6.949682068482076]], "over": [[6.907755278982137, 30.16669469716083], [8.153349757998892, 20.322261750062292], [8.691146498539675, 12.804972217585824], [9.038958755220563, 21.877851144090823], [9.296518068217235, 11.681933769252343], [9.501142571764207, 15.538396454654226], [9.670924779305427, 15.969075549303618], [9.816021526754852, 14.025387089538782], [9.94270826568941, 15.026040543676203], [10.055135102145268, 15.19094058640602], [10.156189906091882, 12.993659982115117], [10.247963389017864, 15.7871131790065], [10.332017933575289, 16.336082380576435], [10.409551859200409, 13.06460980124509], [10.481504425842441, 12.101604222697093], [10.548625513909712, 15.384354100273933], [10.611523345589823, 15.223317105621419], [10.67069806139613, 16.380964780080937], [10.726565902688105, 17.31050051196986], [10.779476987636757, 15.146949337992687], [10.829728615263452, 16.38201706684069], [10.8775753831365, 14.454877620305824], [10.923236992778513, 15.813990985439059], [10.966904349300577, 10.690726326893813], [11.008744383922906, 16.240496788344586], [11.04890390740204, 15.708857417071933], [11.087512719052368, 16.406904009426917], [11.124686137527133, 15.914126380537377], [11.160527077798756, 17.763941113806446], [11.195127768613824, 12.213279515994188], [11.228571182611121, 14.485445284102795], [11.260932234926955, 16.870861166547076], [11.292278793854607, 12.61318412672221], [11.322672537849993, 16.100530796456628], [11.352169686090834, 13.237882902421676], [11.38082162433689, 11.322387962640045], [11.40867544359643, 15.919705443567365], [11.435774405781814, 12.851667652346721], [11.462158347916576, 12.252075393579627], [11.487864034374857, 15.792756459758305]], "merge": [[6.907755278982137, 8.99497726478106], [8.153349757998892, 10.06492766091536], [8.691146498539675, 5.269335400351581], [9.038958755220563, 8.595138613117093], [9.296518068217235, 6.875862860615327], [9.501142571764207, 5.89792215864975], [9.670924779305427, 5.65577167438245], [9.816021526754852, 5.853896637744919], [9.94270826568941, 6.14877418652903], [10.055135102145268, 7.812748844377908], [10.156189906091882, 5.884292903299667], [10.247963389017864, 5.490307535745569], [10.332017933575289, 6.308259710101636], [10.409551859200409, 4.5064062375441525], [10.481504425842441, 5.562343881053177], [10.548625513909712, 6.096045606402215], [10.611523345589823, 6.26294047217856], [10.67069806139613, 8.54858693159834], [10.726565902688105, 9.022344829207611], [10.779476987636757, 7.780548942220048], [10.829728615263452, 6.663751132397258], [10.8775753831365, 5.859338001303643], [10.923236992778513, 6.6905457761577685], [10.966904349300577, 5.886271735246434], [11.008744383922906, 7.550276678832637], [11.04890390740204, 6.2879629637190755], [11.087512719052368, 8.404721653900996], [11.124686137527133, 6.382658522716067], [11.160527077798756, 7.216029622060148], [11.195127768613824, 4.744653176814024], [11.228571182611121, 5.293651493259087], [11.260932234926955, 8.71231466686013], [11.292278793854607, 7.068009566324144], [11.322672537849993, 5.844431347230709], [11.352169686090834, 5.754074655380873], [11.38082162433689, 4.39882357206156], [11.40867544359643, 7.335082628777451], [11.435774405781814, 6.223025771181926], [11.462158347916576, 5.828095959117774], [11.487864034374857, 7.51674036659816]], "argmin_dic": [[1000, 3], [3475, 3], [5950, 2], [8425, 2], [10900, 3], [13375, 3], [15850, 2], [18325, 2], [20800, 2], [23275, 2], [25750, 2], [28225, 2], [30700, 2], [33175, 2], [35650, 2], [38125, 2], [40600, 2], [43075, 2], [45550, 2], [48025, 2], [50500, 2], [52975, 2], [55450, 2], [57925, 3], [60400, 3], [62875, 2], [65350, 2], [67825, 2], [70300, 2], [72775, 2], [75250, 2], [77725, 2], [80200, 2], [82675, 2], [85150, 2], [87625, 2], [90100, 2], [92575, 3], [95050, 2], [97525, 2]], "time_elapsed": 2361.7790882587433}