{"exact": [[6.907755278982137, 7.788392213136628], [8.153349757998892, 8.011003152450527], [8.691146498539675, 9.143937872506276], [9.038958755220563, 9.343167671947233], [9.296518068217235, 9.503249540137976], [9.501142571764207, 10.319335159375571], [9.670924779305427, 7.201139773258792], [9.816021526754852, 9.755675765382245], [9.94270826568941, 9.369324208633955], [10.055135102145268, 9.578671904053007], [10.156189906091882, 6.966859715240875], [10.247963389017864, 9.524011495539906], [10.332017933575289, 9.573249210040949], [10.409551859200409, 7.136950532016744], [10.481504425842441, 9.649043065276844], [10.548625513909712, 10.020853098208367], [10.611523345589823, 7.237149439378866], [10.67069806139613, 9.243144074941025], [10.726565902688105, 9.786671222302859], [10.779476987636757, 9.940044022628603], [10.829728615263452, 7.167136961198448], [10.8775753831365, 6.88722706608307], [10.923236992778513, 9.41817794285277], [10.966904349300577, 10.065535748161373], [11.008744383922906, 7.005437071163091], [11.04890390740204, 9.642837333167288], [11.087512719052368, 9.224371605066844], [11.124686137527133, 6.981999682959148], [11.160527077798756, 9.759200092808157], [11.195127768613824, 10.109448196949053], [11.228571182611121, 9.073753689353365], [11.260932234926955, 9.859010162292996], [11.292278793854607, 9.716151094733572], [11.322672537849993, 6.8641668450238615], [11.352169686090834, 6.770885748202094], [11.38082162433689, 6.846842954580421], [11.40867544359643, 9.279364014658722], [11.435774405781814, 9.554140900004395], [11.462158347916576, 9.715616088273485], [11.487864034374857, 9.76920714579701]], "over": [[6.907755278982137, 20.03290268931024], [8.153349757998892, 15.277683315168012], [8.691146498539675, 16.173012752757597], [9.038958755220563, 17.071692153015753], [9.296518068217235, 17.888745401353457], [9.501142571764207, 15.522217653474806], [9.670924779305427, 17.721663492527156], [9.816021526754852, 18.23091329021839], [9.94270826568941, 17.44870389465162], [10.055135102145268, 13.14592925479616], [10.156189906091882, 14.191033733068275], [10.247963389017864, 12.71072236791459], [10.332017933575289, 11.016725394110116], [10.409551859200409, 17.85913651547277], [10.481504425842441, 14.205928842670364], [10.548625513909712, 15.465982018680078], [10.611523345589823, 14.998926646406904], [10.67069806139613, 14.266356262898437], [10.726565902688105, 16.35255203219008], [10.779476987636757, 18.47570363369814], [10.829728615263452, 14.120036960265807], [10.8775753831365, 17.68005093569601], [10.923236992778513, 16.93551102776885], [10.966904349300577, 17.258927866539533], [11.008744383922906, 12.387667161110727], [11.04890390740204, 11.738140524328658], [11.087512719052368, 12.882629680107327], [11.124686137527133, 15.97054567402417], [11.160527077798756, 16.787536098172836], [11.195127768613824, 18.51974808805274], [11.228571182611121, 16.846401876666434], [11.260932234926955, 15.918514763768902], [11.292278793854607, 17.949724132172882], [11.322672537849993, 15.486523109467724], [11.352169686090834, 15.811794436328418], [11.38082162433689, 17.076704902864513], [11.40867544359643, 18.196719609071483], [11.435774405781814, 16.699536636191468], [11.462158347916576, 10.37857672534508], [11.487864034374857, 13.966766887817782]], "merge": [[6.907755278982137, 8.713016834372047], [8.153349757998892, 5.139909274411204], [8.691146498539675, 6.8442722979485655], [9.038958755220563, 6.904663709165112], [9.296518068217235, 7.15716173950947], [9.501142571764207, 6.198219891894347], [9.670924779305427, 6.6555242757922], [9.816021526754852, 7.760603310057689], [9.94270826568941, 7.183153033566613], [10.055135102145268, 5.44978201937505], [10.156189906091882, 5.763186863116876], [10.247963389017864, 5.419517867174763], [10.332017933575289, 5.750652122169705], [10.409551859200409, 7.507868271174143], [10.481504425842441, 5.676180219069584], [10.548625513909712, 6.527593117081311], [10.611523345589823, 7.767417948082569], [10.67069806139613, 5.3602268715928485], [10.726565902688105, 8.464071203873608], [10.779476987636757, 7.027379560918116], [10.829728615263452, 6.028105993390738], [10.8775753831365, 7.101104300634998], [10.923236992778513, 6.5065567187402555], [10.966904349300577, 7.145287517765812], [11.008744383922906, 4.4446788297524895], [11.04890390740204, 4.6008140344722035], [11.087512719052368, 5.095579163739553], [11.124686137527133, 7.451678098173732], [11.160527077798756, 7.150967793800008], [11.195127768613824, 7.546972703937286], [11.228571182611121, 6.757241651717841], [11.260932234926955, 6.3524887518054785], [11.292278793854607, 7.462400536685048], [11.322672537849993, 6.576615727522719], [11.352169686090834, 6.264250388356653], [11.38082162433689, 7.348030206629739], [11.40867544359643, 7.481460742402694], [11.435774405781814, 6.904252367668319], [11.462158347916576, 4.7279371562159955], [11.487864034374857, 5.36801379811895]], "argmin_dic": [[1000, 3], [3475, 3], [5950, 2], [8425, 2], [10900, 3], [13375, 3], [15850, 2], [18325, 2], [20800, 2], [23275, 2], [25750, 2], [28225, 2], [30700, 3], [33175, 2], [35650, 2], [38125, 2], [40600, 3], [43075, 2], [45550, 2], [48025, 2], [50500, 2], [52975, 2], [55450, 2], [57925, 2], [60400, 2], [62875, 2], [65350, 2], [67825, 2], [70300, 2], [72775, 2], [75250, 2], [77725, 2], [80200, 2], [82675, 2], [85150, 2], [87625, 2], [90100, 2], [92575, 2], [95050, 2], [97525, 3]], "time_elapsed": 2450.568221092224}