{"exact": [[9.615805480084347, 9.543485602869165], [9.748294663130427, 7.760752687656906], [9.86526633971593, 9.222311160965358], [9.969977293804961, 9.429307548997679], [10.06475570013225, 9.055323460340942], [10.151323716440709, 9.6004179303331], [10.23099111917458, 6.612179250686621], [10.304777289233812, 6.870719013306188], [10.373491181781864, 7.647138603509563], [10.437785532487261, 9.51001712130979], [10.49819466028282, 9.758662997633218], [10.555161484889497, 9.476493400839644], [10.60905725309463, 9.6617905796303], [10.660196214585818, 6.87304369695198], [10.708846723703001, 9.860227177614806], [10.755239763272712, 9.366494461073332], [10.799575577092764, 14.613573095805235], [10.842028893345104, 9.296852451873708], [10.882753083571671, 7.057309467745034], [10.921883507347436, 9.28842802255841], [10.959540226785442, 6.645796317929051], [10.995830228190643, 9.273641361395567], [11.030849254490224, 9.258912317677852], [11.064683327506005, 7.058565364538369], [11.097410021008562, 9.447964465316915], [11.129099531965545, 6.494816853672371], [11.159815587195991, 6.957307274734083], [11.189616214875297, 9.367784339537833], [11.218554404367652, 9.37896097576727], [11.246678673238513, 9.424509621863244], [11.274033556687879, 9.715125828511786], [11.300660031803202, 7.277458282750022], [11.326595886778735, 6.955067196380959], [11.351876043451814, 9.489620407181457], [11.376532840064673, 9.261450322098929], [11.400596279996309, 9.422877220735733], [11.424094251263613, 7.279908493333141], [11.44705272081952, 6.809239309149507], [11.469495907042893, 6.915229445351089], [11.491446433293104, 9.720853040633305]], "over": [[9.615805480084347, 10.894754420478693], [9.748294663130427, 10.994859891680678], [9.86526633971593, 15.21770622257662], [9.969977293804961, 16.21696497015639], [10.06475570013225, 15.75035645725891], [10.151323716440709, 17.123357792682857], [10.23099111917458, 12.095226764910182], [10.304777289233812, 13.808131496795571], [10.373491181781864, 18.249438063993782], [10.437785532487261, 16.48369231594868], [10.49819466028282, 15.469073225073977], [10.555161484889497, 15.716679347785803], [10.60905725309463, 13.998524897145765], [10.660196214585818, 11.955332279182285], [10.708846723703001, 13.431839679549823], [10.755239763272712, 15.900327642138059], [10.799575577092764, 17.491993351200968], [10.842028893345104, 17.511816420514574], [10.882753083571671, 15.864321500538512], [10.921883507347436, 15.477120707268035], [10.959540226785442, 12.421570183138334], [10.995830228190643, 16.097612599104625], [11.030849254490224, 12.330736050536775], [11.064683327506005, 16.179256353458328], [11.097410021008562, 17.441956712789903], [11.129099531965545, 16.213435369590396], [11.159815587195991, 17.110785224559535], [11.189616214875297, 16.076800976240406], [11.218554404367652, 11.577439318514577], [11.246678673238513, 12.642364636485185], [11.274033556687879, 15.027961730496697], [11.300660031803202, 15.732116654212412], [11.326595886778735, 16.143433535875356], [11.351876043451814, 17.308121611926378], [11.376532840064673, 16.181485094886018], [11.400596279996309, 13.499033912493614], [11.424094251263613, 15.886550299020113], [11.44705272081952, 16.18957796341656], [11.469495907042893, 15.974270758076957], [11.491446433293104, 17.415141745943732]], "merge": [[9.615805480084347, 5.340095228053785], [9.748294663130427, 6.160934833718815], [9.86526633971593, 6.136383101972069], [9.969977293804961, 7.361508706121321], [10.06475570013225, 6.365136213853414], [10.151323716440709, 6.946659906788019], [10.23099111917458, 5.806355375950631], [10.304777289233812, 5.718843117055152], [10.373491181781864, 8.17741386146991], [10.437785532487261, 6.490013217707957], [10.49819466028282, 6.928196358364191], [10.555161484889497, 6.168796571876831], [10.60905725309463, 5.5361701330670705], [10.660196214585818, 4.581436928992133], [10.708846723703001, 5.484343496948968], [10.755239763272712, 7.740218063360738], [10.799575577092764, 6.871143523313361], [10.842028893345104, 6.796415316976158], [10.882753083571671, 6.482773021093849], [10.921883507347436, 6.114340259310868], [10.959540226785442, 5.1645184714741665], [10.995830228190643, 5.9802862161558075], [11.030849254490224, 5.622674724011585], [11.064683327506005, 7.2391531279985015], [11.097410021008562, 6.652356608905713], [11.129099531965545, 5.523633390918661], [11.159815587195991, 6.974301686990476], [11.189616214875297, 6.663506621617023], [11.218554404367652, 6.087797299078056], [11.246678673238513, 5.63349026408168], [11.274033556687879, 5.320405507048619], [11.300660031803202, 6.891307102496554], [11.326595886778735, 7.233631668883346], [11.351876043451814, 5.9388971671467345], [11.376532840064673, 6.262919289067305], [11.400596279996309, 4.43369570322148], [11.424094251263613, 6.93543595891266], [11.44705272081952, 8.492164799786892], [11.469495907042893, 7.1172699829587645], [11.491446433293104, 7.28220564886715]], "argmin_dic": [[15000, 3], [17125, 3], [19250, 2], [21375, 2], [23500, 2], [25625, 2], [27750, 2], [29875, 2], [32000, 2], [34125, 2], [36250, 2], [38375, 2], [40500, 2], [42625, 2], [44750, 3], [46875, 2], [49000, 2], [51125, 2], [53250, 2], [55375, 2], [57500, 2], [59625, 2], [61750, 2], [63875, 2], [66000, 2], [68125, 1], [70250, 2], [72375, 2], [74500, 3], [76625, 2], [78750, 2], [80875, 2], [83000, 2], [85125, 2], [87250, 2], [89375, 2], [91500, 2], [93625, 2], [95750, 2], [97875, 2]], "time_elapsed": 3338.6681711673737}