{"exact": [[9.615805480084347, 9.093468243372866], [9.748294663130427, 6.647992351648642], [9.86526633971593, 9.614907517844376], [9.969977293804961, 9.370197871789307], [10.06475570013225, 9.817208187561409], [10.151323716440709, 6.750349364374853], [10.23099111917458, 7.285642824001653], [10.304777289233812, 10.174893280668634], [10.373491181781864, 9.81068707870393], [10.437785532487261, 9.305210316236076], [10.49819466028282, 6.985380990486116], [10.555161484889497, 6.914510241637309], [10.60905725309463, 9.232637476303566], [10.660196214585818, 9.461037489929918], [10.708846723703001, 9.788397442240587], [10.755239763272712, 9.856943778780154], [10.799575577092764, 9.951760677931441], [10.842028893345104, 9.88428907668429], [10.882753083571671, 10.124818063490773], [10.921883507347436, 9.555459623242754], [10.959540226785442, 9.518692153952086], [10.995830228190643, 10.027058802389352], [11.030849254490224, 9.216167909575397], [11.064683327506005, 9.413095200427522], [11.097410021008562, 9.869097445088732], [11.129099531965545, 9.790112957822473], [11.159815587195991, 6.490718138173108], [11.189616214875297, 6.911946860364893], [11.218554404367652, 7.107796068205833], [11.246678673238513, 7.126521446740484], [11.274033556687879, 9.298609208873152], [11.300660031803202, 6.809680906694139], [11.326595886778735, 9.3255197852281], [11.351876043451814, 6.939655320719415], [11.376532840064673, 7.1598118299486355], [11.400596279996309, 9.80639676633985], [11.424094251263613, 9.268106298841772], [11.44705272081952, 6.903342600769299], [11.469495907042893, 9.440631589610634], [11.491446433293104, 6.93373050692324]], "over": [[9.615805480084347, 14.94829184689049], [9.748294663130427, 17.477571321937717], [9.86526633971593, 11.422168224392966], [9.969977293804961, 13.83460744417039], [10.06475570013225, 15.148265075685702], [10.151323716440709, 13.992457763111194], [10.23099111917458, 16.096943816302023], [10.304777289233812, 18.16249497088524], [10.373491181781864, 12.72397509607121], [10.437785532487261, 17.752265862453243], [10.49819466028282, 15.808059142754459], [10.555161484889497, 15.464056555634809], [10.60905725309463, 15.283019718326132], [10.660196214585818, 14.240670191398442], [10.708846723703001, 17.80017634021971], [10.755239763272712, 16.942134266903228], [10.799575577092764, 13.190400769912912], [10.842028893345104, 12.348838413043376], [10.882753083571671, 14.488480274497448], [10.921883507347436, 16.088252175314224], [10.959540226785442, 11.0131352775513], [10.995830228190643, 13.727525821430733], [11.030849254490224, 16.750217419656735], [11.064683327506005, 15.26690537066685], [11.097410021008562, 17.948753389122363], [11.129099531965545, 12.787602636357674], [11.159815587195991, 12.367458376472838], [11.189616214875297, 16.788386721203516], [11.218554404367652, 15.128993266774485], [11.246678673238513, 16.050825556424652], [11.274033556687879, 16.177776608475067], [11.300660031803202, 13.261540764591919], [11.326595886778735, 12.23521841006034], [11.351876043451814, 16.053549475916657], [11.376532840064673, 12.285637292737418], [11.400596279996309, 18.43413445457183], [11.424094251263613, 15.21843031358705], [11.44705272081952, 16.35906033202188], [11.469495907042893, 17.342127029708756], [11.491446433293104, 14.770124960840551]], "merge": [[9.615805480084347, 6.460970377524398], [9.748294663130427, 8.404390336768717], [9.86526633971593, 5.569076459167906], [9.969977293804961, 6.668687100423466], [10.06475570013225, 7.319614855943612], [10.151323716440709, 5.2872416291800866], [10.23099111917458, 8.021607906247473], [10.304777289233812, 6.704870656825085], [10.373491181781864, 6.677058132514467], [10.437785532487261, 6.9958224379534615], [10.49819466028282, 5.059714562148818], [10.555161484889497, 5.370207898213475], [10.60905725309463, 6.362033359445795], [10.660196214585818, 6.887475011573859], [10.708846723703001, 6.307709661374998], [10.755239763272712, 6.096112387365303], [10.799575577092764, 7.5563194160595994], [10.842028893345104, 5.826611724820515], [10.882753083571671, 8.274249652094985], [10.921883507347436, 5.319255813220318], [10.959540226785442, 6.662077696792622], [10.995830228190643, 4.9775801706188405], [11.030849254490224, 5.935120260118531], [11.064683327506005, 6.338205628779303], [11.097410021008562, 6.224487321105538], [11.129099531965545, 6.152975568659551], [11.159815587195991, 5.751548244426861], [11.189616214875297, 7.547342455808087], [11.218554404367652, 5.2571525701863155], [11.246678673238513, 7.2084344036870736], [11.274033556687879, 4.318019574415016], [11.300660031803202, 4.364126243074602], [11.326595886778735, 6.881876107439131], [11.351876043451814, 5.236870128368919], [11.376532840064673, 5.917215175915362], [11.400596279996309, 5.045103507063444], [11.424094251263613, 7.7360088781124094], [11.44705272081952, 7.1130270480232225], [11.469495907042893, 6.1398974420422014], [11.491446433293104, 7.1408529020561495]], "argmin_dic": [[15000, 2], [17125, 2], [19250, 2], [21375, 2], [23500, 2], [25625, 2], [27750, 2], [29875, 2], [32000, 2], [34125, 2], [36250, 2], [38375, 2], [40500, 2], [42625, 2], [44750, 2], [46875, 2], [49000, 2], [51125, 2], [53250, 2], [55375, 2], [57500, 2], [59625, 2], [61750, 2], [63875, 3], [66000, 2], [68125, 2], [70250, 2], [72375, 2], [74500, 2], [76625, 2], [78750, 2], [80875, 2], [83000, 2], [85125, 2], [87250, 2], [89375, 2], [91500, 2], [93625, 2], [95750, 2], [97875, 2]], "time_elapsed": 5541.673103809357}