{"exact": [[9.615805480084347, 9.556913275061644], [9.748294663130427, 9.717502244454117], [9.86526633971593, 9.39167934201802], [9.969977293804961, 6.612483082341707], [10.06475570013225, 9.725786746341381], [10.151323716440709, 9.721724265902393], [10.23099111917458, 6.708453472128164], [10.304777289233812, 9.912726653236433], [10.373491181781864, 7.134451713703906], [10.437785532487261, 7.05000095456224], [10.49819466028282, 7.0741884869011455], [10.555161484889497, 6.677346159079437], [10.60905725309463, 9.906552741753165], [10.660196214585818, 9.31735612723203], [10.708846723703001, 7.052292821694058], [10.755239763272712, 6.918175277853605], [10.799575577092764, 6.533344160105126], [10.842028893345104, 9.366650969254495], [10.882753083571671, 6.988464104368129], [10.921883507347436, 9.478012956056741], [10.959540226785442, 9.459461870571296], [10.995830228190643, 7.41890230295071], [11.030849254490224, 6.59211479583992], [11.064683327506005, 9.395350936418449], [11.097410021008562, 9.26884249483218], [11.129099531965545, 9.385167574695906], [11.159815587195991, 6.917387204963592], [11.189616214875297, 9.126522424257537], [11.218554404367652, 9.621388105622014], [11.246678673238513, 9.724185883756034], [11.274033556687879, 9.380962581065443], [11.300660031803202, 9.400173919058957], [11.326595886778735, 7.008037575064272], [11.351876043451814, 6.969608111281331], [11.376532840064673, 6.93727224377985], [11.400596279996309, 9.506406775079318], [11.424094251263613, 6.767428100653168], [11.44705272081952, 7.044103313262135], [11.469495907042893, 6.922664351247007], [11.491446433293104, 9.379217816143175]], "over": [[9.615805480084347, 13.210385919404585], [9.748294663130427, 12.721480275347346], [9.86526633971593, 13.385596482878313], [9.969977293804961, 16.09465522044699], [10.06475570013225, 15.998673408908958], [10.151323716440709, 16.43057096352224], [10.23099111917458, 14.492063114122573], [10.304777289233812, 12.596544004833568], [10.373491181781864, 12.004570502410523], [10.437785532487261, 15.666028560448666], [10.49819466028282, 12.432683362110721], [10.555161484889497, 16.07105447121846], [10.60905725309463, 18.282813210760445], [10.660196214585818, 15.94803695666672], [10.708846723703001, 16.251705103449243], [10.755239763272712, 13.674470656267687], [10.799575577092764, 16.05754767129286], [10.842028893345104, 12.119671915086133], [10.882753083571671, 12.048896277804172], [10.921883507347436, 15.26080798153985], [10.959540226785442, 15.273006630250256], [10.995830228190643, 17.287128731612388], [11.030849254490224, 16.66863069329959], [11.064683327506005, 15.769043580423448], [11.097410021008562, 13.907112836802266], [11.129099531965545, 12.978860360328344], [11.159815587195991, 17.242505836959463], [11.189616214875297, 11.825321389490195], [11.218554404367652, 14.539633322212866], [11.246678673238513, 16.029179541051704], [11.274033556687879, 14.233197746723311], [11.300660031803202, 15.3366978680071], [11.326595886778735, 18.12799388375716], [11.351876043451814, 14.73411829440141], [11.376532840064673, 17.78411557226386], [11.400596279996309, 14.015754650830543], [11.424094251263613, 15.638560242378077], [11.44705272081952, 12.573784093358606], [11.469495907042893, 10.13054267925021], [11.491446433293104, 13.209834028733658]], "merge": [[9.615805480084347, 6.828970352886224], [9.748294663130427, 8.432573442518029], [9.86526633971593, 7.153046914377852], [9.969977293804961, 4.609787464128588], [10.06475570013225, 6.677208580761403], [10.151323716440709, 5.464804036635237], [10.23099111917458, 7.038102083119039], [10.304777289233812, 6.878373531108414], [10.373491181781864, 6.163473512671399], [10.437785532487261, 5.625748624485372], [10.49819466028282, 5.723939468575429], [10.555161484889497, 6.473339577358289], [10.60905725309463, 6.056917438444226], [10.660196214585818, 4.526096134206845], [10.708846723703001, 7.26232392974098], [10.755239763272712, 6.39230691264732], [10.799575577092764, 5.934399415416941], [10.842028893345104, 4.533083787507798], [10.882753083571671, 5.743947954604814], [10.921883507347436, 6.063782591397079], [10.959540226785442, 5.864705188770421], [10.995830228190643, 6.0796015088012725], [11.030849254490224, 6.462787190108821], [11.064683327506005, 7.3920169888245875], [11.097410021008562, 7.021056485541212], [11.129099531965545, 6.906458053423856], [11.159815587195991, 5.532123261479236], [11.189616214875297, 5.585843189879848], [11.218554404367652, 5.999315843789199], [11.246678673238513, 5.775806989769591], [11.274033556687879, 5.334919547871537], [11.300660031803202, 6.058236283070491], [11.326595886778735, 4.529326533221084], [11.351876043451814, 5.9485517279388995], [11.376532840064673, 5.589687375170624], [11.400596279996309, 7.650233363609421], [11.424094251263613, 5.241592147038021], [11.44705272081952, 7.366954081507732], [11.469495907042893, 7.411710342658473], [11.491446433293104, 4.339283594975454]], "argmin_dic": [[15000, 3], [17125, 2], [19250, 2], [21375, 2], [23500, 2], [25625, 2], [27750, 2], [29875, 2], [32000, 2], [34125, 2], [36250, 2], [38375, 2], [40500, 2], [42625, 2], [44750, 2], [46875, 2], [49000, 2], [51125, 2], [53250, 2], [55375, 2], [57500, 2], [59625, 2], [61750, 2], [63875, 2], [66000, 2], [68125, 2], [70250, 2], [72375, 2], [74500, 2], [76625, 2], [78750, 2], [80875, 2], [83000, 2], [85125, 2], [87250, 2], [89375, 2], [91500, 2], [93625, 2], [95750, 2], [97875, 2]], "time_elapsed": 4817.193994283676}