{"exact": [[9.615805480084347, 10.001238366388], [9.748294663130427, 6.676299179188172], [9.86526633971593, 7.110526076082667], [9.969977293804961, 6.332885226162495], [10.06475570013225, 9.799184673977532], [10.151323716440709, 9.679491998230334], [10.23099111917458, 6.828599926233078], [10.304777289233812, 9.961395687251311], [10.373491181781864, 9.619369174537804], [10.437785532487261, 10.50116634191853], [10.49819466028282, 7.016129290302133], [10.555161484889497, 9.443383777675923], [10.60905725309463, 10.03954307001612], [10.660196214585818, 9.263616096877307], [10.708846723703001, 9.63138669008474], [10.755239763272712, 9.7453834839834], [10.799575577092764, 9.450995356227956], [10.842028893345104, 9.750586543161331], [10.882753083571671, 6.97198468488112], [10.921883507347436, 6.594288039503963], [10.959540226785442, 6.942865194351994], [10.995830228190643, 9.211465726818918], [11.030849254490224, 6.856771671761573], [11.064683327506005, 6.838517800945445], [11.097410021008562, 6.617052336406991], [11.129099531965545, 9.515678538685098], [11.159815587195991, 9.33771954889063], [11.189616214875297, 9.669089006810758], [11.218554404367652, 6.823233027139034], [11.246678673238513, 6.875386548214472], [11.274033556687879, 6.989180849019016], [11.300660031803202, 9.586450400890172], [11.326595886778735, 10.033025909481674], [11.351876043451814, 9.69603572428597], [11.376532840064673, 9.508653574430411], [11.400596279996309, 9.48022477888653], [11.424094251263613, 6.919545707766377], [11.44705272081952, 9.59560920439645], [11.469495907042893, 7.159878858915518], [11.491446433293104, 9.580097369116142]], "over": [[9.615805480084347, 11.599773674624869], [9.748294663130427, 16.18281403730269], [9.86526633971593, 13.524884059924936], [9.969977293804961, 10.910714587749728], [10.06475570013225, 15.475928639648895], [10.151323716440709, 17.201964461686117], [10.23099111917458, 11.644966815740244], [10.304777289233812, 17.833442824995753], [10.373491181781864, 16.971691047775924], [10.437785532487261, 20.116434688618405], [10.49819466028282, 12.492187329571362], [10.555161484889497, 13.252974678162898], [10.60905725309463, 11.599459528982406], [10.660196214585818, 15.195215830346557], [10.708846723703001, 17.056102380895595], [10.755239763272712, 11.627694868612837], [10.799575577092764, 17.462071670061107], [10.842028893345104, 16.610452214189127], [10.882753083571671, 11.090585327649336], [10.921883507347436, 15.556468559688376], [10.959540226785442, 16.22889055324765], [10.995830228190643, 14.139289654340084], [11.030849254490224, 11.997582940182888], [11.064683327506005, 15.242161797748592], [11.097410021008562, 17.421362877844857], [11.129099531965545, 16.213589782276408], [11.159815587195991, 14.223970623120692], [11.189616214875297, 16.09161824623425], [11.218554404367652, 11.596681418867426], [11.246678673238513, 11.635438627296027], [11.274033556687879, 17.848972770878838], [11.300660031803202, 17.55740182016264], [11.326595886778735, 15.886363652394559], [11.351876043451814, 15.370112431213954], [11.376532840064673, 10.786854003431666], [11.400596279996309, 15.831579183428142], [11.424094251263613, 16.50163889934978], [11.44705272081952, 14.850315120672233], [11.469495907042893, 12.542495018229474], [11.491446433293104, 16.32108457742545]], "merge": [[9.615805480084347, 4.5886258823598896], [9.748294663130427, 5.770078017443348], [9.86526633971593, 5.46858949280746], [9.969977293804961, 6.919131811614621], [10.06475570013225, 6.981171433579154], [10.151323716440709, 7.094531747863866], [10.23099111917458, 5.36298298238923], [10.304777289233812, 4.812695744692647], [10.373491181781864, 6.828672863469551], [10.437785532487261, 8.12036545630952], [10.49819466028282, 6.2511906994677595], [10.555161484889497, 4.657202884889677], [10.60905725309463, 6.203365029151134], [10.660196214585818, 7.109825881889434], [10.708846723703001, 6.22553054826678], [10.755239763272712, 7.302354544320866], [10.799575577092764, 6.103683930893408], [10.842028893345104, 5.9962713074581595], [10.882753083571671, 7.808738419779088], [10.921883507347436, 4.6111855898614245], [10.959540226785442, 5.645779796670921], [10.995830228190643, 6.854696959693164], [11.030849254490224, 6.559449196906689], [11.064683327506005, 4.444476520131775], [11.097410021008562, 6.757215150372726], [11.129099531965545, 5.41690055868445], [11.159815587195991, 6.4928937841374825], [11.189616214875297, 4.492125624042966], [11.218554404367652, 5.718968660169064], [11.246678673238513, 5.46391183287452], [11.274033556687879, 5.138387482793777], [11.300660031803202, 7.895054733206649], [11.326595886778735, 7.350072934852659], [11.351876043451814, 7.102737065011252], [11.376532840064673, 7.277107916547034], [11.400596279996309, 4.334739195639172], [11.424094251263613, 5.704575575539612], [11.44705272081952, 7.473825486339432], [11.469495907042893, 5.651204984588424], [11.491446433293104, 6.8968619639971855]], "argmin_dic": [[15000, 2], [17125, 2], [19250, 2], [21375, 2], [23500, 2], [25625, 3], [27750, 3], [29875, 2], [32000, 2], [34125, 2], [36250, 3], [38375, 2], [40500, 3], [42625, 2], [44750, 2], [46875, 2], [49000, 2], [51125, 2], [53250, 2], [55375, 2], [57500, 2], [59625, 2], [61750, 2], [63875, 2], [66000, 2], [68125, 2], [70250, 2], [72375, 2], [74500, 2], [76625, 2], [78750, 2], [80875, 2], [83000, 2], [85125, 2], [87250, 2], [89375, 2], [91500, 2], [93625, 2], [95750, 2], [97875, 2]], "time_elapsed": 5812.007740974426}