{"exact": [[6.907755278982137, 8.341398877993907], [8.153349757998892, 10.081871322987825], [8.691146498539675, 10.006518272488023], [9.038958755220563, 9.207340364145644], [9.296518068217235, 9.351350732747916], [9.501142571764207, 9.613906176086038], [9.670924779305427, 7.6740357759185125], [9.816021526754852, 7.468225260742025], [9.94270826568941, 9.390159520535807], [10.055135102145268, 6.303729940512228], [10.156189906091882, 9.403410499210375], [10.247963389017864, 9.302674065888574], [10.332017933575289, 9.610065505730184], [10.409551859200409, 6.903933190614135], [10.481504425842441, 7.304114334580643], [10.548625513909712, 9.800853938129187], [10.611523345589823, 7.230907327444974], [10.67069806139613, 7.173936799190676], [10.726565902688105, 9.427424859849767], [10.779476987636757, 9.320356307311828], [10.829728615263452, 6.851123953408203], [10.8775753831365, 7.162606914959617], [10.923236992778513, 9.743915216788658], [10.966904349300577, 9.328320915208606], [11.008744383922906, 9.073937074336511], [11.04890390740204, 9.765606760544651], [11.087512719052368, 9.16328587574855], [11.124686137527133, 7.302807655842046], [11.160527077798756, 6.9652788262989525], [11.195127768613824, 9.290341660507584], [11.228571182611121, 9.547537170218202], [11.260932234926955, 6.643019312191692], [11.292278793854607, 7.189736251932514], [11.322672537849993, 9.436004257678489], [11.352169686090834, 6.691857471925182], [11.38082162433689, 6.552281808481064], [11.40867544359643, 7.147094197743818], [11.435774405781814, 9.467513187534415], [11.462158347916576, 9.276285287966001], [11.487864034374857, 9.591825651707929]], "over": [[6.907755278982137, 17.984495661227268], [8.153349757998892, 18.68029332147215], [8.691146498539675, 16.141804136987034], [9.038958755220563, 17.81944997261214], [9.296518068217235, 12.780682547963618], [9.501142571764207, 16.112364965507663], [9.670924779305427, 12.098857631870638], [9.816021526754852, 15.63536610849584], [9.94270826568941, 11.508582254715382], [10.055135102145268, 15.760572901591733], [10.156189906091882, 14.96002366197469], [10.247963389017864, 14.081287232693809], [10.332017933575289, 12.750870347833663], [10.409551859200409, 18.767468730370073], [10.481504425842441, 15.10093033575282], [10.548625513909712, 14.082677189934055], [10.611523345589823, 17.122669115458585], [10.67069806139613, 11.133430927236356], [10.726565902688105, 18.27359977573904], [10.779476987636757, 15.555493888803541], [10.829728615263452, 12.90192979329445], [10.8775753831365, 18.9739506371675], [10.923236992778513, 14.749500761360702], [10.966904349300577, 17.367258683650757], [11.008744383922906, 10.802824552216412], [11.04890390740204, 12.729583962898245], [11.087512719052368, 11.65434355601969], [11.124686137527133, 13.826618365273863], [11.160527077798756, 14.87404784720879], [11.195127768613824, 12.905426686464349], [11.228571182611121, 13.139847382756413], [11.260932234926955, 15.194985513796754], [11.292278793854607, 12.991083991562954], [11.322672537849993, 16.125414908150233], [11.352169686090834, 13.303697773152374], [11.38082162433689, 17.39497979265244], [11.40867544359643, 14.848459944789726], [11.435774405781814, 12.172762888938184], [11.462158347916576, 10.611893153228944], [11.487864034374857, 15.850847296061078]], "merge": [[6.907755278982137, 7.825420050010643], [8.153349757998892, 5.707161940803579], [8.691146498539675, 6.385742758425951], [9.038958755220563, 6.891432205351744], [9.296518068217235, 6.392411183449843], [9.501142571764207, 7.312664217655958], [9.670924779305427, 6.474094612564608], [9.816021526754852, 6.799468752266548], [9.94270826568941, 4.678089945277778], [10.055135102145268, 6.526813417506123], [10.156189906091882, 6.364182073063382], [10.247963389017864, 5.624108244286943], [10.332017933575289, 5.3922189717941365], [10.409551859200409, 7.591976013203005], [10.481504425842441, 5.1499820251117185], [10.548625513909712, 5.694588013273621], [10.611523345589823, 7.127071528943374], [10.67069806139613, 5.439286206113683], [10.726565902688105, 8.004734504643443], [10.779476987636757, 6.800881818672754], [10.829728615263452, 5.758117911601157], [10.8775753831365, 7.2845411893829715], [10.923236992778513, 5.516796954493858], [10.966904349300577, 7.527957983670426], [11.008744383922906, 5.127921342921855], [11.04890390740204, 5.773056205624739], [11.087512719052368, 5.529235636893663], [11.124686137527133, 5.710290727518272], [11.160527077798756, 5.774972160042537], [11.195127768613824, 5.333847231263531], [11.228571182611121, 5.980585416796114], [11.260932234926955, 7.762765443590782], [11.292278793854607, 5.425844351002184], [11.322672537849993, 8.46783836351106], [11.352169686090834, 5.249130115150627], [11.38082162433689, 6.150418490334747], [11.40867544359643, 6.3088369595392475], [11.435774405781814, 5.170348515713869], [11.462158347916576, 5.445563577290731], [11.487864034374857, 7.286669204645139]], "argmin_dic": [[1000, 3], [3475, 1], [5950, 3], [8425, 3], [10900, 3], [13375, 2], [15850, 3], [18325, 3], [20800, 2], [23275, 2], [25750, 2], [28225, 2], [30700, 2], [33175, 2], [35650, 2], [38125, 2], [40600, 2], [43075, 2], [45550, 3], [48025, 3], [50500, 2], [52975, 2], [55450, 2], [57925, 2], [60400, 2], [62875, 3], [65350, 2], [67825, 2], [70300, 2], [72775, 2], [75250, 2], [77725, 2], [80200, 2], [82675, 2], [85150, 2], [87625, 2], [90100, 2], [92575, 2], [95050, 2], [97525, 2]], "time_elapsed": 3039.1502571105957}