{"exact": [[6.907755278982137, 12.15819646868703], [8.153349757998892, 7.18891843584777], [8.691146498539675, 9.733568867810362], [9.038958755220563, 10.80828983171825], [9.296518068217235, 6.540880242867885], [9.501142571764207, 10.854718848881411], [9.670924779305427, 10.384814482644682], [9.816021526754852, 6.7177484591411885], [9.94270826568941, 9.257678492065896], [10.055135102145268, 9.801330435226726], [10.156189906091882, 9.614333744187292], [10.247963389017864, 7.245029845888515], [10.332017933575289, 9.611073583975164], [10.409551859200409, 9.831892238500606], [10.481504425842441, 6.698517697979405], [10.548625513909712, 6.699159366812213], [10.611523345589823, 9.419011740284143], [10.67069806139613, 9.896710138497376], [10.726565902688105, 9.650701095900729], [10.779476987636757, 6.82590315962759], [10.829728615263452, 10.108189218144712], [10.8775753831365, 9.485569736976062], [10.923236992778513, 9.535484208757316], [10.966904349300577, 9.949448784546536], [11.008744383922906, 6.879281590857185], [11.04890390740204, 6.92356069572451], [11.087512719052368, 6.791594302268527], [11.124686137527133, 9.38546776355202], [11.160527077798756, 7.609868709428875], [11.195127768613824, 9.188873117097822], [11.228571182611121, 9.44642866368492], [11.260932234926955, 9.522417398522009], [11.292278793854607, 9.549864657566602], [11.322672537849993, 9.858978449400826], [11.352169686090834, 9.779414903775509], [11.38082162433689, 9.927353050761528], [11.40867544359643, 10.027471127070916], [11.435774405781814, 6.882156875602552], [11.462158347916576, 9.375901701631587], [11.487864034374857, 9.806585937415484]], "over": [[6.907755278982137, 23.1775889660398], [8.153349757998892, 17.486686417632352], [8.691146498539675, 18.119188850636284], [9.038958755220563, 20.85978497477835], [9.296518068217235, 15.269382234681473], [9.501142571764207, 17.356303662070264], [9.670924779305427, 15.108281572554096], [9.816021526754852, 12.093784310914485], [9.94270826568941, 10.324826566737414], [10.055135102145268, 11.446032467102158], [10.156189906091882, 10.694561682824498], [10.247963389017864, 17.771060684084368], [10.332017933575289, 13.204771175854782], [10.409551859200409, 12.7159376134835], [10.481504425842441, 16.967354420294356], [10.548625513909712, 11.94438651505262], [10.611523345589823, 13.096134335698224], [10.67069806139613, 15.337878053649288], [10.726565902688105, 11.670423520648992], [10.779476987636757, 14.39979025949097], [10.829728615263452, 15.554127120053613], [10.8775753831365, 14.836882231315005], [10.923236992778513, 15.974499247948499], [10.966904349300577, 17.518242746365114], [11.008744383922906, 14.78774504510768], [11.04890390740204, 16.00811298105822], [11.087512719052368, 12.206725681911987], [11.124686137527133, 14.651982854785086], [11.160527077798756, 13.12093842610951], [11.195127768613824, 12.583533627719804], [11.228571182611121, 10.833911854641928], [11.260932234926955, 11.163228803639125], [11.292278793854607, 11.052476508921716], [11.322672537849993, 16.961377473412433], [11.352169686090834, 13.779290336570327], [11.38082162433689, 12.434741718804819], [11.40867544359643, 16.78590320846969], [11.435774405781814, 16.173626302687442], [11.462158347916576, 13.530439438719439], [11.487864034374857, 17.033364920882324]], "merge": [[6.907755278982137, 13.768596048749176], [8.153349757998892, 10.96644153001962], [8.691146498539675, 10.748756158702221], [9.038958755220563, 13.716310747471184], [9.296518068217235, 9.629827805916122], [9.501142571764207, 11.505430892699712], [9.670924779305427, 9.778091300216039], [9.816021526754852, 5.89480070736083], [9.94270826568941, 6.1358223651854535], [10.055135102145268, 6.3643808285191374], [10.156189906091882, 5.858349176760372], [10.247963389017864, 11.68855822674039], [10.332017933575289, 9.09552631543308], [10.409551859200409, 8.53670606294372], [10.481504425842441, 10.728567556846992], [10.548625513909712, 7.505601507331232], [10.611523345589823, 8.93726846394566], [10.67069806139613, 9.731960550507416], [10.726565902688105, 6.0509419888685505], [10.779476987636757, 8.952216711026317], [10.829728615263452, 9.742824608602701], [10.8775753831365, 9.807651815733776], [10.923236992778513, 10.357197246299462], [10.966904349300577, 10.237043706931045], [11.008744383922906, 9.743486287539014], [11.04890390740204, 9.227565566865435], [11.087512719052368, 5.956191863779555], [11.124686137527133, 9.441001595718205], [11.160527077798756, 9.295170700817472], [11.195127768613824, 6.934257984973182], [11.228571182611121, 6.4109210644941585], [11.260932234926955, 7.1194261979271225], [11.292278793854607, 7.456749814964529], [11.322672537849993, 11.620547068411257], [11.352169686090834, 8.351842891950735], [11.38082162433689, 6.821885140968776], [11.40867544359643, 9.453025037883855], [11.435774405781814, 10.251268603639147], [11.462158347916576, 9.805335389610757], [11.487864034374857, 11.142948281072641]], "argmin_dic": [[1000, 2], [3475, 2], [5950, 3], [8425, 3], [10900, 3], [13375, 2], [15850, 2], [18325, 2], [20800, 2], [23275, 3], [25750, 3], [28225, 3], [30700, 3], [33175, 3], [35650, 3], [38125, 3], [40600, 3], [43075, 2], [45550, 3], [48025, 3], [50500, 3], [52975, 3], [55450, 3], [57925, 3], [60400, 3], [62875, 3], [65350, 3], [67825, 3], [70300, 2], [72775, 3], [75250, 3], [77725, 2], [80200, 3], [82675, 3], [85150, 3], [87625, 3], [90100, 3], [92575, 3], [95050, 3], [97525, 3]], "time_elapsed": 2959.3265492916107}