{"exact": [[6.907755278982137, 9.06184463697103], [8.153349757998892, 9.198737420713487], [8.691146498539675, 9.544279305499595], [9.038958755220563, 10.461643693454795], [9.296518068217235, 9.572083305120517], [9.501142571764207, 9.682338116402606], [9.670924779305427, 7.384485034831781], [9.816021526754852, 9.927427731911571], [9.94270826568941, 9.762195035548293], [10.055135102145268, 9.164502662463137], [10.156189906091882, 9.414843125792407], [10.247963389017864, 6.806033979083008], [10.332017933575289, 9.531085690568489], [10.409551859200409, 7.039573359241421], [10.481504425842441, 9.689480045556824], [10.548625513909712, 9.466245131089684], [10.611523345589823, 7.343754575728873], [10.67069806139613, 9.87451276457698], [10.726565902688105, 9.631484033762058], [10.779476987636757, 9.997024829560457], [10.829728615263452, 9.332416489020607], [10.8775753831365, 7.066215504166584], [10.923236992778513, 6.7893064526119575], [10.966904349300577, 9.191952158035683], [11.008744383922906, 7.351043251512836], [11.04890390740204, 9.552247440996668], [11.087512719052368, 10.02426440045637], [11.124686137527133, 9.67140960370258], [11.160527077798756, 7.365464796142997], [11.195127768613824, 7.272054560533076], [11.228571182611121, 9.77116701030993], [11.260932234926955, 7.0006385011707986], [11.292278793854607, 9.612670947532573], [11.322672537849993, 9.458962039920678], [11.352169686090834, 9.460080453354088], [11.38082162433689, 9.389527457637152], [11.40867544359643, 9.188766996142096], [11.435774405781814, 6.938027812246125], [11.462158347916576, 7.011337397017936], [11.487864034374857, 9.785742882108984]], "over": [[6.907755278982137, 35.48439115793739], [8.153349757998892, 17.31863582780381], [8.691146498539675, 18.26169341248172], [9.038958755220563, 16.457805300136155], [9.296518068217235, 15.963396919427709], [9.501142571764207, 18.338264431501013], [9.670924779305427, 16.268762802038346], [9.816021526754852, 18.660239886123122], [9.94270826568941, 16.30936664135215], [10.055135102145268, 10.018109239344197], [10.156189906091882, 16.03669727126961], [10.247963389017864, 16.156054609908786], [10.332017933575289, 15.40836499586041], [10.409551859200409, 13.310477534856549], [10.481504425842441, 16.07075173208851], [10.548625513909712, 13.51723047797306], [10.611523345589823, 18.674916581337136], [10.67069806139613, 15.875017272269915], [10.726565902688105, 11.814580424947478], [10.779476987636757, 12.635811350222504], [10.829728615263452, 17.61598875383089], [10.8775753831365, 15.186361167984835], [10.923236992778513, 15.786334756714814], [10.966904349300577, 15.244852789004618], [11.008744383922906, 15.261755365691325], [11.04890390740204, 17.09320282379465], [11.087512719052368, 13.729536167144783], [11.124686137527133, 16.92481009783612], [11.160527077798756, 13.083912316458747], [11.195127768613824, 13.40604619748553], [11.228571182611121, 11.300641748183477], [11.260932234926955, 14.613327370599015], [11.292278793854607, 13.651023580647072], [11.322672537849993, 16.488694234533618], [11.352169686090834, 15.76264461152688], [11.38082162433689, 17.804036895291702], [11.40867544359643, 15.480516204518686], [11.435774405781814, 14.354965312336297], [11.462158347916576, 17.525284499984846], [11.487864034374857, 16.128716353441515]], "merge": [[6.907755278982137, 17.49089596525044], [8.153349757998892, 7.430369302286915], [8.691146498539675, 6.8302374099336856], [9.038958755220563, 7.7828270243496815], [9.296518068217235, 6.144411275366197], [9.501142571764207, 7.893620490561261], [9.670924779305427, 7.113498726260113], [9.816021526754852, 6.338024577889549], [9.94270826568941, 8.532318449727217], [10.055135102145268, 5.211807512949619], [10.156189906091882, 6.771188464971524], [10.247963389017864, 6.578242542154785], [10.332017933575289, 6.269923259477216], [10.409551859200409, 4.608275632595543], [10.481504425842441, 6.499006575588292], [10.548625513909712, 4.68756248043247], [10.611523345589823, 8.324281729071595], [10.67069806139613, 7.067362892389246], [10.726565902688105, 5.105972205046657], [10.779476987636757, 5.704798239010666], [10.829728615263452, 6.176379156221658], [10.8775753831365, 5.542319119218736], [10.923236992778513, 6.736647259174009], [10.966904349300577, 6.36421307800928], [11.008744383922906, 6.099041655989873], [11.04890390740204, 6.533383090870567], [11.087512719052368, 5.26532150800388], [11.124686137527133, 7.716537747484694], [11.160527077798756, 4.561545075945038], [11.195127768613824, 5.358898544655014], [11.228571182611121, 5.499255252188995], [11.260932234926955, 5.756363831407153], [11.292278793854607, 5.011053618601316], [11.322672537849993, 6.887640852908874], [11.352169686090834, 6.97067816333313], [11.38082162433689, 6.003437967122549], [11.40867544359643, 6.158199655239723], [11.435774405781814, 5.622947116951583], [11.462158347916576, 7.6524816502719295], [11.487864034374857, 8.175412131135273]], "argmin_dic": [[1000, 3], [3475, 2], [5950, 3], [8425, 2], [10900, 2], [13375, 3], [15850, 2], [18325, 2], [20800, 3], [23275, 2], [25750, 2], [28225, 2], [30700, 2], [33175, 2], [35650, 2], [38125, 2], [40600, 2], [43075, 3], [45550, 2], [48025, 2], [50500, 2], [52975, 2], [55450, 2], [57925, 2], [60400, 2], [62875, 2], [65350, 2], [67825, 2], [70300, 2], [72775, 2], [75250, 2], [77725, 2], [80200, 2], [82675, 2], [85150, 2], [87625, 2], [90100, 2], [92575, 2], [95050, 2], [97525, 2]], "time_elapsed": 2357.122442483902}