{"exact": [[9.615805480084347, 5.893716612906605], [9.748294663130427, 7.047710545887788], [9.86526633971593, 9.30584411158593], [9.969977293804961, 7.5888570488544875], [10.06475570013225, 6.603775779606913], [10.151323716440709, 9.815349390894646], [10.23099111917458, 9.894028702299938], [10.304777289233812, 6.975902863864981], [10.373491181781864, 10.19327235461985], [10.437785532487261, 7.115364182856903], [10.49819466028282, 9.997734677986255], [10.555161484889497, 10.225004636392661], [10.60905725309463, 9.680874599993958], [10.660196214585818, 6.8364036206282375], [10.708846723703001, 9.653991417370749], [10.755239763272712, 7.1914923025498165], [10.799575577092764, 10.106044854518375], [10.842028893345104, 6.4575088871821], [10.882753083571671, 9.308801186896453], [10.921883507347436, 9.182080335615826], [10.959540226785442, 9.934051842414803], [10.995830228190643, 9.511574965934884], [11.030849254490224, 9.440866132768665], [11.064683327506005, 7.421625666449333], [11.097410021008562, 9.921862972636681], [11.129099531965545, 6.785002639326487], [11.159815587195991, 9.297567945432458], [11.189616214875297, 9.187720078149392], [11.218554404367652, 9.32832342820324], [11.246678673238513, 6.768029764352323], [11.274033556687879, 9.846850903172594], [11.300660031803202, 9.681209528205166], [11.326595886778735, 6.915060181076249], [11.351876043451814, 9.229887056459171], [11.376532840064673, 9.29346677128301], [11.400596279996309, 6.893532226362188], [11.424094251263613, 9.220575769990042], [11.44705272081952, 6.8839664899282], [11.469495907042893, 9.790650122870058], [11.491446433293104, 9.074250933740695]], "over": [[9.615805480084347, 10.526542752567389], [9.748294663130427, 12.634999256229761], [9.86526633971593, 15.802653283435607], [9.969977293804961, 13.280738285305821], [10.06475570013225, 10.15264826732345], [10.151323716440709, 13.045251263343483], [10.23099111917458, 17.237263837655032], [10.304777289233812, 15.335423282609224], [10.373491181781864, 17.432472684063345], [10.437785532487261, 16.10519723328315], [10.49819466028282, 14.58112909043896], [10.555161484889497, 16.18300806475476], [10.60905725309463, 12.996660108370877], [10.660196214585818, 18.232228957416474], [10.708846723703001, 14.789792003744102], [10.755239763272712, 13.476812339854485], [10.799575577092764, 13.36691242518837], [10.842028893345104, 15.099411754440748], [10.882753083571671, 15.960490905384411], [10.921883507347436, 17.33282522388358], [10.959540226785442, 17.305491423410633], [10.995830228190643, 18.039225692767335], [11.030849254490224, 17.419758717263036], [11.064683327506005, 13.15488972207601], [11.097410021008562, 15.739510991271013], [11.129099531965545, 17.53462299018546], [11.159815587195991, 16.5208298274641], [11.189616214875297, 15.123847667221638], [11.218554404367652, 16.23560041984918], [11.246678673238513, 14.654717300082913], [11.274033556687879, 16.266789975756854], [11.300660031803202, 11.003533878171249], [11.326595886778735, 12.371259538830085], [11.351876043451814, 15.725072775908307], [11.376532840064673, 13.376004873086496], [11.400596279996309, 18.138072638945772], [11.424094251263613, 12.082963751220081], [11.44705272081952, 13.756223227667897], [11.469495907042893, 11.647734512946803], [11.491446433293104, 15.972086322168416]], "merge": [[9.615805480084347, 4.381496080513924], [9.748294663130427, 5.466639766715863], [9.86526633971593, 6.216411759905511], [9.969977293804961, 6.115771826005971], [10.06475570013225, 5.795381513186182], [10.151323716440709, 5.927362588356887], [10.23099111917458, 7.769682295216822], [10.304777289233812, 5.808429827886451], [10.373491181781864, 9.031833799883351], [10.437785532487261, 6.418673104496374], [10.49819466028282, 5.656671206119731], [10.555161484889497, 6.318063906058785], [10.60905725309463, 5.318508647161974], [10.660196214585818, 7.216250197997554], [10.708846723703001, 5.320484549991689], [10.755239763272712, 6.034949613340586], [10.799575577092764, 5.377571966058239], [10.842028893345104, 6.86206404283301], [10.882753083571671, 5.935843699825118], [10.921883507347436, 7.132854388383741], [10.959540226785442, 7.810846543609059], [10.995830228190643, 7.1983899431474665], [11.030849254490224, 7.380214036524044], [11.064683327506005, 6.163614194934453], [11.097410021008562, 6.5091755477313], [11.129099531965545, 6.538860688787207], [11.159815587195991, 6.593352142406624], [11.189616214875297, 5.887566769431314], [11.218554404367652, 6.874451025110886], [11.246678673238513, 6.453415982732774], [11.274033556687879, 8.515050315264636], [11.300660031803202, 5.451886965784398], [11.326595886778735, 5.15122692274877], [11.351876043451814, 6.660504052483823], [11.376532840064673, 5.5988388660878154], [11.400596279996309, 7.0894449127628985], [11.424094251263613, 4.371204390994916], [11.44705272081952, 5.357813229449049], [11.469495907042893, 4.377239469577378], [11.491446433293104, 5.974644035715946]], "argmin_dic": [[15000, 2], [17125, 3], [19250, 2], [21375, 3], [23500, 2], [25625, 2], [27750, 2], [29875, 3], [32000, 2], [34125, 2], [36250, 2], [38375, 3], [40500, 2], [42625, 2], [44750, 2], [46875, 3], [49000, 2], [51125, 2], [53250, 2], [55375, 2], [57500, 2], [59625, 2], [61750, 2], [63875, 2], [66000, 2], [68125, 2], [70250, 2], [72375, 2], [74500, 2], [76625, 2], [78750, 2], [80875, 2], [83000, 2], [85125, 2], [87250, 2], [89375, 2], [91500, 2], [93625, 2], [95750, 2], [97875, 2]], "time_elapsed": 3066.6751911640167}