{"exact": [[9.615805480084347, 7.664857201225524], [9.748294663130427, 10.115774028643335], [9.86526633971593, 7.012640662723665], [9.969977293804961, 9.878142507573795], [10.06475570013225, 9.983206123811895], [10.151323716440709, 7.072483329105211], [10.23099111917458, 9.318108456404625], [10.304777289233812, 9.718632119661965], [10.373491181781864, 9.867473110000434], [10.437785532487261, 6.853254746252712], [10.49819466028282, 9.697494169253547], [10.555161484889497, 9.837412018439379], [10.60905725309463, 9.923169060795281], [10.660196214585818, 9.41064900416423], [10.708846723703001, 7.062834158289597], [10.755239763272712, 9.61298432565515], [10.799575577092764, 6.862733462077225], [10.842028893345104, 9.240686004870478], [10.882753083571671, 9.258528359809866], [10.921883507347436, 9.256628001985833], [10.959540226785442, 6.727280999683731], [10.995830228190643, 9.155728064697406], [11.030849254490224, 9.599033469756492], [11.064683327506005, 9.30914741287203], [11.097410021008562, 9.135887739225522], [11.129099531965545, 9.724042219704685], [11.159815587195991, 7.1590909141858665], [11.189616214875297, 6.726026469915455], [11.218554404367652, 7.05797011592618], [11.246678673238513, 9.777376172968571], [11.274033556687879, 9.418961600841937], [11.300660031803202, 9.080625706216214], [11.326595886778735, 6.886143400213078], [11.351876043451814, 6.965418110547212], [11.376532840064673, 9.409341770864218], [11.400596279996309, 9.488606801350393], [11.424094251263613, 6.8593723866412075], [11.44705272081952, 9.684496414164213], [11.469495907042893, 6.948862438140081], [11.491446433293104, 9.761970719456292]], "over": [[9.615805480084347, 13.598693478842623], [9.748294663130427, 18.469651533656272], [9.86526633971593, 14.438227311229067], [9.969977293804961, 11.286818793402139], [10.06475570013225, 15.303600390198321], [10.151323716440709, 12.161237054572242], [10.23099111917458, 16.51476169148085], [10.304777289233812, 17.591626237017216], [10.373491181781864, 16.89427914094065], [10.437785532487261, 13.957685660877026], [10.49819466028282, 13.456900763722741], [10.555161484889497, 18.501147524247912], [10.60905725309463, 15.449407944023715], [10.660196214585818, 14.208850953865852], [10.708846723703001, 18.38078846399457], [10.755239763272712, 18.6200953372053], [10.799575577092764, 16.0734067131068], [10.842028893345104, 12.091669078643069], [10.882753083571671, 16.068167483121933], [10.921883507347436, 11.624614901917695], [10.959540226785442, 12.145722364944149], [10.995830228190643, 16.18399208494068], [11.030849254490224, 17.326756079305124], [11.064683327506005, 14.968046218739033], [11.097410021008562, 12.60826331314191], [11.129099531965545, 17.790464948262464], [11.159815587195991, 14.459779363728645], [11.189616214875297, 14.437343025611481], [11.218554404367652, 15.659493204643772], [11.246678673238513, 15.552003144394002], [11.274033556687879, 14.975202718943295], [11.300660031803202, 10.820508035582133], [11.326595886778735, 15.537733383074473], [11.351876043451814, 16.426213678878526], [11.376532840064673, 18.240347982880834], [11.400596279996309, 17.115268434837116], [11.424094251263613, 14.697821845790076], [11.44705272081952, 17.06798008456114], [11.469495907042893, 10.252519894028913], [11.491446433293104, 11.96045132712208]], "merge": [[9.615805480084347, 8.155913610896425], [9.748294663130427, 7.287216917978223], [9.86526633971593, 6.934814792181649], [9.969977293804961, 5.408301140409729], [10.06475570013225, 5.909302421499534], [10.151323716440709, 5.354907464223589], [10.23099111917458, 6.911772599443087], [10.304777289233812, 7.521635444695717], [10.373491181781864, 7.714979808590407], [10.437785532487261, 6.291836925667788], [10.49819466028282, 5.818821643856769], [10.555161484889497, 7.8685386969878115], [10.60905725309463, 6.9692300285605375], [10.660196214585818, 6.099511560714041], [10.708846723703001, 7.490199696816581], [10.755239763272712, 7.752373687825707], [10.799575577092764, 7.388239324338354], [10.842028893345104, 4.390611508025308], [10.882753083571671, 7.254293524640672], [10.921883507347436, 5.371654544116437], [10.959540226785442, 4.6155014130408345], [10.995830228190643, 7.108054779844205], [11.030849254490224, 7.209817349174001], [11.064683327506005, 5.9090005247198745], [11.097410021008562, 5.673869164068105], [11.129099531965545, 7.268977691017864], [11.159815587195991, 5.845789732592509], [11.189616214875297, 6.25957973118886], [11.218554404367652, 6.067338719036741], [11.246678673238513, 5.922043099808129], [11.274033556687879, 5.8890704893144745], [11.300660031803202, 5.579195191679441], [11.326595886778735, 6.799040189320559], [11.351876043451814, 7.413383938795658], [11.376532840064673, 6.150637394388399], [11.400596279996309, 6.066390954468915], [11.424094251263613, 5.788193704855895], [11.44705272081952, 5.984408486206881], [11.469495907042893, 5.85900952421405], [11.491446433293104, 5.162818053111586]], "argmin_dic": [[15000, 3], [17125, 2], [19250, 2], [21375, 2], [23500, 2], [25625, 2], [27750, 2], [29875, 3], [32000, 2], [34125, 2], [36250, 2], [38375, 2], [40500, 2], [42625, 2], [44750, 3], [46875, 3], [49000, 2], [51125, 2], [53250, 2], [55375, 2], [57500, 2], [59625, 2], [61750, 2], [63875, 2], [66000, 2], [68125, 2], [70250, 2], [72375, 2], [74500, 3], [76625, 2], [78750, 2], [80875, 2], [83000, 2], [85125, 2], [87250, 2], [89375, 2], [91500, 2], [93625, 2], [95750, 3], [97875, 2]], "time_elapsed": 3252.7372999191284}