{"exact": [[9.615805480084347, 9.108495989452516], [9.748294663130427, 6.961527379690364], [9.86526633971593, 9.755026596694647], [9.969977293804961, 9.423583262148119], [10.06475570013225, 10.015362670607027], [10.151323716440709, 6.656903926285864], [10.23099111917458, 9.238359628807244], [10.304777289233812, 9.564169554895182], [10.373491181781864, 9.82789787003849], [10.437785532487261, 6.737012211380638], [10.49819466028282, 9.912446154002193], [10.555161484889497, 9.100990718340267], [10.60905725309463, 6.738299646439762], [10.660196214585818, 6.623472575620611], [10.708846723703001, 9.69503314689626], [10.755239763272712, 6.727051979276438], [10.799575577092764, 9.342018324074282], [10.842028893345104, 6.552002385859449], [10.882753083571671, 6.604287496326044], [10.921883507347436, 6.803677724094235], [10.959540226785442, 9.682656770183565], [10.995830228190643, 9.668035314942701], [11.030849254490224, 9.728419262519342], [11.064683327506005, 6.83840393275287], [11.097410021008562, 9.432400199295742], [11.129099531965545, 9.651813931784291], [11.159815587195991, 9.527942380090025], [11.189616214875297, 6.703348042146954], [11.218554404367652, 9.95097413456682], [11.246678673238513, 9.802206969418243], [11.274033556687879, 9.56795453495432], [11.300660031803202, 7.132304301149895], [11.326595886778735, 9.772630513486757], [11.351876043451814, 9.374878081013907], [11.376532840064673, 9.931694777245987], [11.400596279996309, 6.579548400697818], [11.424094251263613, 9.825872785078896], [11.44705272081952, 9.622306478974869], [11.469495907042893, 9.778391880784541], [11.491446433293104, 9.463500450477142]], "over": [[9.615805480084347, 13.387926512874174], [9.748294663130427, 12.481825043962873], [9.86526633971593, 13.868500971314463], [9.969977293804961, 13.25302047776671], [10.06475570013225, 14.053128397016787], [10.151323716440709, 16.047224442308423], [10.23099111917458, 15.9655696500892], [10.304777289233812, 17.50429809261177], [10.373491181781864, 16.546229256307633], [10.437785532487261, 16.049787046732245], [10.49819466028282, 15.88723403478321], [10.555161484889497, 13.117271762550947], [10.60905725309463, 13.582881350206854], [10.660196214585818, 12.763612904539617], [10.708846723703001, 11.243306039411925], [10.755239763272712, 14.460189099783532], [10.799575577092764, 13.55402862499266], [10.842028893345104, 10.90762938173296], [10.882753083571671, 14.580497829121523], [10.921883507347436, 15.656056021264272], [10.959540226785442, 13.845094016841824], [10.995830228190643, 15.372090148792633], [11.030849254490224, 16.027335319723992], [11.064683327506005, 15.655630918243887], [11.097410021008562, 12.387882858601031], [11.129099531965545, 10.972572755622853], [11.159815587195991, 17.82061490535907], [11.189616214875297, 11.335278140023773], [11.218554404367652, 11.621783380296216], [11.246678673238513, 12.359222025384302], [11.274033556687879, 12.316041008237503], [11.300660031803202, 16.918935522192626], [11.326595886778735, 12.27714497525912], [11.351876043451814, 14.129272930362415], [11.376532840064673, 16.178637210930543], [11.400596279996309, 15.207530395818155], [11.424094251263613, 12.374243204812428], [11.44705272081952, 17.794590190075205], [11.469495907042893, 18.294716658653726], [11.491446433293104, 14.447434492621696]], "merge": [[9.615805480084347, 7.406664171863579], [9.748294663130427, 7.22929174561104], [9.86526633971593, 7.341561107187974], [9.969977293804961, 6.104970125073323], [10.06475570013225, 7.174964509482316], [10.151323716440709, 5.750835144623418], [10.23099111917458, 7.144845947337281], [10.304777289233812, 6.057253934969536], [10.373491181781864, 5.984820124992909], [10.437785532487261, 6.780667772122215], [10.49819466028282, 5.45081907954458], [10.555161484889497, 7.437790443610567], [10.60905725309463, 6.398443698277893], [10.660196214585818, 5.305254180558185], [10.708846723703001, 5.148770260346478], [10.755239763272712, 4.864832434931567], [10.799575577092764, 6.484465699960711], [10.842028893345104, 5.139921352889535], [10.882753083571671, 4.81321044578326], [10.921883507347436, 8.99653547339076], [10.959540226785442, 6.384964873634712], [10.995830228190643, 7.235409682484535], [11.030849254490224, 5.25897665837823], [11.064683327506005, 7.092999234296264], [11.097410021008562, 6.018553288508376], [11.129099531965545, 5.7488300506711925], [11.159815587195991, 7.067110878413983], [11.189616214875297, 5.347972805718543], [11.218554404367652, 5.16473318448897], [11.246678673238513, 6.206368498619359], [11.274033556687879, 5.954787069095967], [11.300660031803202, 8.217669343550664], [11.326595886778735, 7.127724710227431], [11.351876043451814, 7.221720746003401], [11.376532840064673, 5.950252529089612], [11.400596279996309, 6.0825118523883885], [11.424094251263613, 6.715589326168541], [11.44705272081952, 4.444504793468904], [11.469495907042893, 5.502804351252064], [11.491446433293104, 7.415294031399697]], "argmin_dic": [[15000, 2], [17125, 2], [19250, 2], [21375, 2], [23500, 2], [25625, 2], [27750, 2], [29875, 2], [32000, 2], [34125, 2], [36250, 3], [38375, 2], [40500, 2], [42625, 2], [44750, 2], [46875, 2], [49000, 2], [51125, 2], [53250, 2], [55375, 2], [57500, 2], [59625, 2], [61750, 2], [63875, 2], [66000, 2], [68125, 2], [70250, 2], [72375, 2], [74500, 2], [76625, 2], [78750, 2], [80875, 2], [83000, 2], [85125, 2], [87250, 2], [89375, 2], [91500, 2], [93625, 2], [95750, 2], [97875, 2]], "time_elapsed": 5918.3088545799255}