{"exact": [[6.907755278982137, 15.208104016462176], [8.153349757998892, 11.068528940093378], [8.691146498539675, 6.653499417622705], [9.038958755220563, 9.726705052680767], [9.296518068217235, 9.700209032703132], [9.501142571764207, 9.19469320067409], [9.670924779305427, 9.361303490500438], [9.816021526754852, 7.0045505004021145], [9.94270826568941, 9.87081976170016], [10.055135102145268, 9.896233487463753], [10.156189906091882, 9.297518264299674], [10.247963389017864, 9.611394393731537], [10.332017933575289, 6.680443538216151], [10.409551859200409, 6.762500089972225], [10.481504425842441, 9.539659396346352], [10.548625513909712, 9.836368993619454], [10.611523345589823, 9.58814930685566], [10.67069806139613, 9.248596930448631], [10.726565902688105, 9.358318026332853], [10.779476987636757, 9.745484823961172], [10.829728615263452, 9.546448101398578], [10.8775753831365, 9.891620647472012], [10.923236992778513, 7.237366991237179], [10.966904349300577, 6.617262495917898], [11.008744383922906, 6.919004434356558], [11.04890390740204, 10.182799462264377], [11.087512719052368, 9.208756230971183], [11.124686137527133, 9.379195207384065], [11.160527077798756, 9.349385250571196], [11.195127768613824, 6.711029713354267], [11.228571182611121, 10.095702602876125], [11.260932234926955, 9.74347638554558], [11.292278793854607, 4.592197007714431], [11.322672537849993, 9.756491768625178], [11.352169686090834, 7.058977860259812], [11.38082162433689, 6.956565351996461], [11.40867544359643, 9.421115422732605], [11.435774405781814, 9.511832878479698], [11.462158347916576, 9.847695675552627], [11.487864034374857, 9.734865804876952]], "over": [[6.907755278982137, 29.890169550209666], [8.153349757998892, 18.894058441961974], [8.691146498539675, 12.889569462198928], [9.038958755220563, 16.89154037957693], [9.296518068217235, 15.274724411348048], [9.501142571764207, 17.42930514565085], [9.670924779305427, 15.425929862073158], [9.816021526754852, 18.37836246863379], [9.94270826568941, 15.708116614233328], [10.055135102145268, 14.149707773972079], [10.156189906091882, 12.142889840266104], [10.247963389017864, 10.696343084998633], [10.332017933575289, 15.017382589303118], [10.409551859200409, 17.6146998292703], [10.481504425842441, 11.868271342074117], [10.548625513909712, 12.3551137812684], [10.611523345589823, 14.787489116808855], [10.67069806139613, 15.548646789630832], [10.726565902688105, 16.209137715684456], [10.779476987636757, 10.237305347035873], [10.829728615263452, 16.26268098915284], [10.8775753831365, 13.420388608545249], [10.923236992778513, 15.047616110564013], [10.966904349300577, 16.12988838985372], [11.008744383922906, 17.808669178549437], [11.04890390740204, 15.954596284131517], [11.087512719052368, 13.234069763964865], [11.124686137527133, 15.911580746681185], [11.160527077798756, 17.777732867102674], [11.195127768613824, 11.066465058716608], [11.228571182611121, 13.89214620322865], [11.260932234926955, 12.67067401499448], [11.292278793854607, 17.96697231727744], [11.322672537849993, 14.940718471071794], [11.352169686090834, 15.715106571556028], [11.38082162433689, 15.854986135712695], [11.40867544359643, 11.744536681397507], [11.435774405781814, 17.54030997597276], [11.462158347916576, 16.361912515721293], [11.487864034374857, 14.271300641851479]], "merge": [[6.907755278982137, 7.640787618830048], [8.153349757998892, 9.15080924850636], [8.691146498539675, 5.37536605388323], [9.038958755220563, 6.809261705469804], [9.296518068217235, 6.238398948294715], [9.501142571764207, 8.895230669610536], [9.670924779305427, 5.860991358536944], [9.816021526754852, 6.985063208724416], [9.94270826568941, 6.323159979975118], [10.055135102145268, 6.233995152644083], [10.156189906091882, 4.508596422650946], [10.247963389017864, 5.555086846847023], [10.332017933575289, 7.207364855979192], [10.409551859200409, 6.872574709092179], [10.481504425842441, 4.374529207028275], [10.548625513909712, 4.400639012425551], [10.611523345589823, 5.748029396400875], [10.67069806139613, 6.182386285769174], [10.726565902688105, 6.910961733160915], [10.779476987636757, 5.785538666080631], [10.829728615263452, 7.254857343522417], [10.8775753831365, 5.982579087946377], [10.923236992778513, 5.799842575588405], [10.966904349300577, 6.515785558975784], [11.008744383922906, 7.170507922665533], [11.04890390740204, 5.990828868501935], [11.087512719052368, 5.4314980129371335], [11.124686137527133, 6.562478158424271], [11.160527077798756, 7.440676954022853], [11.195127768613824, 5.2852868141291385], [11.228571182611121, 5.573241884778069], [11.260932234926955, 7.369703527768623], [11.292278793854607, 7.130251029053134], [11.322672537849993, 6.123062309783046], [11.352169686090834, 7.377540963916171], [11.38082162433689, 6.991118320154402], [11.40867544359643, 5.993089823802018], [11.435774405781814, 7.493854243417262], [11.462158347916576, 7.367745788328652], [11.487864034374857, 5.973883672470127]], "argmin_dic": [[1000, 0], [3475, 3], [5950, 2], [8425, 2], [10900, 2], [13375, 3], [15850, 2], [18325, 2], [20800, 2], [23275, 2], [25750, 2], [28225, 3], [30700, 2], [33175, 2], [35650, 2], [38125, 2], [40600, 2], [43075, 2], [45550, 2], [48025, 3], [50500, 2], [52975, 2], [55450, 2], [57925, 2], [60400, 2], [62875, 2], [65350, 2], [67825, 2], [70300, 2], [72775, 2], [75250, 2], [77725, 2], [80200, 2], [82675, 2], [85150, 2], [87625, 2], [90100, 3], [92575, 2], [95050, 2], [97525, 2]], "time_elapsed": 2788.9467647075653}