{"exact": [[9.615805480084347, 6.510532565730056], [9.748294663130427, 6.7619555461624685], [9.86526633971593, 6.771686234429072], [9.969977293804961, 9.33698190413319], [10.06475570013225, 7.535589077326749], [10.151323716440709, 9.163337927581395], [10.23099111917458, 9.859601136477519], [10.304777289233812, 6.402912832872118], [10.373491181781864, 6.973120352513673], [10.437785532487261, 6.864188461334248], [10.49819466028282, 9.388489183404888], [10.555161484889497, 9.770748083160216], [10.60905725309463, 9.301289870110411], [10.660196214585818, 9.357133447779745], [10.708846723703001, 7.386140831555403], [10.755239763272712, 9.366713178659323], [10.799575577092764, 6.77644055546802], [10.842028893345104, 6.9120510497314305], [10.882753083571671, 6.895789100816862], [10.921883507347436, 9.56693713157899], [10.959540226785442, 9.394296948732185], [10.995830228190643, 9.929188496727582], [11.030849254490224, 10.179297060566979], [11.064683327506005, 9.603112397521803], [11.097410021008562, 7.3723334398976865], [11.129099531965545, 9.886802240456836], [11.159815587195991, 9.764982753102005], [11.189616214875297, 9.262673642127467], [11.218554404367652, 6.487474785280806], [11.246678673238513, 9.907180827537164], [11.274033556687879, 9.944743350451922], [11.300660031803202, 9.442411730970967], [11.326595886778735, 6.959798735428647], [11.351876043451814, 9.58250295762699], [11.376532840064673, 6.96206804665394], [11.400596279996309, 9.31919223757287], [11.424094251263613, 6.8751319563452995], [11.44705272081952, 9.684258095455753], [11.469495907042893, 6.979498448434064], [11.491446433293104, 9.498291939327189]], "over": [[9.615805480084347, 12.045481774064763], [9.748294663130427, 10.761152848779298], [9.86526633971593, 13.532493065983594], [9.969977293804961, 12.425613802710968], [10.06475570013225, 18.757133028749184], [10.151323716440709, 13.068455530019264], [10.23099111917458, 14.487425277200579], [10.304777289233812, 16.86004707413101], [10.373491181781864, 11.666744883367372], [10.437785532487261, 17.583518627113534], [10.49819466028282, 16.258863579871825], [10.555161484889497, 12.883326603642587], [10.60905725309463, 14.748777588356026], [10.660196214585818, 18.852974221091486], [10.708846723703001, 12.989730403793697], [10.755239763272712, 16.88167620670577], [10.799575577092764, 15.907410418210853], [10.842028893345104, 15.813262417591716], [10.882753083571671, 17.964396190253076], [10.921883507347436, 11.921240851908431], [10.959540226785442, 17.747304144135153], [10.995830228190643, 18.215317612977977], [11.030849254490224, 12.755971028128103], [11.064683327506005, 16.695499054883246], [11.097410021008562, 16.015531820617593], [11.129099531965545, 17.70657465240213], [11.159815587195991, 17.183350234681413], [11.189616214875297, 12.392216502866939], [11.218554404367652, 11.215160255985882], [11.246678673238513, 10.922486573026147], [11.274033556687879, 16.26506450982354], [11.300660031803202, 10.755009560587203], [11.326595886778735, 10.433214946615951], [11.351876043451814, 16.31588312651655], [11.376532840064673, 15.857517614648483], [11.400596279996309, 16.807237166579604], [11.424094251263613, 15.394134176758921], [11.44705272081952, 16.004181233240473], [11.469495907042893, 16.091771973025736], [11.491446433293104, 15.258964615971689]], "merge": [[9.615805480084347, 4.630412116163778], [9.748294663130427, 5.166465067253151], [9.86526633971593, 5.664952238942218], [9.969977293804961, 5.11629816281487], [10.06475570013225, 7.962752043412719], [10.151323716440709, 5.3187487051319495], [10.23099111917458, 5.2831618269844025], [10.304777289233812, 6.874666210415734], [10.373491181781864, 5.767689685558178], [10.437785532487261, 6.821291603151443], [10.49819466028282, 6.812466533404867], [10.555161484889497, 5.855427154650884], [10.60905725309463, 5.2590649865088555], [10.660196214585818, 6.431939067382768], [10.708846723703001, 5.879426019484733], [10.755239763272712, 6.161081455402532], [10.799575577092764, 6.825238374465058], [10.842028893345104, 7.423635954508568], [10.882753083571671, 7.85372021589379], [10.921883507347436, 4.552130633297351], [10.959540226785442, 6.861592494896221], [10.995830228190643, 7.342168158334375], [11.030849254490224, 4.359245752532226], [11.064683327506005, 6.518433055443067], [11.097410021008562, 6.1370470516390325], [11.129099531965545, 7.393213926088038], [11.159815587195991, 7.4229472254219955], [11.189616214875297, 5.553026181007405], [11.218554404367652, 5.060726972006619], [11.246678673238513, 5.868773450727711], [11.274033556687879, 6.241808588053556], [11.300660031803202, 5.318279053215966], [11.326595886778735, 5.864796101793276], [11.351876043451814, 6.903084292253824], [11.376532840064673, 6.7293682677312265], [11.400596279996309, 6.148851850022742], [11.424094251263613, 6.004433627697274], [11.44705272081952, 7.442174653519911], [11.469495907042893, 6.259840044429331], [11.491446433293104, 5.428849356250371]], "argmin_dic": [[15000, 3], [17125, 2], [19250, 3], [21375, 2], [23500, 3], [25625, 2], [27750, 2], [29875, 2], [32000, 3], [34125, 2], [36250, 2], [38375, 3], [40500, 2], [42625, 3], [44750, 2], [46875, 2], [49000, 2], [51125, 2], [53250, 2], [55375, 2], [57500, 2], [59625, 2], [61750, 2], [63875, 2], [66000, 3], [68125, 2], [70250, 2], [72375, 2], [74500, 2], [76625, 2], [78750, 2], [80875, 2], [83000, 3], [85125, 2], [87250, 2], [89375, 2], [91500, 2], [93625, 2], [95750, 2], [97875, 2]], "time_elapsed": 3377.123962879181}