{"exact": [[6.907755278982137, 20.83362469667818], [8.153349757998892, 8.819962714993837], [8.691146498539675, 17.50981725979549], [9.038958755220563, 9.310198573250169], [9.296518068217235, 6.652465464316894], [9.501142571764207, 6.994159859607446], [9.670924779305427, 7.532113997999309], [9.816021526754852, 6.5937732919144825], [9.94270826568941, 6.880468308377773], [10.055135102145268, 9.98601334594626], [10.156189906091882, 9.487623471137951], [10.247963389017864, 9.575970018279715], [10.332017933575289, 7.338935962098417], [10.409551859200409, 7.531306217889707], [10.481504425842441, 9.853924626462403], [10.548625513909712, 9.782963321101807], [10.611523345589823, 9.161955632160897], [10.67069806139613, 9.734983315513135], [10.726565902688105, 9.40871599296375], [10.779476987636757, 6.9331900018994785], [10.829728615263452, 9.271090797496424], [10.8775753831365, 6.490567167342198], [10.923236992778513, 9.375180809888652], [10.966904349300577, 9.871311789396557], [11.008744383922906, 7.008528155896539], [11.04890390740204, 7.409353356387531], [11.087512719052368, 9.371628508216746], [11.124686137527133, 9.812300024281383], [11.160527077798756, 9.337655318683913], [11.195127768613824, 6.56210331324341], [11.228571182611121, 7.2511762838179346], [11.260932234926955, 9.560392129803223], [11.292278793854607, 6.884707485675511], [11.322672537849993, 7.284396244828992], [11.352169686090834, 6.911627436399341], [11.38082162433689, 9.829016693391129], [11.40867544359643, 9.413221893962735], [11.435774405781814, 6.813665573056095], [11.462158347916576, 9.306031670472024], [11.487864034374857, 7.202559345813154]], "over": [[6.907755278982137, 16.70239112858848], [8.153349757998892, 14.44416808103843], [8.691146498539675, 20.927497719946466], [9.038958755220563, 16.953226340941878], [9.296518068217235, 16.360792516763194], [9.501142571764207, 16.59533554613364], [9.670924779305427, 16.659769875807342], [9.816021526754852, 13.65703763969571], [9.94270826568941, 11.37779947411295], [10.055135102145268, 11.029308395692247], [10.156189906091882, 13.847752314050908], [10.247963389017864, 17.374815445023945], [10.332017933575289, 15.243585176090708], [10.409551859200409, 12.422297219582425], [10.481504425842441, 12.421949883397915], [10.548625513909712, 15.650166487513504], [10.611523345589823, 16.070177478844702], [10.67069806139613, 17.95445253060344], [10.726565902688105, 15.422018067331958], [10.779476987636757, 17.55621011352662], [10.829728615263452, 12.280607415090575], [10.8775753831365, 13.313235819737915], [10.923236992778513, 12.486071465381272], [10.966904349300577, 11.642019100859383], [11.008744383922906, 16.04421646597515], [11.04890390740204, 16.429296472805333], [11.087512719052368, 15.938922233195266], [11.124686137527133, 12.695272951698882], [11.160527077798756, 12.141009271754161], [11.195127768613824, 15.949404404607245], [11.228571182611121, 18.2053952693788], [11.260932234926955, 15.592280462503496], [11.292278793854607, 16.507605710370683], [11.322672537849993, 14.262848625675732], [11.352169686090834, 12.177591743832098], [11.38082162433689, 13.901518106170949], [11.40867544359643, 12.723391978449518], [11.435774405781814, 11.677480805051639], [11.462158347916576, 12.453068407878728], [11.487864034374857, 12.913713825923706]], "merge": [[6.907755278982137, 4.676718836914883], [8.153349757998892, 6.237383006110676], [8.691146498539675, 7.767218304074129], [9.038958755220563, 6.641178528997046], [9.296518068217235, 6.237796219006559], [9.501142571764207, 6.411190896095355], [9.670924779305427, 7.494941239881705], [9.816021526754852, 5.089627851623817], [9.94270826568941, 5.2933812047543425], [10.055135102145268, 5.662624815501491], [10.156189906091882, 5.7004304697486115], [10.247963389017864, 7.813602632480305], [10.332017933575289, 6.439497054124762], [10.409551859200409, 6.380579875040369], [10.481504425842441, 4.562422487431109], [10.548625513909712, 6.831365863761831], [10.611523345589823, 6.027363395436942], [10.67069806139613, 6.942261527870232], [10.726565902688105, 6.206576036840842], [10.779476987636757, 7.2211614451720845], [10.829728615263452, 5.2263932176740395], [10.8775753831365, 5.791135884180557], [10.923236992778513, 5.177754796590179], [10.966904349300577, 5.568728038772151], [11.008744383922906, 6.434354228274139], [11.04890390740204, 6.851257870203321], [11.087512719052368, 6.485075025828197], [11.124686137527133, 4.533582057493562], [11.160527077798756, 4.885822181483297], [11.195127768613824, 7.067510755587484], [11.228571182611121, 7.850811602878362], [11.260932234926955, 6.788177915212399], [11.292278793854607, 6.301677314045486], [11.322672537849993, 5.269625095850377], [11.352169686090834, 4.7093828679464105], [11.38082162433689, 5.347395919275066], [11.40867544359643, 6.257339799487882], [11.435774405781814, 4.527135922161589], [11.462158347916576, 4.301063582500346], [11.487864034374857, 5.329313070425489]], "argmin_dic": [[1000, 2], [3475, 3], [5950, 3], [8425, 3], [10900, 2], [13375, 3], [15850, 2], [18325, 2], [20800, 2], [23275, 3], [25750, 3], [28225, 2], [30700, 2], [33175, 3], [35650, 2], [38125, 2], [40600, 3], [43075, 2], [45550, 2], [48025, 2], [50500, 2], [52975, 2], [55450, 2], [57925, 2], [60400, 2], [62875, 2], [65350, 2], [67825, 2], [70300, 2], [72775, 2], [75250, 2], [77725, 2], [80200, 2], [82675, 2], [85150, 2], [87625, 2], [90100, 3], [92575, 2], [95050, 2], [97525, 3]], "time_elapsed": 3293.3125355243683}