{"exact": [[6.907755278982137, 7.48858018275146], [8.153349757998892, 9.560994368660285], [8.691146498539675, 10.50167914555346], [9.038958755220563, 7.081114240362993], [9.296518068217235, 6.342000635670745], [9.501142571764207, 9.04665094203773], [9.670924779305427, 8.969285314279707], [9.816021526754852, 9.584866167184138], [9.94270826568941, 6.7363096948745085], [10.055135102145268, 6.780298339528784], [10.156189906091882, 9.575730627333858], [10.247963389017864, 6.852495263702745], [10.332017933575289, 9.81082966624418], [10.409551859200409, 9.847130524606456], [10.481504425842441, 9.395827931266936], [10.548625513909712, 9.385776334420775], [10.611523345589823, 6.855597202521006], [10.67069806139613, 6.685954661477431], [10.726565902688105, 9.565413881101321], [10.779476987636757, 6.632503885585264], [10.829728615263452, 6.8730781475428975], [10.8775753831365, 10.044795101102812], [10.923236992778513, 7.242950663494247], [10.966904349300577, 6.837110790461236], [11.008744383922906, 9.422421515272076], [11.04890390740204, 10.00221223307144], [11.087512719052368, 9.906221048374892], [11.124686137527133, 10.093701581938197], [11.160527077798756, 7.139537438950184], [11.195127768613824, 9.99814201149913], [11.228571182611121, 9.693127235443379], [11.260932234926955, 9.31925889287062], [11.292278793854607, 9.836376305069217], [11.322672537849993, 4.547368363626674], [11.352169686090834, 6.93086068276305], [11.38082162433689, 7.248229181406668], [11.40867544359643, 9.292507245251981], [11.435774405781814, 9.80724730276206], [11.462158347916576, 9.393498697777348], [11.487864034374857, 7.107575884627996]], "over": [[6.907755278982137, 14.275884899838275], [8.153349757998892, 11.974376401188842], [8.691146498539675, 19.833176906459766], [9.038958755220563, 11.735877030566602], [9.296518068217235, 12.641472250418397], [9.501142571764207, 14.0763776823073], [9.670924779305427, 11.468219712461346], [9.816021526754852, 12.978344343426304], [9.94270826568941, 11.288799784710593], [10.055135102145268, 14.595818481989417], [10.156189906091882, 17.463287702910556], [10.247963389017864, 13.442292125734923], [10.332017933575289, 14.626994443785552], [10.409551859200409, 16.012369014192423], [10.481504425842441, 14.57881272002209], [10.548625513909712, 11.554384669814501], [10.611523345589823, 16.419962816289313], [10.67069806139613, 15.445393407281825], [10.726565902688105, 12.738436342477096], [10.779476987636757, 14.479526461057386], [10.829728615263452, 17.499920897894505], [10.8775753831365, 15.5277661674617], [10.923236992778513, 11.424608223600499], [10.966904349300577, 12.912676623460158], [11.008744383922906, 16.15570363007587], [11.04890390740204, 12.688104740101856], [11.087512719052368, 15.896354216005808], [11.124686137527133, 17.941142815842866], [11.160527077798756, 17.076545121530202], [11.195127768613824, 17.783347317043354], [11.228571182611121, 12.175868520047386], [11.260932234926955, 12.21208240281341], [11.292278793854607, 13.411178044341671], [11.322672537849993, 12.11251043911645], [11.352169686090834, 11.619174370093015], [11.38082162433689, 14.473914277233744], [11.40867544359643, 16.114801638503447], [11.435774405781814, 13.281297917150967], [11.462158347916576, 11.618488392044148], [11.487864034374857, 14.207825285540004]], "merge": [[6.907755278982137, 5.544992787043336], [8.153349757998892, 5.013608414032889], [8.691146498539675, 7.882818405130529], [9.038958755220563, 5.293839390430738], [9.296518068217235, 4.212969296561363], [9.501142571764207, 4.142001926625059], [9.670924779305427, 4.624751055808687], [9.816021526754852, 4.607374665326311], [9.94270826568941, 5.276150259386269], [10.055135102145268, 7.655044621169281], [10.156189906091882, 6.239064493389839], [10.247963389017864, 5.466722986864937], [10.332017933575289, 7.154419250329282], [10.409551859200409, 8.201779721911102], [10.481504425842441, 5.478764791827881], [10.548625513909712, 4.412898876688827], [10.611523345589823, 7.191886684297248], [10.67069806139613, 5.9898038278215315], [10.726565902688105, 5.236138206455507], [10.779476987636757, 5.591894361148191], [10.829728615263452, 7.462228767531844], [10.8775753831365, 5.7688305402702], [10.923236992778513, 5.705750418995943], [10.966904349300577, 6.403119882393454], [11.008744383922906, 7.035289139718862], [11.04890390740204, 5.425056533905287], [11.087512719052368, 7.323988096517735], [11.124686137527133, 7.209129534836174], [11.160527077798756, 7.353114495504084], [11.195127768613824, 6.960120859254717], [11.228571182611121, 4.695051231874151], [11.260932234926955, 5.475513904215551], [11.292278793854607, 5.3716887579152015], [11.322672537849993, 5.541123172276112], [11.352169686090834, 5.2047803648799835], [11.38082162433689, 7.462871667397552], [11.40867544359643, 7.498360555886247], [11.435774405781814, 5.304971472035527], [11.462158347916576, 5.456108171944364], [11.487864034374857, 5.170072189943956]], "argmin_dic": [[1000, 3], [3475, 3], [5950, 3], [8425, 2], [10900, 3], [13375, 2], [15850, 3], [18325, 2], [20800, 2], [23275, 2], [25750, 2], [28225, 2], [30700, 2], [33175, 2], [35650, 2], [38125, 2], [40600, 2], [43075, 2], [45550, 2], [48025, 2], [50500, 2], [52975, 2], [55450, 2], [57925, 3], [60400, 2], [62875, 2], [65350, 2], [67825, 2], [70300, 2], [72775, 2], [75250, 2], [77725, 2], [80200, 2], [82675, 2], [85150, 2], [87625, 2], [90100, 2], [92575, 2], [95050, 2], [97525, 2]], "time_elapsed": 2856.5420129299164}