{"exact": [[6.907755278982137, 10.091668750329152], [8.153349757998892, 9.672781657272646], [8.691146498539675, 8.197699349413679], [9.038958755220563, 9.547572374566212], [9.296518068217235, 6.4669042428319345], [9.501142571764207, 9.885522070426013], [9.670924779305427, 9.46613292849542], [9.816021526754852, 9.809693184889008], [9.94270826568941, 7.2225565946148444], [10.055135102145268, 9.182026553076456], [10.156189906091882, 9.45544746324981], [10.247963389017864, 9.465031775102943], [10.332017933575289, 9.495940477651668], [10.409551859200409, 6.4597659342349845], [10.481504425842441, 9.63470716197906], [10.548625513909712, 9.808137972203703], [10.611523345589823, 9.826670411743587], [10.67069806139613, 9.908211268171524], [10.726565902688105, 9.290271038863578], [10.779476987636757, 6.539888219019581], [10.829728615263452, 9.104254289886981], [10.8775753831365, 9.54732131575312], [10.923236992778513, 9.778566147928062], [10.966904349300577, 9.35114034318827], [11.008744383922906, 9.28461000647627], [11.04890390740204, 6.838605341819642], [11.087512719052368, 6.782345753180344], [11.124686137527133, 6.913676551243952], [11.160527077798756, 7.014663295437062], [11.195127768613824, 10.019487099108513], [11.228571182611121, 6.754814645493802], [11.260932234926955, 9.936762396775226], [11.292278793854607, 9.49178413440459], [11.322672537849993, 9.790240986988746], [11.352169686090834, 9.412178120487473], [11.38082162433689, 9.71048993751853], [11.40867544359643, 9.878225995013338], [11.435774405781814, 9.526835226846275], [11.462158347916576, 6.859068109480995], [11.487864034374857, 6.551604325447867]], "over": [[6.907755278982137, 12.705875406991142], [8.153349757998892, 17.075985085826698], [8.691146498539675, 22.94623611507235], [9.038958755220563, 9.991387035323987], [9.296518068217235, 14.251115810905759], [9.501142571764207, 13.051806991572576], [9.670924779305427, 18.72258387131237], [9.816021526754852, 16.615418270543252], [9.94270826568941, 17.697153479597134], [10.055135102145268, 11.570235448016827], [10.156189906091882, 11.515811755955875], [10.247963389017864, 17.41387442183027], [10.332017933575289, 13.219775442392384], [10.409551859200409, 16.656699285732998], [10.481504425842441, 13.53769857101489], [10.548625513909712, 15.144665696127499], [10.611523345589823, 12.46263029813511], [10.67069806139613, 10.41349157925806], [10.726565902688105, 11.716009337822294], [10.779476987636757, 15.304493017200373], [10.829728615263452, 15.865544665943771], [10.8775753831365, 13.658190715726178], [10.923236992778513, 11.461012584254437], [10.966904349300577, 13.529048746710078], [11.008744383922906, 18.33696008982318], [11.04890390740204, 15.548732324169192], [11.087512719052368, 16.0694317229673], [11.124686137527133, 12.269022572077548], [11.160527077798756, 15.279624498653936], [11.195127768613824, 16.85369281891638], [11.228571182611121, 16.468140197360636], [11.260932234926955, 16.265511748298714], [11.292278793854607, 12.123747341592575], [11.322672537849993, 16.67930836457307], [11.352169686090834, 12.721019273359405], [11.38082162433689, 14.498919375318797], [11.40867544359643, 16.05864608407348], [11.435774405781814, 18.297117000148255], [11.462158347916576, 16.89298016963163], [11.487864034374857, 15.751938076745738]], "merge": [[6.907755278982137, 5.44064629812379], [8.153349757998892, 7.065635125804741], [8.691146498539675, 10.70060961957677], [9.038958755220563, 4.589686093389017], [9.296518068217235, 6.3917950694489845], [9.501142571764207, 6.361007267959783], [9.670924779305427, 7.193828781330733], [9.816021526754852, 6.569241665890764], [9.94270826568941, 7.298331629364169], [10.055135102145268, 4.383501417247474], [10.156189906091882, 5.269166737524587], [10.247963389017864, 7.497151041369755], [10.332017933575289, 5.778015623480499], [10.409551859200409, 6.571192135880216], [10.481504425842441, 6.133886829164839], [10.548625513909712, 7.766044778336088], [10.611523345589823, 5.81151507609599], [10.67069806139613, 6.223457332336478], [10.726565902688105, 5.976222773664715], [10.779476987636757, 6.02757496487037], [10.829728615263452, 7.085330720038049], [10.8775753831365, 5.272117902937773], [10.923236992778513, 4.2215665402604134], [10.966904349300577, 5.559812962363461], [11.008744383922906, 7.420625469337378], [11.04890390740204, 5.738607981840759], [11.087512719052368, 6.272347967359419], [11.124686137527133, 4.515148252498491], [11.160527077798756, 8.038274178576], [11.195127768613824, 6.546450809928799], [11.228571182611121, 6.781369951204553], [11.260932234926955, 6.073518476050486], [11.292278793854607, 5.539756998728762], [11.322672537849993, 5.742440015446487], [11.352169686090834, 5.404313903054472], [11.38082162433689, 5.207643348148387], [11.40867544359643, 6.3842238833963005], [11.435774405781814, 7.084180499892433], [11.462158347916576, 7.117013051088028], [11.487864034374857, 7.374804208448988]], "argmin_dic": [[1000, 2], [3475, 2], [5950, 3], [8425, 2], [10900, 2], [13375, 2], [15850, 3], [18325, 2], [20800, 2], [23275, 2], [25750, 2], [28225, 2], [30700, 2], [33175, 2], [35650, 3], [38125, 2], [40600, 2], [43075, 3], [45550, 2], [48025, 2], [50500, 2], [52975, 2], [55450, 2], [57925, 2], [60400, 2], [62875, 2], [65350, 2], [67825, 2], [70300, 2], [72775, 2], [75250, 2], [77725, 2], [80200, 2], [82675, 2], [85150, 2], [87625, 2], [90100, 2], [92575, 2], [95050, 2], [97525, 2]], "time_elapsed": 3026.2992238998413}