{"exact": [[6.907755278982137, 10.86445606018149], [8.153349757998892, 11.846812707400638], [8.691146498539675, 7.244713965632244], [9.038958755220563, 7.243415993153343], [9.296518068217235, 7.537385290350391], [9.501142571764207, 9.930692420059591], [9.670924779305427, 9.51278959128191], [9.816021526754852, 10.042280954001816], [9.94270826568941, 9.105770204595997], [10.055135102145268, 9.40207814772667], [10.156189906091882, 9.4276133834307], [10.247963389017864, 6.844038062841073], [10.332017933575289, 6.861951419233628], [10.409551859200409, 6.772671301581316], [10.481504425842441, 9.408226931517298], [10.548625513909712, 9.398886466133263], [10.611523345589823, 9.160855239169761], [10.67069806139613, 6.7047589613163865], [10.726565902688105, 6.7318217624751355], [10.779476987636757, 9.389515544727224], [10.829728615263452, 6.926851876841422], [10.8775753831365, 10.032129475169068], [10.923236992778513, 9.604719678665294], [10.966904349300577, 10.067163849588733], [11.008744383922906, 10.217799343032514], [11.04890390740204, 10.016727474922254], [11.087512719052368, 9.972700897288266], [11.124686137527133, 6.848036110354647], [11.160527077798756, 9.775080240753185], [11.195127768613824, 6.960793056298094], [11.228571182611121, 9.858996161125662], [11.260932234926955, 10.113392815736717], [11.292278793854607, 9.394984018514192], [11.322672537849993, 9.85369041463357], [11.352169686090834, 6.977265089714885], [11.38082162433689, 9.221664209420751], [11.40867544359643, 9.834081177884677], [11.435774405781814, 7.4350883745908085], [11.462158347916576, 7.012321760976612], [11.487864034374857, 9.473379281298929]], "over": [[6.907755278982137, 17.686975066334092], [8.153349757998892, 14.04948169282528], [8.691146498539675, 13.234434867077319], [9.038958755220563, 17.254948039571207], [9.296518068217235, 18.340134552885413], [9.501142571764207, 17.56469316391113], [9.670924779305427, 16.265533415743107], [9.816021526754852, 17.73428215390681], [9.94270826568941, 13.788945257423695], [10.055135102145268, 17.05712616800593], [10.156189906091882, 10.587349021830697], [10.247963389017864, 10.813632539641509], [10.332017933575289, 16.954676277558008], [10.409551859200409, 15.798339251518614], [10.481504425842441, 11.898306506442319], [10.548625513909712, 15.897148504699194], [10.611523345589823, 16.035617988329317], [10.67069806139613, 14.564130497509735], [10.726565902688105, 13.8170845736991], [10.779476987636757, 10.133500142383834], [10.829728615263452, 18.079473186487597], [10.8775753831365, 16.116268222001626], [10.923236992778513, 11.92020299040147], [10.966904349300577, 12.757787810940185], [11.008744383922906, 12.926270697856753], [11.04890390740204, 15.744231898124509], [11.087512719052368, 16.125027665994196], [11.124686137527133, 16.372327079278364], [11.160527077798756, 11.928951886122205], [11.195127768613824, 17.28544587969951], [11.228571182611121, 16.116493579358004], [11.260932234926955, 16.163092451252624], [11.292278793854607, 12.39640779814959], [11.322672537849993, 16.11097876751191], [11.352169686090834, 10.993116983848557], [11.38082162433689, 14.967808700391462], [11.40867544359643, 12.584988423754316], [11.435774405781814, 15.704012308838374], [11.462158347916576, 17.919002517766494], [11.487864034374857, 19.241271361447843]], "merge": [[6.907755278982137, 8.342911627421998], [8.153349757998892, 3.9852336241230915], [8.691146498539675, 4.075114909826021], [9.038958755220563, 6.10844161996217], [9.296518068217235, 7.516569239057165], [9.501142571764207, 7.002602553812986], [9.670924779305427, 6.492010145796494], [9.816021526754852, 6.66079429782551], [9.94270826568941, 5.0963991213262], [10.055135102145268, 7.122576548039127], [10.156189906091882, 4.571152980234382], [10.247963389017864, 5.410780429051845], [10.332017933575289, 6.4772760180293], [10.409551859200409, 6.520293056663124], [10.481504425842441, 4.821105158559789], [10.548625513909712, 6.364814450932555], [10.611523345589823, 7.17510434124684], [10.67069806139613, 5.3912371528324226], [10.726565902688105, 5.219495871989617], [10.779476987636757, 5.2181908589387564], [10.829728615263452, 7.364029276426697], [10.8775753831365, 6.681883933564143], [10.923236992778513, 5.225437272806916], [10.966904349300577, 5.088258173561576], [11.008744383922906, 5.013082247044137], [11.04890390740204, 7.050020183638877], [11.087512719052368, 7.15883663552309], [11.124686137527133, 7.406933437020774], [11.160527077798756, 4.659938712151734], [11.195127768613824, 9.012907158540367], [11.228571182611121, 6.115553749019408], [11.260932234926955, 6.173629455050133], [11.292278793854607, 5.313451431584527], [11.322672537849993, 6.2455101219208915], [11.352169686090834, 5.406065998238287], [11.38082162433689, 5.588506740783046], [11.40867544359643, 5.309332758628297], [11.435774405781814, 6.982967927295833], [11.462158347916576, 7.018172326051015], [11.487864034374857, 7.88138440276172]], "argmin_dic": [[1000, 2], [3475, 3], [5950, 3], [8425, 2], [10900, 2], [13375, 2], [15850, 2], [18325, 2], [20800, 2], [23275, 3], [25750, 2], [28225, 2], [30700, 2], [33175, 2], [35650, 2], [38125, 2], [40600, 2], [43075, 2], [45550, 3], [48025, 2], [50500, 2], [52975, 2], [55450, 2], [57925, 2], [60400, 2], [62875, 2], [65350, 2], [67825, 2], [70300, 2], [72775, 2], [75250, 2], [77725, 2], [80200, 2], [82675, 2], [85150, 2], [87625, 2], [90100, 2], [92575, 3], [95050, 2], [97525, 2]], "time_elapsed": 3078.627290248871}