{"exact": [[6.907755278982137, 8.193242635796047], [8.153349757998892, 7.4144313411968055], [8.691146498539675, 9.242877876409347], [9.038958755220563, 6.434030397380913], [9.296518068217235, 7.017777291754745], [9.501142571764207, 7.996801477102712], [9.670924779305427, 7.984370389206127], [9.816021526754852, 6.796826300272603], [9.94270826568941, 10.145867193707504], [10.055135102145268, 6.864750126524681], [10.156189906091882, 9.56981481079658], [10.247963389017864, 7.275782668687726], [10.332017933575289, 6.561192042688935], [10.409551859200409, 6.5783406531398105], [10.481504425842441, 9.88378756963942], [10.548625513909712, 9.905569803228246], [10.611523345589823, 9.573137366898493], [10.67069806139613, 9.325003007134772], [10.726565902688105, 9.310155699088504], [10.779476987636757, 9.94996750366195], [10.829728615263452, 9.307394398682185], [10.8775753831365, 9.733861073143354], [10.923236992778513, 9.327043428073493], [10.966904349300577, 9.859159854860351], [11.008744383922906, 7.030008100621284], [11.04890390740204, 9.345119980446794], [11.087512719052368, 9.844870363828727], [11.124686137527133, 6.725682821648923], [11.160527077798756, 9.222384868183322], [11.195127768613824, 9.879530015960404], [11.228571182611121, 9.744088699816057], [11.260932234926955, 7.095391958237794], [11.292278793854607, 9.917242802217649], [11.322672537849993, 9.370773207669172], [11.352169686090834, 9.646184454716916], [11.38082162433689, 9.403917152015579], [11.40867544359643, 6.946310917361068], [11.435774405781814, 9.73547398241243], [11.462158347916576, 9.895667492686648], [11.487864034374857, 9.880866508369065]], "over": [[6.907755278982137, 18.095387198406552], [8.153349757998892, 15.30230455563596], [8.691146498539675, 15.306940294865244], [9.038958755220563, 13.99913740095133], [9.296518068217235, 14.58848456771634], [9.501142571764207, 14.34914944086548], [9.670924779305427, 17.887016081718258], [9.816021526754852, 18.409631933536758], [9.94270826568941, 12.902151349376066], [10.055135102145268, 14.64554822395841], [10.156189906091882, 15.983629742458788], [10.247963389017864, 12.157092816989273], [10.332017933575289, 12.84780418078797], [10.409551859200409, 15.69983102008449], [10.481504425842441, 14.943232379436663], [10.548625513909712, 15.23328432404725], [10.611523345589823, 17.93937018286754], [10.67069806139613, 12.133504547040015], [10.726565902688105, 15.842342268675987], [10.779476987636757, 17.09336400964925], [10.829728615263452, 14.30573166980019], [10.8775753831365, 19.077801220839525], [10.923236992778513, 19.160704230934094], [10.966904349300577, 13.466690081687764], [11.008744383922906, 12.573937339363582], [11.04890390740204, 15.326336334647388], [11.087512719052368, 15.731647996828988], [11.124686137527133, 15.459208788496337], [11.160527077798756, 13.349648682604073], [11.195127768613824, 15.956275313318733], [11.228571182611121, 14.338769744130818], [11.260932234926955, 12.537157898211678], [11.292278793854607, 15.987082747286767], [11.322672537849993, 16.36716813525135], [11.352169686090834, 11.8891471557743], [11.38082162433689, 13.434252026714875], [11.40867544359643, 16.364621276600445], [11.435774405781814, 17.862404943153564], [11.462158347916576, 11.581155811409964], [11.487864034374857, 15.972077340514767]], "merge": [[6.907755278982137, 8.480508893264432], [8.153349757998892, 6.374137008569497], [8.691146498539675, 3.818746514601278], [9.038958755220563, 5.51428901327964], [9.296518068217235, 5.608213864723083], [9.501142571764207, 6.680256158790631], [9.670924779305427, 9.295287254899534], [9.816021526754852, 7.335714357237795], [9.94270826568941, 5.205535893428401], [10.055135102145268, 5.399573659674516], [10.156189906091882, 6.84643905221917], [10.247963389017864, 4.9693137121404], [10.332017933575289, 5.721192131467373], [10.409551859200409, 6.378015168844733], [10.481504425842441, 6.021217408571705], [10.548625513909712, 7.977967352086174], [10.611523345589823, 6.84185556973792], [10.67069806139613, 4.4618389174711774], [10.726565902688105, 6.6868718090288315], [10.779476987636757, 7.171272455761585], [10.829728615263452, 5.83923163314617], [10.8775753831365, 8.955818756935333], [10.923236992778513, 6.449483668293803], [10.966904349300577, 5.850476017861888], [11.008744383922906, 5.739125492924118], [11.04890390740204, 5.9153645997350734], [11.087512719052368, 6.297418535897934], [11.124686137527133, 7.44720056860648], [11.160527077798756, 4.493524429697036], [11.195127768613824, 6.441222192789327], [11.228571182611121, 6.1501995573062125], [11.260932234926955, 4.5145900972358755], [11.292278793854607, 7.067822308662141], [11.322672537849993, 6.251817288462875], [11.352169686090834, 5.224138735511103], [11.38082162433689, 5.8490093322341234], [11.40867544359643, 7.615807135853351], [11.435774405781814, 6.697353161189868], [11.462158347916576, 5.068864859125589], [11.487864034374857, 6.73373274911901]], "argmin_dic": [[1000, 3], [3475, 2], [5950, 3], [8425, 2], [10900, 2], [13375, 2], [15850, 2], [18325, 2], [20800, 2], [23275, 2], [25750, 2], [28225, 2], [30700, 2], [33175, 2], [35650, 2], [38125, 2], [40600, 2], [43075, 2], [45550, 2], [48025, 2], [50500, 3], [52975, 3], [55450, 2], [57925, 2], [60400, 2], [62875, 2], [65350, 2], [67825, 2], [70300, 2], [72775, 2], [75250, 2], [77725, 2], [80200, 2], [82675, 2], [85150, 2], [87625, 2], [90100, 2], [92575, 2], [95050, 2], [97525, 2]], "time_elapsed": 2513.389693260193}