{"exact": [[9.615805480084347, 9.708116571030597], [9.748294663130427, 6.496147616868022], [9.86526633971593, 9.658106412112563], [9.969977293804961, 7.258063546557943], [10.06475570013225, 9.187776911921226], [10.151323716440709, 9.331865091619145], [10.23099111917458, 9.747686533314216], [10.304777289233812, 9.258852943775544], [10.373491181781864, 6.989299998866634], [10.437785532487261, 7.25767910285216], [10.49819466028282, 6.4452196316441865], [10.555161484889497, 9.282285988887871], [10.60905725309463, 6.941416452938536], [10.660196214585818, 9.600254342212578], [10.708846723703001, 9.26459724811652], [10.755239763272712, 9.23449180673449], [10.799575577092764, 7.278126821856762], [10.842028893345104, 9.447610301206687], [10.882753083571671, 7.14955588387907], [10.921883507347436, 9.859643180167003], [10.959540226785442, 9.778706912830993], [10.995830228190643, 10.203550192234799], [11.030849254490224, 9.788160181756465], [11.064683327506005, 9.35204109584581], [11.097410021008562, 6.649880469865829], [11.129099531965545, 7.00347263802968], [11.159815587195991, 6.957145608670058], [11.189616214875297, 9.778629958176825], [11.218554404367652, 9.436062607508918], [11.246678673238513, 7.124444062036307], [11.274033556687879, 7.040109655074855], [11.300660031803202, 9.329704095870156], [11.326595886778735, 9.68887245017856], [11.351876043451814, 9.715860503792952], [11.376532840064673, 9.717452768498832], [11.400596279996309, 9.47061215201806], [11.424094251263613, 6.724847619101827], [11.44705272081952, 9.325125772755687], [11.469495907042893, 9.496496073946322], [11.491446433293104, 9.671034637415762]], "over": [[9.615805480084347, 16.942805887362397], [9.748294663130427, 17.429547938712982], [9.86526633971593, 11.286275325295582], [9.969977293804961, 13.017282694970552], [10.06475570013225, 14.112979193455418], [10.151323716440709, 16.729787191323073], [10.23099111917458, 12.365410738884266], [10.304777289233812, 16.33024245060382], [10.373491181781864, 11.686746821440844], [10.437785532487261, 12.67243139448531], [10.49819466028282, 10.73156249241483], [10.555161484889497, 16.3234601972478], [10.60905725309463, 15.907580556777456], [10.660196214585818, 13.977402438269566], [10.708846723703001, 12.461497583463789], [10.755239763272712, 12.462968136122505], [10.799575577092764, 13.38650079925902], [10.842028893345104, 12.493927365207803], [10.882753083571671, 17.721288459022063], [10.921883507347436, 15.009107803649941], [10.959540226785442, 15.538700502861284], [10.995830228190643, 16.013600927312062], [11.030849254490224, 16.784465580752272], [11.064683327506005, 14.22813440447649], [11.097410021008562, 15.80375316804579], [11.129099531965545, 16.225028834961186], [11.159815587195991, 15.272550324644989], [11.189616214875297, 14.757447430876738], [11.218554404367652, 14.389120407177186], [11.246678673238513, 11.407553928578015], [11.274033556687879, 11.150842801056566], [11.300660031803202, 17.50423732255036], [11.326595886778735, 16.70862930841502], [11.351876043451814, 11.876519802357215], [11.376532840064673, 14.149037483625369], [11.400596279996309, 15.063956982710904], [11.424094251263613, 15.001318343811718], [11.44705272081952, 15.886233556615993], [11.469495907042893, 10.21446754363481], [11.491446433293104, 12.828486919631516]], "merge": [[9.615805480084347, 6.14682383102], [9.748294663130427, 5.9329142165881965], [9.86526633971593, 5.849966605451187], [9.969977293804961, 7.147909987172511], [10.06475570013225, 7.611140670440047], [10.151323716440709, 5.411725815375688], [10.23099111917458, 6.25802308750978], [10.304777289233812, 5.722378567461469], [10.373491181781864, 6.303961572855498], [10.437785532487261, 6.779875869482908], [10.49819466028282, 6.04576401633814], [10.555161484889497, 7.2331721857560085], [10.60905725309463, 5.140708811812023], [10.660196214585818, 7.32609454476398], [10.708846723703001, 6.270711613610953], [10.755239763272712, 4.335389367502321], [10.799575577092764, 8.95038344768637], [10.842028893345104, 6.023193881110898], [10.882753083571671, 6.346461794447402], [10.921883507347436, 5.455797839304667], [10.959540226785442, 7.543094687205676], [10.995830228190643, 5.56454601675098], [11.030849254490224, 5.050798159217318], [11.064683327506005, 6.084461910421712], [11.097410021008562, 6.918660745024851], [11.129099531965545, 7.690317404145632], [11.159815587195991, 4.520874883479881], [11.189616214875297, 7.4149638850189605], [11.218554404367652, 5.6153978632741], [11.246678673238513, 4.441678268355234], [11.274033556687879, 6.063986220130712], [11.300660031803202, 5.438610153680752], [11.326595886778735, 7.337030166607738], [11.351876043451814, 9.087438680072667], [11.376532840064673, 5.982600742554381], [11.400596279996309, 7.115481684154983], [11.424094251263613, 4.393144702855688], [11.44705272081952, 4.747466110236607], [11.469495907042893, 5.841118691161743], [11.491446433293104, 5.611758358557061]], "argmin_dic": [[15000, 3], [17125, 2], [19250, 2], [21375, 2], [23500, 3], [25625, 2], [27750, 3], [29875, 2], [32000, 2], [34125, 2], [36250, 2], [38375, 2], [40500, 2], [42625, 2], [44750, 2], [46875, 2], [49000, 2], [51125, 2], [53250, 2], [55375, 3], [57500, 2], [59625, 2], [61750, 3], [63875, 2], [66000, 2], [68125, 2], [70250, 2], [72375, 2], [74500, 2], [76625, 2], [78750, 2], [80875, 2], [83000, 2], [85125, 2], [87250, 3], [89375, 2], [91500, 2], [93625, 2], [95750, 2], [97875, 2]], "time_elapsed": 6236.442429304123}