{"exact": [[6.907755278982137, 11.182981243486465], [8.153349757998892, 11.267402691998443], [8.691146498539675, 9.5147489810405], [9.038958755220563, 9.268464909308161], [9.296518068217235, 9.748709235562414], [9.501142571764207, 7.235679307833232], [9.670924779305427, 6.341614178833917], [9.816021526754852, 10.21024639791769], [9.94270826568941, 9.726848297634149], [10.055135102145268, 6.449041464180765], [10.156189906091882, 6.476841368268004], [10.247963389017864, 9.252800464280101], [10.332017933575289, 9.143378304562926], [10.409551859200409, 9.280663790015023], [10.481504425842441, 9.22124689430856], [10.548625513909712, 9.915260933919306], [10.611523345589823, 6.47540057957426], [10.67069806139613, 9.258642628285422], [10.726565902688105, 10.079373674572496], [10.779476987636757, 9.231430256626348], [10.829728615263452, 9.402911412880796], [10.8775753831365, 9.436224485454282], [10.923236992778513, 9.733731003552991], [10.966904349300577, 9.360815005190146], [11.008744383922906, 7.141500816293288], [11.04890390740204, 7.165080018017841], [11.087512719052368, 9.77928043189197], [11.124686137527133, 6.672593023886066], [11.160527077798756, 9.658001589437063], [11.195127768613824, 6.641289178176626], [11.228571182611121, 10.066817579490849], [11.260932234926955, 9.785420352607451], [11.292278793854607, 7.099662397716703], [11.322672537849993, 7.005434655153896], [11.352169686090834, 7.1321822632476675], [11.38082162433689, 6.902759430134258], [11.40867544359643, 7.186679087285547], [11.435774405781814, 10.116291299859386], [11.462158347916576, 9.450409199046637], [11.487864034374857, 10.022917757945276]], "over": [[6.907755278982137, 17.59468517975147], [8.153349757998892, 17.842934851930217], [8.691146498539675, 19.697176828747807], [9.038958755220563, 16.01792773290071], [9.296518068217235, 11.167923854513031], [9.501142571764207, 12.903669045743662], [9.670924779305427, 15.699253788931573], [9.816021526754852, 15.663651609968053], [9.94270826568941, 17.809385039171364], [10.055135102145268, 15.819154331867255], [10.156189906091882, 13.2470220086001], [10.247963389017864, 12.902535039856744], [10.332017933575289, 17.418164830623034], [10.409551859200409, 12.068029459545098], [10.481504425842441, 17.48646117027727], [10.548625513909712, 12.79308534190022], [10.611523345589823, 12.409665740391086], [10.67069806139613, 12.973292019865184], [10.726565902688105, 18.268757989638978], [10.779476987636757, 14.401028470564766], [10.829728615263452, 16.28568273409708], [10.8775753831365, 13.67350561981482], [10.923236992778513, 18.282487099707744], [10.966904349300577, 15.898545983191251], [11.008744383922906, 15.677882364107353], [11.04890390740204, 14.097940031117327], [11.087512719052368, 16.213223741435865], [11.124686137527133, 15.986863869407674], [11.160527077798756, 15.685675556126878], [11.195127768613824, 16.684427315581694], [11.228571182611121, 13.261088767491666], [11.260932234926955, 15.139055203430377], [11.292278793854607, 15.071503139293176], [11.322672537849993, 18.007092537895655], [11.352169686090834, 16.276070715118088], [11.38082162433689, 12.250774575651533], [11.40867544359643, 18.370568326772922], [11.435774405781814, 12.105544235485123], [11.462158347916576, 17.383548414391417], [11.487864034374857, 16.235764583520737]], "merge": [[6.907755278982137, 7.38653109728647], [8.153349757998892, 9.06930664783619], [8.691146498539675, 6.044659972128006], [9.038958755220563, 8.321016016423057], [9.296518068217235, 4.605441837784593], [9.501142571764207, 6.129457240361628], [9.670924779305427, 7.053506927709146], [9.816021526754852, 5.974722304042898], [9.94270826568941, 6.93930084513782], [10.055135102145268, 7.20838671453641], [10.156189906091882, 5.529109579965651], [10.247963389017864, 5.4196804590297285], [10.332017933575289, 9.193330267043486], [10.409551859200409, 4.472150168186874], [10.481504425842441, 7.302659296975717], [10.548625513909712, 4.49112809750352], [10.611523345589823, 5.659462035222235], [10.67069806139613, 4.592188154700659], [10.726565902688105, 7.641378920270387], [10.779476987636757, 6.44125664646672], [10.829728615263452, 6.323494409385254], [10.8775753831365, 5.607796769718809], [10.923236992778513, 7.026048930800173], [10.966904349300577, 7.140878518578997], [11.008744383922906, 6.821968486601865], [11.04890390740204, 5.789528053734751], [11.087512719052368, 6.724611256024514], [11.124686137527133, 7.252948415947279], [11.160527077798756, 7.380603595863863], [11.195127768613824, 7.3464578694694875], [11.228571182611121, 6.520912948830361], [11.260932234926955, 6.047022330251439], [11.292278793854607, 7.75619219563893], [11.322672537849993, 5.9544355971331235], [11.352169686090834, 6.626826910419789], [11.38082162433689, 5.2416707675127965], [11.40867544359643, 7.176833111030588], [11.435774405781814, 6.121768925174096], [11.462158347916576, 6.501432099004047], [11.487864034374857, 6.701866566010238]], "argmin_dic": [[1000, 3], [3475, 3], [5950, 2], [8425, 3], [10900, 2], [13375, 3], [15850, 2], [18325, 2], [20800, 2], [23275, 2], [25750, 3], [28225, 3], [30700, 2], [33175, 2], [35650, 2], [38125, 2], [40600, 2], [43075, 3], [45550, 2], [48025, 2], [50500, 2], [52975, 2], [55450, 2], [57925, 2], [60400, 2], [62875, 2], [65350, 2], [67825, 2], [70300, 2], [72775, 2], [75250, 3], [77725, 2], [80200, 2], [82675, 2], [85150, 2], [87625, 2], [90100, 2], [92575, 2], [95050, 2], [97525, 2]], "time_elapsed": 2292.034847974777}