{"exact": [[6.907755278982137, 7.562849524459204], [8.153349757998892, 9.585718582947695], [8.691146498539675, 6.400733471886506], [9.038958755220563, 9.637624829573994], [9.296518068217235, 6.680015773408823], [9.501142571764207, 9.646115886962969], [9.670924779305427, 9.47541363697428], [9.816021526754852, 9.693582614501505], [9.94270826568941, 6.7255082719761425], [10.055135102145268, 9.144886522195987], [10.156189906091882, 6.769848097769923], [10.247963389017864, 9.50569869108646], [10.332017933575289, 9.431881320675647], [10.409551859200409, 7.136807464947627], [10.481504425842441, 6.7680671986566345], [10.548625513909712, 9.515293920957323], [10.611523345589823, 9.757612911190504], [10.67069806139613, 7.1507411180316955], [10.726565902688105, 9.592968148582548], [10.779476987636757, 9.180843106540667], [10.829728615263452, 9.466129910463088], [10.8775753831365, 10.058509726049218], [10.923236992778513, 9.22606601624566], [10.966904349300577, 9.46415978930407], [11.008744383922906, 9.340784325066474], [11.04890390740204, 9.321413942658406], [11.087512719052368, 9.360145502648837], [11.124686137527133, 9.421044218117208], [11.160527077798756, 9.2844240553004], [11.195127768613824, 6.849990601986331], [11.228571182611121, 6.996830312175594], [11.260932234926955, 6.583415998761344], [11.292278793854607, 6.969920039857436], [11.322672537849993, 9.815700054193229], [11.352169686090834, 6.887777441136639], [11.38082162433689, 7.128481788805827], [11.40867544359643, 9.592892743718666], [11.435774405781814, 7.1295254372463415], [11.462158347916576, 9.727993513314471], [11.487864034374857, 6.8454612531844745]], "over": [[6.907755278982137, 17.44294721086313], [8.153349757998892, 11.878917630890074], [8.691146498539675, 18.989042342509343], [9.038958755220563, 14.468808013898824], [9.296518068217235, 17.33575725043913], [9.501142571764207, 16.559430742338563], [9.670924779305427, 11.021213074477473], [9.816021526754852, 17.491183059699186], [9.94270826568941, 14.378376872456423], [10.055135102145268, 16.438987172278974], [10.156189906091882, 12.475112616409817], [10.247963389017864, 14.297106001862998], [10.332017933575289, 16.791313978817286], [10.409551859200409, 14.877325724734552], [10.481504425842441, 17.54665238285102], [10.548625513909712, 15.230314741244941], [10.611523345589823, 11.028480331200852], [10.67069806139613, 12.331016011173148], [10.726565902688105, 16.768688185461706], [10.779476987636757, 14.75587195533971], [10.829728615263452, 17.31341741347208], [10.8775753831365, 14.694416458573585], [10.923236992778513, 11.50117010300181], [10.966904349300577, 11.03602255722939], [11.008744383922906, 16.94171948637925], [11.04890390740204, 17.90179410392417], [11.087512719052368, 17.534820823819107], [11.124686137527133, 15.473989623199387], [11.160527077798756, 17.076911437291773], [11.195127768613824, 15.237637772101507], [11.228571182611121, 12.457359933664248], [11.260932234926955, 11.069042863812053], [11.292278793854607, 12.530291249897731], [11.322672537849993, 15.148174894034387], [11.352169686090834, 14.966647740878798], [11.38082162433689, 12.188919409918961], [11.40867544359643, 15.888567686204158], [11.435774405781814, 14.908264172147687], [11.462158347916576, 12.34959112091981], [11.487864034374857, 13.385174490710696]], "merge": [[6.907755278982137, 7.24923163426251], [8.153349757998892, 5.629736114747103], [8.691146498539675, 7.998371410097358], [9.038958755220563, 6.391396073549204], [9.296518068217235, 7.065411705083507], [9.501142571764207, 7.4763210858684435], [9.670924779305427, 4.45061439071708], [9.816021526754852, 6.695203367455314], [9.94270826568941, 5.779625298576514], [10.055135102145268, 7.249425042314392], [10.156189906091882, 5.202680571059802], [10.247963389017864, 6.637004121291217], [10.332017933575289, 6.152879554974534], [10.409551859200409, 6.020228858787993], [10.481504425842441, 7.149317212007359], [10.548625513909712, 6.664640006339282], [10.611523345589823, 5.9342457474333425], [10.67069806139613, 5.32667149225765], [10.726565902688105, 7.230819625300486], [10.779476987636757, 8.445564814836503], [10.829728615263452, 6.528319223836757], [10.8775753831365, 5.795953947741007], [10.923236992778513, 5.5678096548172755], [10.966904349300577, 4.509536462139324], [11.008744383922906, 7.389816973400438], [11.04890390740204, 7.124430598655893], [11.087512719052368, 6.24115485836374], [11.124686137527133, 5.644726871280973], [11.160527077798756, 6.595131584492786], [11.195127768613824, 6.825786600759131], [11.228571182611121, 5.651502652014603], [11.260932234926955, 5.432982661571813], [11.292278793854607, 4.7266224878794585], [11.322672537849993, 6.637289611551763], [11.352169686090834, 6.135339165964086], [11.38082162433689, 4.986482672227854], [11.40867544359643, 6.141452534273996], [11.435774405781814, 6.196660463438648], [11.462158347916576, 4.562628557494372], [11.487864034374857, 5.136100236160433]], "argmin_dic": [[1000, 3], [3475, 3], [5950, 2], [8425, 3], [10900, 2], [13375, 2], [15850, 2], [18325, 2], [20800, 2], [23275, 3], [25750, 2], [28225, 3], [30700, 2], [33175, 2], [35650, 2], [38125, 2], [40600, 2], [43075, 3], [45550, 2], [48025, 2], [50500, 2], [52975, 2], [55450, 3], [57925, 2], [60400, 2], [62875, 2], [65350, 2], [67825, 3], [70300, 2], [72775, 3], [75250, 2], [77725, 3], [80200, 2], [82675, 2], [85150, 2], [87625, 2], [90100, 2], [92575, 2], [95050, 2], [97525, 2]], "time_elapsed": 3250.899570465088}