{"exact": [[10.46310334047155, 9.097966204491426], [10.50848634631937, 9.916107344777672], [10.551898839254681, 9.86936703800307], [10.593504840087146, 9.513090399668009], [10.63344870621879, 9.470711063963181], [10.67185815433366, 10.154549743486802], [10.708846723703001, 9.54711209658702], [10.744515799909736, 6.973331093318325], [10.778956289890028, 9.653391368692498], [10.812250017989491, 9.700158213461386], [10.844470897000654, 7.038787174713277], [10.87568591634858, 9.762550247232825], [10.905955980651335, 6.941315627583099], [10.935336625044556, 6.852197429267816], [10.96387862838404, 9.67887579868578], [10.991628541336942, 9.632688445875843], [11.018629143155449, 9.8959525736038], [11.044919838387166, 9.340161684801677], [11.070537002757467, 9.755918449255018], [11.095514285843663, 9.778722985751122], [11.119882876860622, 9.384151485222496], [11.143671738824636, 9.618083967800214], [11.166907815505484, 9.324933831329837], [11.189616214875297, 9.083733797519722], [11.211820372186306, 9.650388774651795], [11.233542195333143, 9.258157342452638], [11.254802194759993, 9.609869940850793], [11.275619599843514, 9.419180649773951], [11.296012463406655, 7.2459057821120245], [11.315997755786912, 6.727447431032703], [11.335591449687312, 9.90288260616617], [11.354808596873092, 9.971322198612851], [11.37366339763672, 7.006370005862609], [11.392169263834429, 6.931109564610612], [11.410338876195127, 9.2590434248797], [11.428184236515138, 9.434217914173002], [11.44571671527678, 9.339324317071663], [11.462947095163987, 10.039656989278598], [11.479885610892028, 9.752565120596294], [11.496541985719704, 9.185776480117106]], "over": [[10.46310334047155, 14.338194457873604], [10.50848634631937, 16.497301360831884], [10.551898839254681, 16.13340592014953], [10.593504840087146, 15.160945839139261], [10.63344870621879, 15.666775798153001], [10.67185815433366, 16.708379911089015], [10.708846723703001, 16.961305451720555], [10.744515799909736, 15.764232050517949], [10.778956289890028, 15.521837644945162], [10.812250017989491, 16.616857656677638], [10.844470897000654, 12.446890799824546], [10.87568591634858, 16.30951426524614], [10.905955980651335, 14.098313286071631], [10.935336625044556, 13.340913288428684], [10.96387862838404, 14.36992901632411], [10.991628541336942, 16.93293734365032], [11.018629143155449, 12.360393967091152], [11.044919838387166, 10.283686299584058], [11.070537002757467, 12.358190784575307], [11.095514285843663, 14.762093333848927], [11.119882876860622, 16.273871115563253], [11.143671738824636, 12.149677806210327], [11.166907815505484, 12.201231498852495], [11.189616214875297, 17.17257456932203], [11.211820372186306, 17.367932841375893], [11.233542195333143, 11.70289979744466], [11.254802194759993, 15.29034333531555], [11.275619599843514, 13.383132117341102], [11.296012463406655, 17.949526933138046], [11.315997755786912, 16.263483114249514], [11.335591449687312, 17.356826274957935], [11.354808596873092, 16.582018083231127], [11.37366339763672, 16.687441502741382], [11.392169263834429, 16.530712242156323], [11.410338876195127, 15.984751019406085], [11.428184236515138, 14.7242120040298], [11.44571671527678, 17.93894184768571], [11.462947095163987, 17.98003323774732], [11.479885610892028, 14.013378365780339], [11.496541985719704, 17.23457478300514]], "merge": [[10.46310334047155, 8.190523850533822], [10.50848634631937, 6.120893980164114], [10.551898839254681, 7.2895832409336725], [10.593504840087146, 6.85873026834438], [10.63344870621879, 7.900364132389101], [10.67185815433366, 5.7028059012916215], [10.708846723703001, 5.2858618705792875], [10.744515799909736, 6.322041189243081], [10.778956289890028, 6.757820336356558], [10.812250017989491, 4.696000090709601], [10.844470897000654, 6.281511249521755], [10.87568591634858, 6.002571772210767], [10.905955980651335, 7.154270276162022], [10.935336625044556, 6.174082264628144], [10.96387862838404, 7.11773597506438], [10.991628541336942, 6.173933547759299], [11.018629143155449, 6.032077652180851], [11.044919838387166, 6.742558410546576], [11.070537002757467, 5.217203168890556], [11.095514285843663, 5.474931352115905], [11.119882876860622, 6.828858554166573], [11.143671738824636, 6.970257758490219], [11.166907815505484, 6.93763333429447], [11.189616214875297, 4.528081053164505], [11.211820372186306, 5.119970390873962], [11.233542195333143, 7.920746125160853], [11.254802194759993, 6.327024047216848], [11.275619599843514, 5.688160174688478], [11.296012463406655, 5.959688265859063], [11.315997755786912, 5.337033845295713], [11.335591449687312, 7.397088366843337], [11.354808596873092, 5.303458711019013], [11.37366339763672, 6.4664953950948805], [11.392169263834429, 4.661865793099073], [11.410338876195127, 7.601132032562543], [11.428184236515138, 5.359592212968727], [11.44571671527678, 7.078129333386257], [11.462947095163987, 5.473369225602684], [11.479885610892028, 4.483991441426094], [11.496541985719704, 5.865417355532387]], "argmin_dic": [[35000, 2], [36625, 2], [38250, 2], [39875, 2], [41500, 2], [43125, 2], [44750, 2], [46375, 2], [48000, 2], [49625, 2], [51250, 2], [52875, 2], [54500, 2], [56125, 2], [57750, 2], [59375, 2], [61000, 2], [62625, 2], [64250, 2], [65875, 3], [67500, 2], [69125, 2], [70750, 2], [72375, 2], [74000, 2], [75625, 2], [77250, 2], [78875, 3], [80500, 2], [82125, 2], [83750, 2], [85375, 2], [87000, 2], [88625, 3], [90250, 3], [91875, 2], [93500, 2], [95125, 3], [96750, 2], [98375, 2]], "time_elapsed": 5506.246720314026}