{"exact": [[10.46310334047155, 6.76917690345427], [10.50848634631937, 7.006896247727365], [10.551898839254681, 6.96901261843613], [10.593504840087146, 7.050580663124436], [10.63344870621879, 6.768110969506537], [10.67185815433366, 9.723322120398292], [10.708846723703001, 6.925774432727427], [10.744515799909736, 6.828629456570331], [10.778956289890028, 7.399965403065194], [10.812250017989491, 9.516962844650486], [10.844470897000654, 9.187472710408002], [10.87568591634858, 7.059038666392088], [10.905955980651335, 6.826579073869556], [10.935336625044556, 9.867400038651057], [10.96387862838404, 9.190708382302612], [10.991628541336942, 9.771464071649824], [11.018629143155449, 7.057371568999714], [11.044919838387166, 9.822189466150615], [11.070537002757467, 6.756075259850869], [11.095514285843663, 9.465100062018475], [11.119882876860622, 7.025686266202073], [11.143671738824636, 10.042099141950958], [11.166907815505484, 9.930408698329233], [11.189616214875297, 9.823140864882824], [11.211820372186306, 9.947523275879167], [11.233542195333143, 9.152363329435206], [11.254802194759993, 9.374073691368583], [11.275619599843514, 9.274131716793708], [11.296012463406655, 7.033776651868537], [11.315997755786912, 9.307509384387302], [11.335591449687312, 6.5454130869844045], [11.354808596873092, 7.273469540663467], [11.37366339763672, 9.155655052609967], [11.392169263834429, 9.457399527426746], [11.410338876195127, 9.098248298420607], [11.428184236515138, 9.27985061565146], [11.44571671527678, 9.33267515646114], [11.462947095163987, 9.503299260070602], [11.479885610892028, 7.00357741283636], [11.496541985719704, 9.350857485343779]], "over": [[10.46310334047155, 16.72530227248294], [10.50848634631937, 15.323326237749088], [10.551898839254681, 13.060594618037033], [10.593504840087146, 13.86260537441072], [10.63344870621879, 15.618615495071978], [10.67185815433366, 13.34077203121413], [10.708846723703001, 14.05020443020256], [10.744515799909736, 16.377166230670912], [10.778956289890028, 13.5420860647362], [10.812250017989491, 14.975111782406975], [10.844470897000654, 12.520280792371574], [10.87568591634858, 18.505329168412672], [10.905955980651335, 15.24559262091122], [10.935336625044556, 17.016413976744868], [10.96387862838404, 13.186651203643308], [10.991628541336942, 13.893278702900085], [11.018629143155449, 15.628484579084907], [11.044919838387166, 11.871787165772725], [11.070537002757467, 16.85605949173736], [11.095514285843663, 14.57492570615791], [11.119882876860622, 15.105612357313433], [11.143671738824636, 12.583265775915839], [11.166907815505484, 13.729100090676546], [11.189616214875297, 14.9512453066456], [11.211820372186306, 18.694309380500577], [11.233542195333143, 11.357326955246007], [11.254802194759993, 16.867204650433866], [11.275619599843514, 12.31635778319237], [11.296012463406655, 14.488739620627848], [11.315997755786912, 17.778147119247045], [11.335591449687312, 11.740212500307186], [11.354808596873092, 13.035255595357429], [11.37366339763672, 15.035613774092216], [11.392169263834429, 12.972864515358223], [11.410338876195127, 15.035195111448576], [11.428184236515138, 16.522955260065043], [11.44571671527678, 16.63543558908677], [11.462947095163987, 15.815229295188203], [11.479885610892028, 17.33166605187449], [11.496541985719704, 17.141148864509038]],
  "merge": [[10.46310334047155, 7.448798036495273], [10.50848634631937, 5.2503943436861045], [10.551898839254681, 6.257781733599346], [10.593504840087146, 6.213636727622569], [10.63344870621879, 4.775636517848564], [10.67185815433366, 6.229608933025711], [10.708846723703001, 5.292813789183364], [10.744515799909736, 7.164193476565047], [10.778956289890028, 5.517336314566459], [10.812250017989491, 6.939116874494943], [10.844470897000654, 6.472855379461261], [10.87568591634858, 7.281911067020722], [10.905955980651335, 5.759730722552659], [10.935336625044556, 7.264250833870682], [10.96387862838404, 5.356112434586709], [10.991628541336942, 5.607760649481942], [11.018629143155449, 5.817107111556718], [11.044919838387166, 6.087868977478649], [11.070537002757467, 5.734038620021771], [11.095514285843663, 6.189671124404176], [11.119882876860622, 5.518275219869439], [11.143671738824636, 5.838459392894271], [11.166907815505484, 7.573408978644406], [11.189616214875297, 5.201953116183821], [11.211820372186306, 7.0431980192076855], [11.233542195333143, 6.390457011281769], [11.254802194759993, 8.569009851547234], [11.275619599843514, 5.29459940230384], [11.296012463406655, 5.84525243655543], [11.315997755786912, 7.354750170257609], [11.335591449687312, 4.410460612573455], [11.354808596873092, 6.852268098068248], [11.37366339763672, 5.2077446371023655], [11.392169263834429, 6.228141805207438], [11.410338876195127, 5.590874179590895], [11.428184236515138, 7.4166066158319035], [11.44571671527678, 6.32076553146486], [11.462947095163987, 8.572431281993433], [11.479885610892028, 4.510761909021592], [11.496541985719704, 6.813076302448413]], "argmin_dic": [[35000, 2], [36625, 2], [38250, 2], [39875, 2], [41500, 2], [43125, 3], [44750, 2], [46375, 2], [48000, 2], [49625, 2], [51250, 2], [52875, 2], [54500, 2], [56125, 2], [57750, 2], [59375, 2], [61000, 2], [62625, 2], [64250, 2], [65875, 2], [67500, 2], [69125, 2], [70750, 2], [72375, 2], [74000, 2], [75625, 2], [77250, 2], [78875, 2], [80500, 2], [82125, 2], [83750, 2], [85375, 2], [87000, 2], [88625, 2], [90250, 2], [91875, 2], [93500, 2], [95125, 2], [96750, 2], [98375, 2]], "time_elapsed": 6696.755336523056}