{"exact": [[6.907755278982137, 5.122732759644487], [8.153349757998892, 9.691155397541811], [8.691146498539675, 10.256525406409985], [9.038958755220563, 8.922845772323083], [9.296518068217235, 7.003089887602099], [9.501142571764207, 9.529505609150819], [9.670924779305427, 10.009794692478613], [9.816021526754852, 9.605398706890893], [9.94270826568941, 6.699389472421876], [10.055135102145268, 6.96040344274011], [10.156189906091882, 9.998071016313725], [10.247963389017864, 7.371230636582402], [10.332017933575289, 7.553089337794773], [10.409551859200409, 9.433993099103404], [10.481504425842441, 6.989216923262663], [10.548625513909712, 6.640525833556779], [10.611523345589823, 9.747365987931902], [10.67069806139613, 9.356675437830777], [10.726565902688105, 9.776008070620728], [10.779476987636757, 7.061156008706966], [10.829728615263452, 7.5289043119097085], [10.8775753831365, 9.818167126988971], [10.923236992778513, 7.4349142506386485], [10.966904349300577, 9.377690071903766], [11.008744383922906, 7.224369834516894], [11.04890390740204, 9.410666419929846], [11.087512719052368, 10.364537379171077], [11.124686137527133, 6.8684478207629684], [11.160527077798756, 9.45157228626333], [11.195127768613824, 6.5223657708727325], [11.228571182611121, 6.899275996369453], [11.260932234926955, 9.88500942302768], [11.292278793854607, 9.764683404033496], [11.322672537849993, 9.539711985790984], [11.352169686090834, 10.184247279204017], [11.38082162433689, 9.414361434354257], [11.40867544359643, 9.735239404282794], [11.435774405781814, 7.207554184110297], [11.462158347916576, 6.85534647073221], [11.487864034374857, 9.298264851825069]], "over": [[6.907755278982137, 18.4171522793359], [8.153349757998892, 17.939954425299526], [8.691146498539675, 21.209986226930514], [9.038958755220563, 12.791046649914849], [9.296518068217235, 13.542407196761587], [9.501142571764207, 10.953679078870865], [9.670924779305427, 13.189191117531495], [9.816021526754852, 15.218553754655654], [9.94270826568941, 11.203361768948186], [10.055135102145268, 15.933691325523371], [10.156189906091882, 14.751143084698136], [10.247963389017864, 17.2803877415817], [10.332017933575289, 12.610027982254188], [10.409551859200409, 15.867258070898886], [10.481504425842441, 14.682016445734916], [10.548625513909712, 9.193671809841907], [10.611523345589823, 18.163614613325663], [10.67069806139613, 15.016660174692417], [10.726565902688105, 13.124502546307705], [10.779476987636757, 13.34005596917232], [10.829728615263452, 15.510085003263276], [10.8775753831365, 17.262901188355034], [10.923236992778513, 17.243633756574788], [10.966904349300577, 11.985731275902056], [11.008744383922906, 15.465400929643332], [11.04890390740204, 15.545807901138256], [11.087512719052368, 18.772991733508846], [11.124686137527133, 12.516274051921572], [11.160527077798756, 17.938829729583524], [11.195127768613824, 15.567075319787481], [11.228571182611121, 15.974726675790249], [11.260932234926955, 13.63276420178805], [11.292278793854607, 17.774411168048502], [11.322672537849993, 16.18780723359821], [11.352169686090834, 12.329900964559348], [11.38082162433689, 17.20830168924576], [11.40867544359643, 15.823397552996271], [11.435774405781814, 17.32460800406735], [11.462158347916576, 12.490942564017336], [11.487864034374857, 15.178094545110826]], "merge": [[6.907755278982137, 7.699167807238496], [8.153349757998892, 8.088183930875449], [8.691146498539675, 7.146970475040244], [9.038958755220563, 5.0950868760320835], [9.296518068217235, 5.102295335578974], [9.501142571764207, 4.373387367577283], [9.670924779305427, 5.722541234706698], [9.816021526754852, 5.937845855491848], [9.94270826568941, 4.478464298044286], [10.055135102145268, 5.845468469477267], [10.156189906091882, 5.341022469549953], [10.247963389017864, 7.18660446900089], [10.332017933575289, 5.0542675476315], [10.409551859200409, 6.586412231925373], [10.481504425842441, 5.925405066877455], [10.548625513909712, 5.641330952723795], [10.611523345589823, 6.6394672669748696], [10.67069806139613, 5.423816094570469], [10.726565902688105, 5.194814786044072], [10.779476987636757, 5.17542459682759], [10.829728615263452, 6.008143573262303], [10.8775753831365, 6.314843643582465], [10.923236992778513, 6.469910065798212], [10.966904349300577, 5.114921430191946], [11.008744383922906, 6.589618475432203], [11.04890390740204, 6.479609329510622], [11.087512719052368, 7.328761051869306], [11.124686137527133, 4.42351359778893], [11.160527077798756, 7.008476981525826], [11.195127768613824, 7.337664749247366], [11.228571182611121, 7.193953099211648], [11.260932234926955, 7.701492352860918], [11.292278793854607, 7.071156369490356], [11.322672537849993, 6.787205770043372], [11.352169686090834, 4.458595620240372], [11.38082162433689, 6.219354536564816], [11.40867544359643, 6.217238642225909], [11.435774405781814, 7.154075353300169], [11.462158347916576, 5.031413823058017], [11.487864034374857, 7.896267067874897]], "argmin_dic": [[1000, 3], [3475, 3], [5950, 2], [8425, 2], [10900, 2], [13375, 2], [15850, 3], [18325, 2], [20800, 2], [23275, 2], [25750, 2], [28225, 2], [30700, 2], [33175, 2], [35650, 2], [38125, 2], [40600, 2], [43075, 2], [45550, 2], [48025, 2], [50500, 2], [52975, 2], [55450, 2], [57925, 2], [60400, 2], [62875, 2], [65350, 2], [67825, 2], [70300, 2], [72775, 2], [75250, 2], [77725, 2], [80200, 2], [82675, 2], [85150, 2], [87625, 2], [90100, 2], [92575, 2], [95050, 2], [97525, 2]], "time_elapsed": 2209.878473997116}