{"exact": [[9.615805480084347, 9.63865153948452], [9.748294663130427, 9.491658802099977], [9.86526633971593, 6.945137408603272], [9.969977293804961, 7.250659033733505], [10.06475570013225, 7.40592037419285], [10.151323716440709, 6.623885812289696], [10.23099111917458, 10.023896247553427], [10.304777289233812, 9.600243003588174], [10.373491181781864, 9.671991923604866], [10.437785532487261, 7.271865337879129], [10.49819466028282, 7.205833721619882], [10.555161484889497, 9.686153941175407], [10.60905725309463, 9.744221078274323], [10.660196214585818, 9.441893196704367], [10.708846723703001, 7.097289397424528], [10.755239763272712, 9.320286887578655], [10.799575577092764, 9.28541412213872], [10.842028893345104, 7.16571872380238], [10.882753083571671, 6.884791808908222], [10.921883507347436, 6.73752052447989], [10.959540226785442, 9.435759397528034], [10.995830228190643, 6.851842598406462], [11.030849254490224, 7.172226267339949], [11.064683327506005, 9.852375977843748], [11.097410021008562, 6.828570490563345], [11.129099531965545, 7.0226112076351095], [11.159815587195991, 9.706189522723218], [11.189616214875297, 6.602368789416286], [11.218554404367652, 7.055569078941546], [11.246678673238513, 6.803098473706911], [11.274033556687879, 9.579789283749163], [11.300660031803202, 9.461903332133048], [11.326595886778735, 9.432577947688008], [11.351876043451814, 9.383907595093046], [11.376532840064673, 6.8074268264455355], [11.400596279996309, 9.331572308682752], [11.424094251263613, 6.924700105921535], [11.44705272081952, 7.023843351766357], [11.469495907042893, 9.358183867110942], [11.491446433293104, 9.261911781837934]], "over": [[9.615805480084347, 17.55487279170203], [9.748294663130427, 16.08944529348415], [9.86526633971593, 11.878487119656953], [9.969977293804961, 11.619817004000822], [10.06475570013225, 16.46504491455818], [10.151323716440709, 11.092295896743478], [10.23099111917458, 16.14410309532066], [10.304777289233812, 18.959459128881086], [10.373491181781864, 12.154113781850894], [10.437785532487261, 17.13774990541023], [10.49819466028282, 16.524702110783945], [10.555161484889497, 15.588474198978329], [10.60905725309463, 16.35508012508561], [10.660196214585818, 15.877523159358269], [10.708846723703001, 17.076666877202467], [10.755239763272712, 13.65024673347961], [10.799575577092764, 12.815838923104222], [10.842028893345104, 15.53688164438031], [10.882753083571671, 14.96643934641161], [10.921883507347436, 14.10465181613736], [10.959540226785442, 13.873471524005224], [10.995830228190643, 14.871582204564417], [11.030849254490224, 12.932884886329887], [11.064683327506005, 17.833266173531282], [11.097410021008562, 15.69624553941953], [11.129099531965545, 14.779565811015802], [11.159815587195991, 10.877270626536923], [11.189616214875297, 15.452032711638129], [11.218554404367652, 12.727176524507156], [11.246678673238513, 14.779863591366256], [11.274033556687879, 15.49678376128724], [11.300660031803202, 16.086727463105397], [11.326595886778735, 16.007558400324047], [11.351876043451814, 18.145464363659475], [11.376532840064673, 11.343407275054863], [11.400596279996309, 14.679271251432677], [11.424094251263613, 18.13945413331189], [11.44705272081952, 15.845536471303364], [11.469495907042893, 12.205125352966268], [11.491446433293104, 10.836823496764522]], "merge": [[9.615805480084347, 6.634469201042686], [9.748294663130427, 6.228961379307766], [9.86526633971593, 5.0535855966239085], [9.969977293804961, 6.043284168048848], [10.06475570013225, 6.39505715197638], [10.151323716440709, 5.222815413938413], [10.23099111917458, 6.955031940928662], [10.304777289233812, 6.564584449961166], [10.373491181781864, 5.725793011989182], [10.437785532487261, 6.692894961267667], [10.49819466028282, 6.772341576900786], [10.555161484889497, 8.141020537387403], [10.60905725309463, 5.875602995989718], [10.660196214585818, 7.20404903598068], [10.708846723703001, 6.814621830823793], [10.755239763272712, 5.405309086953077], [10.799575577092764, 6.032823554589122], [10.842028893345104, 6.787453053646704], [10.882753083571671, 5.683491765615026], [10.921883507347436, 5.834725660682431], [10.959540226785442, 5.355556335352498], [10.995830228190643, 5.732525186215445], [11.030849254490224, 4.684727496709391], [11.064683327506005, 6.862330302640753], [11.097410021008562, 6.3072809191197985], [11.129099531965545, 5.466531656544063], [11.159815587195991, 5.27738163191351], [11.189616214875297, 6.059545107527431], [11.218554404367652, 5.6535279363649025], [11.246678673238513, 5.929932835597679], [11.274033556687879, 6.034747190235301], [11.300660031803202, 6.145510266000783], [11.326595886778735, 6.537298686844333], [11.351876043451814, 7.093099527078494], [11.376532840064673, 4.330668631159097], [11.400596279996309, 6.313857206839011], [11.424094251263613, 6.882084924666852], [11.44705272081952, 5.741213697091727], [11.469495907042893, 6.09943323214629], [11.491446433293104, 5.08615293449568]], "argmin_dic": [[15000, 2], [17125, 2], [19250, 3], [21375, 3], [23500, 2], [25625, 2], [27750, 2], [29875, 3], [32000, 3], [34125, 2], [36250, 2], [38375, 2], [40500, 3], [42625, 2], [44750, 2], [46875, 3], [49000, 2], [51125, 2], [53250, 2], [55375, 2], [57500, 2], [59625, 2], [61750, 3], [63875, 2], [66000, 2], [68125, 2], [70250, 2], [72375, 2], [74500, 2], [76625, 2], [78750, 2], [80875, 2], [83000, 2], [85125, 2], [87250, 2], [89375, 2], [91500, 2], [93625, 2], [95750, 2], [97875, 2]], "time_elapsed": 3371.833524942398}