{"exact": [[9.615805480084347, 7.600796406723662], [9.748294663130427, 6.869284186260214], [9.86526633971593, 9.415499372904659], [9.969977293804961, 9.245885454945865], [10.06475570013225, 6.43064960185566], [10.151323716440709, 6.879508499772841], [10.23099111917458, 6.821958171093459], [10.304777289233812, 10.089035048774695], [10.373491181781864, 9.069602837088693], [10.437785532487261, 9.027994895397525], [10.49819466028282, 10.0934783182448], [10.555161484889497, 9.54386400469396], [10.60905725309463, 10.30370948006006], [10.660196214585818, 9.134780051732564], [10.708846723703001, 9.659459215317515], [10.755239763272712, 7.147519012517642], [10.799575577092764, 6.85852399212567], [10.842028893345104, 6.8006736994943076], [10.882753083571671, 9.759437290534027], [10.921883507347436, 6.70671871650626], [10.959540226785442, 9.437964762091728], [10.995830228190643, 9.6798739016413], [11.030849254490224, 9.301570295356433], [11.064683327506005, 9.634945699460593], [11.097410021008562, 7.028766088722496], [11.129099531965545, 6.6473628486186636], [11.159815587195991, 6.690028664353708], [11.189616214875297, 6.953173218286216], [11.218554404367652, 9.199635059917615], [11.246678673238513, 9.513522634592844], [11.274033556687879, 9.271880986987354], [11.300660031803202, 9.149079744830427], [11.326595886778735, 9.219826290341832], [11.351876043451814, 9.461515907447204], [11.376532840064673, 6.856215428585869], [11.400596279996309, 9.857313208343255], [11.424094251263613, 9.352380153819851], [11.44705272081952, 9.352600037397915], [11.469495907042893, 9.811789694922217], [11.491446433293104, 9.378874244086807]], "over": [[9.615805480084347, 16.190201548596697], [9.748294663130427, 11.400025530248405], [9.86526633971593, 12.272797357941315], [9.969977293804961, 18.86906227370531], [10.06475570013225, 17.050529907106217], [10.151323716440709, 16.26030983003448], [10.23099111917458, 16.112056926012812], [10.304777289233812, 11.55164542855621], [10.373491181781864, 12.395272916891198], [10.437785532487261, 17.981777523305976], [10.49819466028282, 17.686588209644803], [10.555161484889497, 17.345767752996412], [10.60905725309463, 16.289697835855975], [10.660196214585818, 15.078588939196742], [10.708846723703001, 17.610853340158357], [10.755239763272712, 15.622057058676882], [10.799575577092764, 14.83914666586967], [10.842028893345104, 15.051762170890663], [10.882753083571671, 11.999884699556166], [10.921883507347436, 14.707274195183206], [10.959540226785442, 13.36583932434965], [10.995830228190643, 14.132243542538724], [11.030849254490224, 14.674261315200638], [11.064683327506005, 12.599692104149783], [11.097410021008562, 13.570412864454953], [11.129099531965545, 14.70944772039674], [11.159815587195991, 11.50918574544012], [11.189616214875297, 17.036369919457886], [11.218554404367652, 15.630220842345368], [11.246678673238513, 13.897075628803737], [11.274033556687879, 16.252464093009888], [11.300660031803202, 11.718429995087375], [11.326595886778735, 17.06790643084507], [11.351876043451814, 12.539044827916163], [11.376532840064673, 15.555399799677126], [11.400596279996309, 12.947924776403742], [11.424094251263613, 15.920204346644226], [11.44705272081952, 17.447012294823658], [11.469495907042893, 11.05116446659484], [11.491446433293104, 16.07473546203132]], "merge": [[9.615805480084347, 5.898113918007849], [9.748294663130427, 5.32048284370285], [9.86526633971593, 6.244684271687211], [9.969977293804961, 6.939201977042073], [10.06475570013225, 4.791902907120442], [10.151323716440709, 5.29736146071263], [10.23099111917458, 5.845110961607709], [10.304777289233812, 5.714909755596464], [10.373491181781864, 5.9603964578226485], [10.437785532487261, 6.750895078255175], [10.49819466028282, 5.774802381374154], [10.555161484889497, 7.423646057252423], [10.60905725309463, 7.4748909813636155], [10.660196214585818, 8.006196973710251], [10.708846723703001, 6.865385905144656], [10.755239763272712, 4.561118601945547], [10.799575577092764, 4.950272566372893], [10.842028893345104, 5.431365803951501], [10.882753083571671, 7.229277751273291], [10.921883507347436, 4.5599848625779185], [10.959540226785442, 5.695962925081618], [10.995830228190643, 5.34229847504601], [11.030849254490224, 5.729943004320683], [11.064683327506005, 5.5301123207264435], [11.097410021008562, 5.379499717345976], [11.129099531965545, 5.863188750846811], [11.159815587195991, 7.2782045013319925], [11.189616214875297, 5.336917773638123], [11.218554404367652, 6.401232123663126], [11.246678673238513, 5.599743527689831], [11.274033556687879, 5.76674241679638], [11.300660031803202, 6.3277266491531785], [11.326595886778735, 6.966928456590042], [11.351876043451814, 7.13883045661782], [11.376532840064673, 7.186645613824401], [11.400596279996309, 6.859540662996453], [11.424094251263613, 7.075585328562282], [11.44705272081952, 5.291307201231122], [11.469495907042893, 5.603874308101052], [11.491446433293104, 6.990942751345549]], "argmin_dic": [[15000, 2], [17125, 3], [19250, 2], [21375, 3], [23500, 2], [25625, 2], [27750, 2], [29875, 2], [32000, 2], [34125, 2], [36250, 2], [38375, 2], [40500, 2], [42625, 2], [44750, 2], [46875, 2], [49000, 2], [51125, 2], [53250, 2], [55375, 2], [57500, 2], [59625, 2], [61750, 2], [63875, 2], [66000, 2], [68125, 2], [70250, 2], [72375, 2], [74500, 2], [76625, 2], [78750, 2], [80875, 3], [83000, 2], [85125, 2], [87250, 2], [89375, 2], [91500, 2], [93625, 2], [95750, 3], [97875, 2]], "time_elapsed": 6687.2578756809235}