{"exact": [[9.615805480084347, 9.236037335796587], [9.748294663130427, 9.458991857859287], [9.86526633971593, 10.001378708839848], [9.969977293804961, 9.739264908516608], [10.06475570013225, 7.071111565155659], [10.151323716440709, 9.650640097590424], [10.23099111917458, 9.760895839445977], [10.304777289233812, 7.215891547866365], [10.373491181781864, 9.375093751743302], [10.437785532487261, 7.085079579058991], [10.49819466028282, 10.32682184618966], [10.555161484889497, 9.963530956547881], [10.60905725309463, 6.61545012825598], [10.660196214585818, 9.43735870160961], [10.708846723703001, 9.421353901643519], [10.755239763272712, 6.842826546156393], [10.799575577092764, 10.07521152416221], [10.842028893345104, 9.774860680275507], [10.882753083571671, 7.085556299890951], [10.921883507347436, 7.164539070661844], [10.959540226785442, 9.459342606852697], [10.995830228190643, 9.908885902374248], [11.030849254490224, 6.78400509055066], [11.064683327506005, 9.701889137747653], [11.097410021008562, 6.9286389665196975], [11.129099531965545, 9.475696463981008], [11.159815587195991, 9.483895205257229], [11.189616214875297, 6.748776065997385], [11.218554404367652, 10.002350523500198], [11.246678673238513, 9.291802556355305], [11.274033556687879, 9.212776483619491], [11.300660031803202, 9.834721585726204], [11.326595886778735, 9.896844951192945], [11.351876043451814, 7.020983633329043], [11.376532840064673, 9.695116296846361], [11.400596279996309, 9.760403614649201], [11.424094251263613, 9.949788066807113], [11.44705272081952, 9.47130031363136], [11.469495907042893, 9.39868356924427], [11.491446433293104, 9.908930068311633]], "over": [[9.615805480084347, 17.75095309863009], [9.748294663130427, 16.64995664174475], [9.86526633971593, 17.946688299999746], [9.969977293804961, 16.232197247379595], [10.06475570013225, 11.533412261911275], [10.151323716440709, 11.203592097150308], [10.23099111917458, 17.95869184816777], [10.304777289233812, 14.066217374802642], [10.373491181781864, 10.93888945309932], [10.437785532487261, 14.224970040676004], [10.49819466028282, 12.083637810519742], [10.555161484889497, 14.613269055413744], [10.60905725309463, 15.130177996867797], [10.660196214585818, 16.131794899183554], [10.708846723703001, 12.2956551795725], [10.755239763272712, 17.724529370147806], [10.799575577092764, 16.42686498097939], [10.842028893345104, 16.69440319763229], [10.882753083571671, 15.931940591589365], [10.921883507347436, 12.494968315452853], [10.959540226785442, 17.05078099716357], [10.995830228190643, 11.10776088010823], [11.030849254490224, 15.231627237430724], [11.064683327506005, 17.504512656136715], [11.097410021008562, 16.173678476854153], [11.129099531965545, 12.509659531515831], [11.159815587195991, 15.112238633250364], [11.189616214875297, 16.423357394822496], [11.218554404367652, 16.11113705967907], [11.246678673238513, 12.301552615222496], [11.274033556687879, 16.14225335640711], [11.300660031803202, 14.561867390390706], [11.326595886778735, 12.098414242571893], [11.351876043451814, 17.39011435932521], [11.376532840064673, 11.901489106082758], [11.400596279996309, 16.424858362946367], [11.424094251263613, 14.482457331757855], [11.44705272081952, 13.071700474029873], [11.469495907042893, 14.629713262329918], [11.491446433293104, 12.621887045433867]], "merge": [[9.615805480084347, 7.694505876496227], [9.748294663130427, 5.909586466146151], [9.86526633971593, 6.840657149218854], [9.969977293804961, 6.114177412989439], [10.06475570013225, 6.9265710471774495], [10.151323716440709, 6.510611750638349], [10.23099111917458, 6.260085185178348], [10.304777289233812, 7.097933567943686], [10.373491181781864, 8.25473477754053], [10.437785532487261, 8.762805699721556], [10.49819466028282, 7.384582117259383], [10.555161484889497, 5.5242541912444185], [10.60905725309463, 4.4201878984503375], [10.660196214585818, 6.9123756550550715], [10.708846723703001, 5.5837767291816895], [10.755239763272712, 4.884607107411015], [10.799575577092764, 6.635661869941906], [10.842028893345104, 6.19938793292678], [10.882753083571671, 6.107530878940156], [10.921883507347436, 4.913421771482911], [10.959540226785442, 5.7573052675167045], [10.995830228190643, 5.499859824472731], [11.030849254490224, 5.314081218968111], [11.064683327506005, 5.330322003579358], [11.097410021008562, 7.017461984903311], [11.129099531965545, 7.007930624617173], [11.159815587195991, 6.511801375693928], [11.189616214875297, 6.668505136757736], [11.218554404367652, 6.09242895431441], [11.246678673238513, 5.27736359215847], [11.274033556687879, 6.794466017740283], [11.300660031803202, 6.3681036348924], [11.326595886778735, 6.960188534067584], [11.351876043451814, 7.1667843843733054], [11.376532840064673, 4.371725682741738], [11.400596279996309, 5.918803003386228], [11.424094251263613, 5.770691405136585], [11.44705272081952, 6.6289028294795935], [11.469495907042893, 6.230087159111025], [11.491446433293104, 5.048717696942961]], "argmin_dic": [[15000, 3], [17125, 2], [19250, 2], [21375, 2], [23500, 2], [25625, 2], [27750, 2], [29875, 2], [32000, 2], [34125, 2], [36250, 2], [38375, 2], [40500, 2], [42625, 2], [44750, 3], [46875, 2], [49000, 2], [51125, 3], [53250, 2], [55375, 2], [57500, 2], [59625, 3], [61750, 2], [63875, 2], [66000, 2], [68125, 2], [70250, 2], [72375, 2], [74500, 2], [76625, 2], [78750, 2], [80875, 2], [83000, 2], [85125, 2], [87250, 2], [89375, 2], [91500, 2], [93625, 2], [95750, 2], [97875, 2]], "time_elapsed": 5789.255031108856}