{"exact": [[6.907755278982137, 6.197222882168567], [8.153349757998892, 7.587815996038679], [8.691146498539675, 6.638014486323311], [9.038958755220563, 6.387137865382291], [9.296518068217235, 9.412039587971265], [9.501142571764207, 9.805093728877596], [9.670924779305427, 10.193885125760087], [9.816021526754852, 6.922784908312351], [9.94270826568941, 9.707153334961342], [10.055135102145268, 7.180854438797193], [10.156189906091882, 6.994794192715643], [10.247963389017864, 9.869748815458786], [10.332017933575289, 9.453260691047086], [10.409551859200409, 9.525551712489083], [10.481504425842441, 6.694668199107819], [10.548625513909712, 9.680299504236576], [10.611523345589823, 9.652202571922059], [10.67069806139613, 9.430874160592564], [10.726565902688105, 10.282447320529611], [10.779476987636757, 9.37305254547877], [10.829728615263452, 9.50322279837537], [10.8775753831365, 6.844077146100797], [10.923236992778513, 9.85250311376572], [10.966904349300577, 7.042548356886586], [11.008744383922906, 9.410805228231638], [11.04890390740204, 9.171454722573396], [11.087512719052368, 9.794260022402959], [11.124686137527133, 6.965332739659178], [11.160527077798756, 6.861697681943894], [11.195127768613824, 9.638663856756791], [11.228571182611121, 9.44416031312872], [11.260932234926955, 7.098686309708911], [11.292278793854607, 9.47961836835927], [11.322672537849993, 9.893896160864891], [11.352169686090834, 9.494772283676761], [11.38082162433689, 6.769833189527214], [11.40867544359643, 9.341421919146017], [11.435774405781814, 9.081826830565104], [11.462158347916576, 10.014716578536198], [11.487864034374857, 6.964806003103232]], "over": [[6.907755278982137, 13.208594295651613], [8.153349757998892, 13.718549611379567], [8.691146498539675, 14.853778026142626], [9.038958755220563, 11.067549456947418], [9.296518068217235, 12.28544568852596], [9.501142571764207, 10.889367675039031], [9.670924779305427, 18.69167071995984], [9.816021526754852, 16.494343706980008], [9.94270826568941, 13.557820739214844], [10.055135102145268, 16.282270558321294], [10.156189906091882, 15.342969455222674], [10.247963389017864, 16.386998396702907], [10.332017933575289, 13.73114761619911], [10.409551859200409, 15.629890361024213], [10.481504425842441, 11.827885392240592], [10.548625513909712, 16.933783087091502], [10.611523345589823, 15.856865941616332], [10.67069806139613, 16.475747748438092], [10.726565902688105, 17.561466430273672], [10.779476987636757, 16.36002608861565], [10.829728615263452, 13.392989381661199], [10.8775753831365, 16.60465985168541], [10.923236992778513, 14.207869815416213], [10.966904349300577, 13.017594361528147], [11.008744383922906, 15.068508933744788], [11.04890390740204, 16.155813991014167], [11.087512719052368, 12.320547722668023], [11.124686137527133, 14.181772850872951], [11.160527077798756, 10.889383820534082], [11.195127768613824, 17.003383971717113], [11.228571182611121, 12.010249469461359], [11.260932234926955, 14.71318285754062], [11.292278793854607, 16.559191253029034], [11.322672537849993, 15.640372513526613], [11.352169686090834, 13.090438711240292], [11.38082162433689, 16.63218456676967], [11.40867544359643, 15.225263031389774], [11.435774405781814, 17.459543274542398], [11.462158347916576, 13.111966783136175], [11.487864034374857, 17.688595968214095]], "merge": [[6.907755278982137, 5.771140974668913], [8.153349757998892, 4.679270593260151], [8.691146498539675, 6.302102549404075], [9.038958755220563, 4.4525172962275725], [9.296518068217235, 5.52476875052679], [9.501142571764207, 4.670436466422513], [9.670924779305427, 6.507648079582254], [9.816021526754852, 6.70199040982824], [9.94270826568941, 6.441337719924406], [10.055135102145268, 6.872414502374871], [10.156189906091882, 5.456619375927916], [10.247963389017864, 7.024866091771098], [10.332017933575289, 5.986656963963106], [10.409551859200409, 6.354651431748642], [10.481504425842441, 4.5539168342805345], [10.548625513909712, 6.914830104143378], [10.611523345589823, 7.260132305526508], [10.67069806139613, 8.66641829205409], [10.726565902688105, 6.6999538308503865], [10.779476987636757, 7.154094117751608], [10.829728615263452, 5.212865970949236], [10.8775753831365, 6.177504140370698], [10.923236992778513, 6.136079196518142], [10.966904349300577, 5.183936349315299], [11.008744383922906, 6.063457715766389], [11.04890390740204, 6.658449757952853], [11.087512719052368, 4.53636112420952], [11.124686137527133, 5.815114517996546], [11.160527077798756, 5.344157725067375], [11.195127768613824, 6.459727266344153], [11.228571182611121, 5.907778769163076], [11.260932234926955, 6.491207783791418], [11.292278793854607, 8.679727089570662], [11.322672537849993, 5.5113100850686045], [11.352169686090834, 5.463069842536568], [11.38082162433689, 7.09300031142397], [11.40867544359643, 6.721022843436129], [11.435774405781814, 7.303911159453786], [11.462158347916576, 5.38713123841278], [11.487864034374857, 7.040022122725094]], "argmin_dic": [[1000, 3], [3475, 2], [5950, 2], [8425, 2], [10900, 2], [13375, 2], [15850, 3], [18325, 2], [20800, 2], [23275, 2], [25750, 2], [28225, 2], [30700, 3], [33175, 2], [35650, 2], [38125, 2], [40600, 2], [43075, 3], [45550, 3], [48025, 2], [50500, 2], [52975, 3], [55450, 2], [57925, 2], [60400, 2], [62875, 2], [65350, 2], [67825, 2], [70300, 2], [72775, 2], [75250, 3], [77725, 2], [80200, 2], [82675, 2], [85150, 2], [87625, 2], [90100, 2], [92575, 2], [95050, 2], [97525, 2]], "time_elapsed": 2581.4086706638336}