{"exact": [[6.907755278982137, 8.304728925911549], [8.153349757998892, 7.457869909003265], [8.691146498539675, 9.132059211650157], [9.038958755220563, 6.82957776196957], [9.296518068217235, 9.567555825106053], [9.501142571764207, 6.455068064046929], [9.670924779305427, 9.807072707424842], [9.816021526754852, 8.62901226417919], [9.94270826568941, 6.623520644139897], [10.055135102145268, 9.909843889034963], [10.156189906091882, 7.087231870759358], [10.247963389017864, 9.551862199690987], [10.332017933575289, 10.148623258195267], [10.409551859200409, 9.628477921918797], [10.481504425842441, 9.494720585100774], [10.548625513909712, 6.850992934428488], [10.611523345589823, 7.240744009246144], [10.67069806139613, 9.702176202954288], [10.726565902688105, 9.19218674620129], [10.779476987636757, 9.244676444975592], [10.829728615263452, 6.770816048410383], [10.8775753831365, 6.803999376961491], [10.923236992778513, 9.77919174766932], [10.966904349300577, 9.592389320927138], [11.008744383922906, 6.546629595020048], [11.04890390740204, 6.830994528434656], [11.087512719052368, 9.563674012791719], [11.124686137527133, 9.92940491275483], [11.160527077798756, 9.782319675091335], [11.195127768613824, 12.283595381642671], [11.228571182611121, 6.866714343645137], [11.260932234926955, 9.420528706266435], [11.292278793854607, 6.851465929183726], [11.322672537849993, 9.665601907218623], [11.352169686090834, 9.246621473281506], [11.38082162433689, 10.107278583545552], [11.40867544359643, 9.258651684881494], [11.435774405781814, 9.689956908520953], [11.462158347916576, 9.925823280669993], [11.487864034374857, 6.770740784072689]], "over": [[6.907755278982137, 17.903458850815465], [8.153349757998892, 13.382449011230452], [8.691146498539675, 13.041863701353988], [9.038958755220563, 16.728953471797084], [9.296518068217235, 14.046785184274626], [9.501142571764207, 12.782775815809027], [9.670924779305427, 17.37182117372118], [9.816021526754852, 15.874676025563511], [9.94270826568941, 10.915916850913693], [10.055135102145268, 15.233898555584318], [10.156189906091882, 18.080954816223414], [10.247963389017864, 12.524790841182016], [10.332017933575289, 16.253963213972195], [10.409551859200409, 15.967310148255493], [10.481504425842441, 18.071782895050127], [10.548625513909712, 16.29384697526307], [10.611523345589823, 15.100468708717186], [10.67069806139613, 10.324690593948278], [10.726565902688105, 13.730291211461621], [10.779476987636757, 15.69476317831924], [10.829728615263452, 16.24756108433209], [10.8775753831365, 16.001641265535397], [10.923236992778513, 15.160982462677286], [10.966904349300577, 17.685888513008898], [11.008744383922906, 12.015063403484442], [11.04890390740204, 13.135839181779373], [11.087512719052368, 15.407257999921475], [11.124686137527133, 13.85864383134454], [11.160527077798756, 11.402158060702323], [11.195127768613824, 16.587243987014784], [11.228571182611121, 14.665222836175488], [11.260932234926955, 13.319802430708862], [11.292278793854607, 12.201323178797843], [11.322672537849993, 15.805457390623348], [11.352169686090834, 15.719611991546056], [11.38082162433689, 14.592560741277518], [11.40867544359643, 18.047356651315265], [11.435774405781814, 15.240993847951662], [11.462158347916576, 14.766003719074236], [11.487864034374857, 16.507835879577947]], "merge": [[6.907755278982137, 7.541343544783807], [8.153349757998892, 6.3518123180535815], [8.691146498539675, 5.276273029956354], [9.038958755220563, 6.7918488962063925], [9.296518068217235, 5.305010563072535], [9.501142571764207, 7.252859089639204], [9.670924779305427, 7.854855657641774], [9.816021526754852, 5.869776888036819], [9.94270826568941, 6.041774781933994], [10.055135102145268, 7.880103546493861], [10.156189906091882, 6.24041011307553], [10.247963389017864, 4.719998223725019], [10.332017933575289, 6.170780885415241], [10.409551859200409, 6.503032723678233], [10.481504425842441, 7.144039952738897], [10.548625513909712, 8.603058365067488], [10.611523345589823, 7.892355455938753], [10.67069806139613, 6.010538747661767], [10.726565902688105, 7.675720123597441], [10.779476987636757, 6.868888626107219], [10.829728615263452, 6.595911499310743], [10.8775753831365, 7.019693258797488], [10.923236992778513, 5.868301929213081], [10.966904349300577, 6.8058138857318005], [11.008744383922906, 5.4574459421747], [11.04890390740204, 5.293475194038227], [11.087512719052368, 5.859789739785337], [11.124686137527133, 5.521214354967474], [11.160527077798756, 5.877752066214053], [11.195127768613824, 6.866991819621787], [11.228571182611121, 5.261220916285474], [11.260932234926955, 7.493653678558357], [11.292278793854607, 5.241790408397435], [11.322672537849993, 6.589345593782742], [11.352169686090834, 7.427408533776256], [11.38082162433689, 6.196170814456716], [11.40867544359643, 6.098518955477296], [11.435774405781814, 5.407824257852746], [11.462158347916576, 5.474256890420414], [11.487864034374857, 6.94967789406022]], "argmin_dic": [[1000, 3], [3475, 3], [5950, 3], [8425, 2], [10900, 2], [13375, 2], [15850, 3], [18325, 2], [20800, 2], [23275, 2], [25750, 2], [28225, 2], [30700, 2], [33175, 2], [35650, 2], [38125, 2], [40600, 2], [43075, 3], [45550, 2], [48025, 2], [50500, 2], [52975, 2], [55450, 2], [57925, 2], [60400, 2], [62875, 2], [65350, 2], [67825, 2], [70300, 2], [72775, 2], [75250, 2], [77725, 2], [80200, 3], [82675, 2], [85150, 2], [87625, 2], [90100, 2], [92575, 2], [95050, 2], [97525, 2]], "time_elapsed": 2943.1749651432037}