{"exact": [[9.615805480084347, 9.018820317694239], [9.748294663130427, 9.681445702117843], [9.86526633971593, 9.82080742475294], [9.969977293804961, 7.704510803174589], [10.06475570013225, 10.048727953254177], [10.151323716440709, 10.37245033465935], [10.23099111917458, 6.5171242016736], [10.304777289233812, 10.038396363396423], [10.373491181781864, 9.323594416267401], [10.437785532487261, 6.334976549943089], [10.49819466028282, 7.256448731358594], [10.555161484889497, 6.837214008395335], [10.60905725309463, 9.839077496579764], [10.660196214585818, 9.816367824111552], [10.708846723703001, 9.511001889671759], [10.755239763272712, 9.464931566368817], [10.799575577092764, 7.07644740597239], [10.842028893345104, 9.421517790819186], [10.882753083571671, 9.40446340838253], [10.921883507347436, 7.172253890734477], [10.959540226785442, 7.223597321818742], [10.995830228190643, 9.879944626003676], [11.030849254490224, 7.077204240172358], [11.064683327506005, 9.743379075142833], [11.097410021008562, 6.920511064318319], [11.129099531965545, 10.050012666116107], [11.159815587195991, 9.22328089584454], [11.189616214875297, 9.586787816793883], [11.218554404367652, 9.921948318081068], [11.246678673238513, 7.076419716660921], [11.274033556687879, 7.0140919625111], [11.300660031803202, 9.966591617458553], [11.326595886778735, 9.82436383197182], [11.351876043451814, 9.634904046345673], [11.376532840064673, 9.652898845990432], [11.400596279996309, 6.922230066615667], [11.424094251263613, 9.213274439381868], [11.44705272081952, 6.794810058051916], [11.469495907042893, 9.82478135173818], [11.491446433293104, 9.756707709366353]], "over": [[9.615805480084347, 14.746411438535103], [9.748294663130427, 15.954625536893076], [9.86526633971593, 15.087542890899448], [9.969977293804961, 15.70406395787847], [10.06475570013225, 18.202192192892777], [10.151323716440709, 12.415841659213877], [10.23099111917458, 11.127554568093718], [10.304777289233812, 17.268757304052574], [10.373491181781864, 13.82853916827053], [10.437785532487261, 14.900267319628915], [10.49819466028282, 15.517582045854455], [10.555161484889497, 12.637692673065859], [10.60905725309463, 14.263575647149306], [10.660196214585818, 16.49623222520093], [10.708846723703001, 17.182330858835922], [10.755239763272712, 16.35909191123026], [10.799575577092764, 15.102366843575664], [10.842028893345104, 16.146846847724515], [10.882753083571671, 14.570280605832085], [10.921883507347436, 16.439089023394786], [10.959540226785442, 18.28943602905031], [10.995830228190643, 13.308687692360376], [11.030849254490224, 15.31778254708799], [11.064683327506005, 16.39483618988052], [11.097410021008562, 17.113001856752085], [11.129099531965545, 13.037064029127444], [11.159815587195991, 12.111553266374521], [11.189616214875297, 16.070924505839834], [11.218554404367652, 14.334247920299356], [11.246678673238513, 16.85139810327122], [11.274033556687879, 16.36907664009465], [11.300660031803202, 16.61487784066607], [11.326595886778735, 12.427655036980225], [11.351876043451814, 17.507323573444914], [11.376532840064673, 11.45519713163936], [11.400596279996309, 15.245710040450577], [11.424094251263613, 15.94306242983238], [11.44705272081952, 15.78266039682303], [11.469495907042893, 13.095411481982284], [11.491446433293104, 16.436610919166203]], "merge": [[9.615805480084347, 6.922464685763177], [9.748294663130427, 7.115315902613123], [9.86526633971593, 7.586423683361294], [9.969977293804961, 8.225143472644625], [10.06475570013225, 7.84777481595761], [10.151323716440709, 6.3232638183377174], [10.23099111917458, 4.552574770285764], [10.304777289233812, 7.147152745888338], [10.373491181781864, 5.741953488788871], [10.437785532487261, 5.699849679487536], [10.49819466028282, 6.332104455151868], [10.555161484889497, 6.114721401490687], [10.60905725309463, 5.545649558415618], [10.660196214585818, 7.535945443888643], [10.708846723703001, 7.342202729913003], [10.755239763272712, 6.017149749098104], [10.799575577092764, 6.131180254067655], [10.842028893345104, 6.8212991069993905], [10.882753083571671, 6.014675192843533], [10.921883507347436, 6.567864553751988], [10.959540226785442, 7.716739956821904], [10.995830228190643, 5.783638525153851], [11.030849254490224, 6.131388282655276], [11.064683327506005, 7.479051322734517], [11.097410021008562, 7.083522324825764], [11.129099531965545, 5.2541004045873905], [11.159815587195991, 4.763267078596108], [11.189616214875297, 6.165650687651483], [11.218554404367652, 5.2439652822795315], [11.246678673238513, 7.690731437587414], [11.274033556687879, 6.1109587801887235], [11.300660031803202, 5.552778255231459], [11.326595886778735, 5.0174363816464655], [11.351876043451814, 6.736339096359077], [11.376532840064673, 5.6920532132578625], [11.400596279996309, 7.250242682736273], [11.424094251263613, 6.41074372387412], [11.44705272081952, 6.502413703924404], [11.469495907042893, 5.2741031360527515], [11.491446433293104, 6.42785749169734]], "argmin_dic": [[15000, 2], [17125, 2], [19250, 2], [21375, 2], [23500, 2], [25625, 2], [27750, 2], [29875, 3], [32000, 2], [34125, 2], [36250, 2], [38375, 2], [40500, 2], [42625, 3], [44750, 2], [46875, 3], [49000, 2], [51125, 2], [53250, 2], [55375, 2], [57500, 2], [59625, 2], [61750, 2], [63875, 2], [66000, 2], [68125, 2], [70250, 3], [72375, 2], [74500, 2], [76625, 2], [78750, 2], [80875, 2], [83000, 2], [85125, 2], [87250, 3], [89375, 2], [91500, 2], [93625, 2], [95750, 2], [97875, 2]], "time_elapsed": 3588.553282022476}