{"exact": [[6.907755278982137, 12.622152319297461], [8.153349757998892, 6.923330649703185], [8.691146498539675, 9.151502474709911], [9.038958755220563, 9.63299027045272], [9.296518068217235, 6.961405149294271], [9.501142571764207, 10.097236300388442], [9.670924779305427, 9.467596989417752], [9.816021526754852, 7.608032461421502], [9.94270826568941, 6.537314741927441], [10.055135102145268, 7.282524463419617], [10.156189906091882, 6.826127049019037], [10.247963389017864, 9.80892936736681], [10.332017933575289, 6.754768938834428], [10.409551859200409, 9.863842801044077], [10.481504425842441, 6.783314441500759], [10.548625513909712, 9.453309695579152], [10.611523345589823, 7.28402513112054], [10.67069806139613, 10.189960687550089], [10.726565902688105, 6.508005992913939], [10.779476987636757, 9.461510266535685], [10.829728615263452, 6.7698456581314925], [10.8775753831365, 9.129853896835256], [10.923236992778513, 9.787345770276579], [10.966904349300577, 9.235568157588812], [11.008744383922906, 9.996113527324354], [11.04890390740204, 9.701949231787191], [11.087512719052368, 9.272345205999937], [11.124686137527133, 10.026473579949181], [11.160527077798756, 9.548523443231211], [11.195127768613824, 7.044925153235257], [11.228571182611121, 6.843304774710174], [11.260932234926955, 9.394102595028372], [11.292278793854607, 7.056375428969789], [11.322672537849993, 9.142683862564377], [11.352169686090834, 9.78121545184509], [11.38082162433689, 9.714407689455369], [11.40867544359643, 9.688000222827316], [11.435774405781814, 9.295537561579113], [11.462158347916576, 9.862293255488622], [11.487864034374857, 9.375501022456465]], "over": [[6.907755278982137, 24.8800610450596], [8.153349757998892, 11.528771570421588], [8.691146498539675, 15.55264747985773], [9.038958755220563, 12.24992580478111], [9.296518068217235, 11.189153676922693], [9.501142571764207, 16.66748915091523], [9.670924779305427, 12.606265719704282], [9.816021526754852, 14.737035232122036], [9.94270826568941, 15.416122649906136], [10.055135102145268, 17.029024466452366], [10.156189906091882, 13.281551338238941], [10.247963389017864, 12.353153914227875], [10.332017933575289, 11.971763028088235], [10.409551859200409, 17.537377254226243], [10.481504425842441, 15.091245098317986], [10.548625513909712, 14.48305743619309], [10.611523345589823, 16.332684612638552], [10.67069806139613, 16.46025912155702], [10.726565902688105, 15.81757021612678], [10.779476987636757, 16.16788350868694], [10.829728615263452, 14.727100909861846], [10.8775753831365, 15.276489973155067], [10.923236992778513, 13.286960395442762], [10.966904349300577, 15.873510314508437], [11.008744383922906, 14.144855529270288], [11.04890390740204, 17.442400725448326], [11.087512719052368, 17.556114452046142], [11.124686137527133, 16.420528825612163], [11.160527077798756, 18.838627828750692], [11.195127768613824, 17.451129268411425], [11.228571182611121, 11.831002600975552], [11.260932234926955, 16.14923477595789], [11.292278793854607, 16.563626164595643], [11.322672537849993, 11.380458786824551], [11.352169686090834, 13.443855775601488], [11.38082162433689, 17.934944900486077], [11.40867544359643, 14.052903939783002], [11.435774405781814, 12.844328378361446], [11.462158347916576, 16.864325724688882], [11.487864034374857, 13.26640049273755]], "merge": [[6.907755278982137, 6.5260803612714415], [8.153349757998892, 5.20234875139435], [8.691146498539675, 7.235376620050069], [9.038958755220563, 5.649877879214813], [9.296518068217235, 5.8792521956768935], [9.501142571764207, 6.827335176390982], [9.670924779305427, 5.19605704851996], [9.816021526754852, 5.805359798706859], [9.94270826568941, 6.969097008835197], [10.055135102145268, 7.1275593914516495], [10.156189906091882, 5.960507578888009], [10.247963389017864, 4.720181090171793], [10.332017933575289, 4.378558771792508], [10.409551859200409, 7.724700926726578], [10.481504425842441, 7.129322898758619], [10.548625513909712, 6.067194245806931], [10.611523345589823, 7.211935718679902], [10.67069806139613, 6.5351276521040855], [10.726565902688105, 6.307625938358441], [10.779476987636757, 6.586323408464118], [10.829728615263452, 6.061638343808088], [10.8775753831365, 5.537376341810863], [10.923236992778513, 7.1039146074241675], [10.966904349300577, 5.90012305183311], [11.008744383922906, 6.320128417598762], [11.04890390740204, 7.451607614739661], [11.087512719052368, 6.9629968569244705], [11.124686137527133, 6.79625249274956], [11.160527077798756, 8.038033374557319], [11.195127768613824, 7.005354211019319], [11.228571182611121, 4.510738191411673], [11.260932234926955, 7.593628119073498], [11.292278793854607, 6.051975827536154], [11.322672537849993, 4.464601731100936], [11.352169686090834, 5.22990952726778], [11.38082162433689, 7.064053646971508], [11.40867544359643, 6.037293126128852], [11.435774405781814, 6.081265423181252], [11.462158347916576, 8.786505600644695], [11.487864034374857, 5.453097278682372]], "argmin_dic": [[1000, 3], [3475, 2], [5950, 2], [8425, 2], [10900, 3], [13375, 2], [15850, 2], [18325, 3], [20800, 2], [23275, 2], [25750, 2], [28225, 3], [30700, 2], [33175, 2], [35650, 2], [38125, 2], [40600, 3], [43075, 2], [45550, 2], [48025, 2], [50500, 2], [52975, 2], [55450, 2], [57925, 2], [60400, 3], [62875, 3], [65350, 2], [67825, 2], [70300, 2], [72775, 2], [75250, 2], [77725, 2], [80200, 2], [82675, 2], [85150, 2], [87625, 2], [90100, 2], [92575, 2], [95050, 2], [97525, 2]], "time_elapsed": 2452.62055516243}