{"exact": [[6.907755278982137, 12.027232621126965], [8.153349757998892, 11.095504275559433], [8.691146498539675, 10.257291099803926], [9.038958755220563, 9.456984961144048], [9.296518068217235, 7.161474993828101], [9.501142571764207, 6.949163749521437], [9.670924779305427, 7.047053390046428], [9.816021526754852, 7.590560436176321], [9.94270826568941, 9.56359658678361], [10.055135102145268, 6.746111161733846], [10.156189906091882, 9.774491105557503], [10.247963389017864, 7.180598599018783], [10.332017933575289, 9.380158131763235], [10.409551859200409, 9.485765773212345], [10.481504425842441, 9.68871149252609], [10.548625513909712, 6.521924060073019], [10.611523345589823, 7.022323458293899], [10.67069806139613, 6.759596930427038], [10.726565902688105, 10.305271317382154], [10.779476987636757, 6.757100898525312], [10.829728615263452, 10.198055528938252], [10.8775753831365, 9.340836433314841], [10.923236992778513, 9.422478959798509], [10.966904349300577, 6.461934129276991], [11.008744383922906, 9.768231069549136], [11.04890390740204, 7.107535740654622], [11.087512719052368, 9.84630651778973], [11.124686137527133, 6.797349302806472], [11.160527077798756, 9.396813219354494], [11.195127768613824, 7.041863103147621], [11.228571182611121, 9.88124306374694], [11.260932234926955, 8.487544231549666], [11.292278793854607, 9.119984490435755], [11.322672537849993, 7.107255525771415], [11.352169686090834, 6.51527659678831], [11.38082162433689, 9.338223796416482], [11.40867544359643, 9.81455427931461], [11.435774405781814, 9.792263797149477], [11.462158347916576, 9.843179153862227], [11.487864034374857, 7.127538066474915]], "over": [[6.907755278982137, 35.29873780087823], [8.153349757998892, 15.652698181646924], [8.691146498539675, 17.30897655141476], [9.038958755220563, 19.686927058358812], [9.296518068217235, 12.051272947949373], [9.501142571764207, 17.34868212568083], [9.670924779305427, 16.46477882475435], [9.816021526754852, 14.833186318161083], [9.94270826568941, 17.978922846568192], [10.055135102145268, 17.58512875581511], [10.156189906091882, 16.068970302130083], [10.247963389017864, 11.32040268972481], [10.332017933575289, 17.80140090850397], [10.409551859200409, 16.404111838422185], [10.481504425842441, 14.79639131328603], [10.548625513909712, 15.861692524245633], [10.611523345589823, 12.535054708749593], [10.67069806139613, 17.004798392974596], [10.726565902688105, 13.976228758685155], [10.779476987636757, 18.20294640205216], [10.829728615263452, 13.361705220205033], [10.8775753831365, 16.305246657835674], [10.923236992778513, 16.485306263210877], [10.966904349300577, 14.520019097632792], [11.008744383922906, 16.334033183672435], [11.04890390740204, 13.220009144010286], [11.087512719052368, 14.444934034079123], [11.124686137527133, 11.802607008735606], [11.160527077798756, 11.583779339009805], [11.195127768613824, 16.14506656993207], [11.228571182611121, 16.574636837907775], [11.260932234926955, 16.04421650637397], [11.292278793854607, 15.686973387888038], [11.322672537849993, 12.38527207238572], [11.352169686090834, 12.542302693811402], [11.38082162433689, 16.468221010122576], [11.40867544359643, 16.68542468833346], [11.435774405781814, 13.438976671765603], [11.462158347916576, 12.196299353632028], [11.487864034374857, 17.847619223107927]], "merge": [[6.907755278982137, 16.661722048120108], [8.153349757998892, 5.7308388858100585], [8.691146498539675, 8.080290235566798], [9.038958755220563, 6.220942381508631], [9.296518068217235, 4.250761401990413], [9.501142571764207, 6.98446965429647], [9.670924779305427, 7.064789135351747], [9.816021526754852, 5.587731908937262], [9.94270826568941, 7.654714400238941], [10.055135102145268, 6.860527863229479], [10.156189906091882, 7.439097473114453], [10.247963389017864, 5.433832440617519], [10.332017933575289, 7.192224421220515], [10.409551859200409, 6.913625457660406], [10.481504425842441, 6.455134072733355], [10.548625513909712, 7.322571215076039], [10.611523345589823, 4.6243969330730215], [10.67069806139613, 7.209835306522713], [10.726565902688105, 5.100630402410637], [10.779476987636757, 6.664629734010749], [10.829728615263452, 6.003947292645114], [10.8775753831365, 7.45657140776103], [10.923236992778513, 5.993481761632795], [10.966904349300577, 6.366276218090023], [11.008744383922906, 7.168517884965248], [11.04890390740204, 4.475176433338966], [11.087512719052368, 5.944919052640492], [11.124686137527133, 5.875995200318127], [11.160527077798756, 4.713953572746661], [11.195127768613824, 8.26406937913695], [11.228571182611121, 6.854810585981107], [11.260932234926955, 7.46339992024924], [11.292278793854607, 6.3864597695853815], [11.322672537849993, 5.615046862747674], [11.352169686090834, 5.293208743610151], [11.38082162433689, 7.136375443796306], [11.40867544359643, 8.73029056365876], [11.435774405781814, 5.069789078713704], [11.462158347916576, 4.621586031571156], [11.487864034374857, 7.995054202015927]], "argmin_dic": [[1000, 3], [3475, 3], [5950, 3], [8425, 3], [10900, 2], [13375, 2], [15850, 2], [18325, 2], [20800, 2], [23275, 2], [25750, 2], [28225, 2], [30700, 2], [33175, 2], [35650, 2], [38125, 2], [40600, 3], [43075, 2], [45550, 2], [48025, 2], [50500, 3], [52975, 2], [55450, 3], [57925, 2], [60400, 2], [62875, 2], [65350, 2], [67825, 2], [70300, 3], [72775, 2], [75250, 2], [77725, 2], [80200, 2], [82675, 2], [85150, 3], [87625, 2], [90100, 2], [92575, 2], [95050, 2], [97525, 2]], "time_elapsed": 3648.288836956024}