{"exact": [[6.907755278982137, 10.193836365653112], [8.153349757998892, 8.250569141201904], [8.691146498539675, 9.862867595073165], [9.038958755220563, 10.07210076280061], [9.296518068217235, 7.140459582148034], [9.501142571764207, 9.553749965049972], [9.670924779305427, 10.099847474024434], [9.816021526754852, 10.199509037847333], [9.94270826568941, 9.609718118168573], [10.055135102145268, 10.062653165242057], [10.156189906091882, 10.50528126448894], [10.247963389017864, 10.420320690741814], [10.332017933575289, 9.414517935926506], [10.409551859200409, 9.412079609592913], [10.481504425842441, 9.501810556909549], [10.548625513909712, 9.313879575323924], [10.611523345589823, 9.86116339647295], [10.67069806139613, 9.450244960003598], [10.726565902688105, 9.851628270221175], [10.779476987636757, 9.601609242874964], [10.829728615263452, 9.438284235816022], [10.8775753831365, 9.51963110484225], [10.923236992778513, 9.602946994243766], [10.966904349300577, 9.34299479763267], [11.008744383922906, 9.4520798284737], [11.04890390740204, 6.888334618394875], [11.087512719052368, 9.363618287076134], [11.124686137527133, 9.443071360380152], [11.160527077798756, 9.537684760747695], [11.195127768613824, 10.056028696348651], [11.228571182611121, 6.7462661078930815], [11.260932234926955, 9.603692991965184], [11.292278793854607, 6.917793600175469], [11.322672537849993, 9.574250735955525], [11.352169686090834, 7.15556545563022], [11.38082162433689, 7.08174911092064], [11.40867544359643, 7.095267696353115], [11.435774405781814, 9.253581458381024], [11.462158347916576, 9.335566894289633], [11.487864034374857, 9.81247154823444]], "over": [[6.907755278982137, 20.871128231284086], [8.153349757998892, 16.681941056621724], [8.691146498539675, 21.47356379165399], [9.038958755220563, 12.56070336395823], [9.296518068217235, 16.49603985706543], [9.501142571764207, 15.087163840751982], [9.670924779305427, 19.384702507677634], [9.816021526754852, 17.955977568491804], [9.94270826568941, 14.804188160346046], [10.055135102145268, 13.961468981651272], [10.156189906091882, 16.02370481941405], [10.247963389017864, 17.315529758541107], [10.332017933575289, 11.457510520915378], [10.409551859200409, 12.623417608762695], [10.481504425842441, 15.150269460727651], [10.548625513909712, 17.899451343040706], [10.611523345589823, 12.58377108789809], [10.67069806139613, 12.78519627243289], [10.726565902688105, 15.358324860319179], [10.779476987636757, 15.126214294145903], [10.829728615263452, 15.971130876037552], [10.8775753831365, 17.292496977344413], [10.923236992778513, 16.56588801517917], [10.966904349300577, 11.609112542828642], [11.008744383922906, 13.157534010628108], [11.04890390740204, 15.760500892539733], [11.087512719052368, 11.083456467072972], [11.124686137527133, 16.637317809869728], [11.160527077798756, 14.376766368876572], [11.195127768613824, 12.698566458661048], [11.228571182611121, 16.75020458153183], [11.260932234926955, 15.856758218747927], [11.292278793854607, 15.71069370548594], [11.322672537849993, 16.979568220549062], [11.352169686090834, 18.214623264872984], [11.38082162433689, 17.832949257852178], [11.40867544359643, 17.643228210557282], [11.435774405781814, 12.199673711879363], [11.462158347916576, 15.748598961449266], [11.487864034374857, 12.646796467431741]], "merge": [[6.907755278982137, 8.724237036118891], [8.153349757998892, 6.699743437700083], [8.691146498539675, 7.442892083305516], [9.038958755220563, 5.740537494331], [9.296518068217235, 7.154958242278906], [9.501142571764207, 5.884882078261729], [9.670924779305427, 9.246985195512412], [9.816021526754852, 7.580842254429564], [9.94270826568941, 6.39105163172061], [10.055135102145268, 4.664727879783432], [10.156189906091882, 7.449145626504359], [10.247963389017864, 6.093848275888176], [10.332017933575289, 4.159416706193342], [10.409551859200409, 4.697224642779234], [10.481504425842441, 6.609541019195573], [10.548625513909712, 7.241088044989891], [10.611523345589823, 4.613625739662702], [10.67069806139613, 6.214860589280993], [10.726565902688105, 5.95170477242356], [10.779476987636757, 6.036069512213884], [10.829728615263452, 6.36346656651894], [10.8775753831365, 6.933209422903096], [10.923236992778513, 7.1160810551179265], [10.966904349300577, 5.57737098940247], [11.008744383922906, 5.191123936580525], [11.04890390740204, 6.930041756946823], [11.087512719052368, 5.6083036482987145], [11.124686137527133, 6.175710258498216], [11.160527077798756, 5.748369172274679], [11.195127768613824, 5.74908465785888], [11.228571182611121, 6.129008796149056], [11.260932234926955, 7.204495918935573], [11.292278793854607, 5.978714069984998], [11.322672537849993, 6.646974859951747], [11.352169686090834, 7.168341974991805], [11.38082162433689, 7.626833168278837], [11.40867544359643, 7.452932888440815], [11.435774405781814, 5.367073158117932], [11.462158347916576, 5.760876306899202], [11.487864034374857, 4.370783091985721]], "argmin_dic": [[1000, 3], [3475, 2], [5950, 2], [8425, 3], [10900, 2], [13375, 2], [15850, 2], [18325, 3], [20800, 2], [23275, 2], [25750, 2], [28225, 2], [30700, 2], [33175, 3], [35650, 2], [38125, 2], [40600, 2], [43075, 2], [45550, 2], [48025, 2], [50500, 3], [52975, 2], [55450, 2], [57925, 2], [60400, 2], [62875, 2], [65350, 2], [67825, 2], [70300, 2], [72775, 2], [75250, 2], [77725, 2], [80200, 2], [82675, 2], [85150, 2], [87625, 2], [90100, 2], [92575, 2], [95050, 3], [97525, 2]], "time_elapsed": 2438.635995388031}