 {"exact": [[6.907755278982137, 5.54604131831197], [8.153349757998892, 7.922544342393281], [8.691146498539675, 7.498389093767941], [9.038958755220563, 10.511993376094434], [9.296518068217235, 7.580264616964223], [9.501142571764207, 9.380761356974064], [9.670924779305427, 6.925681601057452], [9.816021526754852, 9.137007958906263], [9.94270826568941, 9.504152885053346], [10.055135102145268, 9.848502007102603], [10.156189906091882, 7.468467060493179], [10.247963389017864, 7.367340609502476], [10.332017933575289, 9.834999327187408], [10.409551859200409, 10.072931525495196], [10.481504425842441, 7.5675190619808], [10.548625513909712, 10.102397264684436], [10.611523345589823, 10.239868699952671], [10.67069806139613, 7.199686106327176], [10.726565902688105, 9.24270179415054], [10.779476987636757, 9.929342600833305], [10.829728615263452, 9.346824745129313], [10.8775753831365, 6.719545870068617], [10.923236992778513, 9.893368300877045], [10.966904349300577, 9.185925689077257], [11.008744383922906, 9.937696403214803], [11.04890390740204, 7.341875188999209], [11.087512719052368, 10.002507056313792], [11.124686137527133, 7.06237021619557], [11.160527077798756, 9.290499795542738], [11.195127768613824, 9.666634537053731], [11.228571182611121, 9.83371298833781], [11.260932234926955, 9.235548335149264], [11.292278793854607, 9.338820425626775], [11.322672537849993, 6.786711257748977], [11.352169686090834, 9.393760544589913], [11.38082162433689, 9.822471985222792], [11.40867544359643, 9.903533648174589], [11.435774405781814, 7.394080800153074], [11.462158347916576, 9.710283754547921], [11.487864034374857, 9.365359124734836]], "over": [[6.907755278982137, 20.069461914004084], [8.153349757998892, 23.995746320011666], [8.691146498539675, 19.165809382724348], [9.038958755220563, 14.788835962669816], [9.296518068217235, 18.39988632527577], [9.501142571764207, 15.818649218137566], [9.670924779305427, 11.353230562419213], [9.816021526754852, 18.49971200457996], [9.94270826568941, 17.505345721346885], [10.055135102145268, 12.922187986250131], [10.156189906091882, 18.142129852802114], [10.247963389017864, 11.449488857347044], [10.332017933575289, 17.551869565556345], [10.409551859200409, 12.592894028236573], [10.481504425842441, 16.27980028217223], [10.548625513909712, 15.258766919578882], [10.611523345589823, 12.60255399247968], [10.67069806139613, 15.254392890958806], [10.726565902688105, 14.929119099894004], [10.779476987636757, 16.824219718118858], [10.829728615263452, 16.273989867532517], [10.8775753831365, 15.906800189965722], [10.923236992778513, 18.45854333821924], [10.966904349300577, 15.405411061351908], [11.008744383922906, 16.06237683148905], [11.04890390740204, 17.01294235433706], [11.087512719052368, 16.307143187723483], [11.124686137527133, 15.402620771353256], [11.160527077798756, 11.153656685509512], [11.195127768613824, 12.197252020259711], [11.228571182611121, 17.63480036897877], [11.260932234926955, 11.371269359571377], [11.292278793854607, 12.292442948590617], [11.322672537849993, 12.481036500161142], [11.352169686090834, 15.705273105814815], [11.38082162433689, 16.49637756225851], [11.40867544359643, 12.63826996776124], [11.435774405781814, 16.906669742970912], [11.462158347916576, 15.462847242462784], [11.487864034374857, 16.212200058510494]], "merge": [[6.907755278982137, 4.957989394836501], [8.153349757998892, 8.56953926475358], [8.691146498539675, 7.975649683015761], [9.038958755220563, 6.0712888153432285], [9.296518068217235, 7.582831755805508], [9.501142571764207, 5.692146571553916], [9.670924779305427, 5.2152669129909075], [9.816021526754852, 7.068014273697596], [9.94270826568941, 5.9278281407039195], [10.055135102145268, 4.521272811338814], [10.156189906091882, 7.85327352998191], [10.247963389017864, 5.62941689577785], [10.332017933575289, 7.321882465494486], [10.409551859200409, 4.664298569092984], [10.481504425842441, 6.255007329292326], [10.548625513909712, 5.419947126677237], [10.611523345589823, 5.5618914783165465], [10.67069806139613, 7.015754275560711], [10.726565902688105, 6.3247699694028885], [10.779476987636757, 7.028507177395087], [10.829728615263452, 7.06041064837004], [10.8775753831365, 6.097115206184701], [10.923236992778513, 7.385449933213946], [10.966904349300577, 6.186939346432111], [11.008744383922906, 6.882240542040454], [11.04890390740204, 7.339317574404662], [11.087512719052368, 6.067105271324883], [11.124686137527133, 5.8656356339616895], [11.160527077798756, 4.917107295952535], [11.195127768613824, 5.389433162047726], [11.228571182611121, 7.757471047887696], [11.260932234926955, 5.053458830654103], [11.292278793854607, 5.614075873061416], [11.322672537849993, 4.592152497512429], [11.352169686090834, 7.098903094904887], [11.38082162433689, 8.547061460672888], [11.40867544359643, 5.287144790079571], [11.435774405781814, 6.322795533315793], [11.462158347916576, 5.712235284391375], [11.487864034374857, 8.430827278832224]], "argmin_dic": [[1000, 3], [3475, 3], [5950, 2], [8425, 3], [10900, 2], [13375, 3], [15850, 2], [18325, 2], [20800, 2], [23275, 2], [25750, 3], [28225, 2], [30700, 2], [33175, 2], [35650, 2], [38125, 2], [40600, 2], [43075, 2], [45550, 2], [48025, 2], [50500, 2], [52975, 2], [55450, 2], [57925, 2], [60400, 2], [62875, 2], [65350, 2], [67825, 2], [70300, 2], [72775, 2], [75250, 2], [77725, 2], [80200, 2], [82675, 2], [85150, 2], [87625, 2], [90100, 2], [92575, 2], [95050, 2], [97525, 2]], "time_elapsed": 2713.2420065402985}