{"exact": [[6.907755278982137, 15.033742714453945], [8.153349757998892, 9.315064325003618], [8.691146498539675, 8.458368093388817], [9.038958755220563, 7.177789040416503], [9.296518068217235, 9.791649808569058], [9.501142571764207, 9.98548700497278], [9.670924779305427, 8.98444867047524], [9.816021526754852, 9.380532665234107], [9.94270826568941, 9.43936305712909], [10.055135102145268, 7.54030864610835], [10.156189906091882, 9.858743160050174], [10.247963389017864, 9.569114088675816], [10.332017933575289, 9.258275313920247], [10.409551859200409, 9.13414680459852], [10.481504425842441, 9.266392291843642], [10.548625513909712, 7.038147142239438], [10.611523345589823, 9.59048532379527], [10.67069806139613, 9.785477354781596], [10.726565902688105, 9.430923458927651], [10.779476987636757, 6.964325074077671], [10.829728615263452, 7.145580218550494], [10.8775753831365, 9.523541785814329], [10.923236992778513, 9.375507295437918], [10.966904349300577, 9.773660184360665], [11.008744383922906, 9.153073398858798], [11.04890390740204, 9.444258956969875], [11.087512719052368, 6.6996036834409685], [11.124686137527133, 9.428153733060439], [11.160527077798756, 7.25827490887906], [11.195127768613824, 7.082439473274665], [11.228571182611121, 9.41080764407976], [11.260932234926955, 9.324182338898819], [11.292278793854607, 6.848971839662785], [11.322672537849993, 9.442543911925636], [11.352169686090834, 7.060579839818039], [11.38082162433689, 9.828681357803498], [11.40867544359643, 7.028320290365641], [11.435774405781814, 10.078627427538715], [11.462158347916576, 6.706123352169933], [11.487864034374857, 9.482061466770965]], "over": [[6.907755278982137, 18.03926603131584], [8.153349757998892, 19.825076768177645], [8.691146498539675, 19.521892287529024], [9.038958755220563, 13.129291935053836], [9.296518068217235, 11.089576180877499], [9.501142571764207, 16.33831702352605], [9.670924779305427, 11.137064405210486], [9.816021526754852, 16.698775796105082], [9.94270826568941, 12.847217525372187], [10.055135102145268, 17.013469949018464], [10.156189906091882, 14.740684300875833], [10.247963389017864, 13.918116655527076], [10.332017933575289, 17.38088655049393], [10.409551859200409, 11.901682448219153], [10.481504425842441, 14.923134513711519], [10.548625513909712, 12.249560718575996], [10.611523345589823, 16.862745159436137], [10.67069806139613, 15.74796451714663], [10.726565902688105, 13.810878800082056], [10.779476987636757, 11.17107317543549], [10.829728615263452, 13.485083578790324], [10.8775753831365, 10.967631124106388], [10.923236992778513, 16.196084702722693], [10.966904349300577, 15.664423863093537], [11.008744383922906, 11.076703539341299], [11.04890390740204, 11.596196057216272], [11.087512719052368, 15.398552821634818], [11.124686137527133, 18.30688623285384], [11.160527077798756, 18.182469903406957], [11.195127768613824, 14.904863345169446], [11.228571182611121, 17.04212795219061], [11.260932234926955, 14.14190895831094], [11.292278793854607, 18.07559247705857], [11.322672537849993, 16.77562467302786], [11.352169686090834, 13.322060180776234], [11.38082162433689, 16.262017831390164], [11.40867544359643, 11.988592396346899], [11.435774405781814, 15.877117915808531], [11.462158347916576, 16.068576318541268], [11.487864034374857, 16.25628390753917]], "merge": [[6.907755278982137, 6.907444428936459], [8.153349757998892, 7.793833500396134], [8.691146498539675, 6.8948943002502885], [9.038958755220563, 5.229863472267857], [9.296518068217235, 5.3030430475620305], [9.501142571764207, 6.193285263293391], [9.670924779305427, 4.313895632476383], [9.816021526754852, 7.115206099063479], [9.94270826568941, 5.581897788239471], [10.055135102145268, 6.582223890036882], [10.156189906091882, 5.635052754439873], [10.247963389017864, 5.481717578696107], [10.332017933575289, 6.603336597434413], [10.409551859200409, 5.775736981545762], [10.481504425842441, 6.167392406268591], [10.548625513909712, 5.395879247233987], [10.611523345589823, 6.7521117549396905], [10.67069806139613, 5.997348960110389], [10.726565902688105, 7.630221274504463], [10.779476987636757, 5.47007736775825], [10.829728615263452, 5.323579275369213], [10.8775753831365, 4.600333338871738], [10.923236992778513, 7.584703450757069], [10.966904349300577, 6.549555163409644], [11.008744383922906, 5.39382153357263], [11.04890390740204, 4.4886004136916995], [11.087512719052368, 7.170881385833031], [11.124686137527133, 7.450897336274458], [11.160527077798756, 7.882667191582893], [11.195127768613824, 5.985591672694927], [11.228571182611121, 7.145766143260235], [11.260932234926955, 6.083607129572721], [11.292278793854607, 7.660709334887373], [11.322672537849993, 6.630483220881878], [11.352169686090834, 5.665706546106877], [11.38082162433689, 7.196670981772058], [11.40867544359643, 4.330888384169432], [11.435774405781814, 6.476567180442255], [11.462158347916576, 5.7966015565886755], [11.487864034374857, 8.375575794849013]], "argmin_dic": [[1000, 3], [3475, 3], [5950, 3], [8425, 2], [10900, 2], [13375, 2], [15850, 2], [18325, 2], [20800, 2], [23275, 3], [25750, 3], [28225, 3], [30700, 2], [33175, 3], [35650, 2], [38125, 2], [40600, 2], [43075, 2], [45550, 2], [48025, 2], [50500, 2], [52975, 2], [55450, 2], [57925, 2], [60400, 2], [62875, 2], [65350, 2], [67825, 2], [70300, 3], [72775, 2], [75250, 2], [77725, 3], [80200, 2], [82675, 2], [85150, 2], [87625, 2], [90100, 2], [92575, 2], [95050, 2], [97525, 2]], "time_elapsed": 2397.860539674759}