{"exact": [[9.615805480084347, 6.777270485557528], [9.748294663130427, 6.666518371240814], [9.86526633971593, 9.913903507941827], [9.969977293804961, 9.830871611800092], [10.06475570013225, 7.156632901445803], [10.151323716440709, 9.3908035322122], [10.23099111917458, 9.394433011529086], [10.304777289233812, 9.652499924773926], [10.373491181781864, 9.257576048963974], [10.437785532487261, 9.937363951680942], [10.49819466028282, 9.326315225116074], [10.555161484889497, 9.824331205276652], [10.60905725309463, 9.977376742587516], [10.660196214585818, 9.305712428664833], [10.708846723703001, 6.858185115811506], [10.755239763272712, 9.86067694021926], [10.799575577092764, 9.412361379709969], [10.842028893345104, 9.521125429582327], [10.882753083571671, 9.675636847837293], [10.921883507347436, 9.971424221873336], [10.959540226785442, 6.961426847394662], [10.995830228190643, 6.721365587060179], [11.030849254490224, 9.80913107578843], [11.064683327506005, 9.353966540660629], [11.097410021008562, 6.502399236798751], [11.129099531965545, 9.872530979437434], [11.159815587195991, 9.566671117958753], [11.189616214875297, 9.34406916686556], [11.218554404367652, 9.543803128614648], [11.246678673238513, 9.83413844502606], [11.274033556687879, 7.151514520752023], [11.300660031803202, 6.862094304618722], [11.326595886778735, 9.623779438700886], [11.351876043451814, 9.449946381237032], [11.376532840064673, 9.542297735999462], [11.400596279996309, 9.880219023677046], [11.424094251263613, 6.825049741276451], [11.44705272081952, 9.507274746635098], [11.469495907042893, 9.261025953063653], [11.491446433293104, 9.928343086600075]], "over": [[9.615805480084347, 16.887981310828444], [9.748294663130427, 11.109712612582339], [9.86526633971593, 12.632163459268979], [9.969977293804961, 11.051552491567778], [10.06475570013225, 12.137799524084047], [10.151323716440709, 16.889431827114663], [10.23099111917458, 13.146569359596223], [10.304777289233812, 14.021862686832105], [10.373491181781864, 11.077519027816113], [10.437785532487261, 12.272769918514198], [10.49819466028282, 14.938241011729918], [10.555161484889497, 12.936875503917872], [10.60905725309463, 13.229585662945109], [10.660196214585818, 12.908226953851106], [10.708846723703001, 16.118835409464374], [10.755239763272712, 16.693476729449575], [10.799575577092764, 15.96379084792433], [10.842028893345104, 12.896960941241518], [10.882753083571671, 14.59008119342758], [10.921883507347436, 13.457614113281643], [10.959540226785442, 12.092436462136359], [10.995830228190643, 17.524957532320787], [11.030849254490224, 15.698202096705355], [11.064683327506005, 15.067593744594065], [11.097410021008562, 14.41560735081578], [11.129099531965545, 17.449688524450334], [11.159815587195991, 13.676082413128174], [11.189616214875297, 12.673641570690208], [11.218554404367652, 11.71170299901922], [11.246678673238513, 15.492550556853956], [11.274033556687879, 17.61668223186634], [11.300660031803202, 16.689264959839203], [11.326595886778735, 13.571553812799094], [11.351876043451814, 17.612694515231915], [11.376532840064673, 14.515354172219434], [11.400596279996309, 13.410341502645766], [11.424094251263613, 15.264454821151379], [11.44705272081952, 15.34951113556604], [11.469495907042893, 15.4487757886211], [11.491446433293104, 12.94600336592915]], "merge": [[9.615805480084347, 7.716700671283039], [9.748294663130427, 6.003607501113492], [9.86526633971593, 6.497492280496067], [9.969977293804961, 5.775532414074763], [10.06475570013225, 7.1174982266873705], [10.151323716440709, 6.536353274081155], [10.23099111917458, 4.5626003910768755], [10.304777289233812, 5.868546203124137], [10.373491181781864, 7.585272034605022], [10.437785532487261, 5.9845846222904155], [10.49819466028282, 5.980746094440086], [10.555161484889497, 5.832209704891422], [10.60905725309463, 4.60199226249761], [10.660196214585818, 5.8564109257472134], [10.708846723703001, 5.843120981229465], [10.755239763272712, 6.282501236623756], [10.799575577092764, 5.961177570182867], [10.842028893345104, 8.37274822438568], [10.882753083571671, 7.77120606390603], [10.921883507347436, 8.527269690352103], [10.959540226785442, 4.357237678073686], [10.995830228190643, 6.04467562430273], [11.030849254490224, 5.796380176047878], [11.064683327506005, 7.2513370678703435], [11.097410021008562, 5.6497964588978276], [11.129099531965545, 5.047729370446223], [11.159815587195991, 7.344573832872483], [11.189616214875297, 6.7674974672066295], [11.218554404367652, 7.401383692192011], [11.246678673238513, 7.183173375837118], [11.274033556687879, 7.18204618146827], [11.300660031803202, 6.894729729505155], [11.326595886778735, 7.658727164718729], [11.351876043451814, 6.707883206317002], [11.376532840064673, 7.429359090355129], [11.400596279996309, 6.857822957462042], [11.424094251263613, 5.541108963419551], [11.44705272081952, 5.184112453709504], [11.469495907042893, 5.484399116025425], [11.491446433293104, 5.748473596818557]], "argmin_dic": [[15000, 2], [17125, 2], [19250, 2], [21375, 2], [23500, 2], [25625, 2], [27750, 2], [29875, 2], [32000, 2], [34125, 2], [36250, 2], [38375, 2], [40500, 2], [42625, 2], [44750, 2], [46875, 2], [49000, 2], [51125, 2], [53250, 2], [55375, 2], [57500, 2], [59625, 2], [61750, 2], [63875, 2], [66000, 2], [68125, 2], [70250, 2], [72375, 2], [74500, 2], [76625, 2], [78750, 2], [80875, 2], [83000, 2], [85125, 2], [87250, 2], [89375, 2], [91500, 3], [93625, 2], [95750, 2], [97875, 3]], "time_elapsed": 5798.7153577804565}