{"exact": [[10.46310334047155, 9.65677634527331], [10.50848634631937, 9.243167051332062], [10.551898839254681, 9.761763644648498], [10.593504840087146, 9.63499151264416], [10.63344870621879, 9.060159071729624], [10.67185815433366, 9.160021257935918], [10.708846723703001, 7.2444641740755715], [10.744515799909736, 7.277290531005337], [10.778956289890028, 9.592746323475493], [10.812250017989491, 9.380453437679353], [10.844470897000654, 9.678320112806055], [10.87568591634858, 6.548225758982697], [10.905955980651335, 9.228491139614357], [10.935336625044556, 9.44286769496409], [10.96387862838404, 9.157942740726035], [10.991628541336942, 10.005485562048902], [11.018629143155449, 9.731820494411691], [11.044919838387166, 9.264787353382642], [11.070537002757467, 9.887805792124455], [11.095514285843663, 9.445223689145305], [11.119882876860622, 10.011857838442454], [11.143671738824636, 9.321305350115447], [11.166907815505484, 7.031989213403862], [11.189616214875297, 9.852987431008904], [11.211820372186306, 6.799058671923671], [11.233542195333143, 9.444616009957862], [11.254802194759993, 9.935873035697822], [11.275619599843514, 9.398372425756131], [11.296012463406655, 9.915772007143948], [11.315997755786912, 9.467455839687], [11.335591449687312, 9.473652299657754], [11.354808596873092, 9.415107562675198], [11.37366339763672, 9.936520581758517], [11.392169263834429, 6.740289914205354], [11.410338876195127, 9.539761937078554], [11.428184236515138, 6.814416309045832], [11.44571671527678, 10.041120133124439], [11.462947095163987, 9.718901619656254], [11.479885610892028, 9.763394327190458], [11.496541985719704, 9.685202641109186]], "over": [[10.46310334047155, 14.50249306895128], [10.50848634631937, 16.036494278191864], [10.551898839254681, 11.141147344754097], [10.593504840087146, 14.558947914998615], [10.63344870621879, 17.50748635037896], [10.67185815433366, 12.64171141394193], [10.708846723703001, 14.182709411563241], [10.744515799909736, 16.22164556019138], [10.778956289890028, 13.27490732620318], [10.812250017989491, 11.73080285368709], [10.844470897000654, 16.890139603593145], [10.87568591634858, 15.29386647841327], [10.905955980651335, 17.489918794637003], [10.935336625044556, 14.571393196639635], [10.96387862838404, 16.437865924361535], [10.991628541336942, 16.126075196695062], [11.018629143155449, 11.02522389351642], [11.044919838387166, 16.7947423825482], [11.070537002757467, 11.648347426404863], [11.095514285843663, 13.142535983202784], [11.119882876860622, 15.62811463094322], [11.143671738824636, 18.436544995082194], [11.166907815505484, 15.989033063223683], [11.189616214875297, 17.350477849737594], [11.211820372186306, 17.491863973556548], [11.233542195333143, 12.771326526937028], [11.254802194759993, 12.78944135197649], [11.275619599843514, 16.75951850319235], [11.296012463406655, 14.313195939388098], [11.315997755786912, 17.71228204577372], [11.335591449687312, 18.25503883252454], [11.354808596873092, 15.584126897597482], [11.37366339763672, 15.484606731116202], [11.392169263834429, 17.57061020567571], [11.410338876195127, 17.960582351347956], [11.428184236515138, 14.933059248703396], [11.44571671527678, 18.32270417330697], [11.462947095163987, 11.76921707295344], [11.479885610892028, 16.67595391716071], [11.496541985719704, 12.476076323126033]], "merge": [[10.46310334047155, 5.388255702435253], [10.50848634631937, 5.879419894986447], [10.551898839254681, 7.548536618559326], [10.593504840087146, 5.487400567793677], [10.63344870621879, 5.19570173424163], [10.67185815433366, 7.0075039453274455], [10.708846723703001, 5.413167044323316], [10.744515799909736, 4.534298541415461], [10.778956289890028, 7.043723956727232], [10.812250017989491, 6.9702428429441525], [10.844470897000654, 7.492491998464607], [10.87568591634858, 5.9565669415560585], [10.905955980651335, 6.317248199972651], [10.935336625044556, 5.622855951840562], [10.96387862838404, 7.176855237056611], [10.991628541336942, 5.168757781944041], [11.018629143155449, 5.138007877247625], [11.044919838387166, 4.432412138498608], [11.070537002757467, 5.097803827771572], [11.095514285843663, 7.285992446753154], [11.119882876860622, 6.182449812591931], [11.143671738824636, 6.582052042944952], [11.166907815505484, 7.107686049374567], [11.189616214875297, 5.286176461972713], [11.211820372186306, 5.785015154873085], [11.233542195333143, 7.783192843750902], [11.254802194759993, 7.041186047407378], [11.275619599843514, 5.8245355737201745], [11.296012463406655, 6.909870617271624], [11.315997755786912, 5.458681258344581], [11.335591449687312, 6.288694134901796], [11.354808596873092, 7.309554296707996], [11.37366339763672, 5.149119812459077], [11.392169263834429, 6.062165070667404], [11.410338876195127, 8.599629591593], [11.428184236515138, 6.04151569757801], [11.44571671527678, 5.394247475764828], [11.462947095163987, 6.688030480112159], [11.479885610892028, 4.7400345611898], [11.496541985719704, 5.427840592198607]], "argmin_dic": [[35000, 2], [36625, 2], [38250, 2], [39875, 2], [41500, 2], [43125, 2], [44750, 3], [46375, 2], [48000, 2], [49625, 2], [51250, 2], [52875, 2], [54500, 2], [56125, 2], [57750, 2], [59375, 2], [61000, 2], [62625, 2], [64250, 2], [65875, 2], [67500, 2], [69125, 2], [70750, 2], [72375, 2], [74000, 2], [75625, 2], [77250, 2], [78875, 2], [80500, 2], [82125, 2], [83750, 2], [85375, 2], [87000, 2], [88625, 2], [90250, 2], [91875, 2], [93500, 2], [95125, 2], [96750, 2], [98375, 2]], "time_elapsed": 5630.137990474701}