{"exact": [[6.907755278982137, 8.56881868696662], [8.153349757998892, 6.292459562449806], [8.691146498539675, 9.32123842646434], [9.038958755220563, 7.035652924612411], [9.296518068217235, 9.690642998113466], [9.501142571764207, 9.877051348568765], [9.670924779305427, 10.168213496001087], [9.816021526754852, 9.576353630139446], [9.94270826568941, 9.085026043251974], [10.055135102145268, 7.089766174572399], [10.156189906091882, 9.621063397249292], [10.247963389017864, 9.434302820867963], [10.332017933575289, 10.04720054096337], [10.409551859200409, 9.386981959464892], [10.481504425842441, 6.783830995634878], [10.548625513909712, 9.339869207550375], [10.611523345589823, 7.023909604691371], [10.67069806139613, 9.43502328483831], [10.726565902688105, 10.016337419818234], [10.779476987636757, 6.716541625354414], [10.829728615263452, 6.571817437822833], [10.8775753831365, 9.57957519626602], [10.923236992778513, 9.403966894710052], [10.966904349300577, 6.925459999349763], [11.008744383922906, 7.209443302308153], [11.04890390740204, 9.514920756343612], [11.087512719052368, 9.314991549472099], [11.124686137527133, 7.220168329356469], [11.160527077798756, 10.278208588082537], [11.195127768613824, 9.495725184379793], [11.228571182611121, 6.879347783724292], [11.260932234926955, 9.839049995871395], [11.292278793854607, 9.90870427448508], [11.322672537849993, 9.57470868878059], [11.352169686090834, 9.974911527217436], [11.38082162433689, 6.807892111524089], [11.40867544359643, 9.561468885592678], [11.435774405781814, 9.349125987622505], [11.462158347916576, 6.751684229034883], [11.487864034374857, 6.816841489592588]], "over": [[6.907755278982137, 17.38066015056648], [8.153349757998892, 19.54005397821656], [8.691146498539675, 12.318837635774083], [9.038958755220563, 17.522328258016493], [9.296518068217235, 14.887891983367986], [9.501142571764207, 12.79471488939387], [9.670924779305427, 14.777293819291902], [9.816021526754852, 12.3056978271004], [9.94270826568941, 14.029313929998942], [10.055135102145268, 15.535439867462475], [10.156189906091882, 17.20747246065094], [10.247963389017864, 14.02088204778995], [10.332017933575289, 15.761007635545388], [10.409551859200409, 12.238068413172552], [10.481504425842441, 13.63698274733201], [10.548625513909712, 16.031240235292668], [10.611523345589823, 12.94346987781326], [10.67069806139613, 14.227255857836571], [10.726565902688105, 18.634354518756947], [10.779476987636757, 12.8456454836243], [10.829728615263452, 16.426427756713377], [10.8775753831365, 15.907211080676579], [10.923236992778513, 15.118535582964942], [10.966904349300577, 15.957133678041552], [11.008744383922906, 17.286230372624676], [11.04890390740204, 12.274914554607275], [11.087512719052368, 11.563080906837802], [11.124686137527133, 11.701273184421783], [11.160527077798756, 15.456549362200805], [11.195127768613824, 12.120180502165786], [11.228571182611121, 17.669606541207063], [11.260932234926955, 15.391469201180842], [11.292278793854607, 14.303133517614922], [11.322672537849993, 16.934726718659622], [11.352169686090834, 15.927472302615097], [11.38082162433689, 12.39110698039329], [11.40867544359643, 15.543960149694437], [11.435774405781814, 16.54166995820062], [11.462158347916576, 10.681758963683741], [11.487864034374857, 14.169068623272985]], "merge": [[6.907755278982137, 6.985957556323431], [8.153349757998892, 6.739056428014991], [8.691146498539675, 5.603843889435173], [9.038958755220563, 6.525650916260255], [9.296518068217235, 6.449457538544739], [9.501142571764207, 5.719325505043868], [9.670924779305427, 5.201557950591313], [9.816021526754852, 5.104400695710258], [9.94270826568941, 5.197263046439614], [10.055135102145268, 6.789625161002556], [10.156189906091882, 5.918958801264633], [10.247963389017864, 5.525722207818647], [10.332017933575289, 6.851495178200732], [10.409551859200409, 4.470011753154746], [10.481504425842441, 5.4653249052455175], [10.548625513909712, 7.1205508474695955], [10.611523345589823, 4.998556888480347], [10.67069806139613, 5.710682280437467], [10.726565902688105, 7.228604355799902], [10.779476987636757, 5.666477359923311], [10.829728615263452, 6.644060716047531], [10.8775753831365, 6.2769772120554554], [10.923236992778513, 5.910899767275], [10.966904349300577, 6.225676196951816], [11.008744383922906, 6.580970619560504], [11.04890390740204, 4.487137657246427], [11.087512719052368, 5.989559938673291], [11.124686137527133, 5.613191726552335], [11.160527077798756, 5.933102993779786], [11.195127768613824, 5.4938366257421265], [11.228571182611121, 7.427201295306483], [11.260932234926955, 5.876486610028628], [11.292278793854607, 5.9472050755105315], [11.322672537849993, 8.761261799563526], [11.352169686090834, 6.269481852122763], [11.38082162433689, 4.474283101550919], [11.40867544359643, 6.971278814306841], [11.435774405781814, 7.148003528283438], [11.462158347916576, 5.324160833005762], [11.487864034374857, 7.327412550075933]], "argmin_dic": [[1000, 3], [3475, 2], [5950, 2], [8425, 2], [10900, 3], [13375, 2], [15850, 3], [18325, 3], [20800, 3], [23275, 2], [25750, 2], [28225, 2], [30700, 2], [33175, 2], [35650, 2], [38125, 2], [40600, 2], [43075, 3], [45550, 2], [48025, 2], [50500, 2], [52975, 2], [55450, 2], [57925, 2], [60400, 2], [62875, 2], [65350, 3], [67825, 2], [70300, 2], [72775, 2], [75250, 2], [77725, 2], [80200, 2], [82675, 3], [85150, 2], [87625, 2], [90100, 2], [92575, 2], [95050, 2], [97525, 2]], "time_elapsed": 2860.726806163788}