{"exact": [[6.907755278982137, 6.440734009416627], [8.153349757998892, 9.09541808082961], [8.691146498539675, 9.357002430121456], [9.038958755220563, 6.350977086625505], [9.296518068217235, 9.415167767453], [9.501142571764207, 6.508817960666902], [9.670924779305427, 6.845788612257315], [9.816021526754852, 9.83229929394386], [9.94270826568941, 9.628151353856016], [10.055135102145268, 9.82846783097792], [10.156189906091882, 9.40553609386851], [10.247963389017864, 6.728023313552688], [10.332017933575289, 7.09119255186923], [10.409551859200409, 9.178943239648063], [10.481504425842441, 6.633601048029168], [10.548625513909712, 4.517344455110924], [10.611523345589823, 9.680479791822716], [10.67069806139613, 6.375815889632827], [10.726565902688105, 9.512283558505677], [10.779476987636757, 7.250932176604861], [10.829728615263452, 6.793930409802527], [10.8775753831365, 9.349234937495494], [10.923236992778513, 9.96466479714617], [10.966904349300577, 9.232164805353287], [11.008744383922906, 10.072573891376692], [11.04890390740204, 9.549085885250795], [11.087512719052368, 9.835249695826478], [11.124686137527133, 7.033528233873522], [11.160527077798756, 6.888535032712717], [11.195127768613824, 6.843495118499972], [11.228571182611121, 9.708591803637317], [11.260932234926955, 9.309121909360455], [11.292278793854607, 9.308518721861025], [11.322672537849993, 9.292841251027083], [11.352169686090834, 6.925157553385555], [11.38082162433689, 10.160703396857118], [11.40867544359643, 10.064138332947143], [11.435774405781814, 9.404112032539624], [11.462158347916576, 7.3021803585180445], [11.487864034374857, 6.828441326588146]], "over": [[6.907755278982137, 21.829819833836897], [8.153349757998892, 15.892163184561976], [8.691146498539675, 20.592753911465852], [9.038958755220563, 16.17544164907604], [9.296518068217235, 15.857312356967391], [9.501142571764207, 17.05096359033466], [9.670924779305427, 14.039691118587834], [9.816021526754852, 10.412937075039274], [9.94270826568941, 14.055351453966564], [10.055135102145268, 13.516990680216452], [10.156189906091882, 14.17121806117596], [10.247963389017864, 16.068697721145725], [10.332017933575289, 15.39044735585846], [10.409551859200409, 16.50886295546122], [10.481504425842441, 16.536754208719202], [10.548625513909712, 17.345479991524694], [10.611523345589823, 17.90249373121001], [10.67069806139613, 15.909335858639412], [10.726565902688105, 15.840240110289907], [10.779476987636757, 16.653723883300536], [10.829728615263452, 15.348108844503622], [10.8775753831365, 16.574839797541777], [10.923236992778513, 16.34339655575989], [10.966904349300577, 10.985289596870269], [11.008744383922906, 10.999797248531708], [11.04890390740204, 10.992215899182394], [11.087512719052368, 18.956747443157536], [11.124686137527133, 12.676871066944141], [11.160527077798756, 12.813175507450374], [11.195127768613824, 16.4423785002978], [11.228571182611121, 17.27350600437949], [11.260932234926955, 15.57117365240647], [11.292278793854607, 15.892116271378244], [11.322672537849993, 13.17226957193069], [11.352169686090834, 17.96376365185541], [11.38082162433689, 16.514028694756757], [11.40867544359643, 16.866828418827104], [11.435774405781814, 15.742725238681782], [11.462158347916576, 16.08723033501936], [11.487864034374857, 16.260399199792]], "merge": [[6.907755278982137, 8.674609883712504], [8.153349757998892, 7.068650363188975], [8.691146498539675, 8.190980661616262], [9.038958755220563, 7.132788039957171], [9.296518068217235, 5.92328047548518], [9.501142571764207, 7.432657329963164], [9.670924779305427, 5.920254473643697], [9.816021526754852, 4.973986435000575], [9.94270826568941, 5.633391818644363], [10.055135102145268, 5.475610594149557], [10.156189906091882, 5.237246843868094], [10.247963389017864, 6.347906650411382], [10.332017933575289, 5.727184819145087], [10.409551859200409, 7.5108233295176445], [10.481504425842441, 6.925821194065474], [10.548625513909712, 9.117011516744164], [10.611523345589823, 7.441188510648678], [10.67069806139613, 7.321846371494689], [10.726565902688105, 6.178525563664089], [10.779476987636757, 7.511638672326289], [10.829728615263452, 5.928928992805994], [10.8775753831365, 7.156096940676779], [10.923236992778513, 6.762447980979573], [10.966904349300577, 5.658351346931752], [11.008744383922906, 5.117367995457799], [11.04890390740204, 4.587088784086947], [11.087512719052368, 8.125855470401603], [11.124686137527133, 4.400887492089917], [11.160527077798756, 5.443019234160073], [11.195127768613824, 6.877611643905415], [11.228571182611121, 7.247387856245521], [11.260932234926955, 5.919597106254128], [11.292278793854607, 6.422132625265239], [11.322672537849993, 5.371288714080841], [11.352169686090834, 6.199788075817901], [11.38082162433689, 6.553421436097635], [11.40867544359643, 6.521825862001602], [11.435774405781814, 6.89639454561385], [11.462158347916576, 6.504724977604188], [11.487864034374857, 6.598241554613882]], "argmin_dic": [[1000, 2], [3475, 2], [5950, 2], [8425, 3], [10900, 3], [13375, 2], [15850, 3], [18325, 2], [20800, 3], [23275, 2], [25750, 2], [28225, 2], [30700, 3], [33175, 2], [35650, 2], [38125, 2], [40600, 2], [43075, 2], [45550, 2], [48025, 2], [50500, 2], [52975, 2], [55450, 2], [57925, 3], [60400, 2], [62875, 2], [65350, 2], [67825, 2], [70300, 2], [72775, 2], [75250, 2], [77725, 2], [80200, 2], [82675, 2], [85150, 2], [87625, 2], [90100, 2], [92575, 2], [95050, 2], [97525, 3]], "time_elapsed": 2431.6800622940063}