{"exact": [[6.907755278982137, 8.616382113576716], [8.153349757998892, 10.34946591925518], [8.691146498539675, 9.283827538624587], [9.038958755220563, 10.270460717540667], [9.296518068217235, 10.027683296420312], [9.501142571764207, 10.5157222076537], [9.670924779305427, 9.321785822292144], [9.816021526754852, 9.379635381012069], [9.94270826568941, 9.996646645351216], [10.055135102145268, 10.145461474275976], [10.156189906091882, 6.642375111053819], [10.247963389017864, 9.252977893173272], [10.332017933575289, 6.687483595418258], [10.409551859200409, 9.444240106172556], [10.481504425842441, 9.29051239555962], [10.548625513909712, 6.628720553837726], [10.611523345589823, 9.479511107104523], [10.67069806139613, 6.9388122773588865], [10.726565902688105, 9.910455559324788], [10.779476987636757, 6.62976171066314], [10.829728615263452, 9.639433023149866], [10.8775753831365, 9.961686647936265], [10.923236992778513, 9.283667153201925], [10.966904349300577, 6.654909040583241], [11.008744383922906, 9.422955126214342], [11.04890390740204, 9.460668826209993], [11.087512719052368, 9.496314721723113], [11.124686137527133, 9.929560469885832], [11.160527077798756, 6.994210203060352], [11.195127768613824, 9.342953418285115], [11.228571182611121, 9.468922290632221], [11.260932234926955, 6.9989946854328435], [11.292278793854607, 9.394399573720786], [11.322672537849993, 9.337151932611116], [11.352169686090834, 9.148697510483789], [11.38082162433689, 9.29493633141098], [11.40867544359643, 9.379289809385659], [11.435774405781814, 7.226669982001621], [11.462158347916576, 9.327986955112458], [11.487864034374857, 9.780747646591196]], "over": [[6.907755278982137, 17.208481759011175], [8.153349757998892, 18.318988533908374], [8.691146498539675, 15.808510905544633], [9.038958755220563, 12.702192981971745], [9.296518068217235, 17.02534699669426], [9.501142571764207, 13.392229544243156], [9.670924779305427, 11.206570535227668], [9.816021526754852, 15.768742746019662], [9.94270826568941, 19.74241649323368], [10.055135102145268, 13.829270118044171], [10.156189906091882, 16.051698081840406], [10.247963389017864, 13.403325766359409], [10.332017933575289, 10.603591026074072], [10.409551859200409, 17.2696202018323], [10.481504425842441, 12.9587730014], [10.548625513909712, 14.453435790479183], [10.611523345589823, 13.10395133674473], [10.67069806139613, 10.178817026623316], [10.726565902688105, 15.115511831801983], [10.779476987636757, 14.721955672955975], [10.829728615263452, 17.46248518115803], [10.8775753831365, 15.66084115933216], [10.923236992778513, 15.383067213851106], [10.966904349300577, 12.85157279391031], [11.008744383922906, 16.863857214354958], [11.04890390740204, 13.906256149533736], [11.087512719052368, 18.527962809978387], [11.124686137527133, 12.028116647718962], [11.160527077798756, 13.689276359492089], [11.195127768613824, 12.658244278407347], [11.228571182611121, 15.817879411160447], [11.260932234926955, 13.331174410435665], [11.292278793854607, 12.412257052417639], [11.322672537849993, 12.095451451860464], [11.352169686090834, 13.461975839885628], [11.38082162433689, 11.89653365745693], [11.40867544359643, 14.145800127290133], [11.435774405781814, 13.055181453742412], [11.462158347916576, 16.138094529145707], [11.487864034374857, 11.949434022160572]], "merge": [[6.907755278982137, 7.10577164328332], [8.153349757998892, 7.365311145709943], [8.691146498539675, 5.825483542335206], [9.038958755220563, 5.273095018134655], [9.296518068217235, 6.052923988289326], [9.501142571764207, 5.199416894245582], [9.670924779305427, 5.505317988123964], [9.816021526754852, 8.009490315541889], [9.94270826568941, 7.819478376772345], [10.055135102145268, 6.332373248494179], [10.156189906091882, 6.319197573218713], [10.247963389017864, 6.231664362430952], [10.332017933575289, 5.179078835135277], [10.409551859200409, 6.47352798388632], [10.481504425842441, 4.484255498068204], [10.548625513909712, 5.84982650682748], [10.611523345589823, 4.504582810478787], [10.67069806139613, 5.630442572336987], [10.726565902688105, 7.181586504284489], [10.779476987636757, 6.475784234463813], [10.829728615263452, 7.220338916996896], [10.8775753831365, 6.075294078476153], [10.923236992778513, 6.278864337328295], [10.966904349300577, 5.447648062213575], [11.008744383922906, 7.3357768046131655], [11.04890390740204, 6.0214641712684545], [11.087512719052368, 7.506619892199114], [11.124686137527133, 5.950364691882743], [11.160527077798756, 5.890493837009762], [11.195127768613824, 6.257980710468625], [11.228571182611121, 6.271171621056896], [11.260932234926955, 5.249938793495172], [11.292278793854607, 5.229195411021028], [11.322672537849993, 4.535907026267548], [11.352169686090834, 5.790078807071165], [11.38082162433689, 6.021883930511603], [11.40867544359643, 5.840965833686616], [11.435774405781814, 5.3627029138137345], [11.462158347916576, 5.913174019266299], [11.487864034374857, 6.01761291788259]], "argmin_dic": [[1000, 3], [3475, 3], [5950, 2], [8425, 2], [10900, 1], [13375, 3], [15850, 3], [18325, 2], [20800, 3], [23275, 3], [25750, 2], [28225, 3], [30700, 2], [33175, 2], [35650, 2], [38125, 2], [40600, 2], [43075, 3], [45550, 3], [48025, 2], [50500, 2], [52975, 2], [55450, 2], [57925, 2], [60400, 2], [62875, 2], [65350, 2], [67825, 3], [70300, 2], [72775, 2], [75250, 2], [77725, 2], [80200, 2], [82675, 2], [85150, 2], [87625, 3], [90100, 2], [92575, 2], [95050, 2], [97525, 2]], "time_elapsed": 2579.3829724788666}