{"exact": [[10.46310334047155, 9.872061445846644], [10.50848634631937, 10.075318425593162], [10.551898839254681, 9.889826893441104], [10.593504840087146, 6.771411459355147], [10.63344870621879, 9.837445899708973], [10.67185815433366, 6.829842435555504], [10.708846723703001, 6.744215961114282], [10.744515799909736, 7.029384565543395], [10.778956289890028, 6.914698670803877], [10.812250017989491, 7.187350142133068], [10.844470897000654, 9.361474159324434], [10.87568591634858, 6.908382186839419], [10.905955980651335, 9.38098808486337], [10.935336625044556, 6.9128959766292395], [10.96387862838404, 6.825388586189085], [10.991628541336942, 7.079796387315734], [11.018629143155449, 9.089703735273957], [11.044919838387166, 6.94249634761378], [11.070537002757467, 7.061777096021843], [11.095514285843663, 9.535340813137644], [11.119882876860622, 6.9335288321590856], [11.143671738824636, 7.1869773376102755], [11.166907815505484, 9.971815594574725], [11.189616214875297, 6.927653332376853], [11.211820372186306, 7.394806083505694], [11.233542195333143, 9.486259391943337], [11.254802194759993, 9.566411963165596], [11.275619599843514, 9.426181046511358], [11.296012463406655, 9.421081072854834], [11.315997755786912, 9.263636771068514], [11.335591449687312, 7.0289044957737286], [11.354808596873092, 9.273669040389017], [11.37366339763672, 7.08689119059788], [11.392169263834429, 9.91179198084021], [11.410338876195127, 9.361266963908232], [11.428184236515138, 9.593447579034452], [11.44571671527678, 9.483251657749536], [11.462947095163987, 9.468986156000664], [11.479885610892028, 9.768130752134379], [11.496541985719704, 7.036965947771554]], "over": [[10.46310334047155, 15.19130586173878], [10.50848634631937, 13.506717177805893], [10.551898839254681, 16.121141173727786], [10.593504840087146, 12.039624674640585], [10.63344870621879, 11.365298827555403], [10.67185815433366, 15.605101803104946], [10.708846723703001, 15.56482396535619], [10.744515799909736, 16.205450283045405], [10.778956289890028, 14.112618387220245], [10.812250017989491, 15.598537743681463], [10.844470897000654, 12.679992089796832], [10.87568591634858, 16.241134907368995], [10.905955980651335, 17.929821794694664], [10.935336625044556, 12.189443744113856], [10.96387862838404, 12.945796500213119], [10.991628541336942, 10.919667990567328], [11.018629143155449, 18.114077778916226], [11.044919838387166, 15.806624522583572], [11.070537002757467, 15.946801462213536], [11.095514285843663, 12.437637461444158], [11.119882876860622, 12.10262073989476], [11.143671738824636, 14.807675352886902], [11.166907815505484, 13.272380625574351], [11.189616214875297, 17.56753938938553], [11.211820372186306, 14.959350200216761], [11.233542195333143, 14.744317389740702], [11.254802194759993, 12.4993457967185], [11.275619599843514, 16.55192610139283], [11.296012463406655, 15.642058727291879], [11.315997755786912, 17.508940513569755], [11.335591449687312, 12.653123072412951], [11.354808596873092, 13.707732688773806], [11.37366339763672, 15.918831663354808], [11.392169263834429, 16.45738609215387], [11.410338876195127, 11.387556386639494], [11.428184236515138, 14.334189145481707], [11.44571671527678, 9.422117731533186], [11.462947095163987, 16.631462571537345], [11.479885610892028, 13.242848793330772], [11.496541985719704, 17.805686522875366]], "merge": [[10.46310334047155, 6.562154937447241], [10.50848634631937, 6.380892052358285], [10.551898839254681, 7.256336556287831], [10.593504840087146, 5.873995323620976], [10.63344870621879, 4.8762749768212394], [10.67185815433366, 7.110754619385457], [10.708846723703001, 5.664533997349086], [10.744515799909736, 9.31466904894044], [10.778956289890028, 6.838020597007598], [10.812250017989491, 5.963562435417142], [10.844470897000654, 5.5922028253870915], [10.87568591634858, 5.7469321613961375], [10.905955980651335, 7.135711961267218], [10.935336625044556, 6.085215333908812], [10.96387862838404, 6.815019410264275], [10.991628541336942, 7.2375037321435585], [11.018629143155449, 7.3365746472251425], [11.044919838387166, 5.387235693345307], [11.070537002757467, 5.907434612541579], [11.095514285843663, 6.047553056905811], [11.119882876860622, 6.34187686092037], [11.143671738824636, 4.3063748700825135], [11.166907815505484, 6.104683795855618], [11.189616214875297, 6.631728974033991], [11.211820372186306, 7.6547220359673], [11.233542195333143, 6.959872728109403], [11.254802194759993, 7.322616810789951], [11.275619599843514, 6.509514018682832], [11.296012463406655, 7.088227063061265], [11.315997755786912, 6.362800367949505], [11.335591449687312, 6.954813631455857], [11.354808596873092, 7.257318329561237], [11.37366339763672, 4.408536377139385], [11.392169263834429, 5.609409471953745], [11.410338876195127, 5.700567744408852], [11.428184236515138, 7.2982573147027985], [11.44571671527678, 7.102067542348161], [11.462947095163987, 7.620505199236767], [11.479885610892028, 4.4617949358765285], [11.496541985719704, 7.309497686013892]], "argmin_dic": [[35000, 2], [36625, 2], [38250, 2], [39875, 2], [41500, 2], [43125, 2], [44750, 2], [46375, 3], [48000, 2], [49625, 2], [51250, 2], [52875, 2], [54500, 2], [56125, 3], [57750, 2], [59375, 2], [61000, 2], [62625, 2], [64250, 2], [65875, 2], [67500, 2], [69125, 2], [70750, 2], [72375, 2], [74000, 2], [75625, 2], [77250, 2], [78875, 2], [80500, 2], [82125, 3], [83750, 2], [85375, 2], [87000, 2], [88625, 2], [90250, 2], [91875, 2], [93500, 2], [95125, 2], [96750, 2], [98375, 2]], "time_elapsed": 5943.83012008667}