{"exact": [[6.907755278982137, 9.715393439939673], [8.153349757998892, 8.170649398928047], [8.691146498539675, 8.945772071656627], [9.038958755220563, 7.388907807751698], [9.296518068217235, 9.260560714169351], [9.501142571764207, 9.341405727779533], [9.670924779305427, 7.340587258765446], [9.816021526754852, 9.067756372481565], [9.94270826568941, 7.775281298583346], [10.055135102145268, 9.82754073556259], [10.156189906091882, 9.384681085474902], [10.247963389017864, 9.6758872881106], [10.332017933575289, 9.36797500103598], [10.409551859200409, 9.816512993469507], [10.481504425842441, 6.891016303049883], [10.548625513909712, 10.046763538299304], [10.611523345589823, 9.35167614735369], [10.67069806139613, 9.757494012399437], [10.726565902688105, 9.349722795985592], [10.779476987636757, 9.639444620597393], [10.829728615263452, 10.03533223760766], [10.8775753831365, 9.433632507420405], [10.923236992778513, 6.784001110715612], [10.966904349300577, 9.42838521148331], [11.008744383922906, 9.388631064568399], [11.04890390740204, 9.197903695218173], [11.087512719052368, 9.611198767431059], [11.124686137527133, 9.640040425516125], [11.160527077798756, 6.84420059851757], [11.195127768613824, 9.262906470257118], [11.228571182611121, 7.262774535101406], [11.260932234926955, 9.437010730471876], [11.292278793854607, 9.305478329109919], [11.322672537849993, 9.309613237763168], [11.352169686090834, 9.374166880544507], [11.38082162433689, 9.242079707381137], [11.40867544359643, 9.523905154933539], [11.435774405781814, 6.793782953480513], [11.462158347916576, 6.991311652361282], [11.487864034374857, 6.952026257105359]], "over": [[6.907755278982137, 15.166544183247781], [8.153349757998892, 18.031481479468084], [8.691146498539675, 18.249452497324953], [9.038958755220563, 15.111703534784663], [9.296518068217235, 15.938538981461777], [9.501142571764207, 11.660340997331685], [9.670924779305427, 15.880762873970225], [9.816021526754852, 12.588219539872913], [9.94270826568941, 15.843488874387361], [10.055135102145268, 14.370939686860469], [10.156189906091882, 15.923748832621586], [10.247963389017864, 18.428587078450963], [10.332017933575289, 16.626818645804057], [10.409551859200409, 16.62803844958536], [10.481504425842441, 15.833380213400538], [10.548625513909712, 15.978543261763853], [10.611523345589823, 12.170589784706793], [10.67069806139613, 16.206003783716834], [10.726565902688105, 17.68027310743123], [10.779476987636757, 11.598262901078545], [10.829728615263452, 18.591246135904548], [10.8775753831365, 17.100888095011754], [10.923236992778513, 11.916958207728399], [10.966904349300577, 17.62953107388787], [11.008744383922906, 16.54243294185618], [11.04890390740204, 15.515157259533218], [11.087512719052368, 12.285543775473306], [11.124686137527133, 17.457329765635514], [11.160527077798756, 17.1375385709973], [11.195127768613824, 15.90679285245181], [11.228571182611121, 15.577762144939737], [11.260932234926955, 16.221364278502378], [11.292278793854607, 15.767865387144237], [11.322672537849993, 15.50029746864447], [11.352169686090834, 12.754077867751834], [11.38082162433689, 16.258693086686097], [11.40867544359643, 16.4820197892255], [11.435774405781814, 12.682817812805053], [11.462158347916576, 16.0949217698287], [11.487864034374857, 15.603512548809773]], "merge": [[6.907755278982137, 7.025076360132381], [8.153349757998892, 6.640283206552118], [8.691146498539675, 8.183166289548307], [9.038958755220563, 7.795687793137463], [9.296518068217235, 5.936564483295787], [9.501142571764207, 5.329378774533921], [9.670924779305427, 6.195820922643147], [9.816021526754852, 5.663407200549338], [9.94270826568941, 5.681869316598496], [10.055135102145268, 5.672292400320003], [10.156189906091882, 7.191382922123726], [10.247963389017864, 7.880261655263197], [10.332017933575289, 6.869744908233922], [10.409551859200409, 8.572030985001247], [10.481504425842441, 7.560055233066032], [10.548625513909712, 6.6544280327922625], [10.611523345589823, 4.584278613249716], [10.67069806139613, 7.119710636392007], [10.726565902688105, 6.7386291900526345], [10.779476987636757, 4.479878447879422], [10.829728615263452, 6.216645737310619], [10.8775753831365, 7.377906237863985], [10.923236992778513, 5.360238593837957], [10.966904349300577, 7.490236506508215], [11.008744383922906, 6.18169402076655], [11.04890390740204, 7.263126098673971], [11.087512719052368, 4.6383097163169325], [11.124686137527133, 7.200057948956659], [11.160527077798756, 6.5881841564803745], [11.195127768613824, 6.573832637258962], [11.228571182611121, 6.032053463119556], [11.260932234926955, 7.565337819998415], [11.292278793854607, 6.870579110821436], [11.322672537849993, 7.083496996211729], [11.352169686090834, 6.311461022597878], [11.38082162433689, 6.650092210625636], [11.40867544359643, 6.1805398842012345], [11.435774405781814, 5.2674086672321945], [11.462158347916576, 8.41879169791614], [11.487864034374857, 6.2196352568838105]], "argmin_dic": [[1000, 3], [3475, 3], [5950, 3], [8425, 2], [10900, 2], [13375, 2], [15850, 2], [18325, 3], [20800, 2], [23275, 2], [25750, 2], [28225, 3], [30700, 2], [33175, 2], [35650, 2], [38125, 2], [40600, 2], [43075, 2], [45550, 2], [48025, 2], [50500, 3], [52975, 2], [55450, 3], [57925, 2], [60400, 2], [62875, 2], [65350, 2], [67825, 2], [70300, 2], [72775, 2], [75250, 2], [77725, 2], [80200, 3], [82675, 2], [85150, 3], [87625, 2], [90100, 2], [92575, 2], [95050, 2], [97525, 2]], "time_elapsed": 2512.2358787059784}