{"exact": [[9.615805480084347, 9.322621873850894], [9.748294663130427, 9.806167531412546], [9.86526633971593, 9.707793747096641], [9.969977293804961, 9.705995787200651], [10.06475570013225, 9.707242158086402], [10.151323716440709, 9.64516212635021], [10.23099111917458, 9.95779953617087], [10.304777289233812, 9.287330164372376], [10.373491181781864, 9.267618367227183], [10.437785532487261, 9.401500214530605], [10.49819466028282, 7.024418066612432], [10.555161484889497, 9.297727248466769], [10.60905725309463, 6.919598684366989], [10.660196214585818, 10.14653768031675], [10.708846723703001, 6.980631140996528], [10.755239763272712, 9.341235500359621], [10.799575577092764, 9.317201132236848], [10.842028893345104, 6.790660355718927], [10.882753083571671, 9.395512347577606], [10.921883507347436, 9.465506531173698], [10.959540226785442, 9.89056734770833], [10.995830228190643, 9.7494627971143], [11.030849254490224, 9.227621373365306], [11.064683327506005, 9.572109527252023], [11.097410021008562, 9.287758245176306], [11.129099531965545, 9.281114468111484], [11.159815587195991, 9.390225458254642], [11.189616214875297, 9.247962718822738], [11.218554404367652, 9.40620102588529], [11.246678673238513, 9.817151809268578], [11.274033556687879, 6.930573349420776], [11.300660031803202, 9.313281689575161], [11.326595886778735, 9.504587448151259], [11.351876043451814, 9.303158435692405], [11.376532840064673, 9.81935091175384], [11.400596279996309, 9.951332757863767], [11.424094251263613, 9.760193477188956], [11.44705272081952, 6.845721183321993], [11.469495907042893, 7.154967587407116], [11.491446433293104, 9.791523734309033]], "over": [[9.615805480084347, 15.737759515674846], [9.748294663130427, 13.661195837254269], [9.86526633971593, 16.649481074231744], [9.969977293804961, 16.729561681578748], [10.06475570013225, 12.82336773129224], [10.151323716440709, 14.670689085029924], [10.23099111917458, 17.01489086563757], [10.304777289233812, 15.65156859676115], [10.373491181781864, 13.37502483266113], [10.437785532487261, 18.02524858877249], [10.49819466028282, 19.55328126949405], [10.555161484889497, 12.382877147735927], [10.60905725309463, 13.740508124196385], [10.660196214585818, 12.144149828420481], [10.708846723703001, 11.477237968840642], [10.755239763272712, 11.939276663129009], [10.799575577092764, 16.156299319409023], [10.842028893345104, 18.084804227759083], [10.882753083571671, 16.49146894959864], [10.921883507347436, 18.05030251350304], [10.959540226785442, 11.630917782846753], [10.995830228190643, 12.678170657146525], [11.030849254490224, 13.971465612967844], [11.064683327506005, 11.337779042847973], [11.097410021008562, 15.466803121954497], [11.129099531965545, 17.296200236641173], [11.159815587195991, 12.457389343689817], [11.189616214875297, 14.372288813886758], [11.218554404367652, 11.76229274375498], [11.246678673238513, 16.552272307560113], [11.274033556687879, 14.078483587286064], [11.300660031803202, 15.170492425471355], [11.326595886778735, 18.38577977293518], [11.351876043451814, 11.851488363720879], [11.376532840064673, 17.88242142038021], [11.400596279996309, 18.00147386408832], [11.424094251263613, 14.53073001601012], [11.44705272081952, 12.474589579016076], [11.469495907042893, 13.128353099840199], [11.491446433293104, 13.440618467945596]], "merge": [[9.615805480084347, 7.342023752085901], [9.748294663130427, 4.377661746867588], [9.86526633971593, 5.2558654006933185], [9.969977293804961, 5.611893808567739], [10.06475570013225, 5.4583348897685875], [10.151323716440709, 5.788369216948195], [10.23099111917458, 4.452897896287501], [10.304777289233812, 6.9834006488457465], [10.373491181781864, 7.343817295800769], [10.437785532487261, 4.507153143082316], [10.49819466028282, 5.0481864404742], [10.555161484889497, 5.7160033031301], [10.60905725309463, 6.0489510434824725], [10.660196214585818, 7.682338726118824], [10.708846723703001, 7.02434306535784], [10.755239763272712, 6.1897540359477565], [10.799575577092764, 4.507805581281481], [10.842028893345104, 5.766472420943871], [10.882753083571671, 7.9118800235765985], [10.921883507347436, 8.082800971796335], [10.959540226785442, 7.142047665259981], [10.995830228190643, 6.2125273078522], [11.030849254490224, 5.859577309751966], [11.064683327506005, 4.451981773244147], [11.097410021008562, 6.409827287109495], [11.129099531965545, 4.354821328041094], [11.159815587195991, 6.293733712054647], [11.189616214875297, 7.331522341875313], [11.218554404367652, 6.79209215034955], [11.246678673238513, 5.489959124732238], [11.274033556687879, 5.752932407130431], [11.300660031803202, 6.27629090381099], [11.326595886778735, 7.228757737776638], [11.351876043451814, 5.848001139974991], [11.376532840064673, 6.998375515597124], [11.400596279996309, 4.630993752931256], [11.424094251263613, 5.909158748052067], [11.44705272081952, 7.130275055098727], [11.469495907042893, 4.872144348192993], [11.491446433293104, 5.162492922264791]], "argmin_dic": [[15000, 2], [17125, 2], [19250, 2], [21375, 3], [23500, 2], [25625, 3], [27750, 2], [29875, 2], [32000, 2], [34125, 2], [36250, 2], [38375, 2], [40500, 2], [42625, 2], [44750, 2], [46875, 2], [49000, 2], [51125, 2], [53250, 2], [55375, 2], [57500, 2], [59625, 2], [61750, 2], [63875, 2], [66000, 2], [68125, 2], [70250, 2], [72375, 2], [74500, 2], [76625, 2], [78750, 2], [80875, 2], [83000, 2], [85125, 2], [87250, 2], [89375, 2], [91500, 2], [93625, 2], [95750, 2], [97875, 2]], "time_elapsed": 6015.047852516174}