{"exact": [[6.907755278982137, 13.252687326571799], [8.153349757998892, 6.828329732651272], [8.691146498539675, 6.0451334938111305], [9.038958755220563, 9.294701191190194], [9.296518068217235, 9.421487689355873], [9.501142571764207, 9.717106388146666], [9.670924779305427, 9.539037258243635], [9.816021526754852, 9.84192866544588], [9.94270826568941, 9.479600687454512], [10.055135102145268, 9.383411722960497], [10.156189906091882, 10.712167412550851], [10.247963389017864, 9.34543886312018], [10.332017933575289, 6.794861915778393], [10.409551859200409, 7.029338503190721], [10.481504425842441, 7.3754470748109915], [10.548625513909712, 9.920938123644024], [10.611523345589823, 9.808985377039846], [10.67069806139613, 7.310408507077025], [10.726565902688105, 10.031385016433198], [10.779476987636757, 9.411409859531899], [10.829728615263452, 7.040877446278612], [10.8775753831365, 9.670127498618236], [10.923236992778513, 9.344615221574704], [10.966904349300577, 9.96525420999491], [11.008744383922906, 9.301000803930368], [11.04890390740204, 6.814128030906148], [11.087512719052368, 6.8443614522122305], [11.124686137527133, 6.925987261581805], [11.160527077798756, 9.504374958512386], [11.195127768613824, 7.083828209809852], [11.228571182611121, 6.691489116882874], [11.260932234926955, 9.38290853558552], [11.292278793854607, 7.442059626889494], [11.322672537849993, 6.708251383583389], [11.352169686090834, 10.014702077270544], [11.38082162433689, 9.410497584318767], [11.40867544359643, 9.326945289759252], [11.435774405781814, 9.52265229425468], [11.462158347916576, 9.886345007806321], [11.487864034374857, 9.785945696226069]], "over": [[6.907755278982137, 22.039302794411253], [8.153349757998892, 11.91831525883496], [8.691146498539675, 9.185181774005418], [9.038958755220563, 14.98638081137665], [9.296518068217235, 12.752108884226738], [9.501142571764207, 10.772080565795216], [9.670924779305427, 12.035079862147285], [9.816021526754852, 17.78980635532772], [9.94270826568941, 16.710226216610227], [10.055135102145268, 16.374338258527068], [10.156189906091882, 16.939954338075836], [10.247963389017864, 13.56938463181148], [10.332017933575289, 15.104509801957056], [10.409551859200409, 17.913225956206254], [10.481504425842441, 15.768650358314709], [10.548625513909712, 15.337433114090311], [10.611523345589823, 11.975445579262798], [10.67069806139613, 15.325548285486386], [10.726565902688105, 18.116408291722756], [10.779476987636757, 11.976243076051436], [10.829728615263452, 16.7149918241622], [10.8775753831365, 18.180460145020856], [10.923236992778513, 12.661500979460545], [10.966904349300577, 16.239940582021333], [11.008744383922906, 14.627291409832909], [11.04890390740204, 18.231128590723287], [11.087512719052368, 12.00111766474124], [11.124686137527133, 14.937173224119686], [11.160527077798756, 17.590209021947892], [11.195127768613824, 12.58464240140337], [11.228571182611121, 15.402045370313287], [11.260932234926955, 16.07070606350211], [11.292278793854607, 12.921223982641527], [11.322672537849993, 17.582090771027406], [11.352169686090834, 17.86021899047809], [11.38082162433689, 16.55067291388337], [11.40867544359643, 16.10035318373857], [11.435774405781814, 16.208361280194282], [11.462158347916576, 14.456077836616911], [11.487864034374857, 14.850106140593285]], "merge": [[6.907755278982137, 10.330256332021941], [8.153349757998892, 5.476472266258274], [8.691146498539675, 4.592615811873529], [9.038958755220563, 6.099618152220404], [9.296518068217235, 5.636673948443316], [9.501142571764207, 4.84416366335248], [9.670924779305427, 5.531293527017136], [9.816021526754852, 7.305606066436371], [9.94270826568941, 7.252513568088887], [10.055135102145268, 6.858716797411041], [10.156189906091882, 6.617670609953491], [10.247963389017864, 4.464012870270953], [10.332017933575289, 6.270788579893525], [10.409551859200409, 7.073340965674191], [10.481504425842441, 6.762497370102255], [10.548625513909712, 5.571535141532491], [10.611523345589823, 4.77713009618186], [10.67069806139613, 5.25356758021691], [10.726565902688105, 7.1385018073500115], [10.779476987636757, 4.568235867902965], [10.829728615263452, 5.778846293113176], [10.8775753831365, 7.147097346996973], [10.923236992778513, 4.5964671358744065], [10.966904349300577, 7.0913083444055385], [11.008744383922906, 5.46202011429959], [11.04890390740204, 7.003001253848517], [11.087512719052368, 5.4583533363114904], [11.124686137527133, 5.913011267134477], [11.160527077798756, 7.216137879375687], [11.195127768613824, 4.760274611645941], [11.228571182611121, 6.129231785845881], [11.260932234926955, 7.0494008470507925], [11.292278793854607, 6.218950935053348], [11.322672537849993, 6.88161782497241], [11.352169686090834, 6.8376761272675886], [11.38082162433689, 7.10113770315428], [11.40867544359643, 7.347517491514095], [11.435774405781814, 5.774647932598438], [11.462158347916576, 5.696617492250293], [11.487864034374857, 5.325097774858528]], "argmin_dic": [[1000, 3], [3475, 2], [5950, 2], [8425, 2], [10900, 2], [13375, 2], [15850, 3], [18325, 2], [20800, 2], [23275, 2], [25750, 2], [28225, 2], [30700, 2], [33175, 2], [35650, 2], [38125, 2], [40600, 2], [43075, 2], [45550, 2], [48025, 2], [50500, 2], [52975, 2], [55450, 2], [57925, 2], [60400, 2], [62875, 2], [65350, 3], [67825, 2], [70300, 2], [72775, 2], [75250, 2], [77725, 2], [80200, 3], [82675, 2], [85150, 2], [87625, 2], [90100, 2], [92575, 2], [95050, 2], [97525, 2]], "time_elapsed": 2390.986350774765}