{"exact": [[9.615805480084347, 9.54863242702264], [9.748294663130427, 9.451585189617496], [9.86526633971593, 6.7680498988031275], [9.969977293804961, 9.373961590085697], [10.06475570013225, 9.257939545911887], [10.151323716440709, 9.388258158497038], [10.23099111917458, 9.185247183608565], [10.304777289233812, 9.321177706262482], [10.373491181781864, 6.56680545987239], [10.437785532487261, 9.854906564940624], [10.49819466028282, 7.281308837422656], [10.555161484889497, 6.589312929820986], [10.60905725309463, 9.861244141102846], [10.660196214585818, 9.409600227727402], [10.708846723703001, 9.943339728822089], [10.755239763272712, 9.887436755868915], [10.799575577092764, 9.35096213627917], [10.842028893345104, 7.269242998012029], [10.882753083571671, 6.676581589524056], [10.921883507347436, 6.888366514761921], [10.959540226785442, 9.719524334470467], [10.995830228190643, 9.43927682052307], [11.030849254490224, 6.772470365464185], [11.064683327506005, 9.930983622983115], [11.097410021008562, 9.357361566957138], [11.129099531965545, 9.828384488983803], [11.159815587195991, 9.937404184721958], [11.189616214875297, 9.315231067620577], [11.218554404367652, 9.28495421493119], [11.246678673238513, 9.993722670820558], [11.274033556687879, 7.179994115841647], [11.300660031803202, 9.422883699896959], [11.326595886778735, 7.041605143046004], [11.351876043451814, 9.301097353703646], [11.376532840064673, 6.692516410863734], [11.400596279996309, 7.201163529247755], [11.424094251263613, 9.537520115358776], [11.44705272081952, 7.050125198787516], [11.469495907042893, 9.441016422360274], [11.491446433293104, 9.867379599800724]], "over": [[9.615805480084347, 16.791175038436624], [9.748294663130427, 17.727295533725865], [9.86526633971593, 16.14295228345953], [9.969977293804961, 11.88208834455407], [10.06475570013225, 15.694925860345313], [10.151323716440709, 19.000753395152252], [10.23099111917458, 13.07938890175594], [10.304777289233812, 16.97267606578891], [10.373491181781864, 15.88208894295337], [10.437785532487261, 16.228926613035725], [10.49819466028282, 14.995754814686979], [10.555161484889497, 11.676059424644599], [10.60905725309463, 15.5024861149543], [10.660196214585818, 13.18029378933454], [10.708846723703001, 17.7207886140607], [10.755239763272712, 15.599772345278947], [10.799575577092764, 11.555169283970962], [10.842028893345104, 15.546875978186321], [10.882753083571671, 12.816114330995264], [10.921883507347436, 14.665380363226301], [10.959540226785442, 13.09008595426697], [10.995830228190643, 16.921927129713353], [11.030849254490224, 14.237805988773836], [11.064683327506005, 16.130752140428573], [11.097410021008562, 16.340874718034712], [11.129099531965545, 16.896202838422486], [11.159815587195991, 17.555995903301042], [11.189616214875297, 16.442061704360825], [11.218554404367652, 11.824139350495772], [11.246678673238513, 17.81952794552008], [11.274033556687879, 17.07059080183956], [11.300660031803202, 14.76286848141028], [11.326595886778735, 15.792568685389716], [11.351876043451814, 17.809002848511625], [11.376532840064673, 12.179377144548726], [11.400596279996309, 18.59566325572157], [11.424094251263613, 18.800890709408073], [11.44705272081952, 11.88798261155756], [11.469495907042893, 12.084047879933555], [11.491446433293104, 16.574978701939244]], "merge": [[9.615805480084347, 5.815884792476647], [9.748294663130427, 4.399532946433945], [9.86526633971593, 5.723416598018749], [9.969977293804961, 7.101745203628535], [10.06475570013225, 5.777721647886548], [10.151323716440709, 6.0931807709601875], [10.23099111917458, 7.007735376000077], [10.304777289233812, 6.101760901170451], [10.373491181781864, 5.2434633245599205], [10.437785532487261, 7.284688291995455], [10.49819466028282, 6.839407496946719], [10.555161484889497, 5.090704424423825], [10.60905725309463, 5.37772325044019], [10.660196214585818, 6.471953354239877], [10.708846723703001, 6.900842202450102], [10.755239763272712, 7.621303689544896], [10.799575577092764, 5.380917195954275], [10.842028893345104, 6.2685281408966], [10.882753083571671, 6.6708758774571395], [10.921883507347436, 5.904762413835024], [10.959540226785442, 6.176488657527225], [10.995830228190643, 6.2060978283539034], [11.030849254490224, 5.8750439774168575], [11.064683327506005, 6.733372036820203], [11.097410021008562, 5.6047771805934925], [11.129099531965545, 6.321154078311708], [11.159815587195991, 7.051555790072695], [11.189616214875297, 6.08633713805566], [11.218554404367652, 6.214091426072681], [11.246678673238513, 4.684802240890158], [11.274033556687879, 7.827330445596561], [11.300660031803202, 6.9744400528775286], [11.326595886778735, 7.577305368267732], [11.351876043451814, 6.760478612983378], [11.376532840064673, 4.345674216840973], [11.400596279996309, 6.01950766488677], [11.424094251263613, 5.435109961325825], [11.44705272081952, 5.904913127279108], [11.469495907042893, 5.487498262575613], [11.491446433293104, 5.288537410724557]], "argmin_dic": [[15000, 2], [17125, 2], [19250, 2], [21375, 2], [23500, 2], [25625, 2], [27750, 2], [29875, 2], [32000, 2], [34125, 2], [36250, 2], [38375, 2], [40500, 2], [42625, 2], [44750, 2], [46875, 2], [49000, 2], [51125, 2], [53250, 2], [55375, 2], [57500, 2], [59625, 2], [61750, 2], [63875, 2], [66000, 3], [68125, 2], [70250, 2], [72375, 3], [74500, 2], [76625, 3], [78750, 2], [80875, 2], [83000, 2], [85125, 2], [87250, 2], [89375, 3], [91500, 3], [93625, 2], [95750, 2], [97875, 2]], "time_elapsed": 5670.746447563171}