{"exact": [[10.46310334047155, 7.225929858923992], [10.50848634631937, 9.689471235358559], [10.551898839254681, 6.851069559957249], [10.593504840087146, 7.5434120512086915], [10.63344870621879, 9.379724716652374], [10.67185815433366, 6.5916810765650755], [10.708846723703001, 6.709576481713217], [10.744515799909736, 7.085061953533337], [10.778956289890028, 9.752482880903543], [10.812250017989491, 9.816684289842716], [10.844470897000654, 7.2081853877278945], [10.87568591634858, 6.594995070313201], [10.905955980651335, 9.69320724354522], [10.935336625044556, 9.751170804586556], [10.96387862838404, 6.909023781919388], [10.991628541336942, 6.954324944231046], [11.018629143155449, 7.078199736213237], [11.044919838387166, 9.30483880241137], [11.070537002757467, 9.74208999084057], [11.095514285843663, 6.61089761636806], [11.119882876860622, 9.641527586989806], [11.143671738824636, 9.4863105795252], [11.166907815505484, 9.713960823909158], [11.189616214875297, 9.65505984163517], [11.211820372186306, 9.472020299915153], [11.233542195333143, 9.934712755815266], [11.254802194759993, 9.430454179349228], [11.275619599843514, 9.79841970786393], [11.296012463406655, 9.71295885384721], [11.315997755786912, 6.769843846971167], [11.335591449687312, 9.888592889427626], [11.354808596873092, 7.020409205981177], [11.37366339763672, 6.785679373513967], [11.392169263834429, 9.834169513708165], [11.410338876195127, 9.498704236315586], [11.428184236515138, 9.624033150562072], [11.44571671527678, 9.864716860182352], [11.462947095163987, 9.904844307325392], [11.479885610892028, 9.54734335285968], [11.496541985719704, 9.40143213648779]], "over": [[10.46310334047155, 16.89749920591087], [10.50848634631937, 13.753613440649954], [10.551898839254681, 17.487119254101113], [10.593504840087146, 16.882836353659815], [10.63344870621879, 12.641475353600427], [10.67185815433366, 16.64281389657622], [10.708846723703001, 15.7508723906303], [10.744515799909736, 14.92454143699483], [10.778956289890028, 14.836136516477922], [10.812250017989491, 18.540333130717432], [10.844470897000654, 16.964602918729206], [10.87568591634858, 16.807135730142754], [10.905955980651335, 16.770453501926234], [10.935336625044556, 11.454506028545904], [10.96387862838404, 16.775546522346634], [10.991628541336942, 11.153214590048945], [11.018629143155449, 12.591169013102299], [11.044919838387166, 12.589012376449308], [11.070537002757467, 16.056171549371822], [11.095514285843663, 18.153286771266036], [11.119882876860622, 15.825419983288388], [11.143671738824636, 16.279966705798415], [11.166907815505484, 12.147407767440175], [11.189616214875297, 13.249763026926718], [11.211820372186306, 17.402238840827764], [11.233542195333143, 16.508929034749038], [11.254802194759993, 15.525705666400652], [11.275619599843514, 16.38769251084813], [11.296012463406655, 11.859310450235427], [11.315997755786912, 12.829427904714498], [11.335591449687312, 16.609244623186758], [11.354808596873092, 14.826221606965603], [11.37366339763672, 12.460880085006906], [11.392169263834429, 15.489838857156855], [11.410338876195127, 15.97140416628487], [11.428184236515138, 15.967131133780565], [11.44571671527678, 12.016915744777608], [11.462947095163987, 15.001468257684923], [11.479885610892028, 15.281811036203004], [11.496541985719704, 11.436562086486344]], "merge": [[10.46310334047155, 5.814410553151689], [10.50848634631937, 5.2530367020134285], [10.551898839254681, 7.294162621508697], [10.593504840087146, 5.691191258785916], [10.63344870621879, 5.316185639219259], [10.67185815433366, 5.674902257599845], [10.708846723703001, 5.452884321484119], [10.744515799909736, 7.162538826636894], [10.778956289890028, 4.309618642632176], [10.812250017989491, 5.975241402376583], [10.844470897000654, 7.167481716628025], [10.87568591634858, 6.906947618137663], [10.905955980651335, 5.542140745794068], [10.935336625044556, 4.5233321093270975], [10.96387862838404, 6.988977681351001], [10.991628541336942, 7.483198148461033], [11.018629143155449, 5.563506408403243], [11.044919838387166, 6.163224205876398], [11.070537002757467, 7.0490978926564205], [11.095514285843663, 4.454770947255054], [11.119882876860622, 5.19936411755103], [11.143671738824636, 5.918123994108278], [11.166907815505484, 7.113429276690361], [11.189616214875297, 6.9856898347681105], [11.211820372186306, 5.733580835009107], [11.233542195333143, 7.095691580219546], [11.254802194759993, 5.933090683022918], [11.275619599843514, 6.0691797844570985], [11.296012463406655, 6.100189711993362], [11.315997755786912, 4.861663104286792], [11.335591449687312, 5.693664349103212], [11.354808596873092, 5.514638366717939], [11.37366339763672, 6.104449221822659], [11.392169263834429, 6.084692927867157], [11.410338876195127, 7.706977224152154], [11.428184236515138, 5.912493060081569], [11.44571671527678, 4.990229095742588], [11.462947095163987, 5.324896787676354], [11.479885610892028, 7.83510432049398], [11.496541985719704, 6.104451051043096]], "argmin_dic": [[35000, 3], [36625, 3], [38250, 2], [39875, 2], [41500, 2], [43125, 2], [44750, 2], [46375, 2], [48000, 2], [49625, 3], [51250, 2], [52875, 2], [54500, 3], [56125, 2], [57750, 2], [59375, 2], [61000, 2], [62625, 2], [64250, 2], [65875, 2], [67500, 3], [69125, 2], [70750, 2], [72375, 2], [74000, 3], [75625, 2], [77250, 3], [78875, 2], [80500, 2], [82125, 2], [83750, 2], [85375, 2], [87000, 2], [88625, 2], [90250, 2], [91875, 2], [93500, 2], [95125, 2], [96750, 2], [98375, 2]], "time_elapsed": 7273.968830108643}