{"exact": [[6.907755278982137, 8.311450709012826], [8.153349757998892, 8.336280160263513], [8.691146498539675, 6.517508994525579], [9.038958755220563, 10.76138515026304], [9.296518068217235, 9.68061896703729], [9.501142571764207, 9.844399063402507], [9.670924779305427, 6.571711495220054], [9.816021526754852, 9.297652795291864], [9.94270826568941, 7.441095944080917], [10.055135102145268, 6.888802298467945], [10.156189906091882, 7.1865217502436005], [10.247963389017864, 7.494236400037233], [10.332017933575289, 9.357093524637959], [10.409551859200409, 7.723829306821551], [10.481504425842441, 9.8489772361446], [10.548625513909712, 8.239085269101723], [10.611523345589823, 9.906893264216592], [10.67069806139613, 9.545982296659435], [10.726565902688105, 10.16727952768526], [10.779476987636757, 9.358360940977473], [10.829728615263452, 9.77026528214726], [10.8775753831365, 9.86615424792067], [10.923236992778513, 9.432773339510922], [10.966904349300577, 9.534160760201553], [11.008744383922906, 9.484540752552759], [11.04890390740204, 9.834057130917333], [11.087512719052368, 9.730352246244617], [11.124686137527133, 9.978151824811306], [11.160527077798756, 9.194533493049988], [11.195127768613824, 9.59761773826861], [11.228571182611121, 7.0445836446789984], [11.260932234926955, 6.8621936660499285], [11.292278793854607, 10.05496653780531], [11.322672537849993, 9.955102260823086], [11.352169686090834, 9.333015443627984], [11.38082162433689, 9.438186257460664], [11.40867544359643, 9.800265774081], [11.435774405781814, 6.893204864756932], [11.462158347916576, 6.923664924800749], [11.487864034374857, 9.290456479898634]], "over": [[6.907755278982137, 18.752818242851035], [8.153349757998892, 14.802123830162296], [8.691146498539675, 17.727988060697154], [9.038958755220563, 14.74336790451519], [9.296518068217235, 14.480332812093003], [9.501142571764207, 11.868587765782094], [9.670924779305427, 14.048520224282987], [9.816021526754852, 17.514376081991593], [9.94270826568941, 18.089529074131114], [10.055135102145268, 17.025900115165122], [10.156189906091882, 15.365292838971662], [10.247963389017864, 17.754252396887612], [10.332017933575289, 12.768178799121793], [10.409551859200409, 13.616487832134561], [10.481504425842441, 17.20128030513664], [10.548625513909712, 13.151535573361476], [10.611523345589823, 12.433803946063668], [10.67069806139613, 14.89407997712831], [10.726565902688105, 14.475790249446899], [10.779476987636757, 16.1027992540179], [10.829728615263452, 15.772289422866749], [10.8775753831365, 13.126620902944115], [10.923236992778513, 16.008756388829678], [10.966904349300577, 12.086487461550103], [11.008744383922906, 17.279263716871476], [11.04890390740204, 16.60365689685064], [11.087512719052368, 17.13439467638715], [11.124686137527133, 16.349068461929946], [11.160527077798756, 17.850344424567858], [11.195127768613824, 16.661149976481262], [11.228571182611121, 15.905364757498502], [11.260932234926955, 12.936211919725576], [11.292278793854607, 16.384677237766173], [11.322672537849993, 15.99857437916574], [11.352169686090834, 11.800072710603791], [11.38082162433689, 11.682849416431036], [11.40867544359643, 13.395483052649334], [11.435774405781814, 17.704042353904157], [11.462158347916576, 15.716480183645176], [11.487864034374857, 17.810148133871724]], "merge": [[6.907755278982137, 6.4497971598339765], [8.153349757998892, 7.908053892645467], [8.691146498539675, 7.122681970601636], [9.038958755220563, 7.725591761372185], [9.296518068217235, 5.3583812091730545], [9.501142571764207, 4.805280352647608], [9.670924779305427, 5.343729310313984], [9.816021526754852, 6.255629926042892], [9.94270826568941, 6.530322928240151], [10.055135102145268, 7.981188337857161], [10.156189906091882, 5.982137832482474], [10.247963389017864, 7.524484939598295], [10.332017933575289, 4.447913485432334], [10.409551859200409, 5.928089122858477], [10.481504425842441, 6.390409815668429], [10.548625513909712, 5.608840014947952], [10.611523345589823, 5.195450761973657], [10.67069806139613, 7.732370533131592], [10.726565902688105, 5.307359478747543], [10.779476987636757, 6.792282522911973], [10.829728615263452, 6.170885348000847], [10.8775753831365, 5.789249199334512], [10.923236992778513, 6.592753589587501], [10.966904349300577, 4.5111705312589585], [11.008744383922906, 7.528395223690351], [11.04890390740204, 8.642636435435792], [11.087512719052368, 6.913164011932244], [11.124686137527133, 7.307789994779351], [11.160527077798756, 7.592651082398629], [11.195127768613824, 6.199987948894684], [11.228571182611121, 8.190759850416807], [11.260932234926955, 5.259741683002665], [11.292278793854607, 6.529923719916639], [11.322672537849993, 6.077902906091323], [11.352169686090834, 5.248497993190011], [11.38082162433689, 5.04798374631891], [11.40867544359643, 7.544091802364175], [11.435774405781814, 6.874952850368041], [11.462158347916576, 5.5920571593080615], [11.487864034374857, 7.147732160491292]], "argmin_dic": [[1000, 3], [3475, 3], [5950, 2], [8425, 3], [10900, 3], [13375, 3], [15850, 2], [18325, 3], [20800, 2], [23275, 2], [25750, 3], [28225, 2], [30700, 2], [33175, 3], [35650, 3], [38125, 2], [40600, 2], [43075, 2], [45550, 2], [48025, 2], [50500, 2], [52975, 2], [55450, 2], [57925, 2], [60400, 3], [62875, 2], [65350, 2], [67825, 2], [70300, 2], [72775, 2], [75250, 2], [77725, 2], [80200, 2], [82675, 3], [85150, 2], [87625, 2], [90100, 2], [92575, 2], [95050, 2], [97525, 2]], "time_elapsed": 2947.197153568268}