{"exact": [[9.615805480084347, 9.505108689328504], [9.748294663130427, 9.89936079410917], [9.86526633971593, 9.094948115692873], [9.969977293804961, 7.0997072424706], [10.06475570013225, 9.676274231132071], [10.151323716440709, 7.222046952109978], [10.23099111917458, 9.352704059096277], [10.304777289233812, 9.300542411909946], [10.373491181781864, 6.564049932189712], [10.437785532487261, 9.559472666399277], [10.49819466028282, 9.652489471273098], [10.555161484889497, 9.145540104839041], [10.60905725309463, 9.928948975832638], [10.660196214585818, 6.809366642933776], [10.708846723703001, 7.370623438924959], [10.755239763272712, 7.289238512301946], [10.799575577092764, 7.0899300385820885], [10.842028893345104, 7.452554667550699], [10.882753083571671, 9.204406783615518], [10.921883507347436, 7.217405351648716], [10.959540226785442, 9.772031694795547], [10.995830228190643, 9.243784133579478], [11.030849254490224, 6.889778194377308], [11.064683327506005, 9.297168264972036], [11.097410021008562, 7.018448395273329], [11.129099531965545, 6.935579873995953], [11.159815587195991, 6.6930200407043], [11.189616214875297, 9.807717142036422], [11.218554404367652, 9.83783931125033], [11.246678673238513, 9.559703198243136], [11.274033556687879, 6.89291917080045], [11.300660031803202, 9.463672101046187], [11.326595886778735, 6.90106459351884], [11.351876043451814, 9.265042946007151], [11.376532840064673, 7.13125660633617], [11.400596279996309, 7.025229354544648], [11.424094251263613, 10.03535336376815], [11.44705272081952, 6.903108421934747], [11.469495907042893, 9.312165962212786], [11.491446433293104, 9.403441317307786]], "over": [[9.615805480084347, 16.153797941967458], [9.748294663130427, 17.391139082254394], [9.86526633971593, 15.758199024350134], [9.969977293804961, 16.580230627346893], [10.06475570013225, 13.027145413383712], [10.151323716440709, 17.304124244288587], [10.23099111917458, 12.736345955602324], [10.304777289233812, 14.701874995352544], [10.373491181781864, 17.241027806928823], [10.437785532487261, 12.12454285162002], [10.49819466028282, 17.10509614371295], [10.555161484889497, 12.719000031302764], [10.60905725309463, 14.354611549635784], [10.660196214585818, 12.010166338917609], [10.708846723703001, 15.833378536032958], [10.755239763272712, 15.826392139768359], [10.799575577092764, 17.369249555844913], [10.842028893345104, 11.987794333266766], [10.882753083571671, 12.611312887337093], [10.921883507347436, 15.599010146684225], [10.959540226785442, 13.263329231595783], [10.995830228190643, 15.304413042342654], [11.030849254490224, 17.68911819108641], [11.064683327506005, 13.553599080274099], [11.097410021008562, 16.37033637765131], [11.129099531965545, 15.834081647168311], [11.159815587195991, 15.705799705449449], [11.189616214875297, 17.962025757040163], [11.218554404367652, 17.879952711476403], [11.246678673238513, 14.525710526593578], [11.274033556687879, 16.486778068383636], [11.300660031803202, 11.680186528943063], [11.326595886778735, 15.819410198398034], [11.351876043451814, 15.868342184107833], [11.376532840064673, 17.059909687358665], [11.400596279996309, 16.365126336187995], [11.424094251263613, 18.434787054669023], [11.44705272081952, 17.343049561481877], [11.469495907042893, 13.717401693421513], [11.491446433293104, 12.2699885427876]], "merge": [[9.615805480084347, 7.406834288505558], [9.748294663130427, 7.351667311560019], [9.86526633971593, 7.2338900495573615], [9.969977293804961, 7.183127748895024], [10.06475570013225, 5.588248316526549], [10.151323716440709, 6.750015406913421], [10.23099111917458, 5.4173396417698], [10.304777289233812, 5.9411269558753785], [10.373491181781864, 9.057881949821939], [10.437785532487261, 4.418979267596961], [10.49819466028282, 7.895101021220268], [10.555161484889497, 4.51645423793628], [10.60905725309463, 6.298296910303742], [10.660196214585818, 4.64673104251776], [10.708846723703001, 8.177582062996752], [10.755239763272712, 5.524494988128277], [10.799575577092764, 7.663402469065468], [10.842028893345104, 5.636485513399171], [10.882753083571671, 5.275019125353974], [10.921883507347436, 5.57341306341675], [10.959540226785442, 5.505966816843439], [10.995830228190643, 5.471681605866277], [11.030849254490224, 7.221992150403284], [11.064683327506005, 6.067732994929287], [11.097410021008562, 6.7260159382514715], [11.129099531965545, 6.7614947747948735], [11.159815587195991, 7.269515497981949], [11.189616214875297, 7.554275410329311], [11.218554404367652, 7.057670087709421], [11.246678673238513, 5.278918227675427], [11.274033556687879, 6.835220530177277], [11.300660031803202, 4.50621273949471], [11.326595886778735, 6.139348279360607], [11.351876043451814, 7.2148889978504185], [11.376532840064673, 6.422389340068466], [11.400596279996309, 6.0287529301736535], [11.424094251263613, 7.2944132573351945], [11.44705272081952, 7.190688707221287], [11.469495907042893, 5.674378380593791], [11.491446433293104, 5.4352163889885645]], "argmin_dic": [[15000, 2], [17125, 2], [19250, 2], [21375, 2], [23500, 3], [25625, 2], [27750, 2], [29875, 2], [32000, 2], [34125, 2], [36250, 2], [38375, 2], [40500, 2], [42625, 3], [44750, 2], [46875, 2], [49000, 3], [51125, 2], [53250, 2], [55375, 2], [57500, 2], [59625, 2], [61750, 2], [63875, 2], [66000, 2], [68125, 2], [70250, 2], [72375, 2], [74500, 2], [76625, 2], [78750, 2], [80875, 2], [83000, 2], [85125, 2], [87250, 2], [89375, 2], [91500, 2], [93625, 2], [95750, 2], [97875, 2]], "time_elapsed": 3178.714144229889}