{"exact": [], "over": [], "merge": [[11.512925464970229, 5.683644053270778], [11.512925464970229, 6.3473715565078175], [11.512925464970229, 5.433836195749185], [11.512925464970229, 7.250999080910071], [11.512925464970229, 8.130995637193877], [11.512925464970229, 7.276310046973719], [11.512925464970229, 6.294590776838457], [11.512925464970229, 4.334954431658758], [11.512925464970229, 7.547004840844323], [11.512925464970229, 6.401035790842298], [11.512925464970229, 5.950957827351134], [11.512925464970229, 7.100381932552649], [11.512925464970229, 5.8978969002535395], [11.512925464970229, 6.279064483387485], [11.512925464970229, 5.167920302279837], [11.512925464970229, 5.408385238255185], [11.512925464970229, 5.383014598417098], [11.512925464970229, 5.599644812697659], [11.512925464970229, 6.715889808352249], [11.512925464970229, 4.464354854705624], [11.512925464970229, 6.630850975415925], [11.512925464970229, 7.297190105568218], [11.512925464970229, 6.0715577710060336], [11.512925464970229, 5.833527428384471], [11.512925464970229, 6.014192795611096], [11.512925464970229, 6.228853601099603], [11.512925464970229, 6.809438132861126], [11.512925464970229, 6.3714877991903025], [11.512925464970229, 7.1296897137661315], [11.512925464970229, 7.950932558538827], [11.512925464970229, 5.305128543217543], [11.512925464970229, 5.251058125713525], [11.512925464970229, 6.191949538995521], [11.512925464970229, 6.718342450156607], [11.512925464970229, 5.672810824424535], [11.512925464970229, 8.718011795777974], [11.512925464970229, 5.321963707189356], [11.512925464970229, 6.059584975440787], [11.512925464970229, 5.578990180580708], [11.512925464970229, 6.503739451899921]], "argmin_dic": [[100000, 2], [100000, 2], [100000, 2], [100000, 2], [100000, 2], [100000, 2], [100000, 2], [100000, 2], [100000, 2], [100000, 2], [100000, 2], [100000, 2], [100000, 2], [100000, 3], [100000, 2], [100000, 2], [100000, 2], [100000, 2], [100000, 2], [100000, 2], [100000, 2], [100000, 2], [100000, 2], [100000, 3], [100000, 2], [100000, 2], [100000, 2], [100000, 2], [100000, 2], [100000, 2], [100000, 2], [100000, 2], [100000, 2], [100000, 2], [100000, 2], [100000, 2], [100000, 2], [100000, 2], [100000, 2], [100000, 2]], "time_elapsed": 3628.1698627471924}