{"exact": [[6.907755278982137, 9.758934195831662], [8.153349757998892, 10.206300848929018], [8.691146498539675, 9.933579203525158], [9.038958755220563, 7.281870271869055], [9.296518068217235, 8.959109372000826], [9.501142571764207, 9.324739533332489], [9.670924779305427, 7.294518401952657], [9.816021526754852, 9.513253845796756], [9.94270826568941, 6.444495962218673], [10.055135102145268, 9.768345113539144], [10.156189906091882, 9.360811023182526], [10.247963389017864, 6.412268259626131], [10.332017933575289, 6.887294257490346], [10.409551859200409, 10.040483425096872], [10.481504425842441, 9.685079763202348], [10.548625513909712, 9.376181594696332], [10.611523345589823, 10.322477650500062], [10.67069806139613, 9.391788784347867], [10.726565902688105, 9.83963771160676], [10.779476987636757, 9.600731905301478], [10.829728615263452, 9.27093054090864], [10.8775753831365, 9.059112470989882], [10.923236992778513, 9.581179158619566], [10.966904349300577, 9.525675117154663], [11.008744383922906, 9.419828172519546], [11.04890390740204, 6.630184464503694], [11.087512719052368, 9.586046608255218], [11.124686137527133, 9.398844034697927], [11.160527077798756, 9.471937668794014], [11.195127768613824, 6.738539414920349], [11.228571182611121, 9.326170815316999], [11.260932234926955, 9.363351787176896], [11.292278793854607, 6.780549220545621], [11.322672537849993, 10.224778973089087], [11.352169686090834, 6.8860177359592045], [11.38082162433689, 9.415835059777116], [11.40867544359643, 6.8780861817328995], [11.435774405781814, 9.25210981319546], [11.462158347916576, 7.033347535193629], [11.487864034374857, 9.365372099917934]], "over": [[6.907755278982137, 14.736547085199959], [8.153349757998892, 17.056663808081094], [8.691146498539675, 14.58300039914927], [9.038958755220563, 17.283791187854426], [9.296518068217235, 14.117001477834084], [9.501142571764207, 17.48876440479774], [9.670924779305427, 14.562458092930576], [9.816021526754852, 17.80482524915109], [9.94270826568941, 15.397295091623516], [10.055135102145268, 11.762721045336129], [10.156189906091882, 15.59369662981274], [10.247963389017864, 12.553793199512144], [10.332017933575289, 11.398061269483339], [10.409551859200409, 14.963196343955833], [10.481504425842441, 12.226149214488288], [10.548625513909712, 12.44731387782511], [10.611523345589823, 16.710491432321163], [10.67069806139613, 15.585269651784587], [10.726565902688105, 14.956334619461153], [10.779476987636757, 17.64524767395411], [10.829728615263452, 13.533129866021202], [10.8775753831365, 11.781769366387039], [10.923236992778513, 11.72812975121195], [10.966904349300577, 15.50052603588088], [11.008744383922906, 13.734203841228569], [11.04890390740204, 15.699756574617757], [11.087512719052368, 17.08974765356002], [11.124686137527133, 16.008762428881262], [11.160527077798756, 15.50169707798695], [11.195127768613824, 16.274507127227878], [11.228571182611121, 12.156491932591898], [11.260932234926955, 15.943284320938277], [11.292278793854607, 16.375218374229448], [11.322672537849993, 16.468748866621585], [11.352169686090834, 17.579921497268767], [11.38082162433689, 11.199843320039504], [11.40867544359643, 15.948194488344209], [11.435774405781814, 13.55272864219901], [11.462158347916576, 12.49102157437555], [11.487864034374857, 10.062996415239029]], "merge": [[6.907755278982137, 6.670916243343587], [8.153349757998892, 6.743987270006917], [8.691146498539675, 5.258613677480291], [9.038958755220563, 6.9850760261482305], [9.296518068217235, 4.358873629522843], [9.501142571764207, 8.007577371055094], [9.670924779305427, 5.826666490337269], [9.816021526754852, 7.396779547240296], [9.94270826568941, 6.390365218317163], [10.055135102145268, 4.948028746899102], [10.156189906091882, 6.886107736321854], [10.247963389017864, 5.071145971523903], [10.332017933575289, 4.5013090734590095], [10.409551859200409, 6.143746738745704], [10.481504425842441, 4.588346004853658], [10.548625513909712, 5.308835513744493], [10.611523345589823, 6.155210019075763], [10.67069806139613, 6.797913854765824], [10.726565902688105, 6.148348950436734], [10.779476987636757, 7.312578310756852], [10.829728615263452, 5.952951500195738], [10.8775753831365, 5.301398095055114], [10.923236992778513, 4.998647862246699], [10.966904349300577, 5.7316206752780685], [11.008744383922906, 5.643679774320465], [11.04890390740204, 5.731125511899088], [11.087512719052368, 6.509104308585884], [11.124686137527133, 7.261946082493346], [11.160527077798756, 7.194431497276638], [11.195127768613824, 6.889873339854171], [11.228571182611121, 5.0884853754189825], [11.260932234926955, 6.998476157830343], [11.292278793854607, 5.916747822922797], [11.322672537849993, 6.396945888496944], [11.352169686090834, 7.118928149939578], [11.38082162433689, 4.457409530834523], [11.40867544359643, 6.052424687878531], [11.435774405781814, 6.09693889035861], [11.462158347916576, 5.604161267747225], [11.487864034374857, 5.794368364168462]], "argmin_dic": [[1000, 3], [3475, 2], [5950, 2], [8425, 2], [10900, 2], [13375, 2], [15850, 2], [18325, 2], [20800, 2], [23275, 2], [25750, 2], [28225, 2], [30700, 2], [33175, 2], [35650, 2], [38125, 2], [40600, 2], [43075, 2], [45550, 2], [48025, 2], [50500, 3], [52975, 2], [55450, 2], [57925, 2], [60400, 2], [62875, 2], [65350, 2], [67825, 2], [70300, 2], [72775, 2], [75250, 2], [77725, 2], [80200, 2], [82675, 2], [85150, 2], [87625, 2], [90100, 2], [92575, 2], [95050, 3], [97525, 3]], "time_elapsed": 2425.3467347621918}