{"exact": [[10.46310334047155, 6.932537968574849], [10.50848634631937, 9.814852602666003], [10.551898839254681, 7.294892324947032], [10.593504840087146, 9.645186322657066], [10.63344870621879, 9.423885868531912], [10.67185815433366, 9.47381616956562], [10.708846723703001, 7.075350529053079], [10.744515799909736, 9.180185040077614], [10.778956289890028, 6.881310215676954], [10.812250017989491, 9.886447603346404], [10.844470897000654, 6.863453218543909], [10.87568591634858, 9.287805185746654], [10.905955980651335, 9.336083741367597], [10.935336625044556, 7.42887112261546], [10.96387862838404, 7.200092805157363], [10.991628541336942, 6.657861619219967], [11.018629143155449, 9.257496015850668], [11.044919838387166, 9.852463548729055], [11.070537002757467, 9.418954200303991], [11.095514285843663, 9.902394565398618], [11.119882876860622, 7.128262120390382], [11.143671738824636, 9.488828846869467], [11.166907815505484, 10.047546403700272], [11.189616214875297, 9.653908846962743], [11.211820372186306, 9.542023118806783], [11.233542195333143, 7.021154366677631], [11.254802194759993, 9.83936276185779], [11.275619599843514, 6.375558488327741], [11.296012463406655, 9.837161300001004], [11.315997755786912, 7.298872659906143], [11.335591449687312, 6.822298985967797], [11.354808596873092, 9.264879822077297], [11.37366339763672, 7.14525942286995], [11.392169263834429, 9.342969433725976], [11.410338876195127, 6.8648508962959], [11.428184236515138, 9.413939359750366], [11.44571671527678, 9.437158425985828], [11.462947095163987, 9.296061475156177], [11.479885610892028, 9.916368656573194], [11.496541985719704, 7.186833219717172]], "over": [[10.46310334047155, 12.136493483581694], [10.50848634631937, 16.56824699976025], [10.551898839254681, 16.018104514220692], [10.593504840087146, 17.53550231872233], [10.63344870621879, 13.328172872527945], [10.67185815433366, 17.292873239761406], [10.708846723703001, 14.137586124795657], [10.744515799909736, 16.459853472241416], [10.778956289890028, 15.837637665855887], [10.812250017989491, 17.531679778027833], [10.844470897000654, 19.35194011845423], [10.87568591634858, 14.307699916626992], [10.905955980651335, 15.68878806402016], [10.935336625044556, 13.665033801320916], [10.96387862838404, 16.967344399834293], [10.991628541336942, 14.302172167554229], [11.018629143155449, 15.56701751565992], [11.044919838387166, 12.945072854556882], [11.070537002757467, 18.012789791340357], [11.095514285843663, 14.418222812228898], [11.119882876860622, 13.4942745648897], [11.143671738824636, 18.84511634599469], [11.166907815505484, 13.474035641400636], [11.189616214875297, 12.092342935555784], [11.211820372186306, 15.813213510145234], [11.233542195333143, 16.174351275153295], [11.254802194759993, 13.907268730501933], [11.275619599843514, 15.384685889109438], [11.296012463406655, 15.689526039808689], [11.315997755786912, 18.290461729571327], [11.335591449687312, 12.346082005168055], [11.354808596873092, 16.51827079074251], [11.37366339763672, 16.289097796936904], [11.392169263834429, 18.16150736674726], [11.410338876195127, 12.405542185732571], [11.428184236515138, 13.083948104759385], [11.44571671527678, 12.325367517213424], [11.462947095163987, 18.01636186681305], [11.479885610892028, 12.681738389044163], [11.496541985719704, 16.131682835638035]], "merge": [[10.46310334047155, 5.952079026213371], [10.50848634631937, 7.319042418160972], [10.551898839254681, 4.428759183797263], [10.593504840087146, 7.905201020912235], [10.63344870621879, 5.350425910431977], [10.67185815433366, 6.913137966502944], [10.708846723703001, 5.922351334198818], [10.744515799909736, 6.015610094395642], [10.778956289890028, 5.379768688457598], [10.812250017989491, 6.021419531991217], [10.844470897000654, 5.259390943882596], [10.87568591634858, 7.2685785302768595], [10.905955980651335, 6.130678669795005], [10.935336625044556, 5.381651081539497], [10.96387862838404, 5.613726366407261], [10.991628541336942, 6.046419635529918], [11.018629143155449, 5.916552763996522], [11.044919838387166, 6.995387355639963], [11.070537002757467, 6.448678774865076], [11.095514285843663, 7.132382391258483], [11.119882876860622, 7.110562756481583], [11.143671738824636, 6.512894550313959], [11.166907815505484, 6.3991847448943195], [11.189616214875297, 7.776230569847367], [11.211820372186306, 5.880141040466847], [11.233542195333143, 7.188919334530664], [11.254802194759993, 6.2614059579072086], [11.275619599843514, 7.138260641081171], [11.296012463406655, 5.4623551677556685], [11.315997755786912, 5.3206728650788895], [11.335591449687312, 6.091637772699017], [11.354808596873092, 4.391515412342], [11.37366339763672, 4.62236737974299], [11.392169263834429, 8.539925894062293], [11.410338876195127, 6.9952953986522335], [11.428184236515138, 7.426595103559573], [11.44571671527678, 6.745044341803621], [11.462947095163987, 6.056428474994297], [11.479885610892028, 4.400588825280673], [11.496541985719704, 6.672244602213928]], "argmin_dic": [[35000, 2], [36625, 2], [38250, 2], [39875, 2], [41500, 2], [43125, 2], [44750, 3], [46375, 3], [48000, 2], [49625, 3], [51250, 2], [52875, 2], [54500, 2], [56125, 2], [57750, 3], [59375, 3], [61000, 2], [62625, 2], [64250, 2], [65875, 2], [67500, 2], [69125, 2], [70750, 2], [72375, 2], [74000, 2], [75625, 2], [77250, 2], [78875, 2], [80500, 2], [82125, 2], [83750, 2], [85375, 2], [87000, 3], [88625, 2], [90250, 2], [91875, 2], [93500, 2], [95125, 2], [96750, 2], [98375, 2]], "time_elapsed": 6538.329569339752}