{"exact": [[9.615805480084347, 9.018884114156696], [9.748294663130427, 6.907045787946991], [9.86526633971593, 9.29456778465919], [9.969977293804961, 6.533122339812068], [10.06475570013225, 9.35565467755092], [10.151323716440709, 6.81318937136462], [10.23099111917458, 9.479396797654294], [10.304777289233812, 9.208180813718297], [10.373491181781864, 9.579442914470995], [10.437785532487261, 9.73589767829449], [10.49819466028282, 9.385867535145884], [10.555161484889497, 6.968688385599026], [10.60905725309463, 9.645633872758292], [10.660196214585818, 9.286465181943385], [10.708846723703001, 9.108926787569875], [10.755239763272712, 9.810066201707345], [10.799575577092764, 6.831564150345539], [10.842028893345104, 9.069883086371386], [10.882753083571671, 6.834935184847589], [10.921883507347436, 9.830910193244627], [10.959540226785442, 9.882386960881785], [10.995830228190643, 9.91805450833189], [11.030849254490224, 9.471946197453516], [11.064683327506005, 9.03846195330866], [11.097410021008562, 6.537957714790825], [11.129099531965545, 6.604908076777032], [11.159815587195991, 10.147989390242184], [11.189616214875297, 7.241393435195049], [11.218554404367652, 9.871353472146843], [11.246678673238513, 9.375212278191245], [11.274033556687879, 9.74312874451937], [11.300660031803202, 9.63961945775092], [11.326595886778735, 6.740143806550017], [11.351876043451814, 9.449072297625706], [11.376532840064673, 6.908109387979841], [11.400596279996309, 7.023122023998737], [11.424094251263613, 7.136658783846496], [11.44705272081952, 6.737558335962264], [11.469495907042893, 7.126372458318981], [11.491446433293104, 6.972598064583506]], "over": [[9.615805480084347, 10.049509292835284], [9.748294663130427, 12.84128705643725], [9.86526633971593, 14.64153426005119], [9.969977293804961, 15.648691799982151], [10.06475570013225, 16.362327030716557], [10.151323716440709, 16.702920506948036], [10.23099111917458, 18.643906269572717], [10.304777289233812, 15.545676982209967], [10.373491181781864, 16.435061358783386], [10.437785532487261, 15.173202358277301], [10.49819466028282, 16.447887789472826], [10.555161484889497, 12.951211193138304], [10.60905725309463, 13.505010130734274], [10.660196214585818, 13.316979813711091], [10.708846723703001, 17.784947686098285], [10.755239763272712, 15.913487353454535], [10.799575577092764, 16.76600047294029], [10.842028893345104, 15.366797712781064], [10.882753083571671, 15.401195130593996], [10.921883507347436, 15.493163594431197], [10.959540226785442, 16.435011223166367], [10.995830228190643, 12.556003441462053], [11.030849254490224, 16.76522721317952], [11.064683327506005, 14.76298194935541], [11.097410021008562, 15.889783592649481], [11.129099531965545, 10.885302554942452], [11.159815587195991, 17.52834385540324], [11.189616214875297, 17.06567267638178], [11.218554404367652, 16.312155184506157], [11.246678673238513, 11.74042878598804], [11.274033556687879, 17.397163619956444], [11.300660031803202, 12.195994410390462], [11.326595886778735, 13.441151638792668], [11.351876043451814, 12.945557002469432], [11.376532840064673, 14.77374907873951], [11.400596279996309, 11.40611285012168], [11.424094251263613, 15.900536596763486], [11.44705272081952, 16.026049740391695], [11.469495907042893, 12.26514134367966], [11.491446433293104, 12.914490911957543]], "merge": [[9.615805480084347, 5.877137618053173], [9.748294663130427, 7.747465884130304], [9.86526633971593, 4.57327935890577], [9.969977293804961, 6.468202211882746], [10.06475570013225, 7.161858717949294], [10.151323716440709, 5.362327582673774], [10.23099111917458, 5.4543010757442305], [10.304777289233812, 6.07325293461665], [10.373491181781864, 7.579097171405486], [10.437785532487261, 7.762817823300544], [10.49819466028282, 7.473505205943104], [10.555161484889497, 5.919961340386468], [10.60905725309463, 4.42571687201816], [10.660196214585818, 8.655026444889568], [10.708846723703001, 7.095841793843764], [10.755239763272712, 6.113733401661466], [10.799575577092764, 5.516217990581609], [10.842028893345104, 5.489950674702058], [10.882753083571671, 5.312111563320611], [10.921883507347436, 5.4681133060711185], [10.959540226785442, 6.548718385552017], [10.995830228190643, 5.718618025033862], [11.030849254490224, 6.0312237604540835], [11.064683327506005, 6.8062729701899904], [11.097410021008562, 4.610800100435072], [11.129099531965545, 7.028128467420518], [11.159815587195991, 7.236124603165922], [11.189616214875297, 4.4024987999942855], [11.218554404367652, 6.312335232442712], [11.246678673238513, 6.589651202719866], [11.274033556687879, 7.532291105871276], [11.300660031803202, 5.364411796634958], [11.326595886778735, 5.943326959930131], [11.351876043451814, 5.853841148718657], [11.376532840064673, 6.6552504718147505], [11.400596279996309, 6.300667296341219], [11.424094251263613, 5.6716350135987765], [11.44705272081952, 7.327685678967074], [11.469495907042893, 7.125535087600657], [11.491446433293104, 6.039311372218764]], "argmin_dic": [[15000, 2], [17125, 2], [19250, 2], [21375, 2], [23500, 2], [25625, 2], [27750, 3], [29875, 2], [32000, 2], [34125, 2], [36250, 2], [38375, 2], [40500, 2], [42625, 2], [44750, 2], [46875, 2], [49000, 2], [51125, 2], [53250, 2], [55375, 2], [57500, 2], [59625, 2], [61750, 3], [63875, 2], [66000, 2], [68125, 2], [70250, 2], [72375, 2], [74500, 2], [76625, 2], [78750, 2], [80875, 2], [83000, 2], [85125, 2], [87250, 2], [89375, 2], [91500, 2], [93625, 2], [95750, 2], [97875, 3]], "time_elapsed": 6087.9050579071045}