{"exact": [[9.615805480084347, 9.291279264553745], [9.748294663130427, 6.473261126483878], [9.86526633971593, 6.522651320301372], [9.969977293804961, 7.2226997319391835], [10.06475570013225, 9.031502213852896], [10.151323716440709, 7.399177561373321], [10.23099111917458, 6.653808392642778], [10.304777289233812, 4.682921659380354], [10.373491181781864, 9.684202636233946], [10.437785532487261, 6.757072259673469], [10.49819466028282, 9.297455966189256], [10.555161484889497, 10.00015731525086], [10.60905725309463, 7.041266725620044], [10.660196214585818, 9.483004214580864], [10.708846723703001, 9.449514923229605], [10.755239763272712, 6.69448574459603], [10.799575577092764, 9.569370100873204], [10.842028893345104, 9.409956390461495], [10.882753083571671, 9.411694352660916], [10.921883507347436, 9.806729342149973], [10.959540226785442, 10.064315358033848], [10.995830228190643, 6.83081307602146], [11.030849254490224, 9.874465582996537], [11.064683327506005, 9.53316441090402], [11.097410021008562, 9.32447167060436], [11.129099531965545, 9.171894362891363], [11.159815587195991, 9.789444399528492], [11.189616214875297, 7.137307255507896], [11.218554404367652, 9.371709947098006], [11.246678673238513, 6.866151926830436], [11.274033556687879, 9.74068886993233], [11.300660031803202, 9.382983145884381], [11.326595886778735, 9.897506363172045], [11.351876043451814, 9.441359025416586], [11.376532840064673, 9.784253090856685], [11.400596279996309, 9.289957488160018], [11.424094251263613, 9.659518002694597], [11.44705272081952, 9.693721675058965], [11.469495907042893, 9.448689300503384], [11.491446433293104, 9.780583209462682]], "over": [[9.615805480084347, 13.098726212596366], [9.748294663130427, 10.729234751984146], [9.86526633971593, 15.803900348958635], [9.969977293804961, 12.434416266470818], [10.06475570013225, 15.169566377350504], [10.151323716440709, 12.240626839466614], [10.23099111917458, 13.596762248067156], [10.304777289233812, 12.997396901599043], [10.373491181781864, 13.600630737758598], [10.437785532487261, 13.978718340581228], [10.49819466028282, 10.152967898587567], [10.555161484889497, 14.61334440364753], [10.60905725309463, 17.417122546269287], [10.660196214585818, 16.19803615371982], [10.708846723703001, 11.304825894066706], [10.755239763272712, 12.354654546639598], [10.799575577092764, 13.830705677936805], [10.842028893345104, 15.0363507247679], [10.882753083571671, 10.744068765356682], [10.921883507347436, 17.240212009445322], [10.959540226785442, 17.313703488580863], [10.995830228190643, 14.904065699765686], [11.030849254490224, 16.030022143721105], [11.064683327506005, 12.840973071158945], [11.097410021008562, 12.79799041675754], [11.129099531965545, 14.101672921979468], [11.159815587195991, 13.612932358406129], [11.189616214875297, 16.09465622924529], [11.218554404367652, 12.804327551209708], [11.246678673238513, 12.001309758158058], [11.274033556687879, 15.768382172166442], [11.300660031803202, 11.491242469239461], [11.326595886778735, 16.412374100132656], [11.351876043451814, 15.970086235469253], [11.376532840064673, 15.531391544490514], [11.400596279996309, 16.270770036501776], [11.424094251263613, 12.31288052807587], [11.44705272081952, 15.972478769425008], [11.469495907042893, 15.144583564246567], [11.491446433293104, 16.36845869178616]], "merge": [[9.615805480084347, 5.953152258051172], [9.748294663130427, 4.548667211458043], [9.86526633971593, 5.296485854414727], [9.969977293804961, 6.662076881489495], [10.06475570013225, 8.540094831929194], [10.151323716440709, 6.660523183215797], [10.23099111917458, 6.844293577006569], [10.304777289233812, 4.563722253709995], [10.373491181781864, 6.1211567548903405], [10.437785532487261, 5.70317345778555], [10.49819466028282, 6.472784201551864], [10.555161484889497, 7.359656860207695], [10.60905725309463, 7.661802103112526], [10.660196214585818, 4.577824246799462], [10.708846723703001, 6.645335986202086], [10.755239763272712, 6.506882754698776], [10.799575577092764, 7.334104928366954], [10.842028893345104, 5.59534980713541], [10.882753083571671, 8.60075919062295], [10.921883507347436, 5.222530364569001], [10.959540226785442, 8.567100030109414], [10.995830228190643, 5.866733718772352], [11.030849254490224, 4.708092201800458], [11.064683327506005, 5.93943441695893], [11.097410021008562, 5.658955050164847], [11.129099531965545, 7.51335762485118], [11.159815587195991, 4.926829086194999], [11.189616214875297, 5.462085260965184], [11.218554404367652, 6.5291113069420055], [11.246678673238513, 5.260165482114759], [11.274033556687879, 5.316247276687456], [11.300660031803202, 4.969660824709888], [11.326595886778735, 6.391387396388198], [11.351876043451814, 5.049721482198183], [11.376532840064673, 7.330381538047483], [11.400596279996309, 6.4942070824199405], [11.424094251263613, 6.0901970114089465], [11.44705272081952, 4.347776676090244], [11.469495907042893, 6.332378905875594], [11.491446433293104, 6.0310159421127825]], "argmin_dic": [[15000, 2], [17125, 3], [19250, 3], [21375, 2], [23500, 2], [25625, 2], [27750, 2], [29875, 2], [32000, 2], [34125, 3], [36250, 2], [38375, 2], [40500, 3], [42625, 2], [44750, 2], [46875, 2], [49000, 2], [51125, 3], [53250, 2], [55375, 2], [57500, 2], [59625, 2], [61750, 2], [63875, 2], [66000, 2], [68125, 2], [70250, 2], [72375, 2], [74500, 2], [76625, 2], [78750, 2], [80875, 2], [83000, 2], [85125, 2], [87250, 2], [89375, 3], [91500, 2], [93625, 2], [95750, 2], [97875, 2]], "time_elapsed": 5685.967827320099}