{"exact": [[6.907755278982137, 8.16640651828514], [8.153349757998892, 6.662051440164931], [8.691146498539675, 7.1118067498769335], [9.038958755220563, 9.813714834094073], [9.296518068217235, 8.182314894036441], [9.501142571764207, 9.975500197216354], [9.670924779305427, 9.251287159647436], [9.816021526754852, 9.751014035768248], [9.94270826568941, 9.494757147684203], [10.055135102145268, 9.18617758206292], [10.156189906091882, 9.488535387874569], [10.247963389017864, 9.908978959049165], [10.332017933575289, 6.6025634462597695], [10.409551859200409, 9.721802775395567], [10.481504425842441, 9.559213097678764], [10.548625513909712, 6.782349995809352], [10.611523345589823, 9.66092331262932], [10.67069806139613, 9.573903221187805], [10.726565902688105, 9.789953421106626], [10.779476987636757, 9.773908060577615], [10.829728615263452, 9.948226805050457], [10.8775753831365, 9.406090849536879], [10.923236992778513, 9.653852234335966], [10.966904349300577, 9.426529359172335], [11.008744383922906, 9.202610347095002], [11.04890390740204, 9.375697113987101], [11.087512719052368, 9.352516552192318], [11.124686137527133, 9.880528452831163], [11.160527077798756, 9.39583641120441], [11.195127768613824, 6.852169334262524], [11.228571182611121, 9.214436590717247], [11.260932234926955, 9.534895348957196], [11.292278793854607, 9.732306357510554], [11.322672537849993, 9.409566789507707], [11.352169686090834, 9.262323913185988], [11.38082162433689, 9.522085428239002], [11.40867544359643, 9.579487325777611], [11.435774405781814, 9.792835779646522], [11.462158347916576, 7.057166018240591], [11.487864034374857, 9.399942599964655]], "over": [[6.907755278982137, 18.609740028546856], [8.153349757998892, 11.218578187258426], [8.691146498539675, 17.987258597160448], [9.038958755220563, 13.033375399435485], [9.296518068217235, 19.4416584960088], [9.501142571764207, 14.631452569283919], [9.670924779305427, 13.991676408941407], [9.816021526754852, 15.716322754634028], [9.94270826568941, 15.6385374683162], [10.055135102145268, 12.655481232425757], [10.156189906091882, 12.4745281678183], [10.247963389017864, 15.675871346867437], [10.332017933575289, 12.642737065879606], [10.409551859200409, 12.252252582213755], [10.481504425842441, 17.89615032795415], [10.548625513909712, 15.881791849934185], [10.611523345589823, 16.325867616510706], [10.67069806139613, 12.308609567422806], [10.726565902688105, 15.780144048694748], [10.779476987636757, 15.668612923851372], [10.829728615263452, 15.397064082168475], [10.8775753831365, 14.238170506453061], [10.923236992778513, 15.408435530469912], [10.966904349300577, 13.582226541745108], [11.008744383922906, 12.915140565665224], [11.04890390740204, 15.003613246784827], [11.087512719052368, 16.29314999276338], [11.124686137527133, 12.323839296619049], [11.160527077798756, 17.580381728571915], [11.195127768613824, 17.811927595104212], [11.228571182611121, 16.030186460817276], [11.260932234926955, 15.14307910124036], [11.292278793854607, 16.332323253634637], [11.322672537849993, 16.51045656084824], [11.352169686090834, 17.430327849392455], [11.38082162433689, 16.191558627075544], [11.40867544359643, 17.715004865519532], [11.435774405781814, 16.69829495059117], [11.462158347916576, 13.35668394449744], [11.487864034374857, 15.279350246126281]], "merge": [[6.907755278982137, 5.5864802473397335], [8.153349757998892, 5.469328861855504], [8.691146498539675, 8.609385853510727], [9.038958755220563, 5.128655250874845], [9.296518068217235, 8.547317622544526], [9.501142571764207, 5.989774416377867], [9.670924779305427, 5.483082984879044], [9.816021526754852, 6.411841285775432], [9.94270826568941, 5.842608799280119], [10.055135102145268, 4.971637310825426], [10.156189906091882, 7.251052502047406], [10.247963389017864, 5.739159262888527], [10.332017933575289, 5.351817620830657], [10.409551859200409, 4.719142362566711], [10.481504425842441, 7.085890137040446], [10.548625513909712, 6.613026631129254], [10.611523345589823, 7.357813318840612], [10.67069806139613, 4.468687173239414], [10.726565902688105, 8.307462589839805], [10.779476987636757, 7.178202012227767], [10.829728615263452, 5.514342265519231], [10.8775753831365, 6.073053507464058], [10.923236992778513, 5.506765460917161], [10.966904349300577, 5.569126361260385], [11.008744383922906, 6.497201824180749], [11.04890390740204, 6.633402697872836], [11.087512719052368, 6.425788701258871], [11.124686137527133, 5.766623012543324], [11.160527077798756, 6.110062312599678], [11.195127768613824, 7.186671506788039], [11.228571182611121, 6.321973253956271], [11.260932234926955, 5.930245906909427], [11.292278793854607, 7.504989667788032], [11.322672537849993, 8.552986669378567], [11.352169686090834, 7.0207886255778025], [11.38082162433689, 6.4875340832711075], [11.40867544359643, 5.7468742023041415], [11.435774405781814, 6.478589945474663], [11.462158347916576, 6.032914691549599], [11.487864034374857, 5.383673446488764]], "argmin_dic": [[1000, 2], [3475, 3], [5950, 2], [8425, 2], [10900, 3], [13375, 3], [15850, 2], [18325, 2], [20800, 2], [23275, 2], [25750, 2], [28225, 2], [30700, 3], [33175, 2], [35650, 2], [38125, 2], [40600, 2], [43075, 2], [45550, 2], [48025, 2], [50500, 2], [52975, 2], [55450, 2], [57925, 2], [60400, 2], [62875, 2], [65350, 2], [67825, 3], [70300, 2], [72775, 2], [75250, 2], [77725, 2], [80200, 2], [82675, 2], [85150, 2], [87625, 2], [90100, 2], [92575, 2], [95050, 2], [97525, 2]], "time_elapsed": 4580.04496383667}