{"exact": [[6.907755278982137, 5.287790243527626], [8.153349757998892, 9.434627711224673], [8.691146498539675, 6.610658705614009], [9.038958755220563, 10.024737158246309], [9.296518068217235, 10.349324514760225], [9.501142571764207, 7.104458008150313], [9.670924779305427, 6.92419420221253], [9.816021526754852, 9.472505303557957], [9.94270826568941, 9.34405205065744], [10.055135102145268, 9.514654810524435], [10.156189906091882, 6.474985404559637], [10.247963389017864, 9.253370656729013], [10.332017933575289, 9.233218499535425], [10.409551859200409, 9.743507741792033], [10.481504425842441, 9.59223766787829], [10.548625513909712, 10.180054822142562], [10.611523345589823, 7.459866759447474], [10.67069806139613, 6.533513281798487], [10.726565902688105, 9.4139912695299], [10.779476987636757, 9.272458737356562], [10.829728615263452, 9.165630700286505], [10.8775753831365, 9.30510864721013], [10.923236992778513, 9.39765073720282], [10.966904349300577, 7.264168945119834], [11.008744383922906, 9.683122236681571], [11.04890390740204, 9.258940724856059], [11.087512719052368, 6.932258489624684], [11.124686137527133, 6.533228250253992], [11.160527077798756, 9.606551045507018], [11.195127768613824, 7.229237855763159], [11.228571182611121, 7.177124020456685], [11.260932234926955, 9.400868498586687], [11.292278793854607, 9.45817783389435], [11.322672537849993, 6.806246863169669], [11.352169686090834, 10.084209389683213], [11.38082162433689, 9.499448488184143], [11.40867544359643, 9.234760622884908], [11.435774405781814, 9.452375632707406], [11.462158347916576, 7.135797908427294], [11.487864034374857, 6.6438242174250615]], "over": [[6.907755278982137, 26.73062407810386], [8.153349757998892, 18.829928007396674], [8.691146498539675, 17.263321839436436], [9.038958755220563, 17.375178011670883], [9.296518068217235, 15.359069230589286], [9.501142571764207, 17.608040382359956], [9.670924779305427, 15.88627466172422], [9.816021526754852, 14.07483564676328], [9.94270826568941, 12.435515847549976], [10.055135102145268, 18.4647749903171], [10.156189906091882, 12.033343183339802], [10.247963389017864, 17.051532871862616], [10.332017933575289, 15.068092065160211], [10.409551859200409, 17.788945076717074], [10.481504425842441, 11.857790959519773], [10.548625513909712, 18.36381414697874], [10.611523345589823, 18.394326001268766], [10.67069806139613, 15.863040832175669], [10.726565902688105, 13.288114020655781], [10.779476987636757, 11.14999412810118], [10.829728615263452, 16.95589603918417], [10.8775753831365, 11.715044625465028], [10.923236992778513, 11.347325093663489], [10.966904349300577, 16.875935453602803], [11.008744383922906, 17.66049065063169], [11.04890390740204, 16.496212373323917], [11.087512719052368, 18.009826272730795], [11.124686137527133, 12.456039303404003], [11.160527077798756, 16.54794003108147], [11.195127768613824, 14.724025484652975], [11.228571182611121, 13.961726776491323], [11.260932234926955, 11.517334193795666], [11.292278793854607, 16.448019447392355], [11.322672537849993, 17.340990928011287], [11.352169686090834, 18.027018641024696], [11.38082162433689, 16.240112122431263], [11.40867544359643, 18.021275340832215], [11.435774405781814, 17.7587468545331], [11.462158347916576, 13.88750089491572], [11.487864034374857, 18.11827294099795]], "merge": [[6.907755278982137, 7.449775948356857], [8.153349757998892, 10.013320305319864], [8.691146498539675, 7.28119759872685], [9.038958755220563, 7.7784968444598634], [9.296518068217235, 7.824077567520971], [9.501142571764207, 7.351669219150014], [9.670924779305427, 5.934877061086712], [9.816021526754852, 4.500024605467126], [9.94270826568941, 5.83614922171802], [10.055135102145268, 6.369578961349037], [10.156189906091882, 4.993347561955207], [10.247963389017864, 6.527699384121077], [10.332017933575289, 6.435017383824013], [10.409551859200409, 7.103503979891416], [10.481504425842441, 5.054489906633355], [10.548625513909712, 6.982147010543963], [10.611523345589823, 7.767177509856078], [10.67069806139613, 7.347185226562585], [10.726565902688105, 5.983718893384228], [10.779476987636757, 5.083381078040585], [10.829728615263452, 7.0347529099111075], [10.8775753831365, 4.962261759149036], [10.923236992778513, 5.9614874409323075], [10.966904349300577, 5.7378285279521855], [11.008744383922906, 7.892392422819996], [11.04890390740204, 6.265154751254834], [11.087512719052368, 7.205945871283159], [11.124686137527133, 5.387076366370862], [11.160527077798756, 6.952515927328587], [11.195127768613824, 5.343254071651038], [11.228571182611121, 5.814620257448081], [11.260932234926955, 5.249693476462679], [11.292278793854607, 6.901386002690731], [11.322672537849993, 7.3182941689205], [11.352169686090834, 7.090096635287146], [11.38082162433689, 5.91745540508], [11.40867544359643, 7.367413220948841], [11.435774405781814, 6.922321477411271], [11.462158347916576, 6.05803978807027], [11.487864034374857, 7.496651029504437]], "argmin_dic": [[1000, 3], [3475, 1], [5950, 2], [8425, 2], [10900, 2], [13375, 2], [15850, 2], [18325, 2], [20800, 3], [23275, 3], [25750, 2], [28225, 2], [30700, 2], [33175, 2], [35650, 2], [38125, 2], [40600, 2], [43075, 2], [45550, 3], [48025, 2], [50500, 2], [52975, 2], [55450, 3], [57925, 2], [60400, 2], [62875, 3], [65350, 2], [67825, 2], [70300, 2], [72775, 2], [75250, 2], [77725, 2], [80200, 2], [82675, 2], [85150, 2], [87625, 2], [90100, 2], [92575, 2], [95050, 2], [97525, 2]], "time_elapsed": 3041.7664568424225}