{"exact": [[6.907755278982137, 10.568290354555128], [8.153349757998892, 9.840238596820727], [8.691146498539675, 8.067774278206983], [9.038958755220563, 9.310334471928723], [9.296518068217235, 6.511962438867047], [9.501142571764207, 7.531741729341506], [9.670924779305427, 10.064365686678986], [9.816021526754852, 6.91438941998142], [9.94270826568941, 9.416387160070729], [10.055135102145268, 7.5996135486825365], [10.156189906091882, 10.05908764409308], [10.247963389017864, 7.475050154114629], [10.332017933575289, 9.726628280292152], [10.409551859200409, 9.477096224092746], [10.481504425842441, 9.449327739063538], [10.548625513909712, 6.834328370633437], [10.611523345589823, 9.78157755473724], [10.67069806139613, 6.977462938840915], [10.726565902688105, 9.857427789037958], [10.779476987636757, 9.520289304414062], [10.829728615263452, 9.533219669682813], [10.8775753831365, 9.241563424062896], [10.923236992778513, 9.62112693548676], [10.966904349300577, 7.132648864456873], [11.008744383922906, 7.358071439613184], [11.04890390740204, 9.273614406056574], [11.087512719052368, 6.883429165711389], [11.124686137527133, 9.729667024123046], [11.160527077798756, 7.0386134173950134], [11.195127768613824, 9.579886508737317], [11.228571182611121, 7.077310217287466], [11.260932234926955, 7.139159346182374], [11.292278793854607, 9.860036342684612], [11.322672537849993, 10.147615788608745], [11.352169686090834, 6.972352707191164], [11.38082162433689, 6.8192439745757065], [11.40867544359643, 7.1751062756156445], [11.435774405781814, 6.953760485792546], [11.462158347916576, 9.261209013914428], [11.487864034374857, 6.835779778171347]], "over": [[6.907755278982137, 15.12075583793095], [8.153349757998892, 16.096502128340102], [8.691146498539675, 19.395022566104704], [9.038958755220563, 12.433525499072816], [9.296518068217235, 16.291691399715972], [9.501142571764207, 14.932631212130069], [9.670924779305427, 12.28952336101569], [9.816021526754852, 17.779111481489764], [9.94270826568941, 16.00342083730204], [10.055135102145268, 13.574642439745451], [10.156189906091882, 11.813040029419653], [10.247963389017864, 18.5486601046084], [10.332017933575289, 11.940148911287904], [10.409551859200409, 10.071062216510882], [10.481504425842441, 16.27470643670943], [10.548625513909712, 18.032110177143455], [10.611523345589823, 16.241498845022498], [10.67069806139613, 16.53159605083699], [10.726565902688105, 16.09404187551471], [10.779476987636757, 16.682416242300995], [10.829728615263452, 13.29581694690192], [10.8775753831365, 17.819264248049063], [10.923236992778513, 12.3354265116579], [10.966904349300577, 18.03205108509759], [11.008744383922906, 16.405192223563997], [11.04890390740204, 12.950521209438113], [11.087512719052368, 12.950468517948913], [11.124686137527133, 13.573001231199695], [11.160527077798756, 17.649531563301995], [11.195127768613824, 13.016891041492121], [11.228571182611121, 16.272106357427514], [11.260932234926955, 16.24001584107576], [11.292278793854607, 18.13758909261314], [11.322672537849993, 16.729115025832602], [11.352169686090834, 13.374824130245331], [11.38082162433689, 16.232407886357144], [11.40867544359643, 17.983314166001065], [11.435774405781814, 16.022409824399592], [11.462158347916576, 11.497174904998618], [11.487864034374857, 11.73313627441279]], "merge": [[6.907755278982137, 5.588728229475249], [8.153349757998892, 4.448617257247064], [8.691146498539675, 9.293701115216784], [9.038958755220563, 5.325802076539599], [9.296518068217235, 7.5325612171819865], [9.501142571764207, 5.919041424970867], [9.670924779305427, 4.860924917117194], [9.816021526754852, 6.793041281573506], [9.94270826568941, 7.373211669725013], [10.055135102145268, 4.456759501981496], [10.156189906091882, 4.5683116425649555], [10.247963389017864, 8.048767733002535], [10.332017933575289, 5.537811122930743], [10.409551859200409, 4.947652618441414], [10.481504425842441, 6.383385055308994], [10.548625513909712, 7.474009507837027], [10.611523345589823, 7.0964408282605], [10.67069806139613, 6.062019112591861], [10.726565902688105, 7.009983249046874], [10.779476987636757, 7.510259136880609], [10.829728615263452, 5.298177035181074], [10.8775753831365, 7.490718807613519], [10.923236992778513, 5.389195136361465], [10.966904349300577, 7.333251816848996], [11.008744383922906, 6.860398470735538], [11.04890390740204, 5.392003747714757], [11.087512719052368, 5.046652667272963], [11.124686137527133, 5.423612228642991], [11.160527077798756, 6.726417765266433], [11.195127768613824, 5.440584184712468], [11.228571182611121, 6.456330672437361], [11.260932234926955, 6.679306761125755], [11.292278793854607, 7.184357433730167], [11.322672537849993, 6.184532075683521], [11.352169686090834, 5.477209127322155], [11.38082162433689, 6.9977322089872995], [11.40867544359643, 6.713638568008278], [11.435774405781814, 6.53566583795953], [11.462158347916576, 5.325537025069814], [11.487864034374857, 4.364627040234784]], "argmin_dic": [[1000, 3], [3475, 3], [5950, 2], [8425, 3], [10900, 2], [13375, 2], [15850, 2], [18325, 2], [20800, 3], [23275, 2], [25750, 2], [28225, 3], [30700, 2], [33175, 2], [35650, 2], [38125, 2], [40600, 2], [43075, 2], [45550, 2], [48025, 2], [50500, 2], [52975, 2], [55450, 2], [57925, 2], [60400, 2], [62875, 2], [65350, 2], [67825, 3], [70300, 2], [72775, 2], [75250, 2], [77725, 2], [80200, 2], [82675, 2], [85150, 2], [87625, 2], [90100, 2], [92575, 2], [95050, 2], [97525, 2]], "time_elapsed": 2362.342702627182}