{"exact": [[6.907755278982137, 7.7988949841323425], [8.153349757998892, 9.943276491086527], [8.691146498539675, 8.872466350858101], [9.038958755220563, 10.070726273898734], [9.296518068217235, 11.100417846547353], [9.501142571764207, 6.3507312605797415], [9.670924779305427, 9.743986165287621], [9.816021526754852, 9.24272897046689], [9.94270826568941, 7.373730123798395], [10.055135102145268, 6.3024528108606654], [10.156189906091882, 9.796518995189556], [10.247963389017864, 9.739309075109578], [10.332017933575289, 9.772198444403962], [10.409551859200409, 7.018436788819085], [10.481504425842441, 9.414955653043956], [10.548625513909712, 9.778388817239023], [10.611523345589823, 9.086544553443023], [10.67069806139613, 6.932611555459566], [10.726565902688105, 7.307286560690635], [10.779476987636757, 6.9315751874505525], [10.829728615263452, 7.015628987380155], [10.8775753831365, 9.714975502255715], [10.923236992778513, 9.212473784260167], [10.966904349300577, 9.484899983073419], [11.008744383922906, 7.023801292306875], [11.04890390740204, 9.443796944282933], [11.087512719052368, 6.5258648715476815], [11.124686137527133, 9.701710076733798], [11.160527077798756, 9.586263843308009], [11.195127768613824, 9.561218387245704], [11.228571182611121, 9.557874955130982], [11.260932234926955, 9.884990534423045], [11.292278793854607, 9.277969339271534], [11.322672537849993, 6.729894200041265], [11.352169686090834, 9.455676825014907], [11.38082162433689, 9.214754313509921], [11.40867544359643, 9.283468771161747], [11.435774405781814, 9.309189704050434], [11.462158347916576, 9.600669587494622], [11.487864034374857, 9.469806960774084]], "over": [[6.907755278982137, 22.552225498788523], [8.153349757998892, 13.250682096641965], [8.691146498539675, 12.994722064544293], [9.038958755220563, 18.19526880018357], [9.296518068217235, 18.358708539391856], [9.501142571764207, 18.169862825075008], [9.670924779305427, 15.739258243635712], [9.816021526754852, 15.364476236788521], [9.94270826568941, 14.512441515239777], [10.055135102145268, 9.729093702925798], [10.156189906091882, 18.25115113416609], [10.247963389017864, 15.736014218962392], [10.332017933575289, 17.4661681575373], [10.409551859200409, 12.18204339907843], [10.481504425842441, 16.181815605338564], [10.548625513909712, 16.28371397223171], [10.611523345589823, 14.9209604243298], [10.67069806139613, 16.690237691869676], [10.726565902688105, 14.418535995684794], [10.779476987636757, 15.11597007063735], [10.829728615263452, 15.302769832131453], [10.8775753831365, 15.611120576550029], [10.923236992778513, 15.34844660412018], [10.966904349300577, 15.277603370525597], [11.008744383922906, 13.166929381391505], [11.04890390740204, 11.344521371203053], [11.087512719052368, 16.25921544553635], [11.124686137527133, 18.343027086464943], [11.160527077798756, 15.039432219617455], [11.195127768613824, 18.249802839817473], [11.228571182611121, 17.057084975931698], [11.260932234926955, 15.689637425000706], [11.292278793854607, 10.445770128137287], [11.322672537849993, 10.57098247820199], [11.352169686090834, 15.886856495197797], [11.38082162433689, 13.704333592003982], [11.40867544359643, 11.932767712623688], [11.435774405781814, 14.742396408121348], [11.462158347916576, 12.386343039517646], [11.487864034374857, 12.774131020797357]], "merge": [[6.907755278982137, 4.008247673530542], [8.153349757998892, 6.994513995575785], [8.691146498539675, 4.958394616853417], [9.038958755220563, 7.57162529572977], [9.296518068217235, 7.691506444386367], [9.501142571764207, 8.25018966128093], [9.670924779305427, 6.265561053355057], [9.816021526754852, 7.218841204767945], [9.94270826568941, 7.234856779971072], [10.055135102145268, 4.83807396170564], [10.156189906091882, 7.7681387700763604], [10.247963389017864, 5.614968052818647], [10.332017933575289, 8.408147941338491], [10.409551859200409, 4.436098650684695], [10.481504425842441, 6.750985114950891], [10.548625513909712, 5.908314869671486], [10.611523345589823, 6.086890935597948], [10.67069806139613, 6.400903803287676], [10.726565902688105, 7.371232714889637], [10.779476987636757, 5.309589361139223], [10.829728615263452, 7.187764548703584], [10.8775753831365, 6.405439021340918], [10.923236992778513, 6.199867135235917], [10.966904349300577, 6.067971336049114], [11.008744383922906, 5.456178644263544], [11.04890390740204, 5.5159946944398515], [11.087512719052368, 6.783787222679815], [11.124686137527133, 7.616153636850672], [11.160527077798756, 7.729104075351514], [11.195127768613824, 7.104521834380176], [11.228571182611121, 7.453580752027619], [11.260932234926955, 6.872196109671468], [11.292278793854607, 5.179762679812592], [11.322672537849993, 5.218076265333178], [11.352169686090834, 5.831447788610772], [11.38082162433689, 5.655273205225156], [11.40867544359643, 4.5409653502606675], [11.435774405781814, 5.84343810805349], [11.462158347916576, 5.547771420790115], [11.487864034374857, 4.575649005583595]], "argmin_dic": [[1000, 3], [3475, 3], [5950, 2], [8425, 2], [10900, 3], [13375, 2], [15850, 2], [18325, 2], [20800, 3], [23275, 2], [25750, 2], [28225, 2], [30700, 2], [33175, 2], [35650, 2], [38125, 2], [40600, 2], [43075, 2], [45550, 2], [48025, 2], [50500, 2], [52975, 2], [55450, 2], [57925, 2], [60400, 2], [62875, 2], [65350, 2], [67825, 2], [70300, 3], [72775, 2], [75250, 2], [77725, 2], [80200, 2], [82675, 2], [85150, 2], [87625, 2], [90100, 2], [92575, 2], [95050, 2], [97525, 2]], "time_elapsed": 2392.1336596012115}