{"exact": [[9.615805480084347, 8.91298343881243], [9.748294663130427, 9.111609433069479], [9.86526633971593, 10.15209423133998], [9.969977293804961, 7.179507817430602], [10.06475570013225, 9.585111600438974], [10.151323716440709, 7.2083138331802585], [10.23099111917458, 9.41801154828533], [10.304777289233812, 9.772521550275547], [10.373491181781864, 9.25595118150087], [10.437785532487261, 7.070930906249608], [10.49819466028282, 9.303197428133398], [10.555161484889497, 9.922665451090733], [10.60905725309463, 9.416045849620618], [10.660196214585818, 7.03445202878548], [10.708846723703001, 9.305560434477652], [10.755239763272712, 6.974781685345928], [10.799575577092764, 9.429140984719044], [10.842028893345104, 7.498980108404717], [10.882753083571671, 7.15362039964068], [10.921883507347436, 7.142128014120544], [10.959540226785442, 9.421090495710834], [10.995830228190643, 9.382702553931875], [11.030849254490224, 9.434544628133677], [11.064683327506005, 9.61669988750809], [11.097410021008562, 9.838632666586852], [11.129099531965545, 9.966086401374774], [11.159815587195991, 7.019852324107651], [11.189616214875297, 9.55188698759656], [11.218554404367652, 6.867048893804625], [11.246678673238513, 6.913261792192165], [11.274033556687879, 6.935625456214289], [11.300660031803202, 9.490223251652644], [11.326595886778735, 9.837691148660484], [11.351876043451814, 9.786971304721774], [11.376532840064673, 6.9893686051318715], [11.400596279996309, 9.967495367876236], [11.424094251263613, 9.807717251267633], [11.44705272081952, 9.753708788541875], [11.469495907042893, 7.178236816237025], [11.491446433293104, 9.375953481837568]], "over": [[9.615805480084347, 12.816580083084407], [9.748294663130427, 14.651827479618587], [9.86526633971593, 18.89799765469129], [9.969977293804961, 16.059883311938258], [10.06475570013225, 13.923774810863463], [10.151323716440709, 14.654966326484153], [10.23099111917458, 18.314738967944816], [10.304777289233812, 16.394512549389688], [10.373491181781864, 15.997635985717622], [10.437785532487261, 12.183854086664706], [10.49819466028282, 12.520503320319946], [10.555161484889497, 18.191179453871825], [10.60905725309463, 13.613360824213775], [10.660196214585818, 16.393109812010852], [10.708846723703001, 13.979895405885921], [10.755239763272712, 17.916204516984283], [10.799575577092764, 15.257344417511955], [10.842028893345104, 15.905111472953818], [10.882753083571671, 14.519011048000358], [10.921883507347436, 16.22781795965327], [10.959540226785442, 17.307844756663687], [10.995830228190643, 10.988902375374193], [11.030849254490224, 12.888238189690904], [11.064683327506005, 12.022878458628343], [11.097410021008562, 13.0761801128282], [11.129099531965545, 13.935646925255554], [11.159815587195991, 16.27538263440196], [11.189616214875297, 10.701477045701694], [11.218554404367652, 13.47285901499935], [11.246678673238513, 15.777137353416855], [11.274033556687879, 14.903766080374208], [11.300660031803202, 13.70184077275074], [11.326595886778735, 16.066330510916767], [11.351876043451814, 15.822112789651412], [11.376532840064673, 16.69371585863734], [11.400596279996309, 15.737997460769632], [11.424094251263613, 12.825401214533354], [11.44705272081952, 17.25028268467647], [11.469495907042893, 15.8838256834345], [11.491446433293104, 13.063507357200677]], "merge": [[9.615805480084347, 5.156304539512742], [9.748294663130427, 6.564034244103342], [9.86526633971593, 8.10407661399585], [9.969977293804961, 6.118327300113504], [10.06475570013225, 7.5556285382842185], [10.151323716440709, 5.276797707482682], [10.23099111917458, 7.401423369081974], [10.304777289233812, 6.6831216869002645], [10.373491181781864, 5.531107484871998], [10.437785532487261, 5.255564799127077], [10.49819466028282, 6.7343741178436005], [10.555161484889497, 8.349533266644178], [10.60905725309463, 6.979431511048859], [10.660196214585818, 6.1215115421776325], [10.708846723703001, 6.2322569969487205], [10.755239763272712, 6.732932666607222], [10.799575577092764, 7.284829641396392], [10.842028893345104, 6.4415313857950665], [10.882753083571671, 7.387595314273024], [10.921883507347436, 5.770305657349922], [10.959540226785442, 4.717036524058742], [10.995830228190643, 6.981877201432479], [11.030849254490224, 7.082126684519148], [11.064683327506005, 6.447426566191994], [11.097410021008562, 6.114249845261346], [11.129099531965545, 5.850999537280917], [11.159815587195991, 5.635488598590542], [11.189616214875297, 8.432779730878174], [11.218554404367652, 8.442355464825699], [11.246678673238513, 4.498384742138039], [11.274033556687879, 5.770546876088141], [11.300660031803202, 5.920581296495245], [11.326595886778735, 7.251972396514921], [11.351876043451814, 5.580366470833718], [11.376532840064673, 7.400852417550148], [11.400596279996309, 6.58240774297338], [11.424094251263613, 6.281571416774391], [11.44705272081952, 5.122890303386479], [11.469495907042893, 5.57005684131856], [11.491446433293104, 6.227944548211018]], "argmin_dic": [[15000, 2], [17125, 2], [19250, 2], [21375, 1], [23500, 2], [25625, 3], [27750, 2], [29875, 2], [32000, 2], [34125, 3], [36250, 2], [38375, 2], [40500, 2], [42625, 2], [44750, 2], [46875, 2], [49000, 2], [51125, 2], [53250, 2], [55375, 3], [57500, 2], [59625, 2], [61750, 2], [63875, 2], [66000, 2], [68125, 2], [70250, 2], [72375, 2], [74500, 2], [76625, 2], [78750, 2], [80875, 3], [83000, 2], [85125, 2], [87250, 2], [89375, 2], [91500, 2], [93625, 2], [95750, 3], [97875, 2]], "time_elapsed": 6093.723783016205}