{"exact": [[6.907755278982137, 9.820377634512992], [8.153349757998892, 9.18069356058241], [8.691146498539675, 9.69187465791327], [9.038958755220563, 10.137991997807719], [9.296518068217235, 9.174729561729752], [9.501142571764207, 9.59499870771358], [9.670924779305427, 9.868961577975872], [9.816021526754852, 9.682847916756144], [9.94270826568941, 6.577724400853763], [10.055135102145268, 7.020391200987495], [10.156189906091882, 7.1205640323083275], [10.247963389017864, 9.869565017700817], [10.332017933575289, 9.747258281950096], [10.409551859200409, 9.63506802817011], [10.481504425842441, 9.690912988894548], [10.548625513909712, 6.920963159194397], [10.611523345589823, 7.453008382704571], [10.67069806139613, 6.960356003576365], [10.726565902688105, 9.92678458811426], [10.779476987636757, 9.238380801166715], [10.829728615263452, 7.098808654703673], [10.8775753831365, 9.47713834977951], [10.923236992778513, 9.325467530989577], [10.966904349300577, 7.002946092666512], [11.008744383922906, 9.448864799575999], [11.04890390740204, 10.122311157462326], [11.087512719052368, 9.293504978370528], [11.124686137527133, 6.590437606487091], [11.160527077798756, 6.950156270040955], [11.195127768613824, 9.568493950523013], [11.228571182611121, 9.451249823975145], [11.260932234926955, 9.795931722236064], [11.292278793854607, 9.481200037781047], [11.322672537849993, 6.933525562103858], [11.352169686090834, 9.672251358730234], [11.38082162433689, 9.862048795492871], [11.40867544359643, 9.252971083355908], [11.435774405781814, 10.04482064035974], [11.462158347916576, 9.423055986312473], [11.487864034374857, 9.73313198917756]], "over": [[6.907755278982137, 22.3351312028669], [8.153349757998892, 17.1527463761807], [8.691146498539675, 12.445860229754828], [9.038958755220563, 17.963851353170238], [9.296518068217235, 18.03024990043923], [9.501142571764207, 18.37772456616676], [9.670924779305427, 16.04596117393802], [9.816021526754852, 15.195677128382407], [9.94270826568941, 16.60014798664698], [10.055135102145268, 15.737794849491564], [10.156189906091882, 19.824220140223087], [10.247963389017864, 11.72170928849385], [10.332017933575289, 15.171604010219795], [10.409551859200409, 12.577763584636763], [10.481504425842441, 15.736796340089786], [10.548625513909712, 12.046450029563879], [10.611523345589823, 14.977437911550615], [10.67069806139613, 12.793563147738785], [10.726565902688105, 14.955211789556278], [10.779476987636757, 15.050468674890864], [10.829728615263452, 16.406845575527242], [10.8775753831365, 14.20990575697967], [10.923236992778513, 13.350321912767987], [10.966904349300577, 12.032422647780761], [11.008744383922906, 12.442913840320958], [11.04890390740204, 12.967409873183263], [11.087512719052368, 10.711714925069735], [11.124686137527133, 13.11869240930303], [11.160527077798756, 15.544989100482326], [11.195127768613824, 14.062777425863862], [11.228571182611121, 15.659348772390182], [11.260932234926955, 11.49295544091669], [11.292278793854607, 11.156313194613594], [11.322672537849993, 12.878569113056946], [11.352169686090834, 16.915838804045112], [11.38082162433689, 15.595130739482213], [11.40867544359643, 15.66315084896426], [11.435774405781814, 13.777725971157299], [11.462158347916576, 14.229584541632844], [11.487864034374857, 15.619688587026316]], "merge": [[6.907755278982137, 5.207657739051192], [8.153349757998892, 7.504731362998415], [8.691146498539675, 5.569031966303388], [9.038958755220563, 7.33499911825675], [9.296518068217235, 7.68739273025482], [9.501142571764207, 7.404977719003194], [9.670924779305427, 7.10593241464151], [9.816021526754852, 7.927697079562421], [9.94270826568941, 7.058335063675262], [10.055135102145268, 6.445185263673816], [10.156189906091882, 6.414965115401778], [10.247963389017864, 5.368128247891513], [10.332017933575289, 5.865591390501777], [10.409551859200409, 4.571021417081963], [10.481504425842441, 6.043919059199933], [10.548625513909712, 4.51144191447161], [10.611523345589823, 6.5542556006202215], [10.67069806139613, 4.854711873214653], [10.726565902688105, 7.864122853823937], [10.779476987636757, 5.572162423816872], [10.829728615263452, 8.429467970222278], [10.8775753831365, 7.468102738662168], [10.923236992778513, 5.685761352875887], [10.966904349300577, 4.791022002821623], [11.008744383922906, 4.58701821669516], [11.04890390740204, 5.381553244196986], [11.087512719052368, 4.581178996351331], [11.124686137527133, 5.114616061194979], [11.160527077798756, 6.220242219414595], [11.195127768613824, 5.721830589035087], [11.228571182611121, 8.09029842186043], [11.260932234926955, 5.647803919979192], [11.292278793854607, 5.519759501389165], [11.322672537849993, 5.183738049735295], [11.352169686090834, 7.224635839251818], [11.38082162433689, 5.625277717812663], [11.40867544359643, 6.549935145657454], [11.435774405781814, 6.166793546408554], [11.462158347916576, 5.207245105466187], [11.487864034374857, 6.005711660045295]], "argmin_dic": [[1000, 0], [3475, 3], [5950, 3], [8425, 2], [10900, 3], [13375, 2], [15850, 2], [18325, 2], [20800, 2], [23275, 2], [25750, 3], [28225, 2], [30700, 2], [33175, 2], [35650, 2], [38125, 2], [40600, 3], [43075, 2], [45550, 2], [48025, 2], [50500, 2], [52975, 2], [55450, 2], [57925, 3], [60400, 2], [62875, 3], [65350, 2], [67825, 2], [70300, 2], [72775, 2], [75250, 2], [77725, 3], [80200, 2], [82675, 2], [85150, 2], [87625, 2], [90100, 2], [92575, 3], [95050, 2], [97525, 2]], "time_elapsed": 2366.664719104767}