{"exact": [[6.907755278982137, 15.113444490016851], [8.153349757998892, 10.047035053329157], [8.691146498539675, 7.050046245651123], [9.038958755220563, 7.975361516177225], [9.296518068217235, 10.395743290980917], [9.501142571764207, 7.356809406562171], [9.670924779305427, 9.547423776853204], [9.816021526754852, 9.306464817534515], [9.94270826568941, 9.29327172321065], [10.055135102145268, 9.792285432176913], [10.156189906091882, 7.087100101630398], [10.247963389017864, 9.443074582888228], [10.332017933575289, 9.587604859843504], [10.409551859200409, 6.811739966285597], [10.481504425842441, 9.65695430790776], [10.548625513909712, 9.766882438328114], [10.611523345589823, 9.654083050228767], [10.67069806139613, 9.460586998825317], [10.726565902688105, 9.581937087928939], [10.779476987636757, 10.236405057018912], [10.829728615263452, 7.290716958281358], [10.8775753831365, 9.297143425000385], [10.923236992778513, 7.280425663419028], [10.966904349300577, 9.651025534472394], [11.008744383922906, 6.805872986911597], [11.04890390740204, 6.839251760626391], [11.087512719052368, 9.805463523540947], [11.124686137527133, 7.109702764146632], [11.160527077798756, 9.788180773544752], [11.195127768613824, 9.84383544589969], [11.228571182611121, 6.871850950411528], [11.260932234926955, 9.294768552509636], [11.292278793854607, 9.375095350848287], [11.322672537849993, 7.077851694282828], [11.352169686090834, 7.107089899777868], [11.38082162433689, 9.557466390877606], [11.40867544359643, 9.261874097294514], [11.435774405781814, 9.222457048019521], [11.462158347916576, 7.177752076987123], [11.487864034374857, 7.235073575393625]], "over": [[6.907755278982137, 27.07138342875982], [8.153349757998892, 18.86311818752223], [8.691146498539675, 20.871813867588475], [9.038958755220563, 11.09076130688866], [9.296518068217235, 17.417397483179414], [9.501142571764207, 15.665497364365642], [9.670924779305427, 13.9132075660897], [9.816021526754852, 13.072342073148873], [9.94270826568941, 11.36202072219435], [10.055135102145268, 16.708747056039893], [10.156189906091882, 14.812049838103137], [10.247963389017864, 17.02123583567714], [10.332017933575289, 17.86848311911888], [10.409551859200409, 13.336696085073754], [10.481504425842441, 11.93491929455002], [10.548625513909712, 12.505870341015756], [10.611523345589823, 17.6059825778751], [10.67069806139613, 10.661355177008293], [10.726565902688105, 15.33952365388151], [10.779476987636757, 13.846156941780674], [10.829728615263452, 16.960165573704735], [10.8775753831365, 15.32729354569456], [10.923236992778513, 13.084695177838631], [10.966904349300577, 16.021522767337114], [11.008744383922906, 14.53626054853689], [11.04890390740204, 12.674886081684935], [11.087512719052368, 12.73853315824462], [11.124686137527133, 15.368685078304024], [11.160527077798756, 12.78234977204565], [11.195127768613824, 15.102598540481099], [11.228571182611121, 16.23691417239634], [11.260932234926955, 18.186553008748138], [11.292278793854607, 10.802546632675886], [11.322672537849993, 13.390824710892055], [11.352169686090834, 16.677609165108386], [11.38082162433689, 13.411041367595729], [11.40867544359643, 17.242514085486555], [11.435774405781814, 15.761097560971374], [11.462158347916576, 14.859035045898061], [11.487864034374857, 17.66140907050107]], "merge": [[6.907755278982137, 10.572721470094455], [8.153349757998892, 6.159863851504615], [8.691146498539675, 6.710773831334181], [9.038958755220563, 5.858789715061904], [9.296518068217235, 6.483294608418124], [9.501142571764207, 6.876566175046848], [9.670924779305427, 6.938450227851408], [9.816021526754852, 6.319223798526079], [9.94270826568941, 6.474154366533799], [10.055135102145268, 7.786988064716909], [10.156189906091882, 6.92589398802995], [10.247963389017864, 7.031017640709697], [10.332017933575289, 7.155418431195438], [10.409551859200409, 5.81494118072004], [10.481504425842441, 5.064953307720101], [10.548625513909712, 5.242811078810295], [10.611523345589823, 6.7858813121687485], [10.67069806139613, 5.127795272632236], [10.726565902688105, 5.637658582927129], [10.779476987636757, 4.49423591583227], [10.829728615263452, 7.948612169694193], [10.8775753831365, 6.722783468511015], [10.923236992778513, 5.405172750840659], [10.966904349300577, 5.972884380734706], [11.008744383922906, 5.409101202330053], [11.04890390740204, 4.340490285779349], [11.087512719052368, 7.073536615441285], [11.124686137527133, 5.738174224867112], [11.160527077798756, 6.151065526390082], [11.195127768613824, 5.340374775590015], [11.228571182611121, 6.6124489879705886], [11.260932234926955, 7.293648011988577], [11.292278793854607, 5.330884935133044], [11.322672537849993, 5.458169239976921], [11.352169686090834, 5.973989293023475], [11.38082162433689, 6.029490622406154], [11.40867544359643, 7.161745349427324], [11.435774405781814, 6.053355682247536], [11.462158347916576, 5.342186267631298], [11.487864034374857, 7.4256693450595375]], "argmin_dic": [[1000, 3], [3475, 2], [5950, 2], [8425, 3], [10900, 2], [13375, 3], [15850, 2], [18325, 3], [20800, 3], [23275, 2], [25750, 2], [28225, 2], [30700, 2], [33175, 2], [35650, 2], [38125, 2], [40600, 2], [43075, 2], [45550, 2], [48025, 2], [50500, 2], [52975, 2], [55450, 2], [57925, 2], [60400, 2], [62875, 2], [65350, 2], [67825, 3], [70300, 3], [72775, 2], [75250, 2], [77725, 2], [80200, 2], [82675, 2], [85150, 2], [87625, 2], [90100, 2], [92575, 2], [95050, 2], [97525, 2]], "time_elapsed": 2976.583211660385}