{"exact": [[6.907755278982137, 9.255990975794015], [8.153349757998892, 9.736129736904235], [8.691146498539675, 6.126406380785836], [9.038958755220563, 6.997539081438653], [9.296518068217235, 10.279532981543822], [9.501142571764207, 9.674571801928096], [9.670924779305427, 9.356134029402723], [9.816021526754852, 9.735914870314193], [9.94270826568941, 9.919958860347307], [10.055135102145268, 9.626020416785819], [10.156189906091882, 6.537935000283664], [10.247963389017864, 9.74776358930873], [10.332017933575289, 6.809365760716866], [10.409551859200409, 10.22094289964202], [10.481504425842441, 6.886213170379733], [10.548625513909712, 6.929270818108565], [10.611523345589823, 9.226660033262812], [10.67069806139613, 10.114777516719071], [10.726565902688105, 9.457371899651061], [10.779476987636757, 10.058182955161994], [10.829728615263452, 7.337364764537633], [10.8775753831365, 7.5699349921422145], [10.923236992778513, 9.97756509333806], [10.966904349300577, 9.268433126882375], [11.008744383922906, 7.056812241158108], [11.04890390740204, 9.197597462693487], [11.087512719052368, 9.949332026923031], [11.124686137527133, 9.24866507229552], [11.160527077798756, 10.13603159948431], [11.195127768613824, 9.345227582820721], [11.228571182611121, 7.043704197648373], [11.260932234926955, 9.546119243346356], [11.292278793854607, 9.659276999224065], [11.322672537849993, 7.027021834412715], [11.352169686090834, 9.703989001860283], [11.38082162433689, 6.751739112784194], [11.40867544359643, 7.159351111306554], [11.435774405781814, 9.350013124300851], [11.462158347916576, 7.234235601116771], [11.487864034374857, 9.300349340716737]], "over": [[6.907755278982137, 17.97428971724554], [8.153349757998892, 21.069958868026134], [8.691146498539675, 17.52027106835157], [9.038958755220563, 13.110682958363979], [9.296518068217235, 13.451163839699108], [9.501142571764207, 12.0054350333309], [9.670924779305427, 14.93007342841881], [9.816021526754852, 14.12617476511738], [9.94270826568941, 11.411565030660688], [10.055135102145268, 16.073453538618168], [10.156189906091882, 11.802465357218434], [10.247963389017864, 15.843718188634844], [10.332017933575289, 11.93720072195861], [10.409551859200409, 17.296726071187305], [10.481504425842441, 10.5042825821442], [10.548625513909712, 14.639987288081885], [10.611523345589823, 10.347674350135293], [10.67069806139613, 13.183873452183912], [10.726565902688105, 16.2002212320231], [10.779476987636757, 16.600697239987937], [10.829728615263452, 10.5133425254498], [10.8775753831365, 18.556135072628454], [10.923236992778513, 15.980352428660153], [10.966904349300577, 13.189685488385381], [11.008744383922906, 18.06035343757164], [11.04890390740204, 18.146820554900117], [11.087512719052368, 12.463600781450552], [11.124686137527133, 10.783535897639394], [11.160527077798756, 16.594880066016277], [11.195127768613824, 13.51424559418087], [11.228571182611121, 17.093385485359594], [11.260932234926955, 12.880424996261059], [11.292278793854607, 17.437511611836083], [11.322672537849993, 15.93171474530251], [11.352169686090834, 13.315083457076819], [11.38082162433689, 13.193609970164157], [11.40867544359643, 14.797632404717836], [11.435774405781814, 16.05368072080701], [11.462158347916576, 18.372894675702444], [11.487864034374857, 11.950962305871428]], "merge": [[6.907755278982137, 6.0261680448726604], [8.153349757998892, 9.018055681532315], [8.691146498539675, 6.462843984655584], [9.038958755220563, 5.666857399954481], [9.296518068217235, 5.866267589041121], [9.501142571764207, 4.520347388624058], [9.670924779305427, 5.330091361921536], [9.816021526754852, 6.117683557204435], [9.94270826568941, 5.333138282723998], [10.055135102145268, 7.359446955300793], [10.156189906091882, 4.5277882257289175], [10.247963389017864, 5.878856863517006], [10.332017933575289, 5.866051572981747], [10.409551859200409, 9.031636147911467], [10.481504425842441, 5.873212755648889], [10.548625513909712, 5.227817188919225], [10.611523345589823, 5.638114749685274], [10.67069806139613, 5.487981361100406], [10.726565902688105, 6.195841704382423], [10.779476987636757, 7.225477099804975], [10.829728615263452, 5.634855475543146], [10.8775753831365, 8.120920167966808], [10.923236992778513, 6.5785458782099715], [10.966904349300577, 5.3756807372115105], [11.008744383922906, 7.0888586187205656], [11.04890390740204, 7.702133512133783], [11.087512719052368, 5.615346169849668], [11.124686137527133, 4.3724388402143965], [11.160527077798756, 6.478956171832192], [11.195127768613824, 5.581956306793312], [11.228571182611121, 6.880621175049548], [11.260932234926955, 5.845666427047201], [11.292278793854607, 6.709957947197702], [11.322672537849993, 7.506978731962316], [11.352169686090834, 5.580112677381038], [11.38082162433689, 5.666738274837818], [11.40867544359643, 5.957550841113861], [11.435774405781814, 7.329044596842294], [11.462158347916576, 7.071570136440591], [11.487864034374857, 4.5933908028399655]], "argmin_dic": [[1000, 2], [3475, 3], [5950, 2], [8425, 3], [10900, 3], [13375, 2], [15850, 2], [18325, 2], [20800, 2], [23275, 2], [25750, 2], [28225, 2], [30700, 3], [33175, 3], [35650, 3], [38125, 2], [40600, 3], [43075, 3], [45550, 2], [48025, 2], [50500, 2], [52975, 3], [55450, 2], [57925, 3], [60400, 2], [62875, 2], [65350, 2], [67825, 2], [70300, 2], [72775, 2], [75250, 2], [77725, 3], [80200, 2], [82675, 2], [85150, 2], [87625, 2], [90100, 2], [92575, 2], [95050, 2], [97525, 2]], "time_elapsed": 3061.553069114685}