{"exact": [[9.615805480084347, 6.790667044545244], [9.748294663130427, 9.773050165557235], [9.86526633971593, 9.426462323817441], [9.969977293804961, 9.548649324838665], [10.06475570013225, 9.871092889832743], [10.151323716440709, 6.670828705155057], [10.23099111917458, 9.685580451784404], [10.304777289233812, 6.824454142281841], [10.373491181781864, 9.94583308088471], [10.437785532487261, 9.288746546916858], [10.49819466028282, 9.616284706561363], [10.555161484889497, 9.18464672257537], [10.60905725309463, 7.158483152315953], [10.660196214585818, 9.341098558566562], [10.708846723703001, 9.505946760150147], [10.755239763272712, 9.319357105810372], [10.799575577092764, 6.636702570294058], [10.842028893345104, 7.305966053176769], [10.882753083571671, 9.957330106637873], [10.921883507347436, 9.831230335886353], [10.959540226785442, 9.790114743661468], [10.995830228190643, 6.828654984593563], [11.030849254490224, 9.88439854524632], [11.064683327506005, 6.513326995450625], [11.097410021008562, 6.795268101400591], [11.129099531965545, 9.338431612921287], [11.159815587195991, 7.138222805385822], [11.189616214875297, 9.248039394058074], [11.218554404367652, 9.665533594151917], [11.246678673238513, 6.974423825286651], [11.274033556687879, 9.517129015578126], [11.300660031803202, 9.337588171341334], [11.326595886778735, 7.146661056818055], [11.351876043451814, 9.761648167544092], [11.376532840064673, 9.26198563472753], [11.400596279996309, 6.698995717042746], [11.424094251263613, 6.682563134339121], [11.44705272081952, 9.315147030988102], [11.469495907042893, 9.803460257817536], [11.491446433293104, 9.39394902448481]], "over": [[9.615805480084347, 14.607844900042426], [9.748294663130427, 14.05427837820981], [9.86526633971593, 12.687535520699507], [9.969977293804961, 14.833973788969876], [10.06475570013225, 16.824699822154436], [10.151323716440709, 12.581709191867782], [10.23099111917458, 15.789580801494873], [10.304777289233812, 10.809974528822249], [10.373491181781864, 15.62089041472453], [10.437785532487261, 11.969668240207204], [10.49819466028282, 16.992151974469095], [10.555161484889497, 15.5554111408053], [10.60905725309463, 17.7834212943757], [10.660196214585818, 10.590248120819943], [10.708846723703001, 11.603106285329646], [10.755239763272712, 13.7381891332477], [10.799575577092764, 15.907711082023068], [10.842028893345104, 11.697056254696731], [10.882753083571671, 11.232903266699713], [10.921883507347436, 16.06789415721731], [10.959540226785442, 12.72657201023297], [10.995830228190643, 16.67542982519015], [11.030849254490224, 12.19851995225764], [11.064683327506005, 15.065927280914421], [11.097410021008562, 16.101021245289076], [11.129099531965545, 14.252637159524038], [11.159815587195991, 16.146623593568005], [11.189616214875297, 13.899472976150031], [11.218554404367652, 14.400877489268012], [11.246678673238513, 13.957958640849554], [11.274033556687879, 11.947424878874523], [11.300660031803202, 15.101953469628603], [11.326595886778735, 12.279130158856645], [11.351876043451814, 12.654496180118194], [11.376532840064673, 15.59320993001474], [11.400596279996309, 12.088197734636559], [11.424094251263613, 11.702915056478423], [11.44705272081952, 15.417922428250076], [11.469495907042893, 16.445018800084696], [11.491446433293104, 13.769231945516607]], "merge": [[9.615805480084347, 5.625325349636463], [9.748294663130427, 7.875148441102043], [9.86526633971593, 5.3512079343272845], [9.969977293804961, 8.174728266124818], [10.06475570013225, 6.971143714011642], [10.151323716440709, 7.185898460548139], [10.23099111917458, 9.23012615834376], [10.304777289233812, 7.329303060656777], [10.373491181781864, 4.349573443853738], [10.437785532487261, 4.513001558825791], [10.49819466028282, 6.468761803640849], [10.555161484889497, 5.652718400881499], [10.60905725309463, 8.043232358595251], [10.660196214585818, 7.3347906217625445], [10.708846723703001, 7.1296825255734815], [10.755239763272712, 7.154921408702249], [10.799575577092764, 6.882902558757572], [10.842028893345104, 5.961701502856835], [10.882753083571671, 5.673579761727177], [10.921883507347436, 6.5493887677297735], [10.959540226785442, 4.480086300322119], [10.995830228190643, 6.177950124016504], [11.030849254490224, 7.138949113432911], [11.064683327506005, 6.9535238474179435], [11.097410021008562, 6.116313979707885], [11.129099531965545, 7.936256091200341], [11.159815587195991, 7.063578426845604], [11.189616214875297, 7.265903194933992], [11.218554404367652, 8.123270375489478], [11.246678673238513, 5.368347186283027], [11.274033556687879, 7.333713761688485], [11.300660031803202, 8.09585549087261], [11.326595886778735, 7.741178271359266], [11.351876043451814, 5.810032120471635], [11.376532840064673, 4.580161675490329], [11.400596279996309, 7.119356492800119], [11.424094251263613, 6.502971289959677], [11.44705272081952, 8.343845655703314], [11.469495907042893, 5.710996932935768], [11.491446433293104, 5.539411532796982]], "argmin_dic": [[15000, 2], [17125, 2], [19250, 2], [21375, 2], [23500, 2], [25625, 2], [27750, 3], [29875, 2], [32000, 2], [34125, 2], [36250, 2], [38375, 2], [40500, 2], [42625, 2], [44750, 2], [46875, 2], [49000, 2], [51125, 2], [53250, 2], [55375, 2], [57500, 2], [59625, 2], [61750, 2], [63875, 2], [66000, 2], [68125, 2], [70250, 2], [72375, 2], [74500, 2], [76625, 2], [78750, 2], [80875, 2], [83000, 2], [85125, 2], [87250, 2], [89375, 2], [91500, 2], [93625, 2], [95750, 2], [97875, 2]], "time_elapsed": 5918.847162246704}