{"exact": [[6.907755278982137, 7.946231467811117], [8.153349757998892, 10.930371685771386], [8.691146498539675, 7.7565419478607405], [9.038958755220563, 9.652916675599256], [9.296518068217235, 9.703167191666951], [9.501142571764207, 9.914347281248563], [9.670924779305427, 10.571405136170464], [9.816021526754852, 9.209161542093028], [9.94270826568941, 7.887744303635742], [10.055135102145268, 7.161520529493504], [10.156189906091882, 6.957986959803437], [10.247963389017864, 7.240206261079889], [10.332017933575289, 10.329666196781796], [10.409551859200409, 9.66271979249421], [10.481504425842441, 9.734935425903396], [10.548625513909712, 6.792393743862711], [10.611523345589823, 9.286834180967407], [10.67069806139613, 9.833602029378742], [10.726565902688105, 9.342615879263505], [10.779476987636757, 9.417781373994814], [10.829728615263452, 9.310114756235377], [10.8775753831365, 9.83177159955853], [10.923236992778513, 7.325867402456102], [10.966904349300577, 6.796143938694637], [11.008744383922906, 9.306900662684587], [11.04890390740204, 9.199988039467662], [11.087512719052368, 9.868482057477504], [11.124686137527133, 9.864204708722756], [11.160527077798756, 10.065030743274997], [11.195127768613824, 9.390268836322807], [11.228571182611121, 9.786312712101955], [11.260932234926955, 6.992456933527941], [11.292278793854607, 6.832683552156738], [11.322672537849993, 9.403191355755556], [11.352169686090834, 4.503524467620488], [11.38082162433689, 9.953812164889351], [11.40867544359643, 9.29850851551557], [11.435774405781814, 9.99606544150382], [11.462158347916576, 10.124761466815132], [11.487864034374857, 9.733536557551826]], "over": [[6.907755278982137, 17.638943884523133], [8.153349757998892, 20.66968732215231], [8.691146498539675, 15.277156366569475], [9.038958755220563, 13.99871908993758], [9.296518068217235, 12.815370087385753], [9.501142571764207, 15.63005584014098], [9.670924779305427, 14.544359305818123], [9.816021526754852, 16.32278724393369], [9.94270826568941, 13.125424796466671], [10.055135102145268, 12.52645263574138], [10.156189906091882, 18.953980480156666], [10.247963389017864, 18.25200469033922], [10.332017933575289, 13.648421227219627], [10.409551859200409, 16.654806924360045], [10.481504425842441, 15.757797886214512], [10.548625513909712, 13.568316758792838], [10.611523345589823, 15.642280792361108], [10.67069806139613, 12.760405440426284], [10.726565902688105, 16.151182538694375], [10.779476987636757, 15.41997325021407], [10.829728615263452, 16.12870518195693], [10.8775753831365, 17.589145066273378], [10.923236992778513, 14.84870431484889], [10.966904349300577, 10.78429432274465], [11.008744383922906, 12.261203961729288], [11.04890390740204, 11.250052802360461], [11.087512719052368, 13.84202573843017], [11.124686137527133, 10.755255864415114], [11.160527077798756, 12.041047926023149], [11.195127768613824, 17.273197899887563], [11.228571182611121, 12.858452866610655], [11.260932234926955, 14.258477182705446], [11.292278793854607, 16.33847823311215], [11.322672537849993, 12.384659734813408], [11.352169686090834, 11.818190062933835], [11.38082162433689, 14.777238364155236], [11.40867544359643, 17.275434789944548], [11.435774405781814, 11.642226633509718], [11.462158347916576, 13.156198510784272], [11.487864034374857, 15.491600433505717]], "merge": [[6.907755278982137, 7.349468298542781], [8.153349757998892, 7.284981541817237], [8.691146498539675, 6.091131274206422], [9.038958755220563, 5.75668320096662], [9.296518068217235, 6.1708138939331585], [9.501142571764207, 6.437118160557321], [9.670924779305427, 5.742248022487931], [9.816021526754852, 6.058305121415243], [9.94270826568941, 5.499956973025895], [10.055135102145268, 5.0112657109916725], [10.156189906091882, 8.238387653892369], [10.247963389017864, 6.886846005165555], [10.332017933575289, 5.887069570083228], [10.409551859200409, 6.370522970761404], [10.481504425842441, 5.942673548372525], [10.548625513909712, 5.189647417465941], [10.611523345589823, 5.920938153498374], [10.67069806139613, 6.175473804195075], [10.726565902688105, 5.903116388774228], [10.779476987636757, 7.015515468472141], [10.829728615263452, 7.001485402586905], [10.8775753831365, 7.371254446621534], [10.923236992778513, 6.346433038603249], [10.966904349300577, 4.4064466686410535], [11.008744383922906, 5.228830519926337], [11.04890390740204, 4.501005138659254], [11.087512719052368, 5.170841021568817], [11.124686137527133, 6.041929977289381], [11.160527077798756, 6.077384067734137], [11.195127768613824, 7.558354085802547], [11.228571182611121, 5.562727317412689], [11.260932234926955, 5.942395128390389], [11.292278793854607, 6.381083336281129], [11.322672537849993, 5.713622444613892], [11.352169686090834, 4.437547524138882], [11.38082162433689, 5.958352087757807], [11.40867544359643, 7.693268544040351], [11.435774405781814, 5.915696259361753], [11.462158347916576, 5.48882737156553], [11.487864034374857, 6.067819602421175]], "argmin_dic": [[1000, 3], [3475, 3], [5950, 2], [8425, 3], [10900, 3], [13375, 3], [15850, 2], [18325, 2], [20800, 2], [23275, 2], [25750, 2], [28225, 2], [30700, 2], [33175, 2], [35650, 2], [38125, 2], [40600, 2], [43075, 2], [45550, 2], [48025, 2], [50500, 2], [52975, 2], [55450, 2], [57925, 2], [60400, 2], [62875, 2], [65350, 2], [67825, 3], [70300, 3], [72775, 3], [75250, 2], [77725, 2], [80200, 2], [82675, 2], [85150, 2], [87625, 2], [90100, 2], [92575, 3], [95050, 2], [97525, 2]], "time_elapsed": 3504.884459257126}