{"exact": [[6.907755278982137, 11.672375343208317], [8.153349757998892, 10.458796078971963], [8.691146498539675, 6.344430366504033], [9.038958755220563, 9.59968591974544], [9.296518068217235, 6.487936589444967], [9.501142571764207, 10.026288207224521], [9.670924779305427, 9.604412241382597], [9.816021526754852, 7.0691334994456705], [9.94270826568941, 9.788252240021365], [10.055135102145268, 9.445155511301904], [10.156189906091882, 9.307896295969172], [10.247963389017864, 9.476711140531458], [10.332017933575289, 10.013791744029731], [10.409551859200409, 7.010973829049911], [10.481504425842441, 9.434292223649301], [10.548625513909712, 9.523159560393964], [10.611523345589823, 9.592291946096411], [10.67069806139613, 9.471003981053892], [10.726565902688105, 9.221908138550832], [10.779476987636757, 9.93470868879379], [10.829728615263452, 9.825456828105516], [10.8775753831365, 9.48379965285381], [10.923236992778513, 9.875225506478603], [10.966904349300577, 6.664426253473577], [11.008744383922906, 10.02197365476524], [11.04890390740204, 9.282403650584147], [11.087512719052368, 9.64127642724443], [11.124686137527133, 6.917962883241553], [11.160527077798756, 6.984361747257517], [11.195127768613824, 9.486395836579083], [11.228571182611121, 9.598602430652143], [11.260932234926955, 7.000568879988531], [11.292278793854607, 9.817594205856116], [11.322672537849993, 6.8692689961099695], [11.352169686090834, 7.061697800306042], [11.38082162433689, 9.333498357105963], [11.40867544359643, 6.893960361530084], [11.435774405781814, 9.311584344413252], [11.462158347916576, 9.245778634382107], [11.487864034374857, 9.973517727971211]], "over": [[6.907755278982137, 25.606650420110586], [8.153349757998892, 18.664917826617447], [8.691146498539675, 15.658818558402531], [9.038958755220563, 16.73307808768085], [9.296518068217235, 15.581448145652168], [9.501142571764207, 15.778578026411706], [9.670924779305427, 17.573421912683056], [9.816021526754852, 16.79175446031295], [9.94270826568941, 11.959047149893323], [10.055135102145268, 17.150175655694845], [10.156189906091882, 15.399642977912709], [10.247963389017864, 13.326231336263803], [10.332017933575289, 12.948008266097743], [10.409551859200409, 12.079551545997957], [10.481504425842441, 10.121741089511163], [10.548625513909712, 10.900061314889783], [10.611523345589823, 16.24538915157248], [10.67069806139613, 11.795060253469876], [10.726565902688105, 15.703372452663611], [10.779476987636757, 18.326204207584503], [10.829728615263452, 14.051246786169138], [10.8775753831365, 12.567756937066795], [10.923236992778513, 15.315174150023537], [10.966904349300577, 11.403287858904658], [11.008744383922906, 13.236470433890883], [11.04890390740204, 17.20045859648872], [11.087512719052368, 15.277391381740461], [11.124686137527133, 11.595531457486477], [11.160527077798756, 17.91034644922846], [11.195127768613824, 11.979406272883528], [11.228571182611121, 15.892391409813218], [11.260932234926955, 17.37780872985478], [11.292278793854607, 13.674317098789874], [11.322672537849993, 15.569528105724917], [11.352169686090834, 15.806691034383103], [11.38082162433689, 15.551127352210324], [11.40867544359643, 14.535655265261536], [11.435774405781814, 11.361240940596069], [11.462158347916576, 12.178549140812923], [11.487864034374857, 17.258678566677233]], "merge": [[6.907755278982137, 11.977687714425176], [8.153349757998892, 7.634967614189697], [8.691146498539675, 3.735133088840188], [9.038958755220563, 8.980307150420069], [9.296518068217235, 5.89008267110642], [9.501142571764207, 6.0918450634609655], [9.670924779305427, 8.166422234786573], [9.816021526754852, 8.407168804185277], [9.94270826568941, 5.611456155161291], [10.055135102145268, 6.4562905270904976], [10.156189906091882, 6.07258857620095], [10.247963389017864, 6.120555372626121], [10.332017933575289, 6.639226068916324], [10.409551859200409, 4.467656251968994], [10.481504425842441, 4.993717365267652], [10.548625513909712, 4.37048237521432], [10.611523345589823, 5.996748922581765], [10.67069806139613, 4.563051866936342], [10.726565902688105, 6.87120575973164], [10.779476987636757, 6.898912111657765], [10.829728615263452, 5.290253917722186], [10.8775753831365, 5.250945503475336], [10.923236992778513, 6.2132031007019295], [10.966904349300577, 4.297798910802444], [11.008744383922906, 4.346830989688001], [11.04890390740204, 6.8007723188884], [11.087512719052368, 5.878452574751332], [11.124686137527133, 5.152893502396583], [11.160527077798756, 7.022516165258228], [11.195127768613824, 5.486485565212152], [11.228571182611121, 6.0156199022696795], [11.260932234926955, 7.79096678194187], [11.292278793854607, 6.153898904103523], [11.322672537849993, 6.9622707058133555], [11.352169686090834, 8.023725954550386], [11.38082162433689, 7.0561410420002435], [11.40867544359643, 6.708553583785412], [11.435774405781814, 5.7406161153011945], [11.462158347916576, 5.544921313956122], [11.487864034374857, 8.92233476001101]], "argmin_dic": [[1000, 3], [3475, 2], [5950, 3], [8425, 3], [10900, 2], [13375, 3], [15850, 2], [18325, 3], [20800, 2], [23275, 2], [25750, 2], [28225, 3], [30700, 2], [33175, 2], [35650, 2], [38125, 2], [40600, 2], [43075, 2], [45550, 2], [48025, 2], [50500, 2], [52975, 2], [55450, 2], [57925, 2], [60400, 2], [62875, 2], [65350, 2], [67825, 3], [70300, 2], [72775, 2], [75250, 2], [77725, 2], [80200, 2], [82675, 2], [85150, 2], [87625, 2], [90100, 2], [92575, 2], [95050, 2], [97525, 3]], "time_elapsed": 2745.0940957069397}