{"exact": [[9.615805480084347, 10.038791687744519], [9.748294663130427, 7.295187227269428], [9.86526633971593, 6.6403819910266835], [9.969977293804961, 7.322825190436747], [10.06475570013225, 6.820316939629478], [10.151323716440709, 6.874459274293448], [10.23099111917458, 10.0577964827985], [10.304777289233812, 9.244293607898722], [10.373491181781864, 9.61849903493235], [10.437785532487261, 9.843712502059844], [10.49819466028282, 6.678079632639035], [10.555161484889497, 8.94044563063997], [10.60905725309463, 9.904852121878958], [10.660196214585818, 9.412365193529478], [10.708846723703001, 6.971530669984118], [10.755239763272712, 9.204135071761936], [10.799575577092764, 9.499743558146067], [10.842028893345104, 9.356016453891757], [10.882753083571671, 9.80734417513274], [10.921883507347436, 7.235765553014465], [10.959540226785442, 9.517254593351167], [10.995830228190643, 9.704718520618652], [11.030849254490224, 9.707060312397006], [11.064683327506005, 9.728625307024396], [11.097410021008562, 9.995626332366255], [11.129099531965545, 9.865155580779431], [11.159815587195991, 9.713812175347433], [11.189616214875297, 9.738586812230185], [11.218554404367652, 9.431357707199261], [11.246678673238513, 9.905170950155894], [11.274033556687879, 9.494994078240603], [11.300660031803202, 6.655657368835838], [11.326595886778735, 9.5532455807245], [11.351876043451814, 6.903261599270714], [11.376532840064673, 9.933417900110662], [11.400596279996309, 6.977073381922906], [11.424094251263613, 6.990477850006713], [11.44705272081952, 9.772371319052624], [11.469495907042893, 9.27494977230186], [11.491446433293104, 9.440413879504973]], "over": [[9.615805480084347, 16.3707800178944], [9.748294663130427, 17.071462266543147], [9.86526633971593, 10.485049881805578], [9.969977293804961, 14.471993154693962], [10.06475570013225, 16.830267354848484], [10.151323716440709, 13.423542329712713], [10.23099111917458, 18.787152978170347], [10.304777289233812, 15.391026761115256], [10.373491181781864, 15.566650053521554], [10.437785532487261, 12.653769236006468], [10.49819466028282, 15.655570006648754], [10.555161484889497, 16.520230071214208], [10.60905725309463, 12.75342301788732], [10.660196214585818, 17.83652377019248], [10.708846723703001, 12.624160851779349], [10.755239763272712, 15.359133735324686], [10.799575577092764, 18.251578592384305], [10.842028893345104, 16.533026491599163], [10.882753083571671, 12.3266466268404], [10.921883507347436, 14.02937157407521], [10.959540226785442, 13.2067042585875], [10.995830228190643, 14.619652844808595], [11.030849254490224, 12.347722850529584], [11.064683327506005, 14.855708262281757], [11.097410021008562, 15.415795477072532], [11.129099531965545, 17.258611686309855], [11.159815587195991, 12.448992436745373], [11.189616214875297, 15.927275875383822], [11.218554404367652, 15.961885826766625], [11.246678673238513, 15.54124873648096], [11.274033556687879, 11.72108777320212], [11.300660031803202, 17.071334854724757], [11.326595886778735, 16.08353686104265], [11.351876043451814, 15.765154156880786], [11.376532840064673, 12.708694222324832], [11.400596279996309, 16.160745362745548], [11.424094251263613, 16.796032041354284], [11.44705272081952, 11.659485116758995], [11.469495907042893, 16.24967108863012], [11.491446433293104, 18.3111813477307]], "merge": [[9.615805480084347, 8.426899155150728], [9.748294663130427, 5.953204341918245], [9.86526633971593, 6.07796298093298], [9.969977293804961, 6.610928033728753], [10.06475570013225, 7.123003100575909], [10.151323716440709, 5.562147080438293], [10.23099111917458, 5.880376636246412], [10.304777289233812, 6.7160247245852], [10.373491181781864, 4.848113402098619], [10.437785532487261, 6.418335404515443], [10.49819466028282, 7.268922359084058], [10.555161484889497, 4.27734356332997], [10.60905725309463, 6.397091995369565], [10.660196214585818, 7.3301421959301285], [10.708846723703001, 6.105075114902373], [10.755239763272712, 5.787687646464178], [10.799575577092764, 5.619024574233851], [10.842028893345104, 6.042241320334479], [10.882753083571671, 6.87934505303359], [10.921883507347436, 6.496579952740194], [10.959540226785442, 6.642595281219352], [10.995830228190643, 5.867962484683158], [11.030849254490224, 5.51047372061051], [11.064683327506005, 4.457432767771393], [11.097410021008562, 4.5025578368504595], [11.129099531965545, 6.385823531207652], [11.159815587195991, 5.172290847155587], [11.189616214875297, 6.360211565102036], [11.218554404367652, 6.304086825295635], [11.246678673238513, 4.991854763435799], [11.274033556687879, 5.726038569698926], [11.300660031803202, 6.449705337823924], [11.326595886778735, 4.4590786223016], [11.351876043451814, 7.614680375000516], [11.376532840064673, 5.8109645991532926], [11.400596279996309, 5.634943871703462], [11.424094251263613, 6.088644776892039], [11.44705272081952, 6.258959544190735], [11.469495907042893, 5.834550239893213], [11.491446433293104, 7.212030280208963]], "argmin_dic": [[15000, 2], [17125, 2], [19250, 2], [21375, 3], [23500, 2], [25625, 2], [27750, 2], [29875, 2], [32000, 2], [34125, 2], [36250, 2], [38375, 2], [40500, 2], [42625, 2], [44750, 2], [46875, 2], [49000, 2], [51125, 2], [53250, 2], [55375, 2], [57500, 2], [59625, 2], [61750, 2], [63875, 2], [66000, 2], [68125, 2], [70250, 2], [72375, 2], [74500, 2], [76625, 2], [78750, 2], [80875, 2], [83000, 2], [85125, 2], [87250, 2], [89375, 2], [91500, 2], [93625, 2], [95750, 2], [97875, 2]], "time_elapsed": 5691.079326868057}